Algorithm : Kruskal's MST
MST edges:
3881 4607 -10
5432 8931 -10
577 1590 -10
5446 9236 -10
571 1536 -10
1193 8451 -10
2891 3802 -10
5470 6666 -10
1806 4445 -10
5479 9194 -10
2360 4036 -10
3889 5606 -10
579 1584 -10
549 1892 -10
1813 9909 -10
2879 9441 -10
5524 7068 -10
5557 6283 -10
536 2128 -10
1827 2673 -10
5579 5779 -10
2866 3875 -10
525 735 -10
83 4994 -10
69 7914 -10
2933 7173 -10
627 6895 -10
66 1030 -10
2193 4694 -10
2928 6382 -10
5290 6265 -10
5300 6928 -10
8208 9131 -10
617 7699 -10
1774 8362 -10
615 1770 -10
8037 8780 -10
5346 6422 -10
72 2297 -10
5380 5383 -10
592 7766 -10
592 1968 -10
5391 9220 -10
2187 5446 -10
1792 6607 -10
1793 6624 -10
5404 7104 -10
2811 7029 -10
91 7503 -10
486 9014 -10
2819 8394 -10
5775 6585 -10
1218 1869 -10
5783 9836 -10
2170 2172 -10
2813 6747 -10
474 1212 -10
5793 7024 -10
473 8162 -10
488 5008 -10
2806 4315 -10
5824 6344 -10
96 1787 -10
5837 9451 -10
2795 7233 -10
3477 9472 -10
7929 8168 -10
456 4952 -10
1875 6724 -10
1324 1476 -10
5883 9949 -10
2373 4549 -10
2858 7082 -10
3858 6319 -10
2371 9931 -10
3858 9242 -10
518 2821 -10
517 4224 -10
515 3798 -10
1207 5838 -10
3853 9318 -10
5655 5990 -10
5665 6737 -10
2935 4961 -10
5668 7778 -10
2838 5320 -10
5675 9394 -10
503 9370 -10
2835 3035 -10
497 8260 -10
7989 8907 -10
494 4738 -10
492 9164 -10
2824 8191 -10
1155 5962 -10
8592 9699 -10
3060 7441 -10
757 2034 -10
755 2122 -10
8560 8647 -10
748 5839 -10
745 7613 -10
745 2028 -10
4925 6255 -10
2326 5854 -10
735 4137 -10
765 9120 -10
729 7719 -10
4960 9986 -10
3960 9270 -10
3019 5420 -10
50 152 -10
3018 3662 -10
4980 9013 -10
3015 3535 -10
1159 1403 -10
713 1352 -10
3008 7198 -10
8674 9387 -10
8726 9397 -10
1657 5566 -10
3983 5717 -10
39 277 -10
4771 7796 -10
799 2264 -10
3402 4316 -10
3090 9719 -10
1663 8149 -10
1664 5803 -10
3087 9296 -10
3587 6931 -10
4833 7856 -10
775 3269 -10
42 6153 -10
2211 3645 -10
1466 6049 -10
771 5489 -10
1674 9630 -10
3973 8430 -10
767 1243 -10
3070 3094 -10
2341 3271 -10
684 878 -10
2978 6359 -10
1336 9874 -10
5104 9388 -10
8318 9711 -10
59 1123 -10
668 896 -10
8283 8763 -10
662 1933 -10
659 1751 -10
1748 5412 -10
1731 7202 -10
5182 5391 -10
5190 5822 -10
1753 9696 -10
1334 3951 -10
1451 6538 -10
5202 7654 -10
646 1120 -10
1756 8631 -10
1756 5413 -10
3919 7281 -10
638 6851 -10
1723 3613 -10
3950 9491 -10
3006 3999 -10
5017 9283 -10
1721 1738 -10
3950 5751 -10
5027 9556 -10
2998 5875 -10
3947 8178 -10
2996 6057 -10
1162 1637 -10
54 4591 -10
5885 7652 -10
5059 9672 -10
2994 6054 -10
3943 6077 -10
56 2063 -10
3942 9576 -10
1725 4669 -10
5073 8720 -10
1727 3235 -10
8358 9203 -10
1729 6177 -10
251 2650 -10
2584 8396 -10
2021 4367 -10
2419 7684 -10
2582 5000 -10
265 2173 -10
2136 4245 -10
261 9846 -10
2028 6779 -10
6773 8277 -10
2423 5145 -10
2035 2776 -10
268 464 -10
250 331 -10
6816 9349 -10
247 7478 -10
2566 8810 -10
246 1610 -10
3533 8463 -10
3744 8670 -10
3744 7119 -10
2559 7307 -10
7589 8174 -10
2432 6691 -10
2008 5552 -10
1997 9708 -10
1998 2408 -10
288 7005 -10
6620 6898 -10
2142 9170 -10
287 438 -10
130 7746 -10
286 8242 -10
2001 2534 -10
2605 5205 -10
2602 3928 -10
2053 6121 -10
279 2477 -10
3756 5282 -10
1270 3349 -10
6690 8798 -10
2016 3551 -10
272 9736 -10
1397 5572 -10
6718 9037 -10
1273 3247 -10
3749 5605 -10
2105 4862 -10
2086 8315 -10
184 3883 -10
184 251 -10
2489 6797 -10
7269 8976 -10
2482 2676 -10
1385 7794 -10
3700 4701 -10
3713 8946 -10
7337 7387 -10
1382 4048 -10
3720 4964 -10
1382 1787 -10
7392 9571 -10
7473 9344 -10
7471 9667 -10
2108 4354 -10
152 9761 -10
2118 6402 -10
2464 4124 -10
7417 8305 -10
7456 9310 -10
2453 8685 -10
7049 8450 -10
3740 4032 -10
1392 5488 -10
6904 7228 -10
231 455 -10
2434 5343 -10
225 4793 -10
6945 9719 -10
6953 8305 -10
6954 9887 -10
1392 5111 -10
2065 2658 -10
1995 7656 -10
3724 7076 -10
7126 7798 -10
197 312 -10
2506 5061 -10
2501 4149 -10
1388 2342 -10
2500 5686 -10
2081 6668 -10
2125 2321 -10
1308 6684 -10
412 3868 -10
6029 8190 -10
417 4142 -10
1903 7442 -10
1903 8323 -10
6042 7763 -10
1418 9932 -10
416 2383 -10
6053 6898 -10
416 434 -10
2163 4152 -10
6062 6831 -10
1901 3800 -10
412 2855 -10
6068 7389 -10
7853 9795 -10
404 5614 -10
3808 3883 -10
3804 7550 -10
3486 7328 -10
109 2667 -10
7826 7965 -10
391 2966 -10
390 3419 -10
1323 6440 -10
99 415 -10
449 3696 -10
2779 8614 -10
1226 6315 -10
5924 7828 -10
440 7027 -10
2379 8416 -10
437 7087 -10
5955 8380 -10
434 3485 -10
5960 6064 -10
6165 6744 -10
1229 1824 -10
432 9809 -10
7885 8050 -10
102 5735 -10
1230 2555 -10
1898 7632 -10
2744 4444 -10
1899 2801 -10
1900 5465 -10
419 8236 -10
6472 6980 -10
6362 9100 -10
2669 7887 -10
6386 9489 -10
2665 6664 -10
2663 8835 -10
337 451 -10
6409 6515 -10
2661 4180 -10
2653 6518 -10
3503 3880 -10
6451 6458 -10
1253 7150 -10
6484 7029 -10
1259 4273 -10
1260 7519 -10
6495 7521 -10
3767 7870 -10
1984 7562 -10
128 7817 -10
6547 8226 -10
1989 9096 -10
2411 9076 -10
1995 9061 -10
7767 9293 -10
2707 6620 -10
3491 3752 -10
2705 2915 -10
384 1748 -10
1927 4594 -10
3791 8069 -10
379 8413 -10
2154 9941 -10
6229 8829 -10
6233 9223 -10
6241 9820 -10
5366 8216 -10
367 8410 -10
6269 6320 -10
2681 4521 -10
6302 7288 -10
1410 7622 -10
3682 5358 -10
6313 9450 -10
6319 8468 -10
118 1618 -10
6332 7089 -10
3221 5658 -10
8819 8908 -10
3220 7167 -10
8969 9451 -10
4453 5728 -10
8829 9382 -10
4102 7037 -10
1089 8387 -10
4675 8156 -10
840 1681 -10
6 4718 -10
2271 4271 -10
1108 1737 -10
1631 7892 -10
1127 4974 -10
1483 1757 -10
7 130 -10
942 2149 -10
4660 5960 -10
3145 8757 -10
1016 9717 -10
835 972 -10
1580 4053 -10
3176 8208 -10
2220 6511 -10
926 3099 -10
4749 6769 -10
8989 9256 -10
3384 6642 -10
1478 5590 -10
9103 9611 -10
1516 2819 -10
4271 6647 -10
4197 4904 -10
1635 6320 -10
1606 8978 -10
1576 2647 -10
837 4068 -10
1120 3746 -10
2250 3568 -10
1521 2210 -10
4218 5789 -10
865 6780 -10
9212 9560 -10
1609 3702 -10
2245 5819 -10
997 4229 -10
2309 5208 -10
3252 4205 -10
1556 1583 -10
994 6801 -10
4093 7036 -10
4318 8683 -10
877 9721 -10
11 8866 -10
3163 5494 -10
4366 9058 -10
1553 6100 -10
3267 4001 -10
1123 1807 -10
3264 7624 -10
1123 9785 -10
1612 7584 -10
1533 8608 -10
4058 5925 -10
3236 3838 -10
2292 3454 -10
9360 9444 -10
850 6043 -10
15 9365 -10
1092 8727 -10
4641 9774 -10
4409 5861 -10
4116 9828 -10
1359 7213 -10
9170 9691 -10
4586 6237 -10
962 6026 -10
9 31 -10
3155 4674 -10
1004 1079 -10
1102 6117 -10
4076 4726 -10
3993 7697 -10
4184 6795 -10
3180 5173 -10
4183 4837 -10
3130 4657 -10
9069 9886 -10
4524 8898 -10
4149 4320 -10
891 2893 -10
36 315 -10
2320 4336 -10
4747 9740 -10
1582 6445 -10
4113 9534 -10
1480 1908 -10
894 2927 -10
4479 5976 -10
1602 1607 -10
1511 6693 -10
3190 5885 -10
1593 5734 -10
1083 4159 -10
813 7587 -10
3118 7054 -10
4481 5045 -10
4717 5749 -10
1653 2205 -10
4 6 -10
4732 7509 -10
4137 7183 -10
1482 6438 -10
2216 9677 -10
2254 2327 -10
3606 7105 -10
4556 7251 -10
4042 5781 -10
3607 9618 -10
9094 9637 -10
8791 9408 -10
3995 9721 -10
4528 6567 -10
1513 6452 -10
19 9304 -10
1044 4482 -10
107 6876 -9
959 6898 -9
1591 4649 -9
2731 6507 -9
1838 2883 -9
2857 5127 -9
2385 5751 -9
522 4715 -9
5665 7770 -9
1102 1154 -9
2383 7846 -9
908 7161 -9
1560 3197 -9
2845 4329 -9
961 6960 -9
1844 2102 -9
2733 3976 -9
5649 7963 -9
963 1265 -9
7813 8656 -9
7793 7877 -9
381 5998 -9
113 8414 -9
1489 1707 -9
528 1486 -9
470 3623 -9
384 6386 -9
1551 8464 -9
2705 5106 -9
525 5504 -9
977 4300 -9
2369 6148 -9
392 844 -9
392 4149 -9
970 4213 -9
392 9805 -9
1924 5424 -9
1238 9355 -9
1923 8518 -9
2712 7886 -9
1564 9196 -9
3256 3787 -9
1832 5011 -9
1922 5295 -9
6115 8282 -9
7830 9439 -9
906 7411 -9
6105 8940 -9
6105 6447 -9
91 129 -9
2168 7716 -9
7933 8614 -9
5858 6159 -9
2785 5068 -9
3671 4177 -9
483 2860 -9
2819 5216 -9
487 6862 -9
460 2993 -9
4476 8932 -9
5862 7794 -9
2293 3377 -9
491 7986 -9
4046 4157 -9
7985 8929 -9
1875 9980 -9
5869 9711 -9
1222 5309 -9
461 4389 -9
3215 7732 -9
5775 7871 -9
4466 5503 -9
1870 3399 -9
5830 9467 -9
5819 5865 -9
1865 2055 -9
5814 9535 -9
7956 9726 -9
19 4741 -9
19 9841 -9
94 6142 -9
5789 9676 -9
1570 3533 -9
1844 4992 -9
422 6281 -9
4044 6838 -9
2164 7340 -9
2745 3727 -9
428 8670 -9
1895 8861 -9
3199 5543 -9
20 1819 -9
8003 9982 -9
4424 8856 -9
7953 8743 -9
2762 5360 -9
101 3785 -9
7900 9752 -9
1104 2280 -9
1431 8871 -9
439 8524 -9
2293 4343 -9
2836 5725 -9
4489 7934 -9
918 5608 -9
2828 7257 -9
4488 8224 -9
5915 6482 -9
1483 6018 -9
448 4971 -9
449 1005 -9
1225 5457 -9
2172 6022 -9
452 3417 -9
1497 2540 -9
2566 5017 -9
1042 6396 -9
245 1916 -9
2042 8560 -9
4194 5691 -9
4 1986 -9
2044 6913 -9
241 1146 -9
238 8791 -9
238 3426 -9
139 2504 -9
9568 9950 -9
7581 8393 -9
3735 7980 -9
6939 7956 -9
3324 4434 -9
2262 6000 -9
6981 8691 -9
218 1960 -9
2064 4419 -9
7032 8802 -9
2033 4477 -9
2022 5905 -9
2579 3041 -9
4210 7183 -9
6748 7849 -9
263 4499 -9
7617 8763 -9
6759 9768 -9
4203 9758 -9
6784 9518 -9
255 6322 -9
2523 9830 -9
2036 2376 -9
2267 5464 -9
1516 8775 -9
248 2755 -9
2566 7419 -9
1496 1617 -9
4 5493 -9
2566 8985 -9
7601 9320 -9
4132 6987 -9
7334 9033 -9
1498 8998 -9
2120 4051 -9
3706 3811 -9
7370 8243 -9
7372 9311 -9
1067 4073 -9
1068 5492 -9
163 288 -9
1068 2135 -9
1507 1625 -9
1305 1688 -9
9878 9928 -9
2257 4407 -9
3343 6814 -9
7401 8545 -9
2110 7451 -9
2464 4645 -9
158 256 -9
3701 6205 -9
4159 8717 -9
2523 7582 -9
7566 8996 -9
2523 3062 -9
7092 9651 -9
1053 5390 -9
2262 2913 -9
194 876 -9
1056 4023 -9
1058 1065 -9
2082 8682 -9
4216 5060 -9
187 328 -9
1061 1330 -9
184 909 -9
1062 4457 -9
7240 8071 -9
4149 5462 -9
2481 3645 -9
7301 7506 -9
1 188 -9
334 2053 -9
6333 9795 -9
3601 4211 -9
6350 7076 -9
1951 7683 -9
4308 6583 -9
344 5387 -9
1492 8289 -9
2666 8687 -9
3279 6466 -9
6408 8314 -9
1252 3216 -9
1376 1652 -9
1539 2883 -9
1965 4340 -9
330 1229 -9
122 9338 -9
6434 8026 -9
327 7846 -9
1406 5692 -9
324 6303 -9
3782 7757 -9
4335 7023 -9
378 6907 -9
6222 8460 -9
374 6411 -9
6223 9357 -9
372 4779 -9
6228 6273 -9
6230 8963 -9
2280 9017 -9
1946 4398 -9
1973 7445 -9
3272 6810 -9
6299 7797 -9
117 8756 -9
356 8858 -9
6304 7657 -9
6305 6377 -9
1251 8104 -9
4316 6034 -9
7750 8078 -9
131 2122 -9
293 9542 -9
4259 5185 -9
1092 1542 -9
1528 9102 -9
286 7081 -9
1526 9081 -9
4244 9933 -9
7668 8052 -9
285 6865 -9
2003 3155 -9
4270 5333 -9
2273 5442 -9
4243 4992 -9
279 4919 -9
1024 3385 -9
4102 4922 -9
6718 8296 -9
1029 3177 -9
270 2366 -9
9447 9956 -9
6501 6722 -9
2646 8348 -9
4288 8203 -9
3768 6385 -9
7711 8377 -9
1005 1198 -9
6492 9684 -9
6493 7292 -9
3505 6076 -9
9357 9851 -9
6498 8480 -9
381 1088 -9
127 131 -9
310 561 -9
304 4633 -9
304 6822 -9
6532 6773 -9
2631 7402 -9
302 1639 -9
6553 9881 -9
1991 4074 -9
1145 5067 -9
1741 4052 -9
1160 8016 -9
72 4815 -9
1719 8921 -9
824 1342 -9
3172 3404 -9
2909 9262 -9
1783 5524 -9
2910 4209 -9
8179 8305 -9
8613 8757 -9
5248 9568 -9
1679 2148 -9
1719 2500 -9
1828 6199 -9
4596 7105 -9
8774 9372 -9
654 3948 -9
1331 7696 -9
5131 6253 -9
2350 7687 -9
667 7956 -9
1743 6261 -9
764 4006 -9
4847 7204 -9
2325 5080 -9
1368 8713 -9
3448 5037 -9
2971 3833 -9
1605 4341 -9
1632 6760 -9
5228 5481 -9
586 9866 -9
5396 9170 -9
768 9054 -9
3423 8876 -9
884 8028 -9
4696 7967 -9
8138 9019 -9
592 1768 -9
8329 9012 -9
884 7384 -9
4849 6102 -9
593 7809 -9
1787 9321 -9
1636 8631 -9
5374 9916 -9
874 8274 -9
3006 9884 -9
877 9972 -9
3637 5158 -9
3589 9018 -9
2923 7748 -9
5269 6679 -9
753 8594 -9
1465 5471 -9
659 3762 -9
3927 4622 -9
866 2788 -9
8443 9921 -9
1772 6887 -9
1772 2492 -9
2961 4629 -9
3011 3517 -9
66 8408 -9
868 2272 -9
746 9165 -9
1474 2984 -9
4914 7193 -9
2198 2347 -9
4928 9915 -9
4594 8312 -9
1638 2559 -9
4927 9662 -9
2964 7774 -9
2918 3107 -9
1446 9942 -9
4706 7902 -9
8191 8261 -9
3928 8456 -9
3172 6626 -9
8840 9855 -9
613 7586 -9
760 6576 -9
664 7231 -9
3928 7945 -9
615 2119 -9
1176 6816 -9
5308 5859 -9
826 9445 -9
617 2344 -9
3913 4161 -9
662 5728 -9
5304 6169 -9
838 2912 -9
1610 3324 -9
3441 6712 -9
5301 6099 -9
8957 9148 -9
691 1817 -9
543 564 -9
800 1540 -9
1137 1759 -9
691 2695 -9
2310 9253 -9
3983 5954 -9
5533 7249 -9
898 1124 -9
1164 6468 -9
8256 9722 -9
2946 3726 -9
897 2570 -9
4006 6021 -9
3633 6247 -9
3112 8297 -9
5511 8274 -9
690 4438 -9
5210 7174 -9
8685 8754 -9
556 2474 -9
5078 9525 -9
1728 7503 -9
2948 7351 -9
870 8224 -9
5564 7975 -9
8048 9763 -9
5193 5672 -9
810 5387 -9
1654 4291 -9
2867 4552 -9
532 9146 -9
4534 6580 -9
1469 3683 -9
4011 6537 -9
2868 9688 -9
8941 9839 -9
4032 6745 -9
3963 6096 -9
5560 9398 -9
871 2189 -9
1451 7510 -9
2335 8588 -9
2215 8603 -9
2873 3912 -9
1819 6584 -9
2875 5901 -9
3593 5423 -9
3021 4502 -9
5542 7755 -9
570 703 -9
2330 7429 -9
3117 6600 -9
1806 2555 -9
8397 8822 -9
1621 7081 -9
1805 4407 -9
5184 7592 -9
5458 8086 -9
2211 2782 -9
5041 5187 -9
4842 7478 -9
2999 5678 -9
557 8100 -9
5184 5890 -9
2978 9546 -9
4941 7904 -9
2895 6044 -9
834 9391 -9
574 6451 -9
5021 7043 -9
837 8232 -9
8333 8953 -9
1645 1886 -9
5107 9602 -9
1644 3256 -9
4956 7145 -9
1329 8258 -9
3146 6409 -9
3979 4572 -9
1809 5969 -9
561 3346 -9
726 6177 -9
2337 2752 -9
2232 5859 -9
3377 4009 -9
779 7476 -9
1668 8645 -9
853 1689 -9
3578 6170 -9
3892 8546 -9
1731 4412 -9
2181 2628 -9
4833 7934 -9
3975 7875 -9
261 3464 -8
4215 5411 -8
4682 8758 -8
1514 5036 -8
2576 6047 -8
4677 9181 -8
1709 5102 -8
265 1199 -8
1274 2156 -8
3016 7974 -8
6754 9310 -8
2582 7968 -8
1012 2179 -8
841 4502 -8
3393 6517 -8
6622 7333 -8
4252 9863 -8
6621 8493 -8
3417 5245 -8
5051 6182 -8
4263 4867 -8
848 9390 -8
1013 3663 -8
3141 4540 -8
6590 7255 -8
3944 5725 -8
3509 9546 -8
5056 7172 -8
1991 9709 -8
299 4396 -8
1012 6814 -8
3149 4049 -8
3507 9010 -8
1010 1579 -8
1271 3241 -8
1088 4831 -8
1718 9651 -8
3417 5680 -8
1718 7322 -8
3417 8213 -8
271 2655 -8
2018 7954 -8
6710 8665 -8
274 412 -8
3307 5127 -8
714 1250 -8
3305 8263 -8
277 5512 -8
709 2229 -8
707 4045 -8
281 5121 -8
2004 8470 -8
3513 6231 -8
3304 3697 -8
283 503 -8
5022 5313 -8
1466 8505 -8
2093 3717 -8
3716 9706 -8
3339 5597 -8
7275 7524 -8
182 449 -8
1143 1861 -8
3975 6625 -8
7235 7394 -8
4155 8909 -8
3718 8589 -8
1673 1935 -8
7218 9955 -8
3719 4402 -8
2477 9549 -8
2083 7721 -8
4158 4481 -8
188 3435 -8
1060 2506 -8
7181 7206 -8
3331 8848 -8
3395 8120 -8
7167 7417 -8
195 627 -8
2503 9077 -8
1084 6120 -8
3973 4571 -8
4851 6892 -8
7393 8636 -8
811 4642 -8
155 218 -8
2457 6355 -8
7420 7814 -8
1502 9589 -8
2464 4327 -8
805 4446 -8
4763 7554 -8
3342 3985 -8
4772 5825 -8
3558 4332 -8
3341 8219 -8
1468 3611 -8
201 304 -8
4787 8987 -8
813 7375 -8
4796 7316 -8
3993 5582 -8
3088 9113 -8
7357 7424 -8
168 7432 -8
7354 9111 -8
171 1581 -8
7339 7747 -8
3082 3513 -8
4823 5888 -8
2477 5637 -8
4932 5251 -8
1044 5410 -8
2559 7382 -8
1394 6211 -8
3741 5947 -8
3040 6968 -8
6858 9939 -8
4697 9329 -8
743 9450 -8
3532 9858 -8
3963 6334 -8
4195 5480 -8
247 338 -8
6831 9783 -8
2047 8243 -8
4933 7058 -8
3032 7169 -8
4935 7811 -8
1278 8665 -8
732 1508 -8
1705 2684 -8
2568 6197 -8
1038 9280 -8
3024 5631 -8
4203 6224 -8
259 2360 -8
6756 7690 -8
1087 3013 -8
3062 4578 -8
2512 5998 -8
2071 6497 -8
1051 7342 -8
7047 9295 -8
1145 6063 -8
766 8719 -8
1390 5136 -8
1050 7297 -8
215 9228 -8
4709 9985 -8
3538 8729 -8
1391 8241 -8
1285 2125 -8
4965 7693 -8
4865 4894 -8
1148 1612 -8
1047 8250 -8
1687 3403 -8
6922 9290 -8
4885 9177 -8
4892 5907 -8
4700 5806 -8
754 3010 -8
1282 6067 -8
2669 5254 -8
2556 4415 -8
1130 8784 -8
2795 5453 -8
1420 7489 -8
3909 6427 -8
3826 9082 -8
2909 5630 -8
1572 7265 -8
938 1014 -8
5365 8059 -8
5782 8173 -8
1785 7728 -8
1187 5321 -8
595 4031 -8
1483 2562 -8
5387 7321 -8
931 1012 -8
604 5849 -8
1606 9149 -8
3174 5431 -8
461 7312 -8
463 6895 -8
1190 2443 -8
3831 8757 -8
4468 7848 -8
1191 3016 -8
5419 5534 -8
580 8298 -8
577 982 -8
1797 6581 -8
1799 9785 -8
5439 6699 -8
1447 2568 -8
1559 2613 -8
1773 6636 -8
2734 8334 -8
6036 9284 -8
1180 6395 -8
2737 8183 -8
6017 8567 -8
6016 6568 -8
4584 8609 -8
956 1000 -8
1608 1904 -8
1898 5018 -8
4581 9360 -8
4419 4438 -8
1109 4926 -8
2755 7469 -8
2758 6104 -8
4062 9923 -8
3233 7843 -8
1779 2065 -8
5334 7095 -8
5956 7392 -8
4439 6443 -8
4057 7597 -8
438 648 -8
1888 6587 -8
1183 1972 -8
883 4250 -8
5936 9922 -8
1841 9838 -8
1812 2601 -8
2836 7356 -8
2837 4306 -8
3178 9300 -8
4491 7672 -8
5667 7374 -8
1601 4361 -8
1817 6588 -8
1209 4746 -8
2841 3309 -8
3460 7787 -8
912 4394 -8
3193 8445 -8
1208 2632 -8
555 3521 -8
543 726 -8
910 1595 -8
519 731 -8
522 4955 -8
4540 7657 -8
5559 6967 -8
903 5865 -8
1824 4490 -8
4528 7345 -8
2859 7585 -8
2859 3718 -8
3858 7448 -8
1830 4693 -8
1479 4878 -8
3206 7216 -8
5446 9601 -8
890 3465 -8
5453 5502 -8
477 522 -8
5783 7539 -8
477 6388 -8
3453 5624 -8
480 4977 -8
4474 7508 -8
5769 7624 -8
483 882 -8
892 6737 -8
4553 6936 -8
3206 4034 -8
4394 6658 -8
1427 8353 -8
5477 9077 -8
562 5099 -8
492 2449 -8
3471 4352 -8
1810 6761 -8
5723 6442 -8
3881 6066 -8
498 3763 -8
5709 6705 -8
501 3556 -8
557 8821 -8
503 3787 -8
2670 6134 -8
6422 9598 -8
676 6216 -8
2970 5216 -8
998 3569 -8
3279 6644 -8
338 1917 -8
6401 6796 -8
4014 5360 -8
1958 8085 -8
342 5714 -8
1123 1182 -8
1457 2561 -8
5131 8352 -8
6372 6445 -8
4288 8143 -8
666 5463 -8
6349 7355 -8
994 8358 -8
992 7396 -8
2963 4347 -8
5144 8970 -8
6306 9242 -8
3161 3378 -8
5164 6271 -8
658 2835 -8
5171 7721 -8
6283 7230 -8
3427 8100 -8
6277 7658 -8
315 4827 -8
1163 4510 -8
1008 2100 -8
302 7420 -8
2633 9429 -8
6532 9948 -8
1724 7750 -8
850 5043 -8
2990 7251 -8
1980 5564 -8
850 4179 -8
1978 5282 -8
6496 9827 -8
2641 7852 -8
4637 8105 -8
362 7611 -8
853 892 -8
5093 9648 -8
6481 7225 -8
4629 7474 -8
683 5121 -8
323 1155 -8
3423 7984 -8
4621 9492 -8
2652 4660 -8
679 8145 -8
329 1465 -8
2977 9528 -8
677 4103 -8
6111 6433 -8
1760 6496 -8
4596 7770 -8
3434 4167 -8
5242 6448 -8
6129 8761 -8
5251 9070 -8
6125 6451 -8
1237 5124 -8
2933 4776 -8
2715 3753 -8
6115 8550 -8
5269 8178 -8
628 9452 -8
972 1246 -8
4371 9716 -8
4382 9158 -8
1179 8774 -8
1917 2344 -8
5281 9817 -8
6104 6412 -8
1416 3492 -8
1448 7045 -8
412 3227 -8
878 8049 -8
969 4770 -8
1487 6027 -8
966 6572 -8
4389 4827 -8
1180 9013 -8
2947 5529 -8
2683 9173 -8
2690 6461 -8
3271 3486 -8
1548 2852 -8
369 672 -8
1096 6693 -8
5182 8908 -8
2950 3658 -8
2694 5822 -8
5191 5499 -8
986 6296 -8
6216 7201 -8
1412 4086 -8
6207 6289 -8
3151 4704 -8
983 3034 -8
872 3324 -8
6178 8555 -8
384 901 -8
872 7782 -8
4364 7325 -8
6166 7229 -8
1176 2239 -8
388 396 -8
6165 8737 -8
4603 6981 -8
977 1153 -8
3434 4178 -8
150 634 -8
2260 2305 -8
1367 6716 -8
9060 9444 -8
1365 9920 -8
9764 9907 -8
2399 6911 -8
7586 8983 -8
99 1355 -8
53 6782 -8
2194 2208 -8
9120 9657 -8
1352 1548 -8
1354 3146 -8
2276 2497 -8
7911 9313 -8
42 9815 -8
3633 5728 -8
22 8251 -8
132 1346 -8
8055 8108 -8
141 171 -8
2377 4955 -8
1 116 -8
2282 5696 -8
8018 8597 -8
2235 3246 -8
3585 7043 -8
118 3498 -8
7930 9906 -8
2322 6273 -8
7705 8952 -8
1374 3751 -8
7594 8134 -8
34 2259 -8
2152 2911 -8
9065 9646 -8
2204 8845 -8
8402 8616 -8
1359 4858 -8
2323 4936 -8
77 566 -8
1323 5475 -8
104 596 -8
2145 8109 -8
7678 9836 -8
2414 3651 -8
2351 3960 -8
14 46 -8
130 191 -8
104 3337 -8
2155 6929 -8
7675 9894 -8
2251 8625 -8
72 8947 -8
112 7285 -8
8497 8918 -8
76 534 -8
2436 4710 -8
6 7513 -8
2251 2808 -8
8517 9353 -8
7884 9577 -8
43 3896 -8
8228 9335 -8
9380 9869 -8
17 8578 -8
9029 9612 -8
23 42 -8
2236 4453 -8
8064 8188 -8
8206 9041 -8
7727 9445 -8
2287 5687 -8
3618 8330 -8
3566 4687 -8
8194 8794 -8
3613 6128 -8
8475 9749 -8
7 121 -8
31 54 -8
148 3282 -8
8361 9713 -8
2299 4825 -8
8722 8890 -8
2257 2705 -8
2299 6506 -8
9271 9603 -8
3569 6611 -8
2118 4388 -8
2281 9423 -8
8274 9043 -8
9890 9964 -8
7724 8577 -8
2374 3924 -8
2220 2696 -8
1366 4794 -8
7951 8848 -8
2359 4791 -7
851 2310 -7
5516 8995 -7
2741 6545 -7
4637 9715 -7
1688 6037 -7
1546 6982 -7
4890 5102 -7
3564 7913 -7
2527 8044 -7
1149 9699 -7
3877 7610 -7
5982 7723 -7
1427 1758 -7
215 5766 -7
476 764 -7
564 6692 -7
1285 6004 -7
485 2283 -7
6794 7316 -7
2028 4772 -7
6959 8422 -7
2143 5285 -7
3993 6000 -7
212 6375 -7
6034 6120 -7
5980 6509 -7
548 7018 -7
760 4785 -7
2606 3279 -7
282 426 -7
3399 4181 -7
4254 6037 -7
2748 4241 -7
283 1080 -7
1017 6305 -7
2363 4337 -7
6969 8801 -7
3573 5199 -7
4251 4421 -7
1427 7630 -7
761 1742 -7
1895 3232 -7
1215 8184 -7
4653 5360 -7
4384 6161 -7
1329 8311 -7
1495 1706 -7
5498 8708 -7
4393 6100 -7
284 9701 -7
2533 5503 -7
6004 6584 -7
2532 2720 -7
1021 9479 -7
4742 7366 -7
7061 7859 -7
1794 8773 -7
8948 9973 -7
3901 8995 -7
6776 7792 -7
5 248 -7
8126 8754 -7
3626 4562 -7
1103 9030 -7
202 1363 -7
295 3079 -7
4608 7615 -7
7059 7671 -7
1289 1358 -7
1560 6240 -7
3529 8648 -7
2897 7517 -7
1696 4094 -7
2270 4126 -7
1793 3300 -7
6114 8695 -7
584 2700 -7
2716 4027 -7
3243 9858 -7
1991 2288 -7
6119 7831 -7
397 6336 -7
1990 8182 -7
3803 8811 -7
397 2379 -7
4589 8509 -7
299 6738 -7
48 61 -7
2163 5578 -7
1523 5439 -7
1691 9974 -7
1905 3497 -7
7856 9755 -7
7033 9462 -7
3748 8749 -7
1559 9575 -7
9421 9931 -7
6612 8877 -7
5460 8748 -7
5757 5797 -7
4634 9327 -7
567 2213 -7
2813 3272 -7
2889 9120 -7
7611 9061 -7
1425 6930 -7
1907 3356 -7
5448 8416 -7
2728 3272 -7
3159 8248 -7
2309 9003 -7
258 1958 -7
5779 7593 -7
6781 9622 -7
3612 5229 -7
1617 5271 -7
5436 6396 -7
481 4344 -7
7052 7474 -7
2616 3611 -7
408 539 -7
5894 9984 -7
515 9858 -7
1839 4967 -7
5885 8143 -7
238 7111 -7
3826 5080 -7
4807 8143 -7
786 3766 -7
4290 5051 -7
825 7769 -7
7627 9805 -7
2321 2751 -7
2038 4532 -7
135 1361 -7
1275 1648 -7
1207 3039 -7
800 1880 -7
5620 7724 -7
3082 5446 -7
2017 2416 -7
2804 3827 -7
8765 9584 -7
99 4130 -7
447 6909 -7
2246 5552 -7
3824 3954 -7
978 5825 -7
264 1020 -7
4682 7450 -7
2053 8975 -7
6745 7031 -7
6746 8012 -7
4780 9027 -7
8016 8079 -7
2564 8632 -7
96 819 -7
3094 4384 -7
3668 9399 -7
792 3377 -7
6853 8762 -7
4792 8233 -7
7931 9658 -7
3132 6442 -7
4797 7213 -7
1221 8831 -7
7931 8800 -7
6728 9607 -7
1433 1868 -7
5904 6315 -7
1099 3317 -7
3093 4334 -7
2376 2762 -7
465 2139 -7
1846 5966 -7
1841 2860 -7
7922 8380 -7
454 1256 -7
1846 7329 -7
4307 8104 -7
3283 6654 -7
7597 7619 -7
2588 4182 -7
4290 9296 -7
39 2056 -7
1341 3241 -7
1860 9653 -7
7902 9852 -7
1228 2882 -7
5947 6347 -7
5549 5800 -7
434 9599 -7
434 5622 -7
9368 9988 -7
540 3545 -7
102 267 -7
3461 8076 -7
3840 5016 -7
1644 6466 -7
1546 2689 -7
280 2082 -7
2541 7057 -7
3072 9988 -7
491 3702 -7
7983 8930 -7
280 2999 -7
6948 8672 -7
4718 9162 -7
4333 4818 -7
2877 9177 -7
1268 3108 -7
431 4790 -7
4660 6197 -7
5846 7879 -7
545 1684 -7
3628 4844 -7
1475 4612 -7
262 3439 -7
235 2680 -7
234 7145 -7
2549 7863 -7
1220 8664 -7
1850 3988 -7
4832 5654 -7
3099 7858 -7
777 7352 -7
2549 7264 -7
4366 9234 -7
275 2068 -7
2216 6566 -7
4837 6217 -7
494 975 -7
2867 8139 -7
1628 6203 -7
4279 5362 -7
2769 9313 -7
1886 6984 -7
3400 6597 -7
4842 7758 -7
975 2975 -7
6912 9886 -7
1135 1987 -7
2379 4638 -7
808 5794 -7
1888 3651 -7
277 734 -7
7607 8948 -7
3256 9344 -7
2646 3682 -7
1939 4358 -7
5018 7130 -7
1178 6453 -7
6490 8587 -7
5012 7314 -7
4169 6455 -7
367 3324 -7
1938 5304 -7
3437 4909 -7
367 2328 -7
3328 3909 -7
1767 6409 -7
942 5027 -7
709 824 -7
368 3299 -7
7286 8809 -7
1719 5806 -7
172 2885 -7
5201 8719 -7
2152 8167 -7
18 115 -7
170 9996 -7
5044 9638 -7
5033 8999 -7
1758 6099 -7
4156 4836 -7
7283 9634 -7
1108 8844 -7
9046 9205 -7
2 19 -7
704 838 -7
318 3018 -7
1764 5001 -7
1941 6037 -7
2483 6650 -7
3013 5995 -7
1317 1362 -7
68 70 -7
618 5797 -7
5305 6591 -7
1296 3307 -7
7241 9843 -7
376 7540 -7
7252 7746 -7
1933 6041 -7
378 3503 -7
148 3766 -7
50 271 -7
1775 2001 -7
3347 6432 -7
2088 4998 -7
7270 8542 -7
4442 8727 -7
5270 6075 -7
3787 8904 -7
3787 8770 -7
2691 9582 -7
625 6116 -7
5006 6611 -7
5004 8705 -7
1508 1519 -7
4032 4673 -7
1298 2277 -7
1052 3306 -7
621 1360 -7
5297 8261 -7
896 2090 -7
6500 9450 -7
2118 2240 -7
158 7704 -7
1966 9499 -7
1966 6159 -7
7432 8919 -7
1253 7147 -7
6385 8213 -7
919 4331 -7
6379 7829 -7
669 4453 -7
1957 2514 -7
2669 8607 -7
8367 8943 -7
7402 9038 -7
3499 6703 -7
328 2149 -7
328 1142 -7
678 7008 -7
8334 9074 -7
3344 8261 -7
8352 8767 -7
2662 8237 -7
1499 5334 -7
2977 5659 -7
5105 9139 -7
4048 9333 -7
4132 4564 -7
333 4890 -7
1501 8806 -7
1254 1573 -7
1305 3834 -7
331 6163 -7
672 8467 -7
2296 4367 -7
6325 9411 -7
4137 7299 -7
55 64 -7
934 2025 -7
696 697 -7
934 8377 -7
1304 6899 -7
6455 9047 -7
352 3930 -7
3418 5391 -7
1452 5433 -7
7752 8739 -7
7356 8538 -7
649 6740 -7
1948 7625 -7
1452 1457 -7
356 1298 -7
7382 9054 -7
1170 1803 -7
1256 7938 -7
915 3224 -7
3341 7088 -7
3340 6017 -7
8382 9979 -7
6350 9119 -7
61 243 -7
2903 7645 -7
932 4603 -7
326 3204 -7
2399 8898 -7
2675 8752 -7
694 920 -7
6449 7878 -7
2993 5083 -7
302 2130 -7
1782 5337 -7
591 5896 -7
192 4496 -7
382 6623 -7
730 7532 -7
382 3116 -7
6186 9891 -7
2230 7715 -7
3492 7627 -7
725 7287 -7
4962 8845 -7
1044 6081 -7
8982 9649 -7
591 4272 -7
5331 8721 -7
380 6448 -7
49 1829 -7
3315 3629 -7
4065 7342 -7
3321 7252 -7
2504 7714 -7
1463 1523 -7
4203 6671 -7
3801 7546 -7
3316 6215 -7
2352 4711 -7
2706 5013 -7
300 7014 -7
2705 6803 -7
3416 3419 -7
384 4836 -7
300 8179 -7
4064 6478 -7
1782 2894 -7
2081 5265 -7
48 4083 -7
192 1862 -7
4940 7144 -7
1293 2975 -7
885 7667 -7
383 1488 -7
725 9643 -7
8504 9072 -7
1087 7813 -7
1464 2400 -7
1121 6174 -7
4188 9377 -7
4942 6515 -7
2919 3186 -7
3506 7493 -7
7808 8687 -7
721 3714 -7
7178 9781 -7
724 1600 -7
889 8638 -7
2126 6511 -7
2626 3066 -7
147 4528 -7
4418 8257 -7
389 4685 -7
1462 6594 -7
1788 5742 -7
3798 8876 -7
197 370 -7
197 8578 -7
197 4739 -7
888 3996 -7
4416 7948 -7
3381 5258 -7
4562 9206 -7
958 1249 -6
349 9781 -6
7693 9791 -6
826 1406 -6
6585 7897 -6
862 2199 -6
352 2008 -6
6597 7072 -6
4342 8031 -6
8810 9720 -6
1954 2916 -6
6358 7688 -6
2792 5449 -6
6153 8183 -6
119 8679 -6
134 4779 -6
6731 9992 -6
6346 8273 -6
408 6476 -6
3196 9753 -6
4700 6709 -6
6092 8896 -6
268 4619 -6
832 7184 -6
6096 8976 -6
4083 6391 -6
1130 4128 -6
4019 7799 -6
21 140 -6
5852 5989 -6
9165 9927 -6
960 7012 -6
405 9753 -6
4047 5976 -6
7618 8593 -6
474 5253 -6
1992 6071 -6
4471 8616 -6
2410 7909 -6
475 2092 -6
957 4132 -6
4051 4290 -6
988 2388 -6
6395 6802 -6
2715 6894 -6
4047 5120 -6
5787 8257 -6
400 1018 -6
2663 5265 -6
2814 8259 -6
2387 8271 -6
2624 3178 -6
1255 4104 -6
1325 8469 -6
7724 8787 -6
3207 9534 -6
2291 5542 -6
4724 6067 -6
2713 3048 -6
394 8084 -6
816 5158 -6
356 2617 -6
8780 9190 -6
3357 4785 -6
348 387 -6
916 9277 -6
25 118 -6
2978 7510 -6
3216 7843 -6
2150 2280 -6
136 562 -6
2396 9213 -6
4337 6734 -6
1862 9979 -6
4586 6514 -6
2620 2949 -6
4018 4735 -6
344 3234 -6
2396 8215 -6
4586 9037 -6
3125 5771 -6
1583 3089 -6
9245 9746 -6
919 2040 -6
94 216 -6
1611 9344 -6
297 9779 -6
9083 9781 -6
4427 8154 -6
1349 9824 -6
2743 7901 -6
4641 6519 -6
4375 9082 -6
6225 7009 -6
897 4421 -6
1555 8718 -6
371 3749 -6
2303 8296 -6
4661 8723 -6
2414 6757 -6
6193 6543 -6
113 5496 -6
32 1906 -6
3628 5548 -6
840 2790 -6
899 3892 -6
2164 4034 -6
5935 9941 -6
1622 3198 -6
315 537 -6
418 910 -6
113 5545 -6
127 1980 -6
975 1482 -6
8850 9644 -6
2596 6179 -6
2286 2982 -6
1628 4750 -6
5994 9879 -6
2746 5892 -6
3378 6359 -6
1106 6515 -6
4556 5407 -6
1896 9706 -6
1980 6664 -6
6513 8664 -6
6197 6657 -6
4554 7576 -6
1402 1867 -6
4432 5876 -6
4437 7244 -6
2381 5421 -6
4655 6109 -6
7661 7668 -6
375 5808 -6
1604 5082 -6
2744 8432 -6
4081 4194 -6
5980 8900 -6
1568 8271 -6
4659 9083 -6
9185 9800 -6
7784 9177 -6
2752 3610 -6
7792 9572 -6
7715 9965 -6
1320 6624 -6
7760 8409 -6
3510 9474 -6
7715 9544 -6
835 1114 -6
1552 7484 -6
1878 4690 -6
3812 9250 -6
3477 3957 -6
6463 8163 -6
4514 9876 -6
3796 4372 -6
1574 4310 -6
5889 5918 -6
3134 6368 -6
34 4448 -6
1925 7309 -6
1637 1965 -6
1875 2982 -6
133 6198 -6
293 3152 -6
270 5844 -6
911 5393 -6
14 472 -6
1924 8400 -6
2649 6011 -6
1252 2317 -6
12 5574 -6
1102 2982 -6
2594 6920 -6
275 9238 -6
7864 9828 -6
7710 9932 -6
9044 9406 -6
5918 8687 -6
416 8375 -6
4446 5268 -6
2777 9412 -6
5908 7996 -6
4033 7496 -6
3393 6604 -6
457 1560 -6
2157 7850 -6
6268 7589 -6
1633 4232 -6
6479 8821 -6
362 2470 -6
1944 9367 -6
1927 8343 -6
2416 6631 -6
105 5524 -6
7918 9555 -6
1410 5075 -6
2683 3842 -6
3754 9454 -6
584 660 -6
2187 4609 -6
198 4074 -6
3964 7397 -6
146 2807 -6
7114 8955 -6
7112 9825 -6
7111 8474 -6
3965 4778 -6
3034 6982 -6
199 674 -6
585 3790 -6
5406 9368 -6
5392 9647 -6
2436 6243 -6
3309 5066 -6
1794 5817 -6
7080 7973 -6
741 9495 -6
3036 5144 -6
204 461 -6
5417 9188 -6
5419 7087 -6
3036 8818 -6
2899 5603 -6
4199 4622 -6
3910 8136 -6
2327 5033 -6
727 9134 -6
3910 4060 -6
3025 7597 -6
4949 8966 -6
731 1128 -6
193 347 -6
8163 9587 -6
5374 5697 -6
4942 9104 -6
1702 1999 -6
2898 9465 -6
2907 4272 -6
5379 9423 -6
8146 8768 -6
3029 9083 -6
7546 8621 -6
4938 7816 -6
3543 8985 -6
1790 7576 -6
7162 9136 -6
4208 9374 -6
1496 3468 -6
760 8894 -6
1285 7955 -6
3045 3921 -6
2886 6412 -6
7002 8990 -6
46 404 -6
3046 5890 -6
5490 6005 -6
561 768 -6
4878 9039 -6
2884 5771 -6
6997 8015 -6
558 7036 -6
8552 9426 -6
556 9793 -6
761 3419 -6
219 4082 -6
220 637 -6
5509 7019 -6
5510 5545 -6
5513 6245 -6
552 7617 -6
762 9636 -6
3876 7063 -6
4256 4660 -6
5450 9545 -6
5428 6493 -6
4917 7288 -6
5430 9078 -6
206 9255 -6
2209 4370 -6
2896 9514 -6
4913 8843 -6
7049 8764 -6
1694 7311 -6
3897 3939 -6
145 4934 -6
4229 7260 -6
3319 7904 -6
3966 9817 -6
751 7430 -6
2524 7994 -6
751 4283 -6
3730 7149 -6
4236 4247 -6
2066 5245 -6
4237 5799 -6
7024 7328 -6
3043 9419 -6
753 3701 -6
7488 7994 -6
7392 7857 -6
659 2962 -6
1336 3168 -6
3926 4282 -6
4114 8989 -6
657 1515 -6
2958 7229 -6
1724 2537 -6
4138 7071 -6
2951 7639 -6
4141 4927 -6
2469 4756 -6
3647 6505 -6
4144 6036 -6
54 5435 -6
1162 6087 -6
698 5584 -6
2259 4643 -6
1754 7496 -6
5045 8262 -6
3643 5447 -6
7340 8810 -6
63 7278 -6
3712 9137 -6
59 7095 -6
679 8882 -6
155 5234 -6
2201 3297 -6
3645 4079 -6
5097 5106 -6
2455 2721 -6
2974 4271 -6
8332 8663 -6
5118 8144 -6
5120 8605 -6
669 794 -6
5127 9240 -6
2204 9225 -6
1727 2631 -6
1456 2825 -6
1336 4441 -6
689 1184 -6
5135 6100 -6
2202 6106 -6
690 8112 -6
2202 8612 -6
2110 2228 -6
56 4716 -6
3943 8471 -6
4970 8642 -6
5296 5950 -6
182 353 -6
1715 2141 -6
7248 9005 -6
618 1921 -6
183 1620 -6
1513 5292 -6
1774 6636 -6
716 2507 -6
183 1268 -6
2089 4383 -6
50 227 -6
5294 9433 -6
614 5108 -6
721 6502 -6
3652 9600 -6
3021 7533 -6
2124 4845 -6
1777 7889 -6
5330 6709 -6
608 768 -6
4962 6096 -6
1044 2934 -6
7215 8400 -6
631 8506 -6
1721 2619 -6
174 274 -6
3919 7704 -6
8245 9420 -6
704 1161 -6
5242 6371 -6
3917 6927 -6
1083 1833 -6
1510 5412 -6
5262 9748 -6
1766 6536 -6
257 2825 -6
1298 4208 -6
5269 8348 -6
3327 6848 -6
5270 9058 -6
1769 2393 -6
2205 7351 -6
3010 4683 -6
7267 8864 -6
3915 5737 -6
181 1081 -6
623 8219 -6
5641 7248 -6
4844 4905 -6
1310 3715 -6
1010 1744 -6
771 1977 -6
5693 9861 -6
1674 1773 -6
4755 6038 -6
4755 7260 -6
5729 6659 -6
5557 8230 -6
4803 8252 -6
5730 9025 -6
1851 7592 -6
800 3415 -6
88 1095 -6
5731 7275 -6
1214 4629 -6
1134 2196 -6
81 96 -6
2874 9920 -6
1820 7344 -6
3983 7684 -6
5645 7272 -6
2278 3816 -6
3273 4151 -6
6862 9196 -6
1141 7482 -6
4823 7834 -6
84 2594 -6
8037 9933 -6
2323 7681 -6
2566 4138 -6
5606 7126 -6
5599 9731 -6
523 707 -6
5703 6528 -6
2244 5471 -6
8045 8673 -6
1007 5389 -6
1846 9174 -6
1665 6262 -6
7585 9099 -6
1000 9937 -6
4312 9814 -6
40 3232 -6
5581 8771 -6
4805 5134 -6
4094 7465 -6
1840 8573 -6
1538 6319 -6
3534 5825 -6
4278 9721 -6
1209 1376 -6
1203 1338 -6
10 15 -6
2563 5206 -6
3299 3443 -6
2572 2683 -6
5668 6418 -6
3072 9593 -6
8016 8770 -6
547 2938 -6
1842 4947 -6
2319 3025 -6
1855 8133 -6
543 5244 -6
5665 8480 -6
1202 3410 -6
6951 7652 -6
1437 7887 -6
1542 6288 -6
3353 6693 -6
44 6027 -6
2132 4056 -6
6934 9699 -6
1841 2685 -6
1546 5561 -6
5754 8879 -6
3115 6846 -6
227 1397 -6
5522 7957 -6
2372 4719 -6
1341 2469 -6
1326 7683 -6
3467 5021 -6
5662 9078 -6
5548 8917 -6
5755 8298 -6
1208 4920 -6
703 6121 -5
640 4554 -5
1872 3559 -5
3000 5311 -5
2939 4093 -5
2215 5375 -5
2940 8354 -5
3581 5140 -5
4116 4957 -5
3665 6952 -5
3957 6806 -5
3376 8392 -5
360 2279 -5
361 4207 -5
509 4678 -5
1176 9969 -5
2834 3117 -5
4707 5608 -5
1848 7848 -5
3831 7098 -5
5834 8598 -5
4788 9731 -5
4788 9801 -5
8237 9715 -5
4535 5211 -5
1367 9963 -5
2317 5380 -5
829 7145 -5
3010 4390 -5
4028 5148 -5
3006 6583 -5
1767 8074 -5
1431 8339 -5
6248 9869 -5
363 2778 -5
829 7463 -5
4529 5710 -5
635 3979 -5
5287 7283 -5
9042 9913 -5
4525 6637 -5
1764 3133 -5
825 5694 -5
6224 7008 -5
4523 6258 -5
3847 8271 -5
1345 1947 -5
1594 8381 -5
5138 6157 -5
20 99 -5
5087 8446 -5
3109 8459 -5
818 1386 -5
7733 9204 -5
2966 8129 -5
665 2157 -5
7956 9456 -5
3836 8662 -5
5136 7058 -5
8741 9254 -5
1651 2567 -5
5143 6012 -5
5073 9658 -5
1746 4218 -5
6362 8796 -5
916 1600 -5
2671 6066 -5
5151 7957 -5
490 4855 -5
1748 6371 -5
5095 8060 -5
3059 3778 -5
3685 3755 -5
2398 4382 -5
1856 4822 -5
2976 7086 -5
816 9254 -5
676 9446 -5
2663 5477 -5
2200 7126 -5
2818 3213 -5
6355 9750 -5
5110 9986 -5
340 7104 -5
1457 2287 -5
6392 6429 -5
3569 6184 -5
3205 4399 -5
2970 3736 -5
3500 8543 -5
5785 8543 -5
1334 2145 -5
3575 7299 -5
7753 9600 -5
6308 6809 -5
1480 6390 -5
803 9189 -5
3997 8187 -5
2197 5439 -5
647 667 -5
8722 8739 -5
1658 7738 -5
355 7891 -5
5200 6606 -5
4770 7648 -5
5045 8211 -5
2806 7687 -5
5205 8148 -5
2334 7196 -5
1114 3526 -5
6287 6813 -5
8248 9082 -5
5182 6663 -5
5164 9779 -5
1429 7160 -5
1135 3903 -5
1749 5477 -5
5172 6843 -5
5173 9137 -5
3844 7028 -5
1861 2874 -5
8724 9996 -5
3923 9048 -5
802 2553 -5
5182 8817 -5
1862 5036 -5
2951 5315 -5
3684 8602 -5
2335 3609 -5
1430 5818 -5
650 3927 -5
3476 9218 -5
4716 7019 -5
6064 8291 -5
3579 5485 -5
409 4611 -5
100 1217 -5
1124 4351 -5
860 1781 -5
8108 9250 -5
7849 9657 -5
412 7643 -5
4673 9773 -5
2185 8929 -5
2895 9754 -5
2732 3982 -5
2873 4204 -5
6059 9364 -5
5452 5869 -5
2733 9148 -5
4907 7762 -5
841 4559 -5
437 2883 -5
855 1029 -5
1144 1280 -5
6108 9718 -5
6106 8081 -5
3406 5422 -5
3678 4248 -5
869 8500 -5
1827 3046 -5
5931 8151 -5
1614 4624 -5
868 5603 -5
1696 6455 -5
3815 8147 -5
5575 5847 -5
773 8588 -5
6096 8047 -5
4016 6531 -5
2725 6315 -5
1798 1917 -5
5565 8585 -5
5437 9187 -5
2728 9487 -5
4652 6881 -5
8622 9031 -5
2314 8483 -5
423 602 -5
1810 3914 -5
845 1136 -5
2210 9252 -5
5999 8354 -5
1898 3686 -5
1146 5951 -5
1126 1536 -5
1440 2583 -5
80 86 -5
4860 9908 -5
5528 5916 -5
2878 6679 -5
1812 9333 -5
1683 6553 -5
1229 9375 -5
7884 8708 -5
1684 2630 -5
7869 9334 -5
5551 5953 -5
2357 4007 -5
1631 2119 -5
5953 8021 -5
436 725 -5
417 548 -5
752 9691 -5
5957 7999 -5
1891 9071 -5
566 5464 -5
531 880 -5
77 259 -5
565 788 -5
3454 7834 -5
564 3638 -5
2741 4763 -5
8897 9499 -5
3045 8679 -5
3153 4519 -5
5964 8735 -5
6176 9196 -5
887 8039 -5
834 2987 -5
605 1061 -5
2703 7472 -5
1155 8905 -5
5349 5597 -5
1606 8200 -5
5349 6556 -5
1841 5749 -5
2230 5546 -5
606 4052 -5
3655 9543 -5
6172 6611 -5
8028 8111 -5
2910 6311 -5
1413 7935 -5
1185 2892 -5
4022 5640 -5
3090 4689 -5
730 5016 -5
5857 8072 -5
3403 4942 -5
458 3138 -5
1843 6930 -5
892 4411 -5
6214 9071 -5
5307 5667 -5
2304 7550 -5
3789 9617 -5
3957 5223 -5
6203 9023 -5
2707 3560 -5
510 1825 -5
457 2370 -5
5317 6594 -5
1208 8180 -5
610 6428 -5
2918 6167 -5
4563 5903 -5
1468 7515 -5
1706 2821 -5
3978 9401 -5
4929 9547 -5
3803 4569 -5
1153 2276 -5
1205 6089 -5
4824 7999 -5
2778 4114 -5
780 7307 -5
2186 5215 -5
3034 9018 -5
1670 2411 -5
2355 9701 -5
1189 2617 -5
8818 8888 -5
5917 6273 -5
584 2282 -5
109 4297 -5
5409 6345 -5
5589 7320 -5
5922 9003 -5
400 7024 -5
2904 6436 -5
7807 9296 -5
1240 1695 -5
3136 6132 -5
1433 5154 -5
5375 7213 -5
1420 6463 -5
3799 4630 -5
517 7167 -5
1187 5067 -5
5623 5895 -5
8203 8758 -5
3664 4140 -5
1879 7381 -5
4583 4936 -5
4822 5623 -5
2780 3429 -5
4931 6721 -5
1609 3327 -5
878 2929 -5
8036 9883 -5
943 8745 -5
2580 2779 -5
312 4057 -5
1397 5847 -5
2480 4673 -5
261 6547 -5
943 6842 -5
7006 8933 -5
126 217 -5
7031 8045 -5
1495 4558 -5
2028 6307 -5
258 8763 -5
159 6137 -5
4320 7911 -5
989 7841 -5
315 2908 -5
268 7188 -5
948 9043 -5
4358 7975 -5
2522 8903 -5
158 603 -5
6730 7192 -5
4176 4184 -5
6512 8885 -5
1098 4774 -5
6781 9647 -5
6734 7528 -5
3232 8186 -5
2068 7263 -5
983 1224 -5
6738 8746 -5
2023 2701 -5
1397 6314 -5
6805 9690 -5
3768 8975 -5
1350 6079 -5
1529 4895 -5
9289 9359 -5
4449 6560 -5
3222 9796 -5
124 904 -5
3352 7631 -5
2276 7460 -5
7331 9697 -5
1071 6413 -5
321 6815 -5
3769 8300 -5
2423 2972 -5
6956 9653 -5
6812 8078 -5
979 3920 -5
4161 6548 -5
6785 8443 -5
3535 6516 -5
4111 4609 -5
3562 9164 -5
7385 9568 -5
4091 8482 -5
316 3785 -5
7568 8512 -5
1020 5833 -5
2454 5708 -5
255 1956 -5
2093 6156 -5
2255 6881 -5
2293 2476 -5
3361 5793 -5
4412 9669 -5
4388 7363 -5
1085 9071 -5
299 9561 -5
9813 9833 -5
4199 6174 -5
2123 3330 -5
3722 3737 -5
1293 1469 -5
4386 9763 -5
969 1362 -5
3688 8474 -5
1037 5013 -5
300 3813 -5
9210 9763 -5
7235 8095 -5
1378 2009 -5
3244 8619 -5
3763 6318 -5
1996 2079 -5
2083 5747 -5
2084 2737 -5
1308 4033 -5
6575 7646 -5
2495 9989 -5
1561 7392 -5
4195 5533 -5
2104 8628 -5
2456 5951 -5
1516 2423 -5
3721 6507 -5
1087 7295 -5
4072 6246 -5
9144 9445 -5
3756 8143 -5
3726 4083 -5
4425 9154 -5
2073 2485 -5
164 801 -5
1029 2708 -5
3523 9130 -5
7648 9690 -5
7125 8061 -5
2591 4615 -5
6710 9983 -5
133 336 -5
950 8575 -5
204 9489 -5
3567 6767 -5
6 1381 -5
233 6851 -5
3348 9384 -5
1985 7929 -5
6670 8810 -5
131 4039 -5
4421 6233 -5
9659 9794 -5
4182 6011 -5
2077 3643 -5
3688 8608 -5
1035 6639 -5
2486 8258 -5
6648 6803 -5
7662 7703 -5
4078 7149 -5
3699 3825 -5
1544 4915 -5
4288 9938 -5
235 278 -5
140 4334 -5
2129 5273 -5
160 3368 -5
142 2255 -5
1358 4179 -5
4287 7854 -5
3568 7914 -5
4308 5197 -5
169 530 -5
154 7918 -5
123 8193 -5
6855 8063 -5
6867 9471 -5
122 180 -5
7449 7743 -5
2538 3497 -5
1004 3216 -5
19 486 -5
7344 8918 -5
1964 5774 -5
6946 9483 -5
327 1485 -5
2041 4187 -5
3277 6615 -5
3534 5627 -5
4051 5581 -5
323 1013 -5
169 9307 -5
160 2480 -5
4298 6512 -5
4094 6082 -5
4261 9478 -5
6925 7574 -5
7724 9885 -5
2430 5707 -5
335 857 -5
1077 2705 -5
2119 7598 -5
2399 4552 -5
997 3055 -5
248 8153 -5
1070 4848 -5
7594 8438 -5
1000 5057 -4
844 8821 -4
7476 7480 -4
2560 5319 -4
1554 7894 -4
437 4592 -4
1538 5053 -4
2958 6938 -4
6904 7723 -4
738 2968 -4
4082 9761 -4
4080 5698 -4
4276 8366 -4
2416 4394 -4
5967 9286 -4
5972 8794 -4
3147 9852 -4
1824 2955 -4
2901 6183 -4
6910 8228 -4
536 7185 -4
8052 9743 -4
5392 9717 -4
7131 9260 -4
4007 9249 -4
3819 9731 -4
769 5648 -4
3697 6791 -4
2968 5551 -4
8817 9952 -4
5911 6291 -4
743 9590 -4
5903 8852 -4
977 7420 -4
3464 4146 -4
8815 9158 -4
5915 6835 -4
2515 3795 -4
5894 7452 -4
2964 8406 -4
578 5600 -4
978 6832 -4
98 6049 -4
2516 4360 -4
273 6272 -4
1887 3536 -4
3256 5007 -4
1420 3353 -4
1631 6678 -4
740 9473 -4
586 1483 -4
1289 6105 -4
33 38 -4
5563 8882 -4
1889 4191 -4
1434 6584 -4
8298 8994 -4
2285 2858 -4
3822 4012 -4
4923 9801 -4
3035 4899 -4
229 1926 -4
275 361 -4
5116 6877 -4
1830 2775 -4
4824 7025 -4
3024 6939 -4
4957 5967 -4
6069 7697 -4
1374 3499 -4
2732 7612 -4
4956 8550 -4
6066 7466 -4
292 9997 -4
1496 7364 -4
4956 6165 -4
857 6686 -4
857 2057 -4
4627 4993 -4
1998 9012 -4
857 1117 -4
4098 5288 -4
599 2271 -4
6616 8972 -4
7194 9553 -4
3810 7918 -4
2969 7730 -4
2307 5865 -4
2915 6822 -4
1914 9663 -4
7396 7823 -4
407 4028 -4
129 5537 -4
4610 5059 -4
1780 4105 -4
3598 9597 -4
5613 7070 -4
1996 2487 -4
6595 8642 -4
2551 8216 -4
780 2120 -4
3348 8353 -4
2912 9546 -4
7377 9676 -4
1617 2960 -4
8666 9019 -4
1167 1235 -4
1393 3728 -4
1786 4911 -4
6008 8637 -4
3905 5716 -4
1518 2939 -4
6901 7109 -4
4817 4888 -4
2125 8411 -4
7881 7983 -4
2549 2884 -4
5383 7571 -4
1726 8210 -4
1627 2382 -4
3692 3809 -4
1837 8646 -4
2004 7536 -4
1701 2500 -4
1036 4411 -4
4290 5418 -4
787 9143 -4
6874 7739 -4
3663 6305 -4
2051 7214 -4
3351 7913 -4
3907 4476 -4
3081 5579 -4
6034 6805 -4
2238 9348 -4
4198 5365 -4
418 1997 -4
1902 6564 -4
783 3692 -4
2908 4221 -4
2141 2583 -4
9339 9419 -4
731 952 -4
6624 7534 -4
193 3588 -4
420 5407 -4
4387 8078 -4
1833 5570 -4
2742 4301 -4
6627 8144 -4
6981 7218 -4
484 2424 -4
8083 9087 -4
5686 5858 -4
1378 2917 -4
37 159 -4
5757 9312 -4
5757 7097 -4
2965 5856 -4
8709 9962 -4
2960 8947 -4
5544 6927 -4
4252 9136 -4
486 1016 -4
3879 9510 -4
4872 7312 -4
3662 4431 -4
1216 2488 -4
4268 9289 -4
487 1831 -4
2172 9402 -4
8080 9108 -4
3113 6463 -4
36 3855 -4
3352 4359 -4
4781 8092 -4
796 3638 -4
4320 6873 -4
2565 8116 -4
8097 9617 -4
3468 6541 -4
3303 8617 -4
8577 9456 -4
4262 9191 -4
4779 6459 -4
6998 9793 -4
2170 8456 -4
5682 5940 -4
4247 5116 -4
5065 7928 -4
557 7610 -4
504 7385 -4
7612 8524 -4
2836 4067 -4
693 6663 -4
2462 7650 -4
1545 7353 -4
4865 9640 -4
688 5271 -4
2364 8484 -4
7985 8034 -4
3459 3841 -4
4863 8986 -4
1437 6477 -4
3274 4575 -4
2881 3629 -4
803 3144 -4
3700 8532 -4
4760 7615 -4
1743 8133 -4
8726 9917 -4
1682 6237 -4
10 1035 -4
2276 6173 -4
805 8345 -4
3985 8438 -4
3107 8911 -4
765 8594 -4
2833 7939 -4
3056 3428 -4
6788 8254 -4
3647 5489 -4
3056 9332 -4
1016 1905 -4
253 793 -4
995 1959 -4
5518 9465 -4
478 3229 -4
1211 1888 -4
1146 2258 -4
551 1098 -4
6796 8883 -4
2535 6907 -4
9395 9637 -4
3060 9416 -4
2461 2841 -4
3068 3821 -4
7430 8772 -4
5855 6173 -4
575 5716 -4
208 3616 -4
243 2748 -4
1872 5285 -4
2316 3043 -4
2564 9009 -4
208 3997 -4
748 8822 -4
3629 4787 -4
510 2660 -4
3264 7354 -4
86 1093 -4
462 3157 -4
572 8713 -4
4908 5777 -4
4700 5377 -4
6850 9241 -4
1639 8172 -4
3647 7543 -4
96 2976 -4
453 762 -4
273 8834 -4
3616 9991 -4
2043 5261 -4
98 3554 -4
7434 9663 -4
3727 4929 -4
1740 5643 -4
4359 8731 -4
3753 5268 -4
2782 2960 -4
750 7585 -4
8813 9113 -4
8113 9494 -4
7055 8055 -4
98 4728 -4
4298 5140 -4
6725 7908 -4
6728 8605 -4
457 4574 -4
575 7295 -4
3261 7207 -4
7948 8274 -4
1131 6573 -4
4716 4828 -4
262 3163 -4
4717 4844 -4
658 1696 -4
1861 4871 -4
473 982 -4
819 4202 -4
46 601 -4
139 2915 -4
1220 1282 -4
3342 4945 -4
2214 3437 -4
3631 9842 -4
2839 4312 -4
2564 5377 -4
1023 2928 -4
5545 9742 -4
667 2071 -4
2886 4333 -4
1688 4998 -4
1139 8832 -4
2800 7887 -4
4700 8069 -4
569 2203 -4
6740 7143 -4
2357 5994 -4
2803 2817 -4
8631 9454 -4
1867 3303 -4
7568 9245 -4
7626 9658 -4
3965 8037 -4
3749 8340 -4
469 1207 -4
8107 9178 -4
822 1694 -4
792 9808 -4
793 2267 -4
5812 7706 -4
4790 7320 -4
212 7381 -4
2999 7015 -4
1061 5518 -4
952 3205 -4
128 329 -4
358 5331 -4
6295 8999 -4
4578 8396 -4
63 395 -4
1375 6069 -4
4515 7022 -4
1760 2912 -4
1297 6695 -4
4140 9935 -4
1974 5733 -4
643 9436 -4
2680 3855 -4
5034 8611 -4
8250 9259 -4
2682 4576 -4
6283 8752 -4
1082 1612 -4
3651 9948 -4
321 452 -4
8971 9920 -4
6282 9844 -4
5023 8024 -4
906 7346 -4
6538 6629 -4
3640 6397 -4
3368 6781 -4
363 3840 -4
6485 9948 -4
2344 9014 -4
2676 2877 -4
3570 7649 -4
5114 7286 -4
3780 5601 -4
1972 8225 -4
4113 4960 -4
1576 1938 -4
3557 3976 -4
2626 4577 -4
6144 8449 -4
18 1813 -4
3373 7968 -4
3218 6438 -4
6131 9514 -4
4588 5509 -4
1063 1729 -4
1989 5922 -4
9045 9561 -4
1481 7022 -4
700 2620 -4
935 7102 -4
7810 9501 -4
2649 3594 -4
3365 7394 -4
354 674 -4
645 1416 -4
3 240 -4
171 907 -4
5113 9725 -4
3957 7479 -4
3782 4324 -4
6456 6558 -4
7241 9352 -4
2979 5646 -4
2333 7235 -4
312 6684 -4
127 586 -4
2932 5667 -4
23 9444 -4
1932 6047 -4
889 1526 -4
379 7770 -4
308 5291 -4
1512 6750 -4
6497 9265 -4
2392 9920 -4
380 807 -4
3790 7987 -4
5281 8807 -4
369 9658 -4
2302 2510 -4
1932 9744 -4
1411 4007 -4
8426 9604 -4
2304 7069 -4
9016 9315 -4
2974 3776 -4
373 5620 -4
7282 9775 -4
2639 8619 -4
6223 6281 -4
3768 6784 -4
2303 8683 -4
1484 9272 -4
1479 2347 -4
3440 8546 -4
5180 5957 -4
1928 3052 -4
1512 4384 -4
1262 2275 -4
706 2761 -4
2636 9852 -4
1939 6794 -4
8221 9681 -4
2688 9843 -4
5015 8539 -4
6489 8452 -4
2155 8275 -4
6260 9701 -4
6260 6461 -4
1250 6704 -4
2448 6021 -4
1941 2027 -4
166 2230 -4
2704 7791 -4
2928 5515 -4
1606 8811 -4
707 3016 -4
1735 4797 -4
2305 2535 -4
3494 8862 -4
2390 6261 -4
652 2714 -4
5257 9074 -4
5012 6480 -4
5261 8482 -4
6192 7803 -4
7267 8957 -4
1929 6718 -4
4491 9172 -4
1916 6561 -4
1454 2605 -4
1366 8233 -4
151 1541 -4
871 1310 -4
330 502 -4
611 3946 -4
927 1495 -4
1237 5526 -4
344 9489 -4
3763 3826 -4
4045 4066 -4
2661 5803 -4
931 2573 -4
7724 9766 -4
6123 9433 -4
6104 7502 -4
4606 5832 -4
2713 8751 -4
928 3723 -4
6111 7299 -4
917 5535 -4
3777 6591 -4
8272 8764 -4
2234 8305 -4
3339 5854 -4
2262 9364 -4
186 855 -4
4474 9107 -4
6567 8643 -4
4597 4892 -4
3167 9369 -4
6113 7584 -4
6359 8490 -4
612 890 -4
1751 4659 -4
1172 4100 -4
1181 4123 -4
921 1440 -4
3373 7071 -4
3387 7176 -4
2298 6039 -4
699 4752 -4
3203 7597 -4
4493 5219 -4
2673 6834 -4
4407 5818 -4
722 4349 -4
651 4246 -4
3604 5642 -3
5784 7973 -3
368 1292 -3
3120 4825 -3
1325 5473 -3
335 453 -3
1299 4136 -3
215 6999 -3
2554 3612 -3
2436 5335 -3
3641 9567 -3
3209 4091 -3
6245 6996 -3
5486 7538 -3
2865 6392 -3
1647 3096 -3
4172 4878 -3
2532 8519 -3
2688 3480 -3
366 3228 -3
4056 6668 -3
2855 9254 -3
177 433 -3
92 3404 -3
2548 3487 -3
1686 2424 -3
2689 5005 -3
680 2699 -3
8087 9962 -3
2989 4929 -3
316 377 -3
3834 4929 -3
4473 6956 -3
708 4314 -3
5493 7883 -3
1206 1481 -3
5055 7822 -3
1960 2111 -3
1479 1527 -3
1460 5440 -3
5584 5886 -3
707 9547 -3
2466 4976 -3
1363 6298 -3
4141 8135 -3
4819 8262 -3
78 203 -3
5259 6128 -3
468 1933 -3
2391 4045 -3
5826 7495 -3
3376 4942 -3
3297 3305 -3
4706 9721 -3
526 2706 -3
4902 5913 -3
178 9961 -3
77 319 -3
468 8717 -3
1830 5748 -3
373 865 -3
1110 9781 -3
1978 9339 -3
4829 9767 -3
4713 5094 -3
3775 7916 -3
628 4759 -3
464 8275 -3
209 342 -3
1446 9987 -3
2986 3953 -3
5007 8034 -3
151 6864 -3
826 9733 -3
233 6516 -3
470 687 -3
374 7452 -3
1603 1772 -3
5096 8160 -3
4903 7975 -3
4234 8718 -3
1092 5442 -3
4703 6121 -3
1671 1849 -3
7422 9703 -3
3264 3817 -3
7623 8026 -3
4334 8527 -3
4890 9341 -3
3891 6154 -3
214 7304 -3
2259 5441 -3
5266 8492 -3
530 6269 -3
1148 9563 -3
370 543 -3
2243 3692 -3
4084 4926 -3
5588 7182 -3
4540 7598 -3
4834 7345 -3
3978 8491 -3
5064 9897 -3
4030 9395 -3
1116 5981 -3
4083 9327 -3
821 6531 -3
1550 2725 -3
3296 3682 -3
2858 6252 -3
3044 8087 -3
4286 5754 -3
5802 9913 -3
676 5379 -3
2025 3485 -3
6413 9426 -3
1024 7998 -3
3499 7680 -3
2680 6723 -3
1433 1765 -3
6826 9060 -3
1659 9600 -3
2040 2084 -3
1437 9417 -3
5558 6146 -3
2278 4769 -3
224 5149 -3
2133 8362 -3
1734 2677 -3
3609 4559 -3
225 3086 -3
4305 5970 -3
1145 2005 -3
6927 8846 -3
1279 3784 -3
248 1283 -3
143 773 -3
4514 5764 -3
5714 6120 -3
120 9782 -3
1355 2888 -3
8369 9523 -3
1071 1326 -3
1437 4296 -3
5203 6296 -3
2999 3213 -3
5039 7604 -3
120 4230 -3
2374 5198 -3
537 1276 -3
1370 9040 -3
1680 2746 -3
6351 7092 -3
62 6607 -3
4299 4320 -3
996 4606 -3
4505 9114 -3
4039 8100 -3
3198 4102 -3
225 5553 -3
3769 5574 -3
3849 7217 -3
5066 9281 -3
4791 8977 -3
228 1985 -3
2840 9379 -3
2994 5540 -3
4274 9626 -3
5197 8167 -3
1951 7067 -3
4852 7536 -3
87 9106 -3
328 8082 -3
2110 8640 -3
3683 9637 -3
2471 3543 -3
9383 9774 -3
1111 5675 -3
171 7677 -3
510 9490 -3
4148 8121 -3
1843 3078 -3
5048 6142 -3
1660 3016 -3
1843 5976 -3
1303 5442 -3
1945 3149 -3
8408 8958 -3
1277 1409 -3
1812 9923 -3
3700 5480 -3
7763 8966 -3
2034 4288 -3
7324 7421 -3
5744 9310 -3
1508 3682 -3
3189 6822 -3
552 2161 -3
320 5650 -3
5516 9374 -3
2453 5754 -3
2097 7691 -3
2474 4511 -3
1827 7406 -3
8680 9557 -3
3079 7649 -3
153 1488 -3
1064 8736 -3
1491 9315 -3
3087 5073 -3
1173 4272 -3
4033 7833 -3
230 7038 -3
486 4072 -3
3210 7753 -3
2568 7933 -3
3695 5103 -3
125 316 -3
2684 3966 -3
42 298 -3
250 2520 -3
4863 5626 -3
5219 5754 -3
2117 8742 -3
2656 4833 -3
250 3362 -3
5029 6062 -3
6295 7010 -3
4467 7669 -3
3988 8014 -3
772 1121 -3
6380 9517 -3
1970 9672 -3
2960 7166 -3
85 1548 -3
8271 8417 -3
5717 9630 -3
5633 8636 -3
9400 9601 -3
1653 5960 -3
361 1728 -3
4868 5584 -3
137 1559 -3
5223 9858 -3
37 6376 -3
3343 7137 -3
1666 8640 -3
120 1527 -3
1826 3872 -3
4313 4681 -3
5189 9410 -3
6958 7329 -3
7606 9622 -3
2558 8478 -3
617 4943 -3
4203 9063 -3
3549 6272 -3
391 4731 -3
4416 4974 -3
848 3515 -3
5984 9559 -3
8513 9360 -3
1351 2813 -3
4381 4938 -3
4979 6303 -3
4652 8992 -3
1724 7004 -3
3514 6531 -3
8273 8294 -3
6657 8500 -3
736 4332 -3
131 4616 -3
4660 8542 -3
5 39 -3
2757 7364 -3
6659 7169 -3
4077 9200 -3
1788 9233 -3
2348 5868 -3
2380 9565 -3
1155 5989 -3
2002 6697 -3
3962 4146 -3
8882 9100 -3
2501 5769 -3
4974 9092 -3
5998 8987 -3
590 4343 -3
733 7022 -3
1374 5462 -3
2746 8832 -3
718 9161 -3
6638 9397 -3
3513 9321 -3
6148 8574 -3
3722 5647 -3
3597 8113 -3
2598 8825 -3
952 2088 -3
4925 5788 -3
7700 8288 -3
2230 3652 -3
1290 1961 -3
438 2805 -3
4372 5605 -3
1983 7552 -3
7101 7832 -3
439 7522 -3
3145 6604 -3
4372 5668 -3
439 8925 -3
5406 6703 -3
2598 8487 -3
6539 7815 -3
5934 7158 -3
277 491 -3
2597 3502 -3
2769 4847 -3
2075 2956 -3
973 7978 -3
1629 7049 -3
1354 9618 -3
4984 9992 -3
845 2219 -3
882 8626 -3
2903 6777 -3
5832 8080 -3
5958 6789 -3
3032 8125 -3
6131 9459 -3
883 995 -3
4664 6729 -3
3412 9696 -3
3702 5634 -3
3674 9531 -3
5948 8588 -3
6671 7857 -3
6671 7277 -3
6166 9517 -3
3024 9097 -3
129 7020 -3
2981 6726 -3
6078 9859 -3
2728 2746 -3
3689 5633 -3
3763 6626 -3
4017 4064 -3
297 6982 -3
1560 4711 -3
1415 8293 -3
2614 5337 -3
2266 4127 -3
3765 4700 -3
3762 8303 -3
1497 4162 -3
3154 6130 -3
2087 8477 -3
4623 9394 -3
3481 8031 -3
105 999 -3
1905 8411 -3
605 6637 -3
49 6267 -3
2619 2674 -3
1503 2265 -3
1613 8411 -3
606 5724 -3
2258 8231 -3
1613 7106 -3
4403 9989 -3
6090 8958 -3
1322 4292 -3
3154 7485 -3
2721 9073 -3
1615 4119 -3
293 6911 -3
7210 8074 -3
863 5127 -3
1387 4848 -3
4605 7049 -3
3509 4007 -3
6082 6687 -3
2908 6140 -3
1360 7662 -3
6022 6598 -3
1610 7050 -3
2610 4171 -3
967 3894 -3
3249 3302 -3
1702 2341 -3
2609 5107 -3
26 32 -3
3718 6646 -3
287 8454 -3
420 2126 -3
4199 5168 -3
6128 8582 -3
111 1035 -3
6010 7440 -3
4387 9298 -3
719 8672 -3
3700 9413 -3
3152 7625 -3
4967 9465 -3
1125 1610 -3
6055 7383 -3
3762 8970 -3
1046 4474 -3
416 1502 -3
673 6234 -3
3705 6183 -3
2327 3025 -3
4067 7551 -3
875 5366 -3
6165 9130 -3
4950 8500 -3
5119 7236 -3
4018 7882 -3
1155 1445 -3
966 3152 -3
2713 9007 -3
5175 9771 -3
2736 7335 -3
1902 4242 -3
4695 7793 -3
6190 9909 -3
1297 9119 -3
3605 4624 -3
2986 6607 -3
450 1553 -3
747 6231 -3
3131 6800 -3
2789 4494 -3
1330 4360 -3
4348 7323 -3
5108 5738 -3
5126 5935 -3
3393 6817 -3
5426 7442 -3
305 6939 -3
5899 9217 -3
5439 7422 -3
1242 6983 -3
2242 8682 -3
179 9758 -3
2391 5153 -3
445 4198 -3
1982 6534 -3
2796 9255 -3
4345 5028 -3
2209 5570 -3
4994 7799 -3
1345 3231 -3
1485 4486 -3
833 1367 -3
145 1831 -3
5861 8926 -3
2896 4595 -3
6518 8794 -3
3716 6450 -3
693 8712 -3
1421 2371 -3
2784 4940 -3
834 7824 -3
5434 6022 -3
6172 7731 -3
2896 5946 -3
4227 8696 -3
4431 7121 -3
1877 3981 -3
4024 5204 -3
1129 4808 -3
4362 7801 -3
6203 7753 -3
3136 6285 -3
1159 7977 -3
7266 8677 -3
1488 6110 -3
6712 7879 -3
4179 8822 -3
7272 8022 -3
5920 6259 -3
3140 3479 -3
3040 7252 -3
5445 9309 -3
1567 7494 -3
1164 1369 -3
2799 7661 -3
6695 9850 -3
2014 2180 -3
2696 6342 -3
951 7451 -3
3343 9849 -3
304 1140 -3
4677 6674 -3
2774 8065 -3
894 3870 -3
4216 5862 -3
583 843 -3
4987 6489 -3
741 6256 -3
1444 9823 -3
4343 8350 -3
3313 5703 -3
5933 9141 -3
827 1273 -3
3823 4030 -3
2271 5755 -3
4699 6228 -3
6695 9482 -3
7935 8236 -3
1517 7721 -2
3450 9578 -2
1690 9311 -2
7361 7895 -2
77 8643 -2
4229 7023 -2
5328 9695 -2
4114 9304 -2
2893 8198 -2
5009 9544 -2
7355 7859 -2
5563 7621 -2
1293 3860 -2
4231 5139 -2
709 1782 -2
3916 7860 -2
2438 5747 -2
3636 5046 -2
2262 9619 -2
8537 9348 -2
1677 4985 -2
1705 8868 -2
5475 6724 -2
8418 8922 -2
193 517 -2
2482 2564 -2
1023 5997 -2
725 5581 -2
2105 3839 -2
2468 6002 -2
54 618 -2
3076 4523 -2
2329 2568 -2
2929 7004 -2
70 1467 -2
2916 9693 -2
187 9974 -2
2255 3854 -2
1010 2444 -2
1784 8894 -2
61 1254 -2
1382 9404 -2
71 3742 -2
1454 6916 -2
1804 2204 -2
2911 2953 -2
2441 3586 -2
5442 6155 -2
1298 6515 -2
8049 8502 -2
2918 8721 -2
4842 7320 -2
1156 8093 -2
5185 9275 -2
1522 9983 -2
3348 6287 -2
4173 4502 -2
5355 7262 -2
65 5024 -2
594 834 -2
533 1613 -2
4966 7857 -2
2888 7098 -2
233 1183 -2
3585 7594 -2
2871 9876 -2
1523 1614 -2
692 5338 -2
7360 9753 -2
6910 6986 -2
5154 6081 -2
1778 7508 -2
5184 9321 -2
5571 9025 -2
5332 7658 -2
4952 9730 -2
2526 3817 -2
9494 9878 -2
1089 3683 -2
9362 9933 -2
3968 9751 -2
212 2332 -2
8521 8838 -2
587 7887 -2
1791 5177 -2
702 2112 -2
5030 5707 -2
636 9286 -2
2513 9575 -2
5031 9942 -2
1333 4888 -2
743 3858 -2
3325 8792 -2
3581 3922 -2
1035 1567 -2
547 1404 -2
7138 7781 -2
738 8852 -2
589 5995 -2
1161 5963 -2
3732 4549 -2
590 1182 -2
3717 9461 -2
1816 6479 -2
3445 7560 -2
3063 6127 -2
217 5070 -2
3067 7025 -2
1790 4812 -2
2126 8905 -2
1443 3108 -2
223 7721 -2
1284 7564 -2
7323 7850 -2
1519 4069 -2
3956 9045 -2
2512 3941 -2
2186 3049 -2
2923 5446 -2
6962 9436 -2
5019 6229 -2
3417 4742 -2
5507 7130 -2
2061 2399 -2
3325 6333 -2
4877 6967 -2
3540 6887 -2
4156 9977 -2
3956 8134 -2
1750 2116 -2
2126 8276 -2
1460 2487 -2
151 2108 -2
587 706 -2
3550 5191 -2
4181 9334 -2
2940 9595 -2
45 1248 -2
2926 9490 -2
226 746 -2
2193 2243 -2
1048 1544 -2
7354 9708 -2
2928 3720 -2
75 1335 -2
733 2089 -2
5482 9273 -2
594 4400 -2
9402 9958 -2
1179 5887 -2
2355 4253 -2
2897 6123 -2
5264 8494 -2
1048 5799 -2
169 9383 -2
699 3831 -2
2080 5565 -2
7178 8995 -2
2527 4360 -2
2358 7441 -2
3545 8492 -2
3430 4336 -2
1162 8336 -2
7379 8951 -2
5556 8432 -2
2920 3818 -2
1011 9821 -2
5543 9590 -2
1029 2936 -2
1810 9125 -2
150 9051 -2
6408 9135 -2
4879 6723 -2
8521 8951 -2
2325 3168 -2
712 968 -2
4263 6330 -2
7385 9663 -2
1056 2590 -2
4995 5100 -2
183 2597 -2
4969 8403 -2
1 2548 -2
1202 1668 -2
80 8054 -2
2326 3734 -2
5488 6102 -2
1796 6473 -2
5261 5561 -2
2092 2783 -2
4882 8844 -2
5485 8442 -2
561 1593 -2
2471 6651 -2
1062 3634 -2
2814 3645 -2
6500 7441 -2
2758 7002 -2
59 5653 -2
1860 2811 -2
9265 9291 -2
2154 5100 -2
3354 7278 -2
2243 4070 -2
372 7571 -2
7786 9130 -2
1993 6163 -2
4087 7864 -2
477 6657 -2
7956 9025 -2
102 7963 -2
816 2754 -2
2816 7697 -2
2572 7892 -2
1569 2274 -2
670 1259 -2
157 2527 -2
843 6238 -2
6123 7975 -2
2318 4609 -2
4713 5184 -2
1739 2549 -2
3356 4531 -2
6517 8704 -2
4594 9005 -2
5777 6337 -2
6209 6506 -2
6669 8556 -2
686 4029 -2
472 2165 -2
4436 9656 -2
2759 5180 -2
1644 2377 -2
4543 6827 -2
5966 7285 -2
1360 1713 -2
283 2831 -2
5996 8280 -2
1854 2662 -2
1235 2665 -2
1476 1784 -2
2820 3150 -2
870 8630 -2
2311 2643 -2
3990 8333 -2
1249 8710 -2
366 5017 -2
1939 4482 -2
3809 4391 -2
2820 8414 -2
6786 7303 -2
6100 6474 -2
6100 6967 -2
850 5938 -2
2411 5489 -2
5764 8216 -2
1936 8190 -2
93 132 -2
846 4686 -2
2693 9827 -2
4410 6530 -2
2030 6225 -2
1486 8475 -2
2642 6392 -2
1600 8095 -2
2316 2421 -2
3253 3775 -2
2604 4829 -2
1557 9898 -2
2402 2627 -2
4736 8968 -2
483 7456 -2
256 1726 -2
1217 3141 -2
125 7449 -2
3672 7876 -2
451 656 -2
1553 7379 -2
2012 8641 -2
835 2042 -2
2292 6879 -2
4689 8839 -2
453 8678 -2
4577 6370 -2
3688 4346 -2
6551 8619 -2
3803 4983 -2
3693 3710 -2
3794 4173 -2
980 1944 -2
2377 3425 -2
2417 6451 -2
8859 9739 -2
668 4797 -2
4356 5533 -2
274 3914 -2
1080 4890 -2
25 888 -2
443 2211 -2
6696 8669 -2
6544 8910 -2
3167 4044 -2
132 5980 -2
3257 5289 -2
1121 1185 -2
4348 9532 -2
7815 9631 -2
1398 7284 -2
5903 6961 -2
2708 7116 -2
954 3496 -2
4005 5129 -2
449 3654 -2
2771 7645 -2
1503 2949 -2
1982 2763 -2
7937 8877 -2
4022 5348 -2
1263 9881 -2
2583 4307 -2
2799 5433 -2
465 585 -2
135 737 -2
1105 6547 -2
4566 5776 -2
983 2191 -2
1605 4579 -2
17 76 -2
2009 3053 -2
4428 6143 -2
4428 9213 -2
265 9548 -2
1119 6985 -2
3129 8125 -2
2376 3529 -2
2419 5431 -2
5854 7746 -2
2790 4380 -2
831 5500 -2
6557 9535 -2
5942 7000 -2
458 2939 -2
2406 3562 -2
303 916 -2
2021 3618 -2
813 2848 -2
58 215 -2
4697 5088 -2
4571 4706 -2
1871 7900 -2
4699 8734 -2
1273 4088 -2
7826 9200 -2
1639 2896 -2
2967 6561 -2
8366 9554 -2
323 9952 -2
7436 9999 -2
3375 3498 -2
2678 4603 -2
3743 9085 -2
3743 3987 -2
2677 3341 -2
1950 7392 -2
1662 7296 -2
1359 2903 -2
2043 7451 -2
7744 8661 -2
855 5907 -2
934 3376 -2
1745 4826 -2
325 806 -2
6339 7216 -2
4051 5860 -2
5638 9757 -2
21 105 -2
789 956 -2
4300 8089 -2
961 9214 -2
1846 9860 -2
88 4371 -2
1998 5169 -2
4514 5952 -2
4035 6278 -2
4779 7131 -2
5672 5898 -2
2728 5331 -2
506 6175 -2
30 280 -2
417 4323 -2
6847 9716 -2
155 5871 -2
2840 8078 -2
4391 6499 -2
1486 5152 -2
289 9299 -2
2648 8997 -2
1279 6923 -2
6611 8448 -2
1457 5659 -2
1069 1334 -2
19 696 -2
8901 9156 -2
6065 7706 -2
1959 4691 -2
6391 6704 -2
8 2698 -2
1256 3990 -2
3777 7122 -2
3560 6115 -2
1256 2754 -2
925 6741 -2
5605 8835 -2
1964 2614 -2
3208 8409 -2
2234 8776 -2
1962 8959 -2
5595 5904 -2
8668 9961 -2
517 7942 -2
5635 8318 -2
859 4106 -2
1746 3331 -2
327 6721 -2
5101 8680 -2
1207 2157 -2
3089 5818 -2
3216 5862 -2
859 9023 -2
328 424 -2
6790 7193 -2
4492 7382 -2
8290 9513 -2
2173 5687 -2
2556 6513 -2
1319 2968 -2
2652 9392 -2
7718 9465 -2
2555 4336 -2
4812 9890 -2
3099 7538 -2
685 2239 -2
867 2857 -2
492 1185 -2
4070 8124 -2
4126 9999 -2
8334 9393 -2
3191 5412 -2
1655 5537 -2
3250 7884 -2
492 7412 -2
805 2302 -2
496 9706 -2
138 650 -2
2682 4261 -2
5712 7766 -2
6819 8638 -2
664 5619 -2
88 8175 -2
252 473 -2
5753 9910 -2
3472 4646 -2
2035 5862 -2
1415 9759 -2
3839 8088 -2
5737 8785 -2
812 2004 -2
1410 9906 -2
3107 7097 -2
3276 7083 -2
6008 7508 -2
2825 5394 -2
4520 9042 -2
939 4023 -2
1350 7104 -2
320 1101 -2
3748 4264 -2
124 6470 -2
6024 7265 -2
6467 7562 -2
799 1701 -2
6290 9315 -2
3249 4659 -2
799 2503 -2
6830 8404 -2
800 6143 -2
4454 8406 -2
1418 7466 -2
4615 6817 -2
1477 7216 -2
3558 5534 -2
6085 7093 -2
4612 4939 -2
1250 5102 -2
2159 2571 -1
7828 8297 -1
1360 6475 -1
4411 4716 -1
2723 3170 -1
4188 4502 -1
2351 6181 -1
1710 7098 -1
106 2320 -1
9165 9590 -1
3 9060 -1
2980 3176 -1
291 7032 -1
296 2392 -1
6579 7329 -1
2627 8403 -1
395 882 -1
6119 9014 -1
1181 4937 -1
2715 7307 -1
6103 7762 -1
722 7426 -1
5591 8221 -1
4976 7027 -1
15 8906 -1
6088 7238 -1
1921 3095 -1
4960 9602 -1
1781 2556 -1
400 580 -1
4965 7344 -1
1044 3827 -1
5313 6428 -1
2085 8280 -1
6605 7639 -1
408 1261 -1
3244 7503 -1
4014 9280 -1
4619 7111 -1
1782 3909 -1
4616 6649 -1
2913 4432 -1
7519 7852 -1
6109 7471 -1
2492 3514 -1
5179 9254 -1
3318 3400 -1
8912 9178 -1
2913 5258 -1
1263 2727 -1
2720 3514 -1
9556 9739 -1
2919 4969 -1
8951 9581 -1
1446 7766 -1
3222 7350 -1
3331 8337 -1
3785 4206 -1
363 6595 -1
4516 7892 -1
1497 9217 -1
1385 4697 -1
5228 9095 -1
9744 9881 -1
3347 6737 -1
1161 1750 -1
1114 6226 -1
2682 6895 -1
3345 5451 -1
6469 9924 -1
642 2043 -1
4514 8656 -1
3228 7213 -1
4442 6411 -1
367 1311 -1
22 2457 -1
7764 9300 -1
1720 2908 -1
2233 9849 -1
2978 6820 -1
706 2072 -1
3191 8018 -1
2936 4199 -1
2646 6135 -1
5018 7733 -1
2479 4482 -1
4033 9930 -1
1572 1853 -1
1595 5665 -1
8268 9351 -1
352 9181 -1
6332 6598 -1
699 9116 -1
2651 3150 -1
327 2963 -1
4502 6051 -1
2148 3695 -1
4500 6300 -1
5208 9032 -1
3418 7399 -1
682 1913 -1
4486 4972 -1
682 2075 -1
2120 8012 -1
6394 7656 -1
4477 9318 -1
2395 3118 -1
4453 7125 -1
2681 3089 -1
6303 8313 -1
7335 9050 -1
1385 8630 -1
1257 4192 -1
1161 6227 -1
2994 8818 -1
4533 6826 -1
6457 6540 -1
4035 8475 -1
1575 9722 -1
8403 8598 -1
1384 8263 -1
3921 4192 -1
3933 5592 -1
6525 7012 -1
7258 9521 -1
2467 7708 -1
6534 7600 -1
6176 6809 -1
4991 9235 -1
4427 4736 -1
4568 9242 -1
113 2166 -1
3173 7706 -1
7266 9914 -1
4061 6685 -1
6521 7217 -1
888 9560 -1
306 4009 -1
889 3196 -1
6518 9174 -1
1608 6397 -1
2628 6078 -1
6154 7386 -1
3800 9759 -1
2629 9672 -1
3241 9547 -1
881 9317 -1
6161 6222 -1
6163 8487 -1
4435 6386 -1
4981 7942 -1
1120 2108 -1
1375 7531 -1
4579 6256 -1
2305 6338 -1
2706 9837 -1
3011 7401 -1
370 1412 -1
4441 7294 -1
944 1220 -1
1248 4700 -1
9029 9423 -1
898 1912 -1
1511 7127 -1
313 6965 -1
7499 8650 -1
6223 9420 -1
6240 9971 -1
5011 5272 -1
2934 9811 -1
4536 5517 -1
1570 8327 -1
2645 9651 -1
633 5025 -1
1774 7174 -1
8435 9329 -1
2931 7472 -1
1978 8536 -1
1305 9836 -1
127 137 -1
627 6971 -1
710 1007 -1
179 2582 -1
5271 9518 -1
2698 7464 -1
1770 2936 -1
3789 6432 -1
66 87 -1
4060 5632 -1
5006 8033 -1
554 5653 -1
1148 1276 -1
1326 3533 -1
6976 8041 -1
487 3949 -1
2820 8515 -1
486 5631 -1
1216 8502 -1
5507 7152 -1
6784 7056 -1
5513 7604 -1
486 600 -1
8082 8391 -1
1528 4783 -1
5085 9586 -1
1170 8591 -1
2819 7008 -1
255 2245 -1
2884 6018 -1
760 1835 -1
7474 9694 -1
2566 8575 -1
6958 8815 -1
6811 7185 -1
4757 5369 -1
7417 7793 -1
763 5262 -1
2320 8535 -1
3693 3947 -1
2363 3361 -1
143 3178 -1
8734 8994 -1
3457 9940 -1
252 340 -1
4746 7094 -1
4869 9741 -1
5084 8112 -1
6793 7154 -1
1095 8471 -1
818 6927 -1
5787 5938 -1
6761 9628 -1
475 5382 -1
474 5348 -1
2183 2759 -1
474 858 -1
3265 3908 -1
7016 7874 -1
5476 6375 -1
4723 5702 -1
2026 4690 -1
2337 9374 -1
1690 7648 -1
6752 7008 -1
986 5168 -1
1090 6788 -1
7018 9241 -1
5799 8766 -1
2817 4437 -1
5497 6977 -1
1687 5621 -1
2374 6302 -1
4735 6467 -1
3970 4909 -1
1856 7479 -1
8750 9238 -1
8090 8476 -1
2374 5679 -1
1326 5630 -1
2319 8957 -1
5493 5970 -1
3047 9799 -1
7957 9847 -1
3114 4314 -1
5607 6015 -1
1647 6688 -1
136 1931 -1
229 7978 -1
517 1353 -1
517 1166 -1
3854 6339 -1
2049 5402 -1
1839 5998 -1
6871 9329 -1
8650 9002 -1
3608 7694 -1
4291 9125 -1
7469 8963 -1
514 9626 -1
8023 8746 -1
5643 8593 -1
3279 8323 -1
9 3200 -1
140 6905 -1
537 8519 -1
5154 7803 -1
5654 7665 -1
691 7235 -1
2052 6443 -1
2370 7704 -1
5609 7536 -1
2178 8254 -1
3857 5673 -1
5584 6834 -1
1505 1511 -1
783 8114 -1
82 139 -1
7594 9933 -1
1746 4599 -1
1834 4899 -1
2055 5695 -1
1328 2574 -1
5580 6411 -1
1069 1213 -1
534 1922 -1
2547 4960 -1
3097 5490 -1
502 1963 -1
1145 9160 -1
2538 2724 -1
5699 7090 -1
1092 4303 -1
44 7417 -1
4099 5003 -1
5135 9545 -1
3983 4028 -1
1341 3523 -1
500 544 -1
248 8562 -1
4312 7969 -1
496 5089 -1
3062 5939 -1
4762 8702 -1
3100 3701 -1
3460 5695 -1
1820 5499 -1
1284 2197 -1
2562 8273 -1
4797 8054 -1
4796 6945 -1
1842 6005 -1
6851 8894 -1
8017 8248 -1
660 1596 -1
3298 6704 -1
4337 7462 -1
9372 9669 -1
507 8319 -1
1818 7147 -1
524 8293 -1
2336 8775 -1
2566 2715 -1
246 498 -1
4778 9026 -1
427 934 -1
686 889 -1
7143 8350 -1
5967 6429 -1
3723 8699 -1
281 3980 -1
2337 7070 -1
4658 7325 -1
4655 9552 -1
48 5807 -1
102 5657 -1
426 4509 -1
1896 6721 -1
8672 9114 -1
849 4037 -1
6002 9889 -1
7667 7757 -1
1037 9017 -1
3818 4092 -1
1899 2780 -1
7898 9340 -1
2379 5281 -1
2508 6568 -1
1099 7006 -1
739 7473 -1
3144 8689 -1
3144 5348 -1
1555 9097 -1
3657 6450 -1
101 9130 -1
2002 2965 -1
3597 5670 -1
4374 4488 -1
3542 9200 -1
1419 9404 -1
2601 3634 -1
1164 3761 -1
3617 5319 -1
1445 1658 -1
1039 2233 -1
5370 8463 -1
2380 2647 -1
1403 8185 -1
2908 3945 -1
9178 9268 -1
104 8967 -1
2354 3349 -1
2498 4574 -1
1905 2946 -1
854 4308 -1
729 2223 -1
416 1633 -1
9492 9727 -1
5176 7286 -1
2351 9586 -1
6613 8612 -1
728 825 -1
1041 4541 -1
4638 5365 -1
850 9263 -1
3391 6930 -1
4642 9422 -1
7169 9463 -1
421 8034 -1
3817 3971 -1
2164 2455 -1
193 895 -1
6014 6751 -1
1164 3629 -1
7875 9629 -1
732 791 -1
5373 6001 -1
2908 4036 -1
1703 1930 -1
3444 9982 -1
3390 5516 -1
1155 7471 -1
4699 5005 -1
2067 3153 -1
3831 5745 -1
1390 3144 -1
5830 6633 -1
464 2879 -1
2317 3085 -1
1473 8295 -1
2242 8171 -1
76 7269 -1
3729 9017 -1
780 4863 -1
1749 2414 -1
5130 5650 -1
1694 2085 -1
1223 1950 -1
5438 9640 -1
831 2808 -1
1694 8803 -1
1522 4575 -1
5462 7529 -1
2807 6363 -1
4716 6759 -1
1024 4654 -1
3894 8828 -1
2807 9098 -1
9414 9627 -1
821 9559 -1
7029 8336 -1
822 3626 -1
133 9216 -1
8541 9131 -1
4340 9601 -1
1866 2892 -1
2580 3446 -1
2524 9893 -1
2523 6782 -1
1131 2066 -1
5829 8945 -1
3940 4009 -1
743 2255 -1
4677 5260 -1
742 1895 -1
2772 5577 -1
839 2771 -1
2771 4578 -1
5412 8291 -1
2071 6107 -1
4675 6574 -1
1522 5266 -1
670 978 -1
5933 9532 -1
840 2187 -1
1345 7028 -1
4827 5132 -1
2416 6616 -1
4212 7294 -1
7105 8610 -1
6710 8344 -1
1397 7921 -1
2325 5401 -1
2783 9396 -1
5872 6297 -1
6714 6787 -1
206 425 -1
451 933 -1
1634 6032 -1
273 7431 -1
1171 6023 -1
8814 9285 -1
2378 6957 -1
5898 9391 -1
5424 8818 -1
5602 7164 -1
1883 4628 -1
444 2334 -1
3933 5996 0
7450 9163 0
3344 6999 0
5077 7382 0
687 5290 0
4116 6928 0
1459 2495 0
3421 8474 0
5091 9316 0
55 4254 0
844 4792 0
978 3139 0
4687 6264 0
9224 9379 0
4676 7962 0
1128 1238 0
840 900 0
3629 6698 0
975 5971 0
4668 6350 0
973 2575 0
844 2932 0
979 4289 0
1488 3062 0
845 7566 0
972 6450 0
972 3819 0
2223 3214 0
1625 3453 0
967 2694 0
3248 4280 0
4632 7590 0
3247 8565 0
1645 1759 0
3988 7874 0
1545 4215 0
3109 3885 0
9275 9707 0
4741 5329 0
991 2253 0
4319 5575 0
1362 7206 0
1132 3438 0
3997 6343 0
963 7908 0
4717 7021 0
4336 8291 0
1473 7629 0
4699 5722 0
1473 3347 0
4003 5368 0
4347 8693 0
4356 7409 0
834 878 0
4687 8174 0
1588 3411 0
4540 8269 0
901 6628 0
4526 6226 0
9125 9146 0
4516 8575 0
908 6193 0
4452 5281 0
3218 9190 0
4513 6351 0
1590 4230 0
1600 7652 0
914 2537 0
932 1028 0
4465 5697 0
3213 9394 0
20 8945 0
4045 9791 0
1110 7801 0
20 26 0
4477 9559 0
3621 4758 0
4413 8369 0
3156 8885 0
4401 9898 0
4610 5901 0
3163 5821 0
2306 2417 0
957 8216 0
3387 3794 0
8952 9209 0
3166 5683 0
877 5857 0
993 6226 0
2305 3619 0
953 9355 0
3174 3902 0
887 1318 0
4061 7132 0
890 9666 0
891 1473 0
4550 5421 0
3619 6439 0
8999 9800 0
3042 8416 0
736 5335 0
3033 7537 0
4216 4696 0
4222 4921 0
8526 8931 0
9443 9579 0
1694 5913 0
1151 2684 0
1693 1940 0
4908 9219 0
736 814 0
750 7830 0
4897 8423 0
4239 9248 0
4241 7554 0
7 12 0
4881 8757 0
1526 9916 0
1686 4843 0
3970 7254 0
3407 3608 0
1709 5030 0
53 4899 0
5019 5685 0
3347 9383 0
1365 5845 0
2332 3191 0
4994 6732 0
3011 6164 0
1354 5431 0
3011 4390 0
3 242 0
1531 4667 0
1045 1320 0
3957 5608 0
1515 4889 0
4194 5404 0
727 9558 0
728 3105 0
9497 9513 0
729 4269 0
4948 7132 0
3027 9720 0
3094 7975 0
3087 8735 0
4807 9372 0
3283 5172 0
1539 6123 0
9332 9406 0
3281 4914 0
4798 9379 0
1468 1529 0
790 7767 0
997 7782 0
3404 3896 0
4785 7924 0
2321 9413 0
4778 5674 0
800 4890 0
3098 3374 0
803 1841 0
4309 6013 0
1658 6075 0
1469 4754 0
807 6729 0
773 3893 0
4866 6833 0
4260 9198 0
8594 8816 0
4262 8781 0
3299 7002 0
1494 3582 0
8633 8870 0
1677 6413 0
769 1887 0
9364 9646 0
1508 2800 0
4842 5922 0
2324 3855 0
1672 8762 0
777 1848 0
4830 7279 0
4287 5737 0
4817 6227 0
1537 9755 0
3084 3085 0
3085 4229 0
568 3063 0
623 4306 0
3788 6566 0
2610 6089 0
5722 9375 0
1772 6440 0
2179 5685 0
257 1476 0
5274 7308 0
3665 6646 0
3509 7069 0
5272 7164 0
7057 7080 0
597 9907 0
374 1995 0
7322 8063 0
3775 8802 0
492 8391 0
2398 7314 0
259 2006 0
3820 8559 0
253 2199 0
302 8448 0
3508 8929 0
5295 6432 0
572 8024 0
8221 9917 0
2034 7671 0
2482 4604 0
1966 9347 0
2694 8819 0
2128 5827 0
1850 7526 0
2515 2678 0
3845 4384 0
2538 5334 0
225 1124 0
2179 2982 0
234 755 0
1316 2608 0
3681 6172 0
3895 6707 0
2188 3528 0
3681 6528 0
6008 9897 0
1449 4264 0
3723 5385 0
1975 3150 0
1888 7219 0
7567 8585 0
3818 4881 0
7971 8252 0
6750 6865 0
7707 8133 0
7683 8232 0
7329 7656 0
8247 9140 0
5756 7367 0
2939 3114 0
2940 8585 0
371 8220 0
7781 9188 0
372 5476 0
3443 4617 0
5946 7179 0
536 2739 0
3501 7082 0
300 3316 0
631 1566 0
5940 6477 0
3788 5712 0
5372 8831 0
5260 7497 0
289 918 0
2646 4082 0
5618 8270 0
6472 9174 0
2388 3140 0
6883 7341 0
6907 9905 0
2619 9103 0
606 6360 0
2900 9979 0
606 7753 0
3699 6715 0
7217 8851 0
6850 8440 0
185 4307 0
70 1170 0
142 1227 0
380 3466 0
2497 5277 0
1296 6026 0
7212 7866 0
2919 5106 0
5322 5540 0
6835 8705 0
2133 6836 0
5680 7004 0
197 3340 0
2045 4224 0
297 645 0
187 6731 0
1795 3900 0
6449 8000 0
1209 4071 0
83 1052 0
7881 9808 0
603 1975 0
183 3188 0
5599 9993 0
2899 3541 0
5351 8697 0
3743 4130 0
1782 3559 0
6192 9420 0
296 358 0
2563 4119 0
426 6154 0
5438 5494 0
5437 8615 0
379 835 0
3577 9708 0
1192 5661 0
2833 9031 0
1967 2891 0
188 9499 0
3531 8095 0
5709 7074 0
1322 8237 0
2191 8934 0
383 9763 0
432 1685 0
2483 7359 0
6873 8337 0
2646 9867 0
1277 2346 0
2832 6274 0
2514 7124 0
2754 6488 0
5317 9929 0
1204 3758 0
1210 3789 0
1830 3431 0
6196 6618 0
3502 7709 0
5977 8746 0
5976 9648 0
3746 6955 0
5229 8825 0
329 7870 0
1181 2269 0
2160 5425 0
5312 7360 0
293 7897 0
2835 2882 0
7243 9145 0
1185 1945 0
6697 7761 0
1877 4663 0
322 7520 0
1325 5756 0
129 142 0
6289 7400 0
5881 7735 0
1955 3128 0
2592 7300 0
2394 6704 0
2682 2730 0
2593 6240 0
7415 8833 0
6468 8310 0
2499 8160 0
6317 9325 0
104 161 0
2967 3729 0
8315 8558 0
2200 4806 0
7162 7657 0
5795 9517 0
2812 7242 0
5222 9574 0
559 2141 0
1331 8718 0
7004 8515 0
2961 7243 0
2585 5341 0
387 8194 0
1914 5033 0
5498 9070 0
360 6100 0
546 1354 0
2465 4959 0
1440 6639 0
3505 8682 0
2628 3465 0
1955 7376 0
557 7156 0
5106 9250 0
5858 9349 0
463 1005 0
1292 2410 0
463 2216 0
462 4478 0
2115 5105 0
2856 5618 0
3830 9964 0
3518 8063 0
3759 3856 0
2079 3391 0
1292 6538 0
7548 8025 0
461 6042 0
279 8215 0
2978 6615 0
5396 9381 0
6980 8435 0
6888 7512 0
5528 6650 0
1252 7231 0
5819 8071 0
1221 2864 0
6361 9929 0
73 7534 0
2603 3525 0
2534 5565 0
5862 9484 0
6688 9282 0
1401 6985 0
6336 9480 0
5123 6880 0
681 9115 0
3423 9145 0
6684 7250 0
466 1082 0
195 4324 0
2802 7764 0
3856 4802 0
341 980 0
482 655 0
2146 2746 0
267 2277 0
3664 5303 0
540 3156 0
8257 8528 0
1755 3970 0
587 6703 0
1302 3314 0
3734 7458 0
2524 5812 0
286 7610 0
170 6234 0
7911 9422 0
3710 6247 0
519 3593 0
660 1537 0
649 684 0
169 9234 0
1757 9240 0
6170 9963 0
2940 7120 0
1854 8379 0
2344 6160 0
1760 8915 0
6397 8944 0
3553 8039 0
7034 8445 0
2942 4465 0
268 2995 0
5475 6397 0
1254 2743 0
6244 6608 0
1833 8902 0
644 9998 0
3454 8941 0
1855 2563 0
6957 8044 0
343 9892 0
542 2015 0
2730 8261 0
2000 8168 0
3456 4930 0
3786 7752 0
2641 6340 0
6167 9836 0
1267 7838 0
2535 7199 0
322 9977 0
364 7280 0
7640 9283 0
1944 7748 0
7764 9623 0
5165 5824 0
1401 4306 0
2636 9610 0
2813 2816 0
1900 8703 0
269 2613 0
3809 5380 0
1377 4813 0
3823 5502 0
1286 8815 0
5187 6797 0
1334 5760 0
6255 8098 0
2341 5169 0
6251 8270 0
2375 7964 0
6390 7004 0
343 7342 0
2950 8320 0
445 579 0
1436 8250 0
4845 9411 1
3508 7248 1
6893 7305 1
4416 7307 1
6899 8327 1
2177 3141 1
3349 4132 1
525 6308 1
2856 7044 1
7585 9501 1
3291 9337 1
6071 6431 1
1617 4618 1
1817 5902 1
4618 5677 1
545 6592 1
3867 5907 1
8059 9713 1
3301 7229 1
4619 5958 1
4255 5271 1
8056 8257 1
2874 7225 1
2225 7084 1
1261 1315 1
4621 6246 1
43 5879 1
538 870 1
4862 6748 1
1807 3116 1
548 6531 1
1020 1036 1
864 2597 1
1912 6292 1
4016 9191 1
408 916 1
548 2349 1
2434 4671 1
45 279 1
3062 9573 1
6973 9033 1
1911 5176 1
3484 9000 1
410 3481 1
3301 9887 1
302 1319 1
2867 4788 1
228 345 1
1828 5685 1
6928 9652 1
4838 8617 1
3976 9990 1
302 2317 1
1374 7465 1
3240 7262 1
2369 3412 1
527 9799 1
3977 9414 1
3736 8483 1
526 9165 1
2408 3082 1
2860 6913 1
301 675 1
773 5551 1
7573 9656 1
1284 8992 1
4268 7504 1
8078 8396 1
415 1050 1
4264 8931 1
1905 5212 1
5562 7332 1
9392 9925 1
2871 5562 1
3687 8760 1
5559 7833 1
2633 3220 1
3154 7629 1
4083 7361 1
2136 9488 1
3991 6920 1
2024 9220 1
2770 8194 1
2023 6343 1
2137 5758 1
7633 8076 1
266 7856 1
6618 7954 1
7910 7989 1
816 7593 1
982 7840 1
2138 4450 1
478 6220 1
476 7883 1
6624 8533 1
4721 7744 1
37 7343 1
3247 7724 1
4073 9655 1
809 3954 1
2237 8516 1
987 3065 1
12 27 1
3106 6700 1
1632 3434 1
490 2691 1
1402 5890 1
5732 8246 1
37 7372 1
2578 7029 1
2171 2492 1
1429 5270 1
3837 8191 1
2824 9674 1
1852 5651 1
1637 5656 1
5875 7289 1
3672 6692 1
2221 9098 1
4708 8279 1
454 7949 1
2596 9367 1
2789 4375 1
2802 9662 1
7940 8346 1
2800 4983 1
1221 3898 1
2010 8747 1
2602 4649 1
458 6170 1
1422 5496 1
1224 2364 1
4698 5073 1
6671 7500 1
1552 7799 1
34 437 1
2288 3115 1
818 5041 1
2167 5421 1
474 8422 1
1634 6255 1
3629 4473 1
3261 8736 1
3526 8284 1
2766 5119 1
2586 9525 1
6716 8502 1
1556 4336 1
4383 7531 1
1642 2002 1
4360 7298 1
1877 3937 1
3128 7481 1
6712 7637 1
511 1886 1
3854 4122 1
4647 8558 1
31 1396 1
789 6167 1
7588 8562 1
6571 7064 1
141 1509 1
3467 7970 1
2429 3144 1
4803 5375 1
958 7122 1
4652 9330 1
426 1255 1
5663 9755 1
2045 2096 1
5666 9386 1
2044 3417 1
1661 5452 1
506 8825 1
8029 9778 1
3856 5998 1
3286 5474 1
2742 3373 1
5629 8534 1
2853 6336 1
4639 5115 1
2051 7878 1
1664 8223 1
3278 9418 1
1003 6108 1
3152 9879 1
3480 7142 1
3466 3472 1
4808 9851 1
4411 4851 1
4290 4462 1
1663 4861 1
6008 8233 1
7898 9079 1
5710 9707 1
4769 6674 1
1849 7917 1
5966 6904 1
1657 4564 1
9278 9854 1
6787 9341 1
2761 7896 1
4313 5369 1
137 1634 1
7987 8517 1
2032 3932 1
435 854 1
257 333 1
1891 5171 1
1265 8854 1
2764 9364 1
4308 6619 1
6855 9106 1
847 8780 1
959 4311 1
1661 2287 1
429 507 1
1660 3895 1
506 3194 1
847 3322 1
3740 5339 1
5971 6857 1
994 3419 1
2037 8368 1
293 4339 1
500 4151 1
3674 4488 1
6806 7688 1
1848 1909 1
2085 4090 1
1114 2307 1
2466 3580 1
5156 7420 1
3654 7134 1
380 5236 1
2961 3820 1
1780 1936 1
2493 9731 1
2105 5108 1
5327 7003 1
3322 5128 1
6268 8074 1
1514 2350 1
8492 9783 1
4958 8075 1
1045 2044 1
6446 7817 1
3719 5632 1
1067 2144 1
4559 8360 1
1049 4432 1
183 2268 1
615 9246 1
1709 8963 1
1181 5799 1
1942 8122 1
4956 8091 1
4967 6132 1
5318 6622 1
328 1427 1
9649 9781 1
184 401 1
2684 6480 1
3771 5006 1
3324 6235 1
4460 6269 1
1703 9674 1
1186 2994 1
885 4938 1
596 2387 1
1387 4682 1
116 5669 1
2156 9820 1
2157 5718 1
7207 8145 1
3791 4310 1
7198 8503 1
6170 8062 1
4196 6681 1
4021 5616 1
1293 3160 1
385 2377 1
883 2138 1
5072 7997 1
1497 1635 1
3909 8096 1
2152 7715 1
3941 6380 1
1748 2155 1
4489 9182 1
1050 6749 1
4567 6435 1
6180 9427 1
3174 5742 1
2107 6548 1
1185 7405 1
384 462 1
1120 6210 1
4568 9216 1
629 2251 1
1719 3646 1
2664 2856 1
700 7999 1
3916 6615 1
171 7937 1
2095 6513 1
4541 4744 1
2345 8725 1
1449 8775 1
1355 7722 1
895 9294 1
3950 8226 1
2946 4746 1
5272 6866 1
3501 5784 1
4529 5938 1
647 8710 1
3775 5510 1
640 9319 1
2120 3737 1
1762 2678 1
2937 3051 1
4538 7769 1
2334 5620 1
2097 6127 1
2261 7958 1
8998 9713 1
7325 7627 1
1758 8087 1
150 2874 1
337 4382 1
2999 4405 1
5253 8412 1
2195 3097 1
700 9519 1
2698 9532 1
5056 8515 1
2447 3709 1
2155 2431 1
2346 5124 1
4556 9437 1
5303 6252 1
4028 8746 1
4556 6863 1
651 7868 1
4555 9947 1
68 4742 1
890 8395 1
717 8800 1
1967 5415 1
1711 9461 1
2203 5153 1
1711 2935 1
6426 9390 1
4472 5755 1
2120 4993 1
4471 6728 1
4548 7121 1
66 7820 1
1082 2446 1
4170 4910 1
4110 7042 1
3784 3897 1
5049 7748 1
6427 7054 1
1716 2364 1
342 1293 1
1064 6868 1
2102 9346 1
7281 7734 1
5296 7329 1
58 624 1
4497 5322 1
1287 9349 1
4230 9694 1
2720 4728 1
1075 2258 1
4234 8104 1
4894 7400 1
2068 3268 1
5462 9163 1
755 1776 1
2403 8565 1
119 9321 1
156 6860 1
1569 9934 1
8939 9859 1
3304 7471 1
2185 2517 1
6122 9679 1
398 551 1
6359 9425 1
5448 7613 1
570 2465 1
3229 7935 1
5123 6404 1
4240 5885 1
2457 5458 1
3031 4670 1
671 6351 1
5454 5458 1
1309 6095 1
4902 7891 1
3307 7908 1
6114 9010 1
4612 8058 1
5512 6317 1
4870 9877 1
155 3275 1
155 576 1
1165 4963 1
4611 8352 1
309 444 1
552 7243 1
4437 5029 1
4116 6571 1
17 756 1
8339 8352 1
5520 6212 1
218 7919 1
1980 3889 1
218 868 1
6515 8778 1
3051 7386 1
1465 5672 1
348 4709 1
7704 7993 1
4440 9090 1
2201 4854 1
1524 3249 1
1022 8172 1
398 7645 1
4040 8074 1
1022 1190 1
2722 2800 1
1405 2105 1
1306 1746 1
6358 7413 1
2725 5577 1
1953 7894 1
394 689 1
880 2458 1
2340 2626 1
3193 3982 1
2077 7683 1
6133 6404 1
3901 8551 1
25 7464 1
742 7014 1
8130 8989 1
2395 4516 1
7102 8662 1
2073 8649 1
1796 5920 1
18 257 1
6129 7245 1
354 1083 1
3425 5421 1
1591 2608 1
4104 7067 1
2449 7129 1
1353 5050 1
588 9464 1
2501 6583 1
3445 6310 1
592 1060 1
389 692 1
5387 8862 1
2707 9771 1
4935 8562 1
3032 5919 1
112 7427 1
576 2741 1
2305 3218 1
1571 1704 1
2249 3862 1
1259 2649 1
1289 6912 1
202 7970 1
3579 4764 1
2460 5920 1
687 2942 1
7083 9676 1
6487 8568 1
7088 8847 1
3039 6479 1
3899 6694 1
5134 8092 1
6357 7970 2
1945 9421 2
9061 9087 2
1487 4097 2
4517 9114 2
5931 7199 2
6245 8230 2
1633 3126 2
3511 9074 2
1938 4501 2
9065 9322 2
5852 7796 2
919 3232 2
904 928 2
6665 7065 2
907 6452 2
4383 5155 2
2670 6209 2
1960 2290 2
6647 7875 2
4677 4804 2
4522 4809 2
2603 9202 2
6344 9397 2
1589 8884 2
2005 7482 2
6362 6712 2
6317 7302 2
7757 7762 2
1876 6699 2
4492 7152 2
920 5788 2
1587 8077 2
20 4640 2
5915 8092 2
1586 8248 2
3778 5644 2
2771 3603 2
835 1737 2
1948 2225 2
6250 7037 2
7915 8834 2
4032 6568 2
5887 6467 2
4479 6982 2
909 6891 2
913 6702 2
301 3739 2
2632 5980 2
3154 8115 2
4062 9526 2
4593 9789 2
1348 9129 2
316 355 2
4422 9606 2
3240 6913 2
7820 9245 2
6482 7764 2
1609 4987 2
4634 6276 2
4444 5841 2
320 563 2
1623 3606 2
2159 5506 2
6152 8561 2
4053 6075 2
3489 9500 2
1239 7250 2
4053 8475 2
2310 9534 2
8890 9830 2
6563 8440 2
4570 4714 2
1980 2603 2
308 2306 2
1912 2703 2
2638 4200 2
3811 9723 2
6519 8186 2
4061 4898 2
1911 6851 2
860 1769 2
2725 3791 2
2639 4886 2
1910 2441 2
1484 3823 2
422 2985 2
1916 3005 2
306 727 2
871 4766 2
402 4507 2
3164 5069 2
3807 9915 2
2717 4011 2
7828 9418 2
7828 7965 2
2715 5054 2
875 1436 2
4668 8811 2
1892 6165 2
2659 9766 2
376 9019 2
2697 4185 2
9101 9264 2
3496 6972 2
7787 9460 2
4662 4877 2
3176 3646 2
1630 7585 2
7684 9580 2
3822 3986 2
9170 9648 2
372 777 2
2290 5354 2
3478 4939 2
841 5404 2
6618 7227 2
1116 7866 2
1320 3824 2
2662 7067 2
6408 9597 2
7729 9723 2
3673 7127 2
7767 8169 2
1604 9574 2
2704 7067 2
1323 6365 2
2620 2635 2
2703 6561 2
3392 6716 2
1929 2557 2
7716 8205 2
381 9737 2
932 6901 2
6445 8215 2
6195 9940 2
1230 9398 2
3819 5765 2
23 2404 2
7730 8630 2
5982 9528 2
3599 8267 2
5978 6305 2
1577 9950 2
1629 5363 2
294 3497 2
2237 9091 2
431 6985 2
4051 4973 2
1579 1624 2
5381 7841 2
8505 9525 2
2438 9674 2
2268 8537 2
3031 3913 2
2187 8155 2
5386 5905 2
7542 9589 2
195 1656 2
5398 8145 2
4205 8688 2
1518 2192 2
2902 4699 2
74 9396 2
2901 8956 2
4924 9499 2
740 5207 2
196 9715 2
5404 8552 2
3035 3478 2
582 6146 2
4194 5873 2
612 9226 2
4184 8916 2
3639 4004 2
608 7768 2
5341 8754 2
8488 9343 2
2208 5316 2
5357 8177 2
1356 4251 2
148 1414 2
1696 6659 2
5368 9154 2
598 7145 2
7210 7433 2
4 3277 2
1785 3073 2
4948 9762 2
2497 4415 2
8161 9050 2
3656 6744 2
5375 6062 2
1040 4872 2
4196 5969 2
1812 2359 2
758 4894 2
1023 3411 2
558 899 2
1198 9533 2
1811 7878 2
5504 9653 2
555 8955 2
4245 6061 2
2883 8038 2
3055 6977 2
143 7659 2
762 2484 2
5524 8962 2
1091 9790 2
3459 7483 2
2434 4490 2
547 1865 2
3062 3694 2
764 3394 2
5530 6971 2
3065 7654 2
2877 2890 2
221 3733 2
4906 6363 2
4104 5664 2
577 6788 2
4915 9871 2
1695 4982 2
8112 9786 2
1289 2461 2
748 2971 2
8110 9723 2
1805 7615 2
4222 9296 2
2517 3099 2
4101 7070 2
1691 1783 2
3728 6989 2
1026 4772 2
5482 6461 2
3729 4155 2
3409 7133 2
4236 8951 2
1441 9288 2
2469 5350 2
1747 4314 2
4133 4493 2
4134 6820 2
8377 9960 2
8273 9536 2
3924 5924 2
695 6322 2
7371 7998 2
1169 6002 2
697 3293 2
1383 8744 2
7354 8311 2
1723 4587 2
1722 6576 2
5202 6154 2
2196 6082 2
2120 5721 2
1508 4282 2
3650 9526 2
1456 3675 2
5101 8354 2
3934 5216 2
59 67 2
3343 8738 2
1076 5003 2
3933 8281 2
3346 8903 2
2986 4228 2
59 270 2
5211 9999 2
5084 7940 2
4129 6603 2
5084 6032 2
664 5220 2
664 1789 2
2464 9158 2
4132 7993 2
3928 6451 2
3585 7509 2
2449 3108 2
2199 8439 2
2108 5886 2
5297 9199 2
710 3974 2
7496 8265 2
5279 6927 2
4168 9581 2
5287 6873 2
5289 7373 2
177 3003 2
621 8635 2
1364 9139 2
4992 7760 2
4986 8623 2
8441 9982 2
7511 9308 2
2331 3524 2
4982 9549 2
2207 6409 2
1052 3190 2
181 3572 2
1180 3911 2
7259 8032 2
182 5033 2
1296 3295 2
69 3901 2
1508 3567 2
150 7823 2
642 1513 2
5022 5028 2
5241 9438 2
2097 3668 2
8242 9280 2
3004 4630 2
4160 9677 2
2204 9033 2
5469 8287 2
1179 2453 2
3332 5113 2
2344 3201 2
630 1021 2
3916 5117 2
1497 4572 2
1333 1714 2
4163 5882 2
65 2378 2
1356 5133 2
806 3920 2
88 3737 2
801 1281 2
3593 6667 2
498 6606 2
5711 6182 2
3984 6447 2
1849 4756 2
5718 7477 2
254 9383 2
9292 9845 2
3101 6379 2
2828 4337 2
5725 6204 2
5726 6118 2
4757 5670 2
493 520 2
1850 3145 2
5726 7650 2
7615 8404 2
2135 4417 2
786 8845 2
8695 9713 2
787 9816 2
1003 2266 2
518 1713 2
2556 2927 2
3284 9285 2
3284 4454 2
3740 4632 2
2046 7920 2
1432 7608 2
240 5997 2
2172 4100 2
4788 8253 2
506 4639 2
4303 5085 2
2565 5449 2
4778 7241 2
825 3236 2
4362 8020 2
1220 8207 2
1553 6031 2
95 150 2
7649 8409 2
3997 4225 2
2375 5571 2
4711 9142 2
5825 9970 2
976 9272 2
3519 6383 2
5809 6995 2
2318 9239 2
2800 8820 2
3667 8247 2
5833 9193 2
2010 5397 2
1222 2567 2
2797 6180 2
1373 4313 2
5843 7574 2
2377 6915 2
1647 2354 2
4335 6941 2
2421 3195 2
92 103 2
1217 2158 2
5779 8626 2
7957 8705 2
5780 7584 2
478 8133 2
1218 7536 2
3749 5217 2
2419 3808 2
3527 9801 2
4721 6570 2
3121 9900 2
818 9317 2
269 812 2
1860 5458 2
1425 1889 2
5807 6766 2
1817 3669 2
6887 7939 2
6932 8002 2
4097 9854 2
541 9827 2
8657 8823 2
2173 3678 2
541 8380 2
3079 4357 2
3069 3142 2
1531 9833 2
2179 3260 2
3075 4270 2
6891 8035 2
1830 5273 2
1371 3645 2
83 9258 2
3735 6338 2
5577 7906 2
3298 8354 2
3866 5493 2
519 9407 2
237 1208 2
6381 7113 3
2475 3335 3
1958 3852 3
2398 6259 3
6741 7118 3
1015 1383 3
7370 9229 3
1568 2451 3
13 9096 3
2103 5069 3
165 2824 3
262 1379 3
3347 3850 3
4441 8494 3
3205 8424 3
2528 8699 3
1107 2868 3
6504 7373 3
4441 8860 3
1061 4954 3
4353 7576 3
981 7128 3
6944 7832 3
288 371 3
1532 4840 3
2607 8250 3
4346 9331 3
1397 9787 3
3767 6927 3
3749 8579 3
4353 6944 3
7651 8928 3
7466 8334 3
2449 5683 3
1529 2380 3
3236 9989 3
120 2668 3
2287 6635 3
6656 9909 3
9888 9975 3
1585 5243 3
4494 5243 3
2458 3090 3
3345 5285 3
7446 8878 3
6659 8004 3
2007 9531 3
2127 3208 3
4042 6496 3
1500 2104 3
2454 2468 3
4256 5831 3
1958 3359 3
4136 9819 3
4136 7333 3
6526 6590 3
4100 8413 3
6990 7624 3
2062 5885 3
1531 2624 3
6525 8379 3
4365 6674 3
2530 3560 3
1019 3383 3
1019 4377 3
3754 6381 3
2284 7746 3
2301 7663 3
7394 8524 3
4379 8811 3
7397 8574 3
7400 8988 3
1493 3642 3
3721 8643 3
1040 2368 3
2042 5837 3
2267 2507 3
3162 7919 3
245 681 3
2617 8339 3
204 1962 3
6841 7452 3
2428 4042 3
6547 9855 3
7601 9750 3
6827 7026 3
7601 8132 3
7521 7668 3
7058 7544 3
932 8457 3
3322 8912 3
4189 7665 3
1257 4916 3
129 213 3
3224 3871 3
1035 5209 3
320 5273 3
6559 7717 3
937 2288 3
1561 9211 3
2269 9257 3
195 6144 3
3563 7513 3
146 9011 3
936 1807 3
4290 5382 3
1394 2858 3
1404 4133 3
1393 1899 3
1538 6934 3
6486 8934 3
3687 7738 3
3243 8677 3
2409 6593 3
4235 7028 3
3552 7649 3
229 5202 3
6763 9186 3
229 448 3
210 1826 3
4276 4932 3
2480 8469 3
4325 6469 3
4325 7950 3
1056 1109 3
6616 9685 3
179 261 3
6930 8652 3
6420 6485 3
2281 3723 3
4442 7669 3
2437 8766 3
986 7726 3
263 1174 3
985 2450 3
4466 8604 3
4189 7230 3
185 9124 3
1394 7020 3
3546 9518 3
4184 7628 3
4222 7247 3
4281 6040 3
7514 7711 3
208 4059 3
4398 8070 3
2090 6352 3
301 4813 3
1559 5227 3
329 3187 3
254 2942 3
4178 6790 3
1276 5237 3
1107 2947 3
2574 8738 3
1052 7114 3
1053 7586 3
565 8262 3
828 9132 3
462 3262 3
5491 6877 3
1727 6131 3
1809 4914 3
8101 8357 3
1441 8564 3
5853 8223 3
8571 8624 3
4693 9006 3
5470 8548 3
3131 9873 3
3636 8548 3
3453 4204 3
1874 6103 3
5462 8144 3
2780 7523 3
1723 9409 3
3967 9015 3
3826 5957 3
1879 2218 3
2338 8426 3
751 4432 3
4684 8552 3
3397 4239 3
3117 6947 3
2965 7421 3
1814 9666 3
2879 4378 3
549 1074 3
1219 2566 3
5518 5702 3
551 1408 3
3059 7277 3
1471 5511 3
762 7389 3
471 5847 3
5902 5930 3
1173 7863 3
2807 5968 3
4715 8855 3
3050 9833 3
1866 4317 3
467 7072 3
560 2748 3
1641 3446 3
2741 9733 3
2968 3452 3
2748 8558 3
1230 2093 3
4651 9053 3
2901 6883 3
2224 7128 3
586 6487 3
1899 5173 3
47 6975 3
6014 7693 3
1901 2024 3
5091 6324 3
3390 7805 3
1364 7778 3
5401 8328 3
1790 9123 3
1622 3099 3
1232 3674 3
1700 8606 3
2766 7800 3
4680 5297 3
838 3741 3
1882 6431 3
443 3632 3
1151 3978 3
443 3539 3
750 6777 3
2894 4570 3
5444 7102 3
3899 4704 3
4863 5848 3
1891 4587 3
1464 9950 3
4660 5688 3
4658 9954 3
430 4006 3
5124 9883 3
795 5090 3
5664 8270 3
2862 5217 3
777 5832 3
2839 5954 3
3095 6290 3
8006 8468 3
3096 5658 3
1670 5166 3
42 908 3
534 2283 3
3468 9266 3
2837 5075 3
87 6188 3
1725 3579 3
3924 5635 3
5699 5826 3
3860 4123 3
4817 5911 3
1363 5074 3
5611 7635 3
1834 2301 3
41 4109 3
784 1289 3
653 3571 3
1141 7286 3
5608 7918 3
5603 9399 3
500 1080 3
4825 9895 3
5637 6654 3
2173 8822 3
4802 9251 3
8019 9889 3
513 4630 3
2843 5336 3
790 2504 3
5660 5688 3
3475 6884 3
810 4167 3
1676 6378 3
4751 8813 3
60 4613 3
1203 4918 3
1341 9695 3
3074 5437 3
3104 3916 3
8627 9410 3
4854 6938 3
765 5384 3
37 1943 3
4738 9821 3
5764 7681 3
482 964 3
2952 4178 3
5777 7850 3
4726 9538 3
3100 4414 3
4777 6046 3
5149 7288 3
8651 8678 3
5071 7447 3
8717 9237 3
2869 7546 3
691 3438 3
4767 9392 3
4766 6073 3
5720 7339 3
3574 7759 3
1952 9259 3
494 3412 3
7986 8430 3
8287 8378 3
3101 5208 3
3077 4077 3
1850 6901 3
2988 4808 3
3076 5247 3
3662 7551 3
8941 9752 3
619 4227 3
3009 7166 3
1175 7948 3
5002 9582 3
1446 8636 3
3445 4209 3
2384 8687 3
6108 9915 3
8215 9305 3
603 671 3
2385 3445 3
726 7153 3
1118 2914 3
4536 5692 3
1777 1864 3
673 7504 3
1156 2524 3
3583 7580 3
4954 8142 3
2384 8830 3
3677 4513 3
892 1094 3
1321 4291 3
5359 9368 3
2971 3350 3
7790 9134 3
4967 8841 3
366 5368 3
880 5928 3
4586 8266 3
375 5487 3
2925 3432 3
6160 9303 3
6220 9553 3
6158 9599 3
1734 4861 3
879 5575 3
1248 1520 3
6149 8320 3
6137 8113 3
4542 8096 3
1609 2997 3
2708 7815 3
1753 7198 3
1458 2526 3
1156 2613 3
2201 7566 3
3570 9742 3
5108 9416 3
396 9055 3
603 5701 3
1754 3007 3
1706 3316 3
3010 5811 3
6124 9021 3
3790 6570 3
593 656 3
639 7491 3
1620 1899 3
1478 4372 3
4941 8097 3
7852 8622 3
1714 1733 3
615 2520 3
6083 9915 3
58 1307 3
4614 8064 3
2226 7225 3
6192 9269 3
412 9578 3
888 2144 3
120 317 3
671 8190 3
4503 4806 3
3947 8347 3
4561 8717 3
2310 3805 3
5048 6484 3
1451 2169 3
2163 2704 3
1332 8250 3
3197 8342 3
643 914 3
596 744 3
629 5396 3
8972 9749 3
8431 9241 3
1235 7461 3
902 1501 3
8169 8874 3
3163 7021 3
4016 5304 3
8165 9346 3
3627 8071 3
4566 8836 3
5266 7910 3
866 2293 3
1245 5540 3
6286 9588 3
5263 7040 3
890 7524 3
1243 2366 3
5310 7062 3
9056 9585 3
361 9503 3
3636 4084 4
181 3732 4
2926 2941 4
2925 5887 4
2364 9870 4
618 4644 4
4181 7274 4
224 1015 4
62 3699 4
1765 3806 4
2057 8902 4
55 9513 4
530 4147 4
2865 5235 4
709 1076 4
52 6791 4
631 3545 4
1378 4816 4
2055 5681 4
3603 7049 4
628 2716 4
5247 7791 4
3001 3801 4
1062 3881 4
5233 5339 4
5602 7376 4
2369 8053 4
2341 9430 4
5211 7080 4
4282 4940 4
4153 5623 4
2857 4566 4
8225 9953 4
1014 4860 4
2255 5690 4
771 6045 4
2331 7402 4
2870 4295 4
3465 6254 4
1532 2863 4
7501 9809 4
2869 4859 4
4993 5529 4
7305 7625 4
2210 9566 4
1203 8544 4
5001 5305 4
3613 8634 4
1056 3699 4
7310 9776 4
7318 8127 4
7495 8963 4
4840 7905 4
3465 6979 4
4275 7701 4
2094 4320 4
2253 4672 4
7527 7743 4
3900 5438 4
8124 8531 4
598 2247 4
5425 9883 4
578 679 4
8122 9178 4
3309 8170 4
4951 9188 4
576 2528 4
4210 9705 4
1521 5939 4
1389 8204 4
1804 3014 4
1693 5972 4
3321 5547 4
569 6550 4
5055 7616 4
5357 8355 4
1151 1845 4
5454 9037 4
5355 9133 4
207 2287 4
7541 9935 4
5385 5469 4
2904 6204 4
8139 9609 4
591 3137 4
2079 9500 4
4928 8144 4
168 196 4
1444 9099 4
737 4055 4
733 9835 4
3910 4554 4
1698 5812 4
7200 9771 4
2470 9182 4
7160 9232 4
2208 7112 4
1293 3835 4
4942 5889 4
4922 9229 4
1388 8193 4
5373 7371 4
218 7384 4
214 1735 4
144 9184 4
7482 8769 4
215 6995 4
559 2845 4
2529 3267 4
8086 8239 4
2492 2875 4
5508 8511 4
5515 5843 4
5058 6275 4
1495 4688 4
722 5196 4
5321 8784 4
2447 2782 4
8069 9683 4
719 7184 4
763 6559 4
3019 8179 4
1017 7063 4
2180 5188 4
8596 9825 4
6971 8956 4
1355 6171 4
6965 7922 4
1193 2850 4
602 2814 4
7046 7998 4
3409 9933 4
208 4843 4
5466 7052 4
5468 8112 4
4896 7164 4
5349 6995 4
5474 9844 4
5481 7182 4
8182 8507 4
562 8050 4
2916 6928 4
3442 9803 4
3731 5201 4
756 7792 4
144 8539 4
8090 9874 4
4187 9677 4
3050 6969 4
4433 5233 4
2640 4925 4
406 848 4
6509 9454 4
2638 9779 4
2725 7599 4
6091 7150 4
4608 6540 4
4612 9764 4
306 2672 4
861 1575 4
1485 4015 4
6071 6874 4
4428 9574 4
1236 4018 4
3225 7713 4
2710 8847 4
1458 8464 4
1237 1867 4
1976 5156 4
2719 3808 4
1907 7848 4
314 1245 4
2227 9166 4
3164 5337 4
313 6946 4
7836 9082 4
1164 9302 4
1987 4153 4
6015 9835 4
7878 8568 4
3508 8123 4
7880 8670 4
6005 8542 4
425 3577 4
3153 5992 4
5988 8942 4
2237 4289 4
4069 9152 4
3566 8627 4
2617 4085 4
2615 6605 4
6598 7637 4
6605 9055 4
2313 8678 4
4632 6753 4
4427 8749 4
3388 5999 4
6536 8954 4
1905 9945 4
6056 7141 4
8330 9545 4
856 3910 4
2237 5839 4
4449 7393 4
302 1890 4
157 6521 4
6038 7468 4
853 4385 4
2665 4420 4
2687 7050 4
1941 8073 4
2302 4789 4
1596 2148 4
366 3582 4
6386 6908 4
900 6793 4
3181 9239 4
1077 7033 4
4536 7459 4
2691 6366 4
6238 8846 4
356 7614 4
4499 7249 4
3195 9967 4
4512 9225 4
1949 2266 4
1359 6419 4
370 9222 4
917 8088 4
679 3986 4
359 957 4
2394 6765 4
6267 8803 4
1257 5945 4
4463 4494 4
6443 9449 4
1929 2190 4
4119 4561 4
887 1802 4
3624 9804 4
385 3239 4
3773 5687 4
4020 9912 4
1973 6546 4
25 85 4
3170 9272 4
2388 9023 4
9119 9180 4
1609 3020 4
7772 9744 4
896 7119 4
9003 9020 4
1247 7530 4
332 2168 4
4545 9034 4
783 1112 4
6209 6927 4
7723 8415 4
4557 7819 4
1931 5687 4
1165 9138 4
328 6180 4
2025 4170 4
5741 8542 4
5737 5738 4
5076 5976 4
2199 5646 4
5138 7821 4
261 2570 4
1396 5910 4
2027 5872 4
2827 7400 4
90 7638 4
1213 2980 4
1275 2563 4
3748 6672 4
3666 4722 4
1099 4332 4
473 5850 4
819 6786 4
3121 6363 4
1859 5547 4
2987 7773 4
2817 3764 4
4729 7040 4
266 6354 4
5079 7680 4
4291 9064 4
2838 7293 4
241 326 4
2560 5642 4
1750 1832 4
511 546 4
1543 2381 4
1208 8797 4
6873 7177 4
5633 8247 4
787 4963 4
1667 7029 4
6888 9932 4
1546 8621 4
3401 6831 4
4768 6136 4
2256 8406 4
498 9780 4
802 1044 4
5694 9199 4
5693 9078 4
5692 9431 4
7596 7795 4
6846 7512 4
2608 8504 4
5903 9650 4
34 719 4
5892 9378 4
4383 5086 4
5910 6213 4
5866 8244 4
4381 5138 4
1130 1377 4
4379 6058 4
6653 7130 4
4692 8097 4
131 2475 4
3760 4858 4
7886 8520 4
2165 7082 4
964 1998 4
4128 6001 4
438 820 4
5943 6860 4
4669 9851 4
441 733 4
2777 4069 4
6622 9306 4
1999 7783 4
7947 9256 4
1554 5761 4
4694 5935 4
3476 6618 4
2805 9547 4
4714 9959 4
273 8869 4
823 2784 4
2140 4095 4
2589 4973 4
1377 9192 4
2588 5096 4
1642 9902 4
2797 6033 4
1488 7777 4
1872 4506 4
2602 9903 4
973 9057 4
1223 7867 4
7652 8407 4
1222 1977 4
3998 5047 4
5838 9904 4
2011 3239 4
5827 8839 4
6690 9021 4
1166 2735 5
1355 3510 5
1173 3620 5
3649 7667 5
3933 9167 5
3428 7308 5
3517 9040 5
3815 4440 5
1231 8183 5
3508 8714 5
3480 3750 5
3762 8381 5
3821 6716 5
3822 8238 5
1225 3103 5
3389 3714 5
1271 2709 5
3996 8974 5
3398 9132 5
3631 4496 5
3840 6076 5
3372 5578 5
1253 3651 5
1249 9464 5
4031 9374 5
1244 4939 5
3988 6279 5
1415 4953 5
1259 1863 5
3370 9824 5
3627 7737 5
3571 8141 5
3482 7610 5
3904 4167 5
3890 4326 5
3661 6676 5
1088 8094 5
1152 8189 5
3964 4930 5
3447 3844 5
3656 8587 5
3456 8384 5
1446 4866 5
1157 3279 5
3912 8981 5
1307 6387 5
1159 6592 5
1179 9209 5
1449 5555 5
1385 4148 5
1327 2093 5
1377 1918 5
1312 4016 5
3983 7191 5
3530 5543 5
1137 3038 5
1278 1339 5
3471 3952 5
3470 8947 5
1432 3522 5
3434 4557 5
1204 4354 5
1203 6730 5
3871 4705 5
1437 8653 5
1439 8065 5
1340 4959 5
2856 4636 5
2876 9590 5
541 1150 5
2872 5366 5
2868 9957 5
5577 5790 5
5615 9314 5
5539 6468 5
2850 3365 5
514 2565 5
513 6372 5
5659 6889 5
510 6932 5
1843 9902 5
5664 7873 5
2904 8351 5
591 1587 5
2903 4352 5
5408 7365 5
2901 9587 5
567 4787 5
5466 5610 5
2838 6134 5
2888 4424 5
563 2072 5
5483 5671 5
2886 3706 5
1809 7209 5
1811 9710 5
5535 7775 5
1893 9476 5
5851 9151 5
5867 9343 5
446 8373 5
2778 6722 5
2777 8728 5
1891 8477 5
2760 5066 5
5983 6026 5
6007 8634 5
1906 7779 5
6079 7454 5
6084 9872 5
504 3289 5
2829 4370 5
493 2787 5
5737 9944 5
2823 4828 5
487 1025 5
2823 6335 5
2906 6586 5
487 775 5
484 3387 5
1855 3325 5
5816 8496 5
5820 5897 5
5830 8259 5
1691 6940 5
3033 4835 5
3030 3832 5
3026 8102 5
4963 6890 5
723 5063 5
723 1076 5
4980 9175 5
712 7927 5
5005 5525 5
701 6978 5
2997 8509 5
698 7353 5
5087 9355 5
4809 5132 5
4750 8707 5
1658 3465 5
792 8812 5
686 5868 5
4830 7175 5
4839 5940 5
4844 6393 5
767 1454 5
766 5544 5
3052 3866 5
3052 5482 5
636 7855 5
628 1311 5
1772 9267 5
5284 6964 5
619 3386 5
1777 9479 5
5354 5483 5
5363 6136 5
5372 7882 5
5373 6880 5
1786 9574 5
5175 7687 5
686 7739 5
5099 6768 5
683 6085 5
5117 6769 5
663 6148 5
5167 9825 5
5173 6796 5
1916 3691 5
653 5364 5
653 4459 5
650 5344 5
643 6878 5
5219 9537 5
637 2973 5
104 1516 5
2412 6010 5
123 8383 5
2148 8065 5
7742 9436 5
2415 5797 5
7862 7923 5
7897 9898 5
7899 9991 5
7944 9896 5
94 7073 5
7977 9095 5
7992 8364 5
2115 7928 5
7243 7271 5
181 861 5
177 2233 5
2472 7506 5
170 8548 5
169 1607 5
7365 7747 5
2455 5104 5
89 186 5
2453 9438 5
7474 7920 5
7534 7578 5
146 6771 5
2422 7537 5
2139 3044 5
7665 9757 5
2224 7722 5
28 4057 5
8972 9424 5
21 5070 5
18 365 5
8762 9478 5
13 9596 5
9213 9475 5
9235 9889 5
9539 9722 5
9687 9862 5
0 3 5
2337 3436 5
8119 9432 5
71 320 5
8261 9055 5
8308 9516 5
2491 9877 5
2204 4991 5
2206 5669 5
8581 9553 5
8585 9432 5
8589 9027 5
352 5904 5
2675 7425 5
6367 8419 5
345 7746 5
338 3519 5
1961 3994 5
326 5532 5
2646 5988 5
1950 4795 5
6498 8222 5
1979 4311 5
307 331 5
299 922 5
6568 8698 5
397 9540 5
390 5232 5
386 1165 5
2702 2994 5
6222 7358 5
2693 6331 5
6239 7384 5
6246 8390 5
367 7635 5
2679 7303 5
7068 7686 5
6867 7160 5
6880 6923 5
2054 2712 5
235 8355 5
2544 5212 5
6856 9874 5
2509 6656 5
7166 9894 5
7197 7840 5
190 4226 5
186 6200 5
263 4674 5
2003 7309 5
6641 9405 5
277 3083 5
264 1201 5
2572 7000 5
2570 3171 5
2567 5896 5
6818 8718 5
3315 6263 5
1565 3202 5
1057 3575 5
1564 4547 5
4162 5342 5
3166 8878 5
4513 6217 5
4519 6167 5
954 4508 5
3184 5243 5
955 6344 5
4240 7692 5
4409 7649 5
1062 9534 5
4576 8268 5
4342 9480 5
4145 7849 5
1047 7679 5
926 7336 5
4635 6193 5
853 1579 5
1581 7290 5
933 4422 5
3286 5453 5
848 6414 5
940 6488 5
1534 9169 5
3145 4410 5
1058 5954 5
4615 8745 5
4500 9076 5
1616 4145 5
3326 9742 5
4269 8797 5
944 3215 5
4606 4988 5
1633 8209 5
3136 5302 5
1505 6369 5
1605 2984 5
4135 8061 5
897 9161 5
4392 8682 5
980 2519 5
1601 5542 5
4733 8298 5
1027 3049 5
3253 4909 5
970 1673 5
4548 9970 5
4737 7366 5
4552 5814 5
1075 6079 5
1076 1263 5
4557 8309 5
1652 3598 5
1028 9839 5
3311 4606 5
1597 9864 5
4395 7789 5
1066 5234 5
1643 4615 5
2846 7901 6
1118 1359 6
156 3022 6
4482 8914 6
7798 9078 6
2117 4722 6
2450 9648 6
7527 9168 6
5798 9183 6
516 4692 6
5791 9180 6
519 4368 6
7491 8020 6
7493 9002 6
7345 8427 6
5946 6536 6
5632 8689 6
5938 8372 6
110 4248 6
1385 5828 6
2472 6802 6
7704 8789 6
2470 2623 6
1814 8751 6
5856 6257 6
1438 6001 6
2794 5269 6
128 2445 6
3859 6045 6
1313 3304 6
7618 8057 6
513 9562 6
2139 3912 6
5655 9783 6
7698 7921 6
122 2449 6
1027 7466 6
1531 5519 6
1528 9961 6
406 7039 6
5599 7404 6
2412 3172 6
5661 6322 6
524 633 6
1007 3985 6
1533 3802 6
3836 6202 6
5624 7747 6
3475 4946 6
5645 7622 6
1113 8537 6
7761 9868 6
4502 5352 6
5741 9981 6
3472 3888 6
5558 9524 6
1480 1779 6
955 7677 6
6529 9791 6
2646 6361 6
2625 3051 6
236 6026 6
2555 3488 6
2665 5456 6
1959 8557 6
2664 2750 6
1255 8181 6
7017 7948 6
3355 5508 6
6416 9605 6
1964 7268 6
6984 9279 6
1971 4817 6
6978 8814 6
6443 9625 6
6973 9757 6
6702 8540 6
2591 9287 6
3754 5550 6
1272 2339 6
3756 4980 6
4377 5273 6
6756 9924 6
6730 8528 6
4384 8863 6
3360 4095 6
6741 6842 6
240 1558 6
6609 6858 6
6610 6770 6
291 883 6
3248 3983 6
3745 6876 6
211 2374 6
6636 9366 6
968 2973 6
6645 9884 6
281 8889 6
1095 9712 6
2725 5336 6
2491 3143 6
405 5225 6
2721 2793 6
4447 5326 6
7218 7685 6
1919 7179 6
2717 4957 6
1920 3168 6
188 625 6
396 3522 6
3715 8134 6
3819 5908 6
5979 6513 6
5983 9700 6
2094 2950 6
3218 9169 6
2743 3370 6
189 2821 6
2482 8084 6
4457 7579 6
1574 5263 6
4431 6966 6
6205 9354 6
374 1008 6
2700 4217 6
364 1432 6
3727 9538 6
949 5733 6
986 3054 6
4062 5249 6
387 9793 6
393 2129 6
6150 8946 6
4055 8925 6
940 3336 6
2704 6241 6
194 2101 6
2502 5875 6
8556 8706 6
1163 6116 6
5068 5448 6
2331 4136 6
2204 5367 6
4659 8827 6
3935 5081 6
4652 9113 6
8418 8962 6
8699 9337 6
4004 5463 6
715 4607 6
4986 9273 6
4988 5684 6
4996 8332 6
683 1184 6
3636 4001 6
8631 9680 6
703 5278 6
2342 6253 6
2953 8873 6
3321 9900 6
2953 4107 6
3151 7771 6
1173 5170 6
1367 9668 6
4626 7191 6
1333 3659 6
8239 9019 6
2947 5479 6
666 6559 6
57 6557 6
4190 7180 6
1086 1819 6
1738 7491 6
3645 5652 6
669 3655 6
2213 6942 6
5136 5877 6
5146 5180 6
659 4164 6
3584 7624 6
4129 9871 6
1141 7694 6
3615 8080 6
9 2123 6
1142 7318 6
3081 6885 6
776 8974 6
1673 1716 6
3399 8246 6
3110 5457 6
3111 4713 6
1678 7404 6
4775 5923 6
1074 7110 6
3983 4249 6
3097 5573 6
733 6565 6
1640 7918 6
32 35 6
1699 6028 6
2221 9380 6
3414 5220 6
8761 9693 6
1060 9522 6
4946 6507 6
4951 7988 6
3023 3979 6
833 9570 6
3969 7981 6
3127 7291 6
3127 6287 6
9126 9586 6
21 156 6
759 3532 6
2231 2919 6
107 8794 6
3969 8283 6
4898 5161 6
3042 3913 6
4906 6407 6
1516 7954 6
86 5800 6
2922 3054 6
8061 9729 6
2182 5335 6
4023 5168 6
8106 9919 6
602 2031 6
103 3774 6
8009 8723 6
2377 4864 6
2164 4026 6
2928 8129 6
626 1452 6
4194 7211 6
2887 5665 6
5364 9333 6
562 3873 6
3442 6150 6
5320 9008 6
3308 6483 6
2895 5910 6
606 2372 6
4589 7806 6
2168 2278 6
2899 7631 6
2368 7838 6
4197 7268 6
4582 5346 6
5397 5789 6
3882 9604 6
2170 3992 6
1790 6652 6
3906 4997 6
5388 6971 6
1188 3228 6
7985 8102 6
8143 8688 6
8146 9424 6
646 9614 6
2936 3433 6
5256 7092 6
1178 3653 6
96 842 6
7935 8950 6
2525 3678 7
3314 5005 7
6897 8548 7
1348 4714 7
220 5724 7
6959 8711 7
2056 3037 7
4160 5231 7
2405 3853 7
2255 4820 7
4372 6122 7
9662 9794 7
4129 4979 7
1354 6080 7
251 722 7
972 6348 7
112 5558 7
2256 3573 7
4376 9267 7
9802 9986 7
6775 7149 7
2159 6542 7
110 4541 7
7839 9341 7
7847 8198 7
377 4157 7
9143 9584 7
4324 5768 7
7721 8618 7
6860 7788 7
241 7749 7
103 1242 7
4227 4617 7
4102 9741 7
1280 2848 7
7 11 7
4222 5639 7
6 886 7
2483 5918 7
8176 9739 7
3553 4138 7
2355 6569 7
75 9011 7
7555 8290 7
3698 9771 7
8406 9093 7
183 906 7
77 729 7
993 6742 7
7232 9172 7
7580 8720 7
3287 7133 7
7411 9725 7
7445 8042 7
3319 9109 7
162 1797 7
2192 3935 7
2467 8093 7
2102 5306 7
1536 2442 7
3560 4406 7
8204 8502 7
8198 8584 7
2117 4393 7
172 5809 7
2196 7107 7
4281 9092 7
62 984 7
4088 6402 7
1314 2680 7
1546 3887 7
1023 2729 7
1035 2136 7
2215 2866 7
2323 4948 7
209 9505 7
210 9835 7
4164 9896 7
3631 5986 7
2218 8937 7
7609 9853 7
2208 4651 7
2427 5472 7
7208 9340 7
3721 5798 7
7604 8645 7
992 1852 7
8033 8850 7
2423 9778 7
4318 7026 7
136 1492 7
3722 6491 7
7173 7547 7
3544 9246 7
7167 7776 7
991 1287 7
2324 3879 7
2897 4239 7
1608 7936 7
596 4683 7
884 1294 7
581 2206 7
4587 7893 7
3899 5453 7
5442 7501 7
2891 8641 7
5467 5705 7
566 8398 7
3163 7096 7
2943 4098 7
2943 8596 7
5224 7241 7
2938 6095 7
632 6162 7
4026 9966 7
3912 4139 7
5314 7742 7
1122 1367 7
601 2496 7
2848 4815 7
1210 6890 7
1592 6055 7
1847 4172 7
499 2115 7
5632 5770 7
5717 8043 7
489 8741 7
5740 7640 7
488 7461 7
1427 6398 7
5544 9918 7
5506 5518 7
5517 7977 7
3878 7620 7
1813 4455 7
5525 5706 7
1201 7818 7
4542 9271 7
1451 2059 7
5573 8425 7
1203 1536 7
1827 9888 7
2864 5815 7
2849 8650 7
751 7690 7
774 1409 7
4720 7161 7
769 2518 7
3071 9081 7
761 4534 7
4716 4800 7
4875 5319 7
4840 6625 7
1151 8522 7
747 1301 7
4916 8131 7
4929 5941 7
3131 8970 7
3990 8928 7
4753 7117 7
3102 3946 7
4758 7702 7
4761 5887 7
804 2728 7
803 9022 7
4734 6562 7
3398 9720 7
785 2308 7
4816 7802 7
778 5631 7
3080 6454 7
4721 7689 7
1168 5575 7
4007 7242 7
1729 3075 7
2980 4853 7
682 1325 7
1736 4228 7
5122 7246 7
666 5428 7
691 5792 7
3149 6986 7
5160 6798 7
1171 8747 7
5010 7909 7
733 8549 7
829 7884 7
833 7053 7
3178 6975 7
704 720 7
700 8984 7
1723 8325 7
6151 8376 7
6581 8399 7
2712 8019 7
401 9756 7
1103 2371 7
941 4833 7
4407 5676 7
384 2543 7
1908 6613 7
422 2418 7
6033 7547 7
6036 8898 7
290 3954 7
6179 6578 7
2610 5101 7
6610 8390 7
295 911 7
945 8162 7
6411 9166 7
2661 3236 7
1104 2078 7
2686 5916 7
2685 4466 7
3496 4137 7
339 7878 7
6316 9135 7
6325 6874 7
1563 2278 7
322 8753 7
6490 8308 7
6188 6896 7
6483 6867 7
3496 6378 7
3108 4850 7
267 3371 7
6456 8997 7
6456 6934 7
6441 9548 7
1971 5042 7
2660 4341 7
5828 5893 7
5810 6876 7
6675 8650 7
1220 9520 7
1584 7925 7
1423 6397 7
276 7629 7
1870 4198 7
2761 4893 7
5927 8382 7
6733 7488 7
1856 3473 7
2768 6459 7
3757 7675 7
447 6188 7
448 5576 7
5985 6949 7
2701 7868 8
2019 5226 8
2536 5192 8
2024 3599 8
1407 1827 8
3098 5014 8
2660 7485 8
3112 5585 8
3588 6442 8
2227 4121 8
3406 3975 8
2558 9404 8
3119 7000 8
2005 4369 8
2604 6588 8
1641 5823 8
2566 4600 8
1684 6589 8
3030 9280 8
1398 6650 8
2013 3831 8
2249 7670 8
1357 8292 8
1981 9472 8
2622 3096 8
2274 3244 8
2315 4911 8
2050 8136 8
2312 7662 8
1823 3821 8
3461 8346 8
3207 8164 8
3556 4938 8
3209 6859 8
3211 3375 8
1578 2943 8
1417 7095 8
3225 8860 8
1794 6865 8
1373 7912 8
2491 5735 8
3194 3967 8
1378 6440 8
2433 7657 8
2828 3772 8
1531 4176 8
2116 2397 8
950 2599 8
2842 5751 8
2798 7362 8
2106 6411 8
3568 9434 8
2857 7600 8
2865 7184 8
2781 3889 8
1600 6400 8
1750 7203 8
1761 2166 8
1753 7062 8
1411 2432 8
1565 5480 8
1738 5274 8
1947 6270 8
1734 2691 8
1775 3520 8
3486 8650 8
3442 6788 8
1923 4154 8
3499 3592 8
1774 2345 8
2708 8979 8
2923 8264 8
2361 9667 8
2499 2964 8
2929 8013 8
2930 9513 8
2357 8367 8
2356 6875 8
651 9227 8
3828 6803 8
3826 7638 8
644 786 8
4711 5109 8
4705 6902 8
6711 9214 8
8518 8973 8
5219 9922 8
835 3080 8
58 389 8
4745 9668 8
8305 8703 8
6673 9242 8
8646 9126 8
5141 9000 8
661 9003 8
382 1562 8
134 1380 8
8374 9104 8
4723 7326 8
4209 5444 8
5340 9851 8
5356 5585 8
423 1571 8
7468 8365 8
247 2439 8
4223 5771 8
1269 7246 8
426 2766 8
153 4498 8
6844 7718 8
406 910 8
6098 6630 8
5263 6035 8
7562 8659 8
6081 7306 8
627 905 8
3786 5400 8
3785 4426 8
6071 9373 8
6743 6993 8
4186 9745 8
4190 8401 8
38 112 8
5308 9201 8
6763 9739 8
8755 9577 8
613 8927 8
4941 9440 8
6511 6970 8
4856 8515 8
7997 8934 8
88 3320 8
766 4799 8
114 459 8
779 4216 8
4978 5362 8
6555 9702 8
115 2300 8
3918 4399 8
350 1653 8
4032 6726 8
108 9485 8
7885 9046 8
6431 9207 8
7835 7964 8
111 2386 8
336 1177 8
735 4078 8
6261 7141 8
6624 9197 8
4079 4613 8
1097 6805 8
5072 6349 8
6232 7873 8
4092 6510 8
282 3639 8
6330 8496 8
4035 4567 8
117 1675 8
6327 7232 8
6303 9616 8
5022 6346 8
297 5636 8
3902 6804 8
7552 8430 8
785 7723 8
4053 4775 8
3902 4900 8
699 3648 8
789 4663 8
5055 6430 8
294 6933 8
6272 9863 8
6593 8225 8
924 2044 8
455 760 8
3695 5443 8
459 4509 8
4480 4908 8
7009 7682 8
3690 8191 8
5840 8171 8
996 4725 8
467 750 8
5565 9567 8
535 5923 8
4474 7189 8
3676 7197 8
8 4417 8
5582 7383 8
5883 7970 8
4518 8980 8
565 1811 8
1001 8176 8
564 1525 8
447 4089 8
4295 6311 8
9157 9863 8
9165 9502 8
5794 7057 8
6941 9089 8
4297 4901 8
4299 4656 8
512 1492 8
510 9784 8
7208 7630 8
492 1258 8
3622 5840 8
7176 7276 8
9792 9885 8
4397 5624 8
950 9745 8
4470 7679 8
3664 8324 8
529 758 8
4466 5437 8
5961 6691 8
4356 8444 8
4455 7511 8
4447 7825 8
517 1801 8
4383 5882 8
4255 5381 8
7415 8859 8
239 1597 8
6882 9512 8
5417 8649 8
5403 5650 8
8961 9789 8
4280 7751 8
1285 4265 8
239 7916 8
1282 5867 8
5386 7808 8
3091 7180 9
1015 3444 9
887 8842 9
4029 6544 9
7030 7047 9
3175 5305 9
7074 8041 9
300 2924 9
3254 7900 9
4336 4532 9
3370 3408 9
3262 8455 9
785 3504 9
2621 9422 9
7267 8011 9
2618 3500 9
3232 3451 9
7759 9490 9
1995 4395 9
180 2289 9
7238 8996 9
3174 5746 9
6494 9416 9
4568 8214 9
1974 9484 9
242 6824 9
4886 8128 9
7854 8732 9
7457 7744 9
4591 9661 9
6442 8459 9
2452 3917 9
7795 8214 9
769 9607 9
7107 7135 9
1125 6356 9
2147 9957 9
3232 4043 9
2076 5095 9
4846 5734 9
2039 2254 9
4000 4601 9
966 7186 9
4861 7844 9
4219 5816 9
817 2633 9
167 979 9
4530 7185 9
2597 4620 9
1078 1769 9
7636 8151 9
3142 7927 9
1645 8008 9
1006 3282 9
134 1601 9
1085 3998 9
2416 6727 9
2009 3310 9
2547 4830 9
271 5326 9
833 9943 9
3335 4201 9
828 3226 9
2548 3130 9
1505 4491 9
4686 8265 9
2585 9066 9
3197 9127 9
3290 8500 9
2594 4819 9
4121 9509 9
2056 3625 9
6926 9470 9
1501 5494 9
1580 4242 9
3271 8743 9
6869 9825 9
2440 5715 9
1045 5921 9
7695 7782 9
1013 1763 9
3360 5966 9
7698 9608 9
176 9661 9
2462 4109 9
4470 4867 9
1627 2518 9
6764 7498 9
6778 8318 9
6599 7440 9
3110 3997 9
6993 8883 9
2602 8405 9
4747 9596 9
4666 6151 9
7011 7697 9
176 3878 9
4088 8485 9
4475 4683 9
5496 6465 9
3812 6006 9
454 2048 9
8495 9847 9
642 1994 9
2943 4913 9
1921 5598 9
547 6520 9
398 4546 9
1300 9918 9
2212 5330 9
12 3977 9
5492 8064 9
6100 8371 9
2781 3685 9
59 78 9
668 4762 9
2810 8687 9
1325 8795 9
5122 5880 9
376 9862 9
3465 9714 9
5582 8923 9
2953 8369 9
648 1662 9
6164 9910 9
5842 6428 9
5182 7313 9
2732 5802 9
2203 9428 9
2958 7505 9
5142 5672 9
1799 2749 9
1789 2373 9
2305 6665 9
440 2785 9
1886 5487 9
3516 8473 9
31 1697 9
5956 8117 9
5426 8824 9
3737 4875 9
5934 6856 9
2229 8436 9
3528 5592 9
1791 4159 9
2921 4441 9
3547 6671 9
3769 4363 9
1386 6960 9
5296 9075 9
6057 7093 9
6437 9529 9
609 4786 9
2222 8896 9
420 1549 9
2232 9754 9
1885 3753 9
609 9345 9
1344 9234 9
1182 9812 9
5023 5350 9
3028 5074 9
9682 9886 9
1698 7785 9
3940 7138 9
98 4777 9
5035 7226 9
2183 7837 9
5628 8865 9
77 7237 9
2668 8260 9
1453 1668 9
1452 9598 9
1708 8644 9
4959 8600 9
1840 8115 9
3927 4214 9
3017 9249 9
6355 6415 9
2822 9209 9
6391 9751 9
3436 6003 9
2847 5000 9
2815 4786 9
3880 6139 9
7907 9499 9
496 1650 9
3457 6990 9
3413 3442 9
2249 3409 9
9448 9507 9
5706 8583 9
3873 5484 9
3463 4369 9
740 5653 9
5628 6158 9
1333 1528 9
2378 6676 9
5773 5807 9
5666 7519 9
1942 8935 9
7909 9477 9
5621 5870 9
1196 8041 9
3948 5185 9
5909 8280 10
7180 8571 10
9938 9946 10
1883 4034 10
509 594 10
2501 8030 10
5929 9575 10
3182 7955 10
575 5455 10
2825 8759 10
550 653 10
5863 9466 10
5758 9342 10
2878 3123 10
1857 2134 10
204 4297 10
2069 5559 10
4504 7835 10
923 9666 10
534 2294 10
524 3595 10
7041 8079 10
5786 8580 10
5737 8202 10
5464 8518 10
5643 5959 10
2505 7565 10
5739 6236 10
2824 3380 10
7148 9015 10
943 8429 10
6905 7342 10
946 5050 10
7105 7720 10
5756 9818 10
4445 8826 10
5636 6526 10
5874 9527 10
2060 7712 10
807 9673 10
2607 7960 10
2982 3058 10
367 990 10
2687 9550 10
4786 6539 10
6301 8920 10
5032 5700 10
657 2705 10
5146 6399 10
6674 7591 10
1742 5787 10
6215 6374 10
673 5864 10
1965 3258 10
4877 5488 10
2648 7077 10
1694 7673 10
1673 2991 10
6558 7602 10
6351 8385 10
1986 4150 10
346 2353 10
1707 4414 10
1957 2356 10
2032 6743 10
2913 6947 10
2034 7282 10
859 1808 10
6817 7348 10
6759 9732 10
2026 8114 10
2577 4021 10
4576 8534 10
2563 6124 10
878 3396 10
6839 9635 10
1785 3157 10
2747 8061 10
600 9853 10
399 4879 10
5218 8301 10
5214 9469 10
648 5150 10
276 7212 10
1768 9059 10
636 8120 10
6098 8479 10
3135 3516 10
833 3679 10
3696 7115 10
8687 9671 10
8679 9369 10
3411 7650 10
3957 5035 10
1021 9271 10
3416 3537 10
7491 8671 10
1472 3399 10
7812 9709 10
3703 5859 10
1306 2943 10
4214 5569 10
3405 9909 10
1308 4165 10
3572 8529 10
7383 7972 10
1326 9086 10
4287 6976 10
8462 9715 10
9266 9807 10
3939 9541 10
3422 5197 10
8660 9188 10
8701 9668 10
1415 1973 10
7982 8721 10
7387 9422 10
4054 7941 10
140 770 10
1506 8226 10
1275 9195 10
1099 3680 10
1100 3176 10
8907 9551 10
7625 8419 10
3747 4716 10
1403 5181 10
3324 3707 10
1261 3255 10
1043 7165 10
2389 2886 10
4010 9319 10
8739 9324 10
2159 3644 10
3384 4608 10
2392 4734 10
1478 4469 10
144 330 10
4177 9952 10
178 7913 10
8082 8335 10
2268 8936 10
2252 9737 10
9845 9876 10
1347 2268 10
9469 9740 10
2092 9968 10
1439 6872 10
2359 7966 10
990 8609 10
3642 7056 10
3912 7991 10
7221 9774 10
9798 9873 10
3910 7443 10
3841 8714 10
2341 4631 10
4355 7527 10
1441 4529 10
1450 7927 10
1369 6808 10
7373 9427 10
1215 9145 10
1544 3382 10
8066 8756 10
63 3091 10
1332 8433 10
8173 8757 10
309 9309 11
300 632 11
5324 8936 11
4027 5293 11
4034 5987 11
3457 5275 11
8156 9953 11
8157 8934 11
776 6092 11
5082 9001 11
6030 8597 11
609 3134 11
2612 2861 11
5371 8127 11
4074 6601 11
5974 9240 11
3354 8948 11
3860 7943 11
2743 6212 11
5345 6702 11
2151 7498 11
604 4464 11
1929 5255 11
666 9728 11
4058 4584 11
5998 7725 11
98 9921 11
6096 9777 11
3792 9825 11
336 8804 11
710 4743 11
1423 5505 11
6425 7682 11
3037 8420 11
2726 2941 11
2362 4069 11
715 7548 11
3814 9232 11
4986 7740 11
702 6953 11
1178 1188 11
2719 6389 11
8053 8399 11
400 5594 11
731 4648 11
5052 9324 11
5056 9978 11
3997 9882 11
622 2389 11
6493 9485 11
1252 6736 11
4852 7265 11
2736 4470 11
4011 7603 11
1464 4398 11
5032 8662 11
1750 8675 11
2651 4038 11
4897 6264 11
7862 7882 11
3498 7804 11
2995 8319 11
6070 9579 11
4883 7597 11
6460 9245 11
5046 9342 11
1322 8005 11
2464 8244 11
2875 5752 11
5841 9648 11
1002 1974 11
5587 8706 11
1596 2552 11
1599 3250 11
5804 6385 11
12 7378 11
2038 8932 11
13 7390 11
860 9034 11
553 1298 11
7490 9126 11
9261 9262 11
154 5495 11
3165 4530 11
4453 8697 11
4376 5062 11
7235 7369 11
4373 6379 11
9692 9724 11
1361 4555 11
4456 5296 11
3217 6278 11
952 3369 11
192 4321 11
2501 7195 11
7152 8007 11
493 5252 11
2493 7099 11
1857 3251 11
1588 5796 11
994 1915 11
6921 8110 11
5601 7498 11
999 9976 11
923 6299 11
930 6904 11
5750 8115 11
9512 9817 11
3266 3496 11
7308 8106 11
4330 5196 11
922 3219 11
4 4727 11
24 2758 11
272 620 11
3733 3939 11
2426 6206 11
4125 5319 11
3127 6783 11
5430 7467 11
4679 5242 11
7570 7805 11
1498 7565 11
4112 4639 11
4107 9110 11
5402 5787 11
2007 3704 11
3753 8901 11
1646 5283 11
2764 8893 11
5415 7498 11
5462 9605 11
4197 6141 11
7514 9594 11
148 2098 11
3530 9062 12
5995 9504 12
6069 7780 12
426 1435 12
8389 9911 12
3781 5512 12
57 351 12
1214 6918 12
5180 8453 12
5762 6029 12
2854 3254 12
3475 6621 12
2881 8279 12
1836 4136 12
1383 6608 12
590 8655 12
5387 5736 12
4411 7990 12
5299 9095 12
2339 4336 12
29 6063 12
6200 6799 12
5290 9035 12
9864 9926 12
1255 7470 12
452 7702 12
6206 8710 12
1398 2074 12
3708 4101 12
2968 7423 12
5147 7191 12
1851 2798 12
521 7009 12
40 97 12
2202 3871 12
8920 9193 12
3846 4196 12
5661 9507 12
1350 7558 12
3601 4748 12
2882 8479 12
5568 6569 12
5332 9561 12
573 932 12
5239 7704 12
8523 8964 12
472 8793 12
1234 6915 12
6079 6735 12
6090 6471 12
1884 3565 12
1317 4560 12
2316 8118 12
1319 3591 12
1857 8789 12
3652 4309 12
5526 9481 12
1858 9766 12
3512 5898 12
481 3072 12
3548 4121 12
3715 3863 12
5897 6681 12
3741 5586 12
5523 8295 12
521 7512 12
2866 8924 12
2786 9393 12
2716 9660 12
271 7224 12
2587 3424 12
4702 4929 12
4131 9195 12
2425 5823 12
3126 6421 12
7614 9153 12
2033 8027 12
857 2365 12
2447 5162 12
4193 4933 12
2441 9304 12
264 4075 12
7553 9997 12
4174 8177 12
2402 9243 12
3363 6454 12
795 4738 12
4791 5501 12
786 9389 12
2621 4175 12
4814 8970 12
2624 3355 12
1115 4764 12
4120 6463 12
1500 5710 12
4118 6244 12
4117 7392 12
863 929 12
6660 6965 12
4744 5527 12
2413 8321 12
4328 6349 12
3259 8804 12
4451 9424 12
208 5875 12
3214 6845 12
3212 3456 12
7300 9700 12
3259 5805 12
222 4485 12
1561 4585 12
1562 9476 12
946 5174 12
7234 8212 12
200 285 12
239 5985 12
2114 6663 12
159 6009 12
7459 8099 12
4608 6070 12
1535 2461 12
3278 8010 12
4290 6974 12
4518 5759 12
1594 6028 12
1013 2906 12
894 5213 12
3033 8908 12
3931 5054 12
1148 2792 12
4884 6888 12
1194 5532 12
3906 5384 12
3968 8576 12
4909 8960 12
748 1554 12
1724 7368 12
722 1195 12
721 9099 12
6367 9088 12
6341 8855 12
4996 8085 12
3012 6695 12
3000 7385 12
707 1264 12
7992 8184 12
87 1712 12
4008 9625 12
1937 3104 12
5107 8001 12
5097 6655 12
2157 4485 12
4862 8197 12
674 705 12
8271 9508 12
2697 9180 12
6547 8465 12
3989 9482 12
3051 5536 12
2983 3579 12
1467 6321 12
6218 6343 13
7153 7959 13
2091 9069 13
6186 7728 13
2699 3217 13
61 1032 13
8282 8388 13
2556 3379 13
484 3561 13
2279 6849 13
2351 7903 13
205 229 13
2094 3793 13
2517 9198 13
6329 9778 13
7380 8110 13
2350 6219 13
9460 9641 13
6492 8819 13
433 4002 13
413 3906 13
2761 9314 13
8938 9465 13
8711 9336 13
433 8386 13
8895 9040 13
112 6943 13
2606 9810 13
5970 8601 13
5944 8260 13
6443 9381 13
7865 8603 13
2427 5904 13
272 3491 13
8965 9800 13
272 489 13
8997 9179 13
7743 9112 13
2618 7229 13
117 2425 13
116 8729 13
2629 3323 13
7718 8606 13
8884 9732 13
1872 6549 13
2330 9631 13
399 5521 13
9222 9832 13
7487 9496 13
2176 4542 13
7438 9767 13
5836 6198 13
6094 6252 13
9108 9638 13
7573 9170 13
2019 7992 13
6777 7655 13
8523 8890 13
808 2740 13
810 2944 13
1800 6643 13
5394 7253 13
3419 6187 13
1754 3098 13
4765 4891 13
1647 6266 13
4271 6861 13
4269 4430 13
1262 9563 13
3702 9122 13
1801 4811 13
2957 6385 13
5283 7735 13
5230 7747 13
3374 8140 13
641 7210 13
991 3587 13
1117 3864 13
1684 8426 13
4064 6322 13
5362 6736 13
3361 9796 13
3979 8316 13
2916 5376 13
3976 7078 13
5098 6651 13
707 5325 13
4649 6151 13
694 5409 13
1418 6294 13
5040 9445 13
2844 4807 13
1437 2131 13
3134 6221 13
836 2565 13
916 7754 13
4956 5778 13
1821 7166 13
4938 5593 13
4464 8272 13
3890 5169 13
665 8730 13
926 8570 13
5567 7641 13
1740 2043 13
3869 7416 13
4508 6430 13
164 2179 14
1708 4269 14
4236 8700 14
4229 9049 14
4284 7712 14
4296 6523 14
2118 5160 14
163 4257 14
1534 2637 14
2101 3004 14
1042 2207 14
3138 8561 14
2058 8665 14
4661 5179 14
6926 9075 14
230 7974 14
2577 2869 14
3122 3472 14
3212 7391 14
7023 8182 14
19 6614 14
3725 9404 14
4573 9135 14
23 5378 14
4517 6807 14
236 852 14
3158 5906 14
3158 9470 14
7223 8809 14
783 6924 14
6563 6950 14
6578 7535 14
294 1692 14
2477 8458 14
1399 6530 14
6541 9994 14
4442 5705 14
6658 9936 14
4738 8540 14
2600 3253 14
938 2415 14
205 9150 14
6683 6887 14
4435 9361 14
292 5467 14
7151 8929 14
3105 8255 14
3106 3887 14
811 1269 14
5561 6074 14
3986 7559 14
3870 9678 14
3462 3756 14
2261 7503 14
4054 6241 14
4018 4712 14
9689 9880 14
5276 5465 14
4014 6444 14
9330 9576 14
2727 7932 14
1884 6670 14
1815 6173 14
3455 5017 14
3884 5818 14
5906 9121 14
446 1034 14
3433 4000 14
5912 8276 14
4 16 14
1167 5250 14
1410 5238 14
8700 9000 14
1457 5965 14
1897 7225 14
3678 6370 14
542 9664 14
1200 4341 14
668 3861 14
1504 2307 14
4115 6291 14
134 8870 14
7642 9406 14
12 542 14
505 4846 14
495 4981 14
8799 8852 14
2130 4740 14
2826 8407 14
2219 2420 14
511 613 14
652 7945 14
479 2378 14
527 1871 14
6130 6373 14
643 8447 14
51 8841 15
8980 9116 15
4175 5851 15
501 7437 15
3890 7646 15
2209 8235 15
2206 6112 15
4580 6037 15
8579 8875 15
6903 8872 15
3185 9557 15
232 3762 15
3893 6527 15
3874 4865 15
8196 8851 15
3850 4483 15
3811 8569 15
2347 9956 15
60 1894 15
54 781 15
64 1448 15
8244 8949 15
157 5587 15
1087 5267 15
4105 7187 15
4106 4565 15
2416 3002 15
1530 8435 15
156 6632 15
120 9765 15
7732 9468 15
4083 9632 15
7676 8242 15
7571 8278 15
2120 6829 15
4150 6178 15
7534 8434 15
3312 3646 15
4221 8530 15
7595 9070 15
2221 4005 15
4211 5466 15
3922 4050 15
2503 7047 15
3237 8740 15
3238 3280 15
3946 9592 15
8054 9569 15
937 7159 15
3908 4183 15
2514 7906 15
4450 7395 15
2179 2579 15
2178 2880 15
2369 3815 15
7300 7549 15
1478 5405 15
3516 6970 15
173 8485 15
965 9473 15
3406 5429 15
2388 8563 15
7808 9738 15
782 1436 15
442 582 15
6265 6424 15
2767 7349 15
4837 7475 15
2241 7248 15
6653 6719 15
685 2945 15
450 3851 15
9493 9859 15
6072 9499 15
797 1797 15
6422 8715 15
3040 4676 15
3660 6727 15
749 9455 15
6399 9274 15
611 5578 15
6407 8514 15
5339 5596 15
1367 9730 15
5012 8733 15
9484 9686 15
6050 9671 15
2905 3675 15
711 8664 15
849 6103 15
5124 7605 15
5183 5844 15
1290 4687 15
1618 3334 15
1619 3722 15
2569 8772 15
2029 6602 15
3152 5767 15
5727 9025 15
1749 6964 15
6852 8102 15
5105 6503 15
6113 8428 15
2298 6923 15
1295 2581 15
5801 8234 15
5180 8229 15
2303 9221 15
5706 8040 15
5704 6163 15
1649 7738 15
1737 7518 15
2736 6201 16
6138 9760 16
5266 7403 16
1110 6917 16
1133 5903 16
397 9912 16
2388 9564 16
7705 8150 16
1771 4552 16
5809 8199 16
8206 9556 16
5800 8363 16
5849 6854 16
5538 6647 16
73 2099 16
3614 9037 16
1417 6680 16
1855 3179 16
2818 8357 16
2855 6935 16
1211 7155 16
5625 9795 16
3421 6284 16
1894 8572 16
2322 8547 16
3779 5110 16
5361 6525 16
1152 1392 16
9401 9675 16
3442 9875 16
8648 9080 16
8657 9318 16
1176 8886 16
5416 6115 16
3495 7160 16
2612 2949 16
4604 5327 16
190 198 16
6662 9706 16
3230 8353 16
4388 6086 16
7160 9613 16
7319 8963 16
974 1015 16
7237 9776 16
1391 3655 16
4507 6559 16
3183 8201 16
261 8301 16
3213 8690 16
3748 9529 16
2295 3488 16
7060 8591 16
6984 7163 16
249 1806 16
7561 8009 16
7577 7777 16
5008 6084 16
3167 3684 16
4112 4275 16
666 9171 16
6170 9496 16
4583 9588 16
6842 8331 16
1267 1337 16
4880 9857 16
1689 9772 16
3555 9261 16
4975 8618 16
3057 6179 16
4876 7399 16
1266 5048 16
2657 8095 16
3605 9118 17
3727 5743 17
8601 9822 17
3749 8880 17
3598 7220 17
3615 8676 17
6326 8516 17
2698 4293 17
5139 6992 17
6165 6936 17
2942 3183 17
4722 8991 17
6523 6839 17
4876 7170 17
3050 9724 17
3047 6677 17
2804 5891 17
5574 6617 17
5804 8075 17
2850 3600 17
5685 6720 17
2728 5604 17
5295 7572 17
6012 7174 17
2753 3379 17
2902 5863 17
5417 6963 17
5464 6886 17
4054 7845 17
7754 8654 17
4024 5653 17
3423 9067 17
3932 6020 17
3357 8060 17
4096 6420 17
4110 8957 17
3850 5874 17
3848 4224 17
3469 9927 17
2343 8746 17
3838 9624 17
3836 8857 17
7513 7581 17
3448 3704 17
8103 8628 17
8032 9779 17
3424 8044 17
3192 9994 17
3223 3471 17
4543 8227 17
3169 3598 17
4598 8624 17
7407 8218 17
7388 9419 17
3285 8377 17
7330 8938 17
4322 7000 17
7222 8824 17
4396 8322 17
601 2175 17
902 8674 17
212 2581 17
508 8156 17
1006 8891 17
1009 4178 17
59 6937 17
1357 2496 17
42 260 17
1873 4200 17
1986 9689 17
668 6997 17
387 2235 17
2063 3857 17
1489 4730 17
1459 5801 17
6772 6819 18
8060 8788 18
1426 2920 18
3951 8249 18
3474 8846 18
1881 9887 18
311 5933 18
1066 7100 18
2490 3335 18
244 3835 18
79 263 18
620 9453 18
3128 6762 18
91 8694 18
2056 8586 18
810 9128 18
179 5246 18
1644 7007 18
937 6609 18
1837 2595 18
3064 9289 18
1359 2162 18
5043 7660 18
7085 8512 18
830 5014 18
4509 9901 18
2438 2832 18
8486 9285 18
8457 9403 18
2413 2977 18
1014 5993 18
3923 4033 18
2097 7239 18
478 7157 18
1372 4965 18
2830 6071 18
3551 9158 18
5478 6193 18
4615 7435 18
1033 7214 18
6147 6277 18
4350 9406 18
4380 9615 18
4612 5399 18
2654 8549 18
4221 6364 18
6403 9869 18
2029 4480 18
990 1055 18
1138 6154 18
4765 8388 18
177 1073 18
6021 6706 18
6408 8620 18
175 6264 18
2007 7712 18
3188 6739 18
3803 6840 18
6365 6992 18
4887 9552 18
6385 6922 18
1126 9585 18
4885 8553 18
6883 8913 18
1285 7545 18
263 9117 18
4234 6145 18
516 4285 18
8993 9081 18
3866 9797 18
2301 5878 18
2325 5973 18
2992 3345 18
2977 9826 18
4186 4753 18
4569 8748 18
1329 6582 18
3670 5461 18
1728 2217 18
6696 9657 18
3869 6773 18
8893 9442 18
2885 9670 19
5283 9001 19
8725 9276 19
4598 5715 19
129 4665 19
715 9788 19
3148 8047 19
3366 6764 19
4304 7884 19
3168 7492 19
1136 2367 19
6394 7357 19
8887 9351 19
1461 4981 19
5991 6841 19
5091 5560 19
1899 4408 19
1503 4294 19
4737 6903 19
3437 8421 19
1126 3338 19
7979 9652 19
4325 8881 19
1597 4108 19
902 7075 19
2384 9804 19
3659 5058 19
2407 5742 19
5797 7995 19
2449 6522 19
3268 7644 19
2141 6434 19
5157 8867 19
214 4267 19
1969 6595 19
378 7035 19
482 5763 19
2133 7556 19
374 4013 19
149 8818 19
1061 9747 19
6656 7234 19
1822 6416 19
2698 3449 19
3674 7327 19
2634 3027 19
3770 4909 19
968 1072 19
1343 4716 19
3744 3972 19
2459 5561 19
3602 9621 19
5020 7618 19
1479 7507 20
1206 8217 20
4429 4747 20
3245 6250 20
2937 6312 20
7530 9972 20
3368 6701 20
764 2787 20
3997 5583 20
4081 8137 20
864 1233 20
3199 3367 20
6309 9259 20
2708 5932 20
3280 9566 20
2614 5914 20
1533 4266 20
7428 8954 20
131 4233 20
6717 8782 20
1490 3577 20
585 8373 20
1936 9105 20
2954 7115 20
4404 6516 20
119 2473 20
3937 5323 20
7190 8991 20
8090 9326 20
8127 9583 20
4509 6535 20
1168 1745 20
697 8501 20
7205 8967 20
5898 7736 20
3118 7108 20
1061 9515 20
699 5188 20
306 7756 20
607 8482 20
3092 3581 20
1665 4604 20
4282 8554 20
2473 8158 20
2050 5347 20
4443 7556 20
5399 7317 20
433 4841 20
5038 8479 20
7281 7872 20
6433 8166 20
5092 8214 20
4989 9405 20
100 9068 20
7861 8512 20
3447 6850 20
2518 5395 20
257 9829 20
5075 7103 20
2184 8775 20
2768 4461 20
2767 8148 20
4125 5514 20
3053 8899 20
4263 7139 21
301 6713 21
326 3843 21
7254 8240 21
6674 9458 21
4880 6964 21
1036 7583 21
6408 8611 21
4893 9455 21
6418 9301 21
2730 5192 21
6728 8349 21
4974 9704 21
5062 8285 21
3089 7842 21
4989 6503 21
1873 4238 21
233 6533 21
2798 3242 21
3980 7091 21
429 3886 21
3670 7834 21
3638 9865 21
3654 9848 21
2333 9101 21
419 2692 21
4556 4784 21
2353 5711 21
8313 9176 21
4506 4537 21
1400 2620 21
2483 6194 21
8295 8837 21
1188 3493 21
3535 8629 21
2068 2539 21
2401 7190 21
2064 8499 21
8004 8658 21
3965 6138 21
4527 7298 21
5900 5996 21
8067 9455 21
815 3187 21
2611 2773 21
7569 9358 21
5513 5835 21
4589 5541 21
3829 8777 21
401 6191 21
5542 8510 21
4403 4590 21
2968 5194 22
2856 9665 22
1688 7741 22
1669 1767 22
7147 7165 22
1852 2109 22
5766 9350 22
8359 8701 22
3819 3938 22
3865 6571 22
1783 5157 22
4551 6054 22
1315 3263 22
8887 9734 22
3644 9385 22
4175 4258 22
6651 8892 22
42 411 22
2174 2635 22
1626 8093 22
2555 7700 22
3458 4861 22
1147 4262 22
7967 8317 22
2726 9159 22
6344 7140 22
2738 6805 22
1591 7634 22
6040 6774 22
124 5617 22
4487 9861 22
1064 6755 22
4063 6996 22
610 9702 22
3234 7674 22
979 9840 22
5125 7733 22
5287 7013 22
6264 8338 23
5581 8389 23
6236 9609 23
5186 9327 23
1111 5159 23
493 1291 23
5298 8980 23
5037 6019 23
480 2162 23
1395 7775 23
483 3955 23
3586 6689 23
5628 8692 23
3994 4968 23
528 4495 23
3031 3483 23
1336 2545 23
1706 9698 23
3027 5221 23
2056 2248 23
1014 5071 23
1841 3630 23
2070 6717 23
4277 5583 23
8751 9806 23
4602 8233 23
2489 7455 23
817 4143 23
9036 9497 23
7443 7444 23
2017 3959 23
4399 8595 23
2170 6462 23
4525 9511 23
1031 3908 23
3850 5137 24
838 7516 24
1351 9899 24
3637 6919 24
9297 9926 24
4017 4423 24
305 1428 24
4687 6328 24
1659 7331 24
1851 7261 24
1740 9052 24
4990 6706 24
5427 9769 24
3735 7765 24
145 6060 24
6280 8138 24
3192 6101 24
6349 7851 24
2955 3929 24
4571 9028 24
686 8639 24
6828 9127 24
1158 2062 24
5280 9865 24
1428 2037 24
2855 5719 24
1241 3567 24
3476 9147 24
5885 6682 24
2077 8304 24
6554 8827 24
1320 8498 24
8372 8466 24
1011 2070 24
5786 6060 24
1547 2517 25
8159 8709 25
2449 2531 25
1180 1800 25
459 2542 25
1322 7168 25
2102 8286 25
9093 9208 25
3921 5689 25
3249 6323 25
1392 6093 25
3366 8525 25
414 8919 25
3364 5787 25
2546 8338 25
799 1455 25
5369 8790 25
7907 9231 25
5245 6406 25
7890 9480 25
1324 9328 25
3974 7575 25
3592 6423 25
4573 6661 25
3292 5004 25
1406 6837 25
6189 6979 25
2153 8837 25
1054 7509 25
1091 4096 25
6384 8141 25
12 2773 25
7347 8652 25
193 9155 25
2809 7758 25
6488 9004 25
3783 6614 25
2831 3961 25
6879 9831 25
7413 9371 25
7136 7776 26
1470 8272 26
7108 8686 26
6531 8786 26
2398 8777 26
3413 5414 26
5996 8302 26
2851 4528 26
5610 7557 26
1195 1288 26
5118 6410 26
7171 9088 26
4220 7760 26
638 4458 26
309 8667 26
73 8356 26
2478 6658 26
3544 4773 26
701 4873 26
4454 7666 26
3702 5459 26
8352 9591 26
5026 5105 26
756 7051 26
3845 6906 26
7547 7961 26
2625 5353 26
2751 4625 26
3300 7439 26
5553 7079 26
2301 3635 26
1258 1717 26
5913 7407 27
5328 8307 27
1978 8740 27
3798 8326 27
8372 8590 27
2343 5813 27
1152 8306 27
1082 9323 27
591 2756 27
914 3576 27
3738 9226 27
5845 7414 27
829 6185 27
4852 6208 27
2511 2998 27
947 7596 27
6035 6126 27
5240 7685 27
357 9700 27
5085 6823 27
7129 9230 27
7678 8195 27
3333 9262 27
114 403 27
7420 9530 27
3711 8951 27
7123 7627 27
2311 6463 28
1020 9654 28
9196 9789 28
3225 3420 28
3226 7418 28
5652 8341 28
1104 5949 28
362 3329 28
8472 9902 28
2372 7525 28
4338 6958 28
2959 3172 28
3905 9633 28
5697 6634 28
7273 7699 28
1988 3391 28
782 1442 28
3454 5083 28
7048 9948 28
2644 5135 28
5968 6821 28
2016 4801 28
311 1934 28
5584 7653 28
739 1752 28
8103 9995 28
5876 6991 28
3490 6673 28
1055 9642 28
1718 5178 28
2521 6525 28
5531 6351 29
877 9435 29
893 1695 29
6328 6900 29
4080 4227 29
7001 8625 29
971 7757 29
3270 6241 29
1645 5884 29
6804 6870 29
3622 8046 29
2020 2674 29
1483 7926 29
6914 7560 29
7851 9620 29
1421 6025 29
80 3358 29
2080 3061 29
3450 4999 29
3954 8152 29
568 3590 30
677 7364 30
4302 4420 30
4350 6708 30
1102 6293 30
1362 8853 30
8437 9084 30
5784 6417 30
149 4041 30
2419 8508 30
2550 4641 30
2395 5975 30
3062 6577 30
5626 6353 30
3699 7066 30
2113 2152 31
2171 8566 31
2912 3124 31
1562 6596 31
6751 8481 31
4637 4944 31
2223 2494 31
1197 3696 31
2861 6168 31
549 9356 31
2777 5713 31
1450 4810 31
2791 6635 31
1256 8370 31
3050 7641 32
2645 7408 32
1059 3715 32
5066 6994 32
104 4650 32
2608 8437 32
2833 8849 32
1842 8192 32
7450 8051 32
6728 9856 32
5286 5590 32
8516 9024 32
2391 2718 32
3695 9521 32
6464 9069 32
1544 2263 32
2788 8681 33
3936 8866 33
5859 9486 33
4362 4821 33
7827 9959 33
2683 9415 33
3782 8805 33
1730 2459 33
3288 7646 33
382 873 33
3213 6249 33
5926 9807 33
4819 6792 33
8299 9583 33
958 7952 34
6475 8716 34
1586 5612 34
3698 4025 34
5395 6640 34
5554 7929 34
3925 6615 34
2806 9951 34
70 6052 35
127 5427 35
6726 7745 35
381 798 35
6414 7647 35
7212 9645 35
5255 9621 35
2446 9247 35
4107 6758 35
1027 7256 35
1424 8602 35
1318 2463 35
6242 8055 36
4929 6048 36
7905 9834 36
5433 8783 36
6612 9639 36
616 1739 36
2435 4650 36
5660 8068 37
1790 6508 37
1518 5195 37
4601 7398 38
2955 4912 38
7000 7410 38
7858 7976 38
3294 3506 38
4782 4894 39
3903 8808 39
391 8489 39
3797 4362 39
1742 3596 39
2969 9358 39
1870 4484 39
152 4857 39
737 6405 39
483 6524 39
3936 9735 39
7563 7890 39
9770 9877 40
646 4544 40
4943 9244 40
7146 8632 40
661 7486 40
5805 9363 41
4879 6988 41
5003 8779 41
103 8461 41
2273 7453 41
279 4874 41
2760 6552 42
3415 7664 42
5457 7338 42
4473 9215 42
4898 9506 42
729 5163 42
4131 5772 42
1103 3958 42
2019 2765 43
6053 9376 43
4823 7315 44
613 4166 44
763 1598 44
2491 5937 44
6201 8684 44
4044 7946 44
6825 8707 45
2228 4539 45
1732 4787 45
173 2121 46
5112 8833 47
1492 6097 47
36 7888 48
1768 2711 48
1915 9498 48
5923 8599 50
514 9457 50
Total MST weight: 14393
Execution time : 2.37554 ms
Algorithm : Prim's MST
MST edges:
0 3 5
3 240 -4
3 9060 -1
9060 9444 -8
9444 9360 -10
9360 4581 -8
9444 23 -4
23 42 -8
42 6153 -10
42 9815 -8
6153 8183 -6
8183 2737 -8
2737 2084 -5
42 298 -3
2084 2040 -3
2040 919 -6
919 4331 -7
9060 6826 -3
9360 8513 -3
6826 4533 -1
3 242 0
23 2404 2
919 3232 2
3232 1895 -7
1895 8861 -9
3232 40 -6
3232 8186 -5
1895 742 -1
742 7014 1
7014 300 -7
300 8179 -7
8179 8305 -9
8305 6953 -10
8305 7417 -10
7417 7167 -8
7167 3220 -10
7167 517 -5
517 4224 -10
300 3813 -5
8305 2234 -4
517 193 -2
193 347 -6
193 3588 -4
517 7942 -2
2234 8776 -2
7417 44 -1
44 6027 -6
6027 1487 -8
193 895 -1
517 1166 -1
517 1353 -1
7942 4981 -1
7417 7793 -1
7793 7877 -9
7793 4695 -3
4224 2045 0
300 3316 0
3316 6215 -7
2045 2096 1
3220 2633 1
2633 9429 -8
1353 5050 1
895 9294 1
1487 4097 2
240 5997 2
5997 1023 -2
1023 2928 -4
2928 6382 -10
2928 5515 -4
2928 3720 -2
3720 4964 -10
1023 3411 2
3411 1588 0
8186 6519 2
6519 4641 -6
4641 9774 -10
9774 9383 -3
9383 169 -2
169 530 -5
169 9307 -5
530 6269 -3
6269 6320 -10
6320 1635 -10
9383 3347 0
3347 6432 -7
6432 3789 -1
3789 9617 -5
9617 8097 -4
3347 6737 -1
6737 5665 -10
5665 7770 -9
6737 892 -8
892 853 -8
853 1689 -9
7770 4596 -8
4596 7105 -9
7105 3606 -10
5665 8480 -6
8480 6498 -9
892 4411 -5
7770 379 -4
379 8413 -10
4411 1036 -4
5665 1595 -1
1595 910 -8
910 418 -6
418 1997 -4
1997 9708 -10
9708 7354 -2
7354 9111 -8
7354 3264 -4
3264 7624 -10
7624 5769 -8
5769 2501 -3
2501 4149 -10
4149 4320 -10
4149 392 -9
392 844 -9
4149 5462 -9
392 9805 -9
9805 7627 -7
7627 3492 -7
3492 1416 -8
4320 7911 -5
7911 9313 -8
9313 2769 -7
1416 645 -4
4320 6873 -4
844 8821 -4
8821 557 -8
557 8100 -9
8100 3427 -8
8821 6479 -6
557 7610 -4
7610 3877 -7
5462 1374 -3
1374 3751 -8
1374 3499 -4
3499 6703 -7
3264 3817 -3
8100 4039 -3
4039 131 -5
131 127 -9
131 2122 -9
2122 755 -10
127 1980 -6
1980 5564 -8
5564 7975 -9
1980 6664 -6
6664 2665 -10
7975 4358 -5
4358 1939 -7
127 586 -4
586 9866 -9
586 1483 -4
1483 1757 -10
1483 6018 -9
1483 2562 -8
1939 6794 -4
6794 7316 -7
7316 4796 -8
4320 4299 -3
131 4616 -3
2769 4847 -3
4847 7204 -9
7975 4903 -3
6703 5406 -3
5406 9368 -6
9368 9988 -7
9988 3072 -7
3072 9593 -6
3499 7680 -3
2665 1235 -2
1235 1167 -4
6479 1816 -2
3817 2526 -2
1939 4482 -2
4482 1044 -10
1044 5410 -8
1044 6081 -7
1044 2934 -6
6081 5154 -2
5154 1433 -5
1433 1868 -7
1433 1765 -3
7975 6123 -2
6123 9433 -4
9433 5294 -6
6123 2897 -2
2897 7517 -7
127 137 -1
137 1559 -3
1559 2613 -8
1559 9575 -7
9575 2513 -2
4482 2479 -1
6018 2884 -1
2884 5771 -6
5771 3125 -6
2884 2549 -4
2549 7264 -7
2549 7863 -7
2549 1739 -2
1044 3827 -1
3827 2804 -7
3817 3971 -1
4411 4716 -1
4716 56 -6
56 2063 -10
4716 7019 -5
7019 5509 -6
5509 4588 -4
4716 4828 -4
4616 6649 -1
4716 6759 -1
6759 9768 -9
4796 6945 -1
6945 9719 -10
9719 3090 -10
3090 4689 -5
4689 8839 -2
5462 7529 -1
5154 7803 -1
7803 6192 -4
2562 8273 -1
8273 6346 -6
8273 8294 -3
7105 8610 -1
2934 9811 -1
755 234 0
234 7145 -7
7145 4956 -9
7145 829 -5
829 7463 -5
4956 6165 -4
6165 6744 -10
6165 8737 -8
4956 8550 -4
8550 6115 -8
6115 8282 -9
6165 9130 -3
9130 3523 -5
6115 3560 -2
3560 2707 -5
2707 6620 -10
6620 6898 -10
6898 6053 -10
6898 959 -9
9130 7786 -2
9130 101 -1
101 3785 -9
3785 316 -5
316 125 -3
316 377 -3
125 7449 -2
7449 7743 -5
3523 1341 -1
1341 3241 -7
3241 1271 -8
1341 2469 -6
2469 4756 -6
3785 4206 -1
3241 9547 -1
9547 4929 -5
4929 3727 -4
3727 2745 -9
9547 707 -3
707 4045 -8
707 523 -6
707 3016 -4
3016 1191 -8
3016 7974 -8
4045 4066 -4
3016 1660 -3
4045 2391 -3
4929 2989 -3
4929 3834 -3
3834 1305 -7
1305 1688 -9
1688 6037 -7
6037 1941 -7
6037 4254 -7
1941 2027 -4
1688 4998 -4
4998 2088 -7
2088 952 -3
952 731 -4
731 519 -8
731 1128 -6
952 3205 -4
3205 4399 -5
2391 5153 -3
1305 9836 -1
9836 5783 -10
5783 7539 -8
9836 7678 -8
4254 55 0
55 64 -7
2613 269 0
7610 286 0
286 8242 -10
286 7081 -9
7081 1621 -9
645 297 0
297 9779 -6
9779 5164 -5
5164 6271 -8
297 6982 -3
6982 1546 -7
1546 2689 -7
6982 3034 -6
3034 983 -8
1546 5561 -6
983 1224 -5
3034 9018 -5
9018 3589 -9
2689 5005 -3
983 2191 -2
5561 5261 -2
5261 2043 -4
5261 8482 -4
8482 4091 -5
4091 3209 -3
2043 7451 -2
7451 2110 -9
2110 2228 -6
7451 951 -3
2110 8640 -3
8640 1666 -3
2043 642 -1
5005 4699 -1
4699 6228 -3
6228 6273 -9
6273 2322 -8
6273 5917 -5
4699 8734 -2
8734 8994 -1
8994 8298 -4
8298 580 -8
8298 5755 -6
5755 2271 -3
2271 4271 -10
4271 6647 -10
4271 2974 -6
2271 599 -4
2974 3776 -4
580 400 -1
400 1018 -6
400 7024 -5
7024 5793 -10
7024 7328 -6
7328 3486 -10
3486 3271 -8
3271 2341 -10
5793 3361 -5
2341 1702 -3
1702 1999 -6
3361 2363 -1
2363 4337 -7
4337 6734 -6
6734 7528 -5
4337 7462 -1
6703 587 0
587 706 -2
706 2761 -4
587 7887 -2
7887 2669 -10
2669 5254 -8
2669 8607 -7
7887 1437 -6
7887 2800 -4
1437 6477 -4
1437 4296 -3
1437 9417 -3
706 2072 -1
379 835 0
835 972 -10
972 1246 -8
835 1114 -6
1114 3526 -5
835 2042 -2
2042 8560 -9
8560 8647 -10
1114 6226 -1
6226 993 0
3789 1210 0
1128 1238 0
1238 9355 -9
9355 953 0
3347 1473 0
1473 8295 -1
1473 891 0
891 2893 -10
2893 8198 -2
2800 1508 0
1508 732 -8
1508 1519 -7
1508 3682 -3
3682 5358 -10
3682 2646 -7
2646 8348 -9
8348 5269 -6
5269 6679 -9
5269 8178 -8
8178 3947 -10
6679 2878 -5
3682 3296 -3
1519 4069 -2
732 791 -1
3947 3693 -1
3693 3710 -2
2646 6135 -1
6123 1539 0
1539 2883 -9
2883 1838 -9
2883 437 -5
437 7087 -10
7087 5419 -6
5419 5534 -8
437 4592 -4
5534 3558 -2
3558 4332 -8
4332 736 -3
736 814 0
844 2932 0
2932 5667 -4
5667 7374 -8
5667 5307 -5
7975 3094 0
3094 3070 -10
3094 4384 -7
4384 6161 -7
4384 1512 -4
1512 6750 -4
6161 6222 -1
6222 8460 -9
9708 3577 0
519 3593 0
3593 5423 -9
972 3819 0
3819 9731 -4
9731 5599 -6
9731 4788 -5
4788 9801 -5
9801 4923 -4
4384 3845 0
2646 4082 0
4082 219 -6
4082 9761 -4
9761 152 -10
152 50 -10
50 271 -7
271 2655 -8
50 227 -6
227 1397 -6
1397 5572 -10
1397 5847 -5
5847 5575 -5
1397 6314 -5
1397 7921 -1
5575 4319 0
6226 4526 0
844 4792 0
4792 8233 -7
8233 1366 -4
1366 4794 -8
2341 5169 0
5169 1998 -2
1998 2408 -10
1998 9012 -4
9012 8329 -9
6432 5295 0
5295 1922 -9
1922 534 -1
534 76 -8
76 17 -2
17 8578 -8
8578 197 -7
197 312 -10
197 370 -7
197 4739 -7
312 4057 -5
4057 7597 -8
7597 7619 -7
7597 3025 -6
3025 2319 -6
7597 3203 -4
312 6684 -4
6684 1308 -10
1308 4033 -5
4033 7496 -6
7496 1754 -6
370 543 -3
543 564 -9
543 726 -8
726 6177 -9
6177 1729 -10
564 6692 -7
543 5244 -6
564 3638 -5
3638 796 -4
1729 1063 -4
3025 2327 -3
2327 2254 -10
2327 5033 -6
5033 8999 -7
8999 6295 -4
6295 7010 -3
4033 7833 -3
370 1412 -1
1412 4086 -8
76 7269 -1
7269 8976 -10
8976 6096 -6
6096 3963 -9
3963 6334 -8
6096 4962 -6
4962 8845 -7
8845 2204 -8
2204 9225 -6
6096 8047 -5
2204 1804 -2
2319 8957 -1
8957 9148 -9
9148 2733 -5
2733 3976 -9
3976 3557 -4
8957 7267 -4
7267 8864 -6
4033 9930 -1
5033 1914 0
1914 9663 -4
9663 7434 -4
9663 7385 -2
7385 9568 -5
9568 5248 -9
9568 9950 -9
7385 504 -4
197 3340 0
3340 6017 -7
6017 8567 -8
736 5335 0
5335 2436 -3
2436 4710 -8
2436 6243 -6
4699 5722 0
6477 5940 0
5940 5682 -4
9836 6167 0
6167 2918 -5
2918 3107 -9
3107 8911 -4
3107 7097 -2
7097 5757 -4
5757 5797 -7
5797 618 -7
618 1921 -6
5757 9312 -4
618 54 -2
54 4591 -10
54 31 -8
31 9 -10
54 5435 -6
2918 8721 -2
8721 5331 -7
5331 358 -4
5331 2728 -2
2728 3272 -7
3272 6810 -9
3272 2813 -7
2813 6747 -10
2728 9487 -5
2813 1351 -3
2728 2746 -3
2746 5892 -6
2746 1680 -3
2746 8832 -3
8832 1139 -4
1921 3095 -1
9 3200 -1
358 296 0
296 2392 -1
2392 9920 -4
9920 1365 -8
9920 2874 -6
2874 1861 -5
1861 1143 -8
1861 4871 -4
9920 8971 -4
2746 2146 0
2813 2816 0
2816 7697 -2
7697 3993 -10
3993 5582 -8
3993 6000 -7
6000 2262 -9
2262 2913 -9
7697 6069 -4
6069 1375 -4
2262 9364 -4
9364 6059 -5
2262 9619 -2
2913 4432 -1
4432 5876 -6
2913 5258 -1
5258 3381 -7
1375 7531 -1
1365 5845 0
3710 6247 0
6247 3633 -9
3633 5728 -8
5728 4453 -10
5728 662 -9
662 1933 -10
4453 2236 -8
4453 669 -7
1933 6041 -7
669 794 -6
1933 468 -3
468 8717 -3
8717 4159 -9
4159 1083 -10
1083 1833 -6
1833 5570 -4
5570 2209 -3
2209 4370 -6
4453 7125 -1
7125 8061 -5
972 6450 0
6450 3716 -3
3716 9706 -8
9706 1896 -6
9706 496 -2
6450 3657 -1
496 5089 -1
1896 6721 -1
6721 4931 -5
6721 327 -2
327 7846 -9
7846 2383 -9
2383 416 -10
416 434 -10
434 3485 -10
434 5622 -7
434 9599 -7
416 8375 -6
327 1485 -5
416 1502 -3
1502 9589 -8
3485 2025 -3
2025 934 -7
934 8377 -7
8377 7711 -9
1485 4486 -3
934 3376 -2
3376 8392 -5
3376 4942 -3
4942 6515 -7
6515 6409 -10
6409 3146 -9
3146 1354 -8
6409 1767 -7
6515 1106 -6
4942 9104 -6
4942 3403 -5
3403 1687 -8
1767 8074 -5
8074 7210 -3
1354 9618 -3
9618 3607 -10
6515 1298 -2
1298 356 -7
356 8858 -9
1298 2277 -7
356 2617 -6
1298 4208 -6
4208 9374 -6
2617 1189 -5
9374 5516 -3
5516 8995 -7
8995 3901 -7
8995 7178 -2
7178 9781 -7
9781 349 -6
9781 9083 -6
9083 3029 -6
9083 4659 -6
4659 1751 -4
1751 659 -10
659 3762 -9
659 2962 -6
9781 1110 -3
3762 8303 -3
3762 8970 -3
8970 5144 -8
5144 3036 -6
3036 8818 -6
8818 8888 -5
4659 3249 -2
3249 3302 -3
934 427 -1
416 1633 -1
1633 4232 -6
9374 2337 -1
2337 2752 -9
2752 3610 -6
327 2963 -1
2963 4347 -8
8818 2994 -1
2994 6054 -10
2994 5540 -3
5516 3390 -1
4486 4972 -1
8818 5424 -1
5424 1924 -9
1924 8400 -6
8400 7215 -6
1687 5621 -1
2337 7070 -1
7070 5613 -4
2277 267 0
267 102 -7
102 5735 -10
102 7963 -2
7963 5649 -9
102 5657 -1
1354 546 0
5540 5322 0
1354 5431 0
5431 3174 -8
5431 2419 -2
2419 7684 -10
7684 3983 -6
3983 5717 -10
3983 5954 -9
5717 9630 -3
9630 1674 -10
1674 1773 -6
1773 6636 -8
6636 1774 -6
1774 8362 -10
8362 2133 -3
3983 4028 -1
4028 5148 -5
4028 407 -4
1774 7174 -1
7174 5210 -9
3174 3902 0
2133 6836 0
6750 6865 0
6865 285 -9
557 7156 0
6684 7250 0
1473 7629 0
1110 7801 0
7801 4362 -3
6873 8337 0
8337 3331 -1
3331 8848 -8
8848 7951 -8
3331 1746 -2
1746 4218 -5
4218 5789 -10
5789 9676 -9
9676 7377 -4
1746 4599 -1
4347 8693 0
1833 8902 0
2191 8934 0
169 9234 0
9234 4366 -7
4366 9058 -10
9058 5270 -6
5270 6075 -7
6075 1658 0
1658 7738 -5
1658 1445 -1
1445 1155 -3
1155 5962 -10
1155 323 -8
323 1013 -5
1013 3663 -8
1155 8905 -5
3663 6305 -4
6305 6377 -9
6305 1017 -7
1155 5989 -3
5989 5852 -6
8905 2126 -2
2126 6511 -7
6511 2220 -10
2220 2696 -8
2126 420 -3
420 5407 -4
5407 4556 -6
4556 7251 -10
7251 2990 -8
2696 6342 -3
2126 8276 -2
323 9952 -2
9952 8817 -4
8817 5182 -5
5182 5391 -10
5391 9220 -10
5182 8908 -8
8908 8819 -10
5391 3418 -7
5182 6663 -5
6663 693 -4
693 8712 -3
3418 7399 -1
1155 7471 -1
7471 9667 -10
7471 6109 -1
6109 4655 -6
4655 9552 -1
8819 2694 0
2694 5822 -8
5822 5190 -10
2694 967 0
967 3894 -3
3894 8828 -1
1757 9240 0
9240 5127 -6
5127 2857 -9
5127 3307 -8
3307 1296 -7
5127 863 -3
2857 867 -2
1296 6026 0
6026 962 -10
5722 9375 0
9375 1229 -5
1229 1824 -10
1229 330 -9
1824 4490 -8
330 502 -4
1824 2955 -4
502 1963 -1
6192 9420 0
9420 8245 -6
9420 6223 -1
6223 9357 -9
9357 9851 -9
6223 6281 -4
6281 422 -9
7911 9422 0
9422 4642 -1
4642 811 -8
9364 9646 0
9646 9065 -8
4045 9791 0
9791 7693 -6
7693 4965 -8
4965 7344 -1
7344 1820 -6
7344 8918 -5
8918 8497 -8
1820 5499 -1
5499 5191 -8
5191 3550 -2
8999 9800 0
9800 9185 -6
2646 9867 0
5599 9993 0
437 34 1
34 2259 -8
34 4448 -6
2259 4643 -6
2259 5441 -3
2874 150 1
150 634 -8
150 9051 -2
2204 158 1
158 256 -9
158 7704 -7
7704 3919 -6
3919 7281 -10
158 603 -5
256 1726 -2
1726 8210 -4
7704 2370 -1
2370 457 -5
457 1560 -6
1560 3197 -9
1560 6240 -7
457 4574 -4
1560 4711 -3
4711 2352 -7
4574 2498 -1
6240 9971 -1
603 1975 0
6240 2593 0
1975 3150 0
3150 2820 -2
2820 8414 -2
8414 113 -9
113 5496 -6
113 5545 -6
5545 5510 -6
5545 9742 -4
113 2166 -1
3150 2651 -1
2820 8515 -1
8515 7004 0
7004 1724 -3
1724 7750 -8
7750 8078 -9
1724 2537 -6
8078 6812 -5
8078 4387 -4
4387 9298 -3
8078 2840 -2
2840 9379 -3
7004 2929 -2
2929 878 -5
878 684 -10
878 8049 -8
8049 8502 -2
8502 1216 -1
1216 2488 -4
684 649 0
649 6740 -7
6740 7143 -4
7143 8350 -1
8350 4343 -3
4343 2293 -9
2293 3377 -9
3377 4009 -9
3377 792 -7
2293 2476 -5
792 9808 -4
4343 590 -3
590 1182 -2
1182 1123 -8
1123 59 -10
1123 1807 -10
1123 9785 -10
9785 1799 -8
59 7095 -6
7095 5334 -8
5334 1499 -7
59 5653 -2
4009 306 -1
5653 554 -1
4009 3940 -1
878 834 0
834 9391 -9
834 2987 -5
834 7824 -3
834 594 -2
594 4400 -2
9391 5898 -1
5898 5672 -2
5672 5193 -9
2537 914 0
5334 2538 0
2538 3497 -5
3497 1905 -7
1905 1016 -4
1016 9717 -10
1016 486 -4
486 9014 -10
486 19 -5
19 9304 -10
19 4741 -9
19 9841 -9
19 2 -7
9014 2344 -4
2344 617 -9
617 7699 -10
2344 1917 -8
1917 338 -8
338 247 -8
247 7478 -10
7478 4842 -9
4842 7758 -7
1917 1798 -5
9717 5392 -4
5392 9647 -6
9647 6781 -5
6781 9622 -7
6781 3368 -4
3368 160 -5
160 2480 -5
2480 4673 -5
4673 4032 -7
4032 3740 -10
4032 6745 -9
6745 7031 -7
7031 8045 -5
8045 8673 -6
4673 9773 -5
486 4072 -3
4072 6246 -5
617 4943 -3
9622 7606 -3
1905 8411 -3
8411 2125 -4
2125 2321 -10
2125 1285 -8
2321 2751 -7
1285 6004 -7
6004 6584 -7
6584 1819 -9
1819 20 -9
1285 7955 -6
20 99 -5
99 415 -10
99 1355 -8
99 4130 -7
6584 1434 -4
8411 1613 -3
1355 2888 -3
1613 7106 -3
1613 533 -2
19 696 -2
696 697 -7
9304 4114 -2
4114 8989 -6
8989 9256 -10
4114 2778 -5
2778 363 -5
363 3840 -4
3840 5016 -7
5016 730 -5
730 7532 -7
2888 7098 -2
7098 3831 -5
3831 8757 -8
8757 3145 -10
8757 8613 -9
3145 6604 -3
6604 3393 -6
3393 6517 -8
3393 6817 -3
3831 699 -2
699 4752 -4
6817 4615 -2
4615 2591 -5
4842 7320 -2
7320 5589 -5
7320 4790 -4
4790 431 -7
6517 8704 -2
486 600 -1
7098 1710 -1
2538 2724 -1
1905 2946 -1
2946 3726 -9
3726 4083 -5
4083 48 -7
48 61 -7
61 243 -7
4083 6391 -6
243 2748 -4
2748 4241 -7
4083 9327 -3
9327 4634 -7
61 1254 -2
1254 1573 -7
6391 6704 -2
6704 1250 -4
1250 714 -8
1250 5102 -2
5102 1709 -8
5102 4890 -7
4890 333 -7
4890 9341 -3
4890 1080 -2
1080 283 -7
283 503 -8
503 9370 -10
503 3787 -8
3787 3256 -9
3256 1644 -9
1644 6466 -7
6466 3279 -9
3279 6644 -8
3279 2606 -7
3787 8770 -7
3787 8904 -7
3256 9344 -7
9344 7473 -10
9344 1611 -6
8770 8016 -6
8016 1160 -9
8016 8079 -7
3256 5007 -4
5007 8034 -3
8034 7985 -4
7985 8929 -9
8929 2185 -5
1644 2377 -2
2377 4955 -8
4955 522 -8
522 4715 -9
522 477 -8
477 6388 -8
283 2831 -2
2377 3425 -2
477 6657 -2
6657 6197 -6
6197 2568 -8
2568 1447 -8
6197 4660 -7
4660 5960 -10
5960 6064 -10
4660 2652 -8
4660 4256 -6
6064 8291 -5
5960 1653 -3
1653 2205 -10
2205 7351 -6
7351 2948 -9
2568 7933 -3
7933 8614 -9
8614 2779 -10
2779 2580 -5
6657 8500 -3
8500 869 -5
8500 4950 -3
4660 8542 -3
8542 7270 -7
2568 2329 -2
2652 9392 -2
8034 421 -1
7473 739 -1
6704 3298 -1
2580 3446 -1
8291 5412 -1
5412 1748 -10
1748 384 -10
384 6386 -9
6386 9489 -10
384 901 -8
384 4836 -7
4836 4156 -7
5412 1510 -6
9489 204 -5
204 461 -6
461 4389 -9
4389 4827 -8
4827 315 -8
315 36 -10
461 7312 -8
315 537 -6
315 2908 -5
1748 6371 -5
6371 5242 -6
5242 6448 -8
6448 380 -7
9489 344 -4
344 5387 -9
5387 810 -9
5387 7321 -8
344 3234 -6
380 807 -4
36 3855 -4
3855 2680 -4
2680 235 -7
235 278 -5
2908 4221 -4
7312 4872 -4
537 1276 -3
2908 6140 -3
2680 6723 -3
5412 3191 -2
6723 4879 -2
4156 9977 -2
1276 1148 -1
1148 1612 -8
1612 7584 -10
1612 1082 -4
7584 6113 -4
1148 9563 -3
2908 1720 -1
2908 3945 -1
2908 4036 -1
4036 2360 -10
2360 259 -8
259 77 -5
77 566 -8
566 5464 -5
5464 2267 -9
2267 793 -4
793 253 -4
77 319 -3
77 8643 -2
8643 6567 -4
6567 4528 -10
4528 7345 -8
4528 147 -7
7345 4834 -3
6386 4435 -1
4827 5132 -1
486 5631 -1
5631 3024 -8
3024 6939 -4
6939 7956 -9
7956 667 -9
7956 9726 -9
667 647 -5
7956 9456 -5
667 2071 -4
2071 6497 -8
9456 8577 -4
8577 7724 -8
7724 5620 -7
7724 8787 -6
7724 9885 -5
5620 373 -4
6497 9265 -4
7724 9766 -4
6939 305 -3
373 865 -3
865 6780 -10
3024 9097 -3
7956 9025 -2
9025 5730 -6
9025 5571 -2
9265 9291 -2
9097 1555 -1
1555 8718 -6
8718 4234 -3
3831 5745 -1
48 5807 -1
2071 6107 -1
9014 6119 -1
6119 7831 -7
363 6595 -1
6595 8642 -4
8642 4970 -6
3191 8018 -1
8018 8597 -8
3279 8323 -1
8323 1903 -10
1903 7442 -10
7442 5426 -3
537 8519 -1
8519 2532 -3
2532 2720 -7
2720 3514 -1
3514 6531 -3
6531 4016 -5
6531 821 -3
3514 2492 -1
2492 1772 -9
1772 6887 -9
1772 1603 -3
6887 3540 -2
699 9116 -1
821 9559 -1
9559 5984 -3
20 26 0
26 32 -3
32 1906 -6
9977 322 0
1082 466 0
4890 800 0
800 1540 -9
800 1880 -7
800 3415 -6
800 6143 -2
6143 4428 -2
4428 9213 -2
9213 2396 -6
2396 8215 -6
8215 279 0
279 2477 -10
279 4919 -9
2477 5637 -8
2477 9549 -8
8718 1331 0
1331 7696 -9
259 2006 0
253 2199 0
2199 862 -6
3855 2324 0
3191 2332 0
2332 212 -2
212 6375 -7
212 7381 -4
7381 1879 -5
6375 5476 -1
5476 372 0
372 4779 -9
4779 134 -6
4779 6459 -4
4779 7131 -2
7131 9260 -4
372 7571 -2
7571 5383 -4
5383 5380 -10
5380 2317 -5
2317 1252 -6
1252 3216 -9
3216 7843 -6
7843 3233 -8
3216 1004 -5
1004 1079 -10
3216 5862 -2
5862 7794 -9
7794 1385 -10
5862 4216 -3
4216 5060 -9
5862 2035 -2
2035 2776 -10
2317 3085 -1
1385 4697 -1
4697 9329 -8
4697 5088 -2
9329 6871 -1
9329 8435 -1
1385 8630 -1
8630 870 -2
870 8224 -9
8224 4488 -9
4488 4374 -1
6704 2394 0
1254 2743 0
2743 7901 -6
3085 3084 0
380 3466 0
8929 3508 0
4130 3743 0
3743 3987 -2
3743 9085 -2
5380 3809 0
3809 3692 -4
3692 783 -4
3692 2243 -3
2243 2193 -2
2193 4694 -10
2243 4070 -2
3809 4391 -2
4391 6499 -2
4070 8124 -2
783 8114 -1
3085 4229 0
4229 997 -10
4229 7260 -6
7260 4755 -6
4755 6038 -6
997 3055 -5
4229 7023 -2
7023 4335 -9
8291 4336 0
4336 2320 -10
4336 2555 -2
2555 1230 -10
2555 1806 -9
1806 4445 -10
4336 3430 -2
2320 106 -1
2320 8535 -1
9559 4477 0
4477 2033 -9
4477 9318 -1
9318 3853 -10
4216 4696 0
4696 7967 -9
9379 4798 0
8757 4881 0
4881 3818 0
3818 2920 -2
3818 4092 -1
1709 5030 0
5030 5707 -2
5707 2430 -5
4741 5329 0
7004 5680 0
5680 3417 -8
3417 452 -9
3417 5245 -8
3417 8213 -8
8213 6385 -7
6385 3768 -9
5245 2066 -6
3768 8975 -5
8975 2053 -7
2053 6121 -10
2053 334 -9
6121 703 -5
703 570 -9
452 321 -4
321 6815 -5
3768 6784 -4
6784 9518 -9
6121 4703 -3
3417 4742 -2
4742 7366 -7
2066 1131 -1
1131 6573 -4
9518 5271 -1
5271 1617 -7
1617 1496 -9
1496 3468 -6
5271 688 -4
1617 2960 -4
2960 2782 -4
2782 2211 -9
2211 3645 -10
3645 2481 -9
3645 4079 -6
3468 6541 -4
1496 7364 -4
2960 8947 -4
8947 72 -8
72 2297 -10
72 4815 -9
7364 2757 -3
2960 7166 -3
2211 443 -2
3645 2814 -2
2814 8259 -6
6784 7056 -1
4842 5922 0
5922 9003 -5
9003 2309 -7
2309 5208 -10
5922 1989 -4
1989 9096 -10
5208 9032 -1
461 6042 0
6042 7763 -10
7763 8966 -3
8966 4949 -6
2344 6160 0
7004 6390 0
6390 1480 -5
1480 1908 -10
1772 6440 0
6440 1323 -10
1323 5475 -8
5475 6724 -2
6724 1875 -10
1875 9980 -9
1875 2982 -6
2982 1102 -6
1102 6117 -10
1102 1154 -9
2982 2286 -6
2982 2179 0
2179 1012 -8
1012 931 -8
1012 6814 -8
6814 3343 -9
931 2573 -4
3343 7137 -3
3343 9849 -3
9849 2233 -1
2233 1039 -1
2179 5685 0
5685 5019 0
5019 6229 -2
6229 8829 -10
8829 9382 -10
5475 6397 0
6397 3640 -4
6397 1608 -1
1608 1904 -8
901 6628 0
807 6729 0
6729 4664 -3
8435 6980 0
6980 6472 -10
1252 7231 0
7231 664 -9
664 5619 -2
322 7520 0
4241 7554 0
7554 4763 -8
4763 2741 -5
2741 6545 -7
997 7782 0
7782 872 -8
872 3324 -8
3324 1610 -9
1610 246 -10
3324 4434 -9
3324 367 -7
367 8410 -10
367 2328 -7
1610 1125 -3
1610 7050 -3
246 498 -1
498 3763 -8
3763 6318 -5
3763 3826 -4
3826 9082 -8
3826 5080 -7
5080 2325 -9
9082 4375 -6
9082 8248 -5
8248 3159 -7
3763 6626 -3
6626 3172 -9
3172 3404 -9
3404 92 -3
2325 3168 -2
3168 1336 -6
1336 9874 -10
1336 4441 -6
367 1311 -1
2325 5401 -1
4441 7294 -1
7294 4212 -1
8248 8017 -1
3404 3896 0
3896 43 -8
9808 7881 0
7881 7983 -4
7983 8930 -7
6397 8944 0
20 8945 0
8945 5829 -1
6472 9174 0
9174 1846 -6
1846 5966 -7
1846 7329 -7
7329 6958 -3
5966 7285 -2
7285 112 -8
1846 9860 -2
9174 6518 -1
6518 2653 -10
6518 8794 -3
8794 8194 -8
8794 5972 -4
7329 6579 -1
6958 8815 -1
8815 9158 -4
9158 4382 -8
4382 2398 -5
8194 387 0
387 348 -6
8815 1286 0
2398 7314 0
7314 5012 -7
5012 6480 -4
7329 7656 0
7656 1995 -10
1995 9061 -10
9061 7611 -7
7611 362 -8
362 2470 -6
7656 6394 -1
1995 374 0
374 6411 -9
374 7452 -3
7452 5894 -4
5894 9984 -7
6411 4442 -1
4442 8727 -7
8727 1092 -10
1092 1542 -9
1542 6288 -6
1092 5442 -3
5442 2273 -9
5442 1303 -3
5442 6155 -2
1092 4303 -1
6411 5580 -1
9379 9224 0
2321 9413 0
9413 3700 -3
3700 4701 -10
3700 8532 -4
3700 5480 -3
5480 4195 -8
4195 5533 -5
5533 7249 -9
5533 4356 -2
4356 7409 0
5862 9484 0
279 45 1
45 1248 -2
1248 4700 -1
4700 5806 -8
5806 1719 -7
1719 2500 -9
2500 5686 -10
1719 8921 -9
4700 6709 -6
6709 5330 -6
2500 1701 -4
4700 5377 -4
5377 2564 -4
2564 8632 -7
5686 5858 -4
5858 6159 -9
6159 1966 -7
1966 9499 -7
9499 8897 -5
4700 8069 -4
8069 3791 -10
2564 9009 -4
4700 3765 -3
1701 799 -2
799 2264 -10
2564 2482 -2
2482 2676 -10
2676 2877 -4
2877 9177 -7
9177 4885 -8
9177 7784 -6
799 2503 -2
2503 9077 -8
9077 5477 -8
5477 1749 -5
5477 2663 -5
2663 8835 -10
2663 5265 -6
5265 2081 -7
2081 6668 -10
6668 4056 -3
4056 2132 -6
8835 5605 -2
5605 3749 -10
3749 371 -6
3749 8340 -4
5605 4372 -3
4372 3796 -6
4372 5668 -3
5668 7778 -10
5668 6418 -6
1749 2414 -1
2414 3651 -8
3651 1888 -7
1888 6587 -8
2414 6757 -6
1888 1211 -4
3651 9948 -4
9948 6532 -8
6532 6773 -9
6773 8277 -10
9948 6485 -4
9499 188 0
188 1 -9
1 116 -8
188 3435 -8
1 2548 -2
2548 3487 -3
2482 4604 0
1888 7219 0
371 8220 0
1966 9347 0
5858 9349 0
9349 6816 -10
6816 1176 -9
1176 2239 -8
1176 9969 -5
2239 685 -2
4742 68 1
68 70 -7
70 1467 -2
70 1170 0
1170 1803 -7
1170 8591 -1
333 257 1
257 2825 -6
2825 1456 -6
2825 5394 -2
257 1476 0
1476 1324 -10
1476 1784 -2
1784 8894 -2
8894 760 -6
760 6576 -9
760 4785 -7
4785 3357 -6
760 1835 -1
8894 6851 -1
6851 638 -10
6851 233 -5
233 6516 -3
6516 3535 -5
3535 3015 -10
233 1183 -2
1183 1972 -8
1972 8225 -4
4785 7924 0
257 18 1
18 115 -7
18 1813 -4
1813 9909 -10
9909 6190 -3
2317 302 1
302 1639 -9
302 7420 -8
7420 7814 -8
302 2130 -7
7420 977 -4
977 4300 -9
977 1153 -8
1153 2276 -5
2276 2497 -8
2276 7460 -5
2276 6173 -4
6173 5855 -4
1639 8172 -4
1639 2896 -2
2896 9514 -6
9514 6131 -4
2896 4595 -3
2896 5946 -3
6131 9459 -3
4300 8089 -2
2497 5277 0
5946 7179 0
302 8448 0
8448 6611 -2
6611 3569 -8
3569 998 -8
6611 5006 -7
6611 6172 -5
3569 6184 -5
6172 7731 -3
5006 8033 -1
6172 3681 0
3681 6528 0
6528 5703 -6
5703 3313 -3
4382 337 1
337 451 -10
451 656 -2
451 933 -1
1083 354 1
354 674 -4
674 199 -6
2377 385 1
384 462 1
462 3157 -4
462 4478 0
870 538 1
6531 548 1
548 7018 -7
548 417 -5
417 4142 -10
417 4323 -2
7018 9241 -1
9241 6850 -4
6850 8440 0
2741 576 1
576 155 1
155 218 -8
218 1960 -9
155 5234 -6
1960 2111 -3
155 5871 -2
5006 743 1
743 9450 -8
9450 6313 -10
9450 6500 -7
743 9590 -4
743 3858 -2
3858 6319 -10
6319 8468 -10
3858 9242 -10
9242 6306 -8
3858 7448 -8
6319 1538 -6
1538 5053 -4
9590 5543 -2
5543 3199 -9
6500 7441 -2
7441 3060 -10
3060 9416 -4
7441 2358 -2
743 2255 -1
2255 142 -5
2255 6881 -5
6881 4652 -5
4652 8992 -3
2255 3854 -2
9242 4568 -1
3854 6339 -1
6339 7216 -2
7216 3206 -8
3206 4034 -8
4034 2164 -6
2164 7340 -9
7340 8810 -6
8810 2566 -10
2566 5017 -9
5017 9283 -10
2566 7419 -9
2566 8985 -9
8985 3543 -6
2566 4138 -6
4138 7071 -6
8810 9720 -6
8810 6670 -5
7071 3373 -4
3373 7968 -4
7968 2582 -8
2582 5000 -10
3543 2471 -3
5017 366 -2
366 3228 -3
7216 1477 -2
2471 6651 -2
2582 179 -1
179 9758 -3
9758 4203 -9
4203 6224 -8
4203 6671 -7
6224 7008 -5
7008 678 -7
6671 7277 -3
6671 7857 -3
7857 7392 -6
7392 9571 -10
7392 5956 -8
7392 1561 -5
4203 9063 -3
7392 1950 -2
7857 4966 -2
1950 1223 -1
2164 2455 -1
2455 2721 -6
2721 9073 -3
2566 2715 -1
2715 3753 -8
2715 6894 -6
3753 5268 -4
5268 4446 -6
4446 805 -8
805 8345 -4
805 2302 -2
2302 2510 -4
7008 2819 -1
2819 1516 -10
2819 8394 -10
2819 5216 -9
1516 8775 -9
5216 2970 -8
1516 2423 -5
2423 5145 -10
2423 2972 -5
2970 3736 -5
8775 2336 -1
7008 6752 -1
3228 7213 -1
7213 1359 -10
1359 4858 -8
7213 4797 -7
7213 5375 -5
5375 2215 -5
2215 8603 -9
4797 1735 -4
4797 668 -2
668 896 -10
896 2090 -7
1359 2903 -2
2903 7645 -7
2903 6777 -3
7645 2771 -2
2771 839 -1
2771 4578 -1
4578 3062 -8
3062 2523 -9
2523 7582 -9
2523 9830 -9
4578 8396 -4
8396 2584 -10
3062 5939 -1
2523 6782 -1
6782 53 -8
2715 7307 -1
7307 2559 -10
2559 1638 -9
2559 7382 -8
7382 9054 -7
9054 768 -9
768 561 -6
561 310 -9
561 3346 -9
768 608 -6
7307 780 -5
780 2120 -4
2120 4051 -9
4051 4290 -6
4290 5051 -7
5051 6182 -8
4290 9296 -7
9296 3087 -10
4051 5581 -5
5581 8771 -6
9296 7807 -5
4290 5418 -4
3087 5073 -3
5073 8720 -10
5073 9658 -5
9658 7931 -7
7931 8800 -7
9658 369 -4
369 672 -8
672 8467 -7
9658 7626 -4
5581 725 -2
725 7287 -7
725 9643 -7
725 436 -5
561 1593 -2
1593 5734 -10
7382 4492 -2
4051 5860 -2
780 4863 -1
4863 8986 -4
4863 5626 -3
2120 8012 -1
8012 6746 -7
4797 8054 -1
8054 80 -2
80 86 -5
86 1093 -4
2566 8575 -1
8575 950 -5
9590 9165 -1
9165 746 -9
9165 9927 -6
746 226 -2
142 129 0
129 91 -9
91 7503 -10
7503 1728 -9
129 5537 -4
1728 361 -3
361 4207 -5
361 275 -4
275 2068 -7
275 9238 -6
2068 7263 -5
129 7020 -3
5537 1655 -2
7503 3244 -1
3244 8619 -5
8619 2639 -4
8619 6551 -2
9238 8750 -1
142 1227 0
3062 1488 0
1488 383 -7
1488 153 -3
1488 6110 -3
9720 3027 0
8575 4516 0
4516 7892 -1
7892 1631 -10
1631 2119 -5
2119 615 -9
615 1770 -10
2119 7598 -5
1631 6678 -4
7598 4540 -3
4540 3141 -8
4540 7657 -8
7657 6304 -9
3141 1217 -2
1217 100 -5
7892 2572 -2
2572 2683 -6
2683 9173 -8
2683 3842 -6
1770 2936 -1
2936 1029 -2
1029 3177 -9
1029 855 -5
1029 2708 -5
855 186 -4
855 5907 -2
5907 4892 -8
4892 4597 -4
2708 7116 -2
2936 4199 -1
4199 4622 -6
4622 3927 -9
3927 650 -5
4199 6174 -5
6174 1121 -7
1121 772 -3
4199 5168 -3
650 138 -2
1121 1185 -2
1185 2892 -5
1185 492 -2
492 9164 -10
492 2449 -8
9164 3562 -5
3562 2406 -2
492 7412 -2
5168 986 -1
986 6296 -8
6296 5203 -3
2892 1866 -1
1185 1945 0
1945 3149 -3
3149 4049 -8
53 4899 0
4899 3035 -4
3035 2835 -10
2835 658 -8
658 1696 -4
1696 4094 -7
4094 7465 -6
4094 6082 -5
1696 6455 -5
6455 4169 -7
6455 9047 -7
6082 6687 -3
4899 1834 -1
2835 2882 0
2882 1228 -7
7382 5077 0
7657 7162 0
7162 9136 -6
9136 4252 -4
4252 9863 -8
9283 7640 0
4540 8269 0
492 8391 0
8391 8082 -1
8082 328 -3
328 187 -9
328 1142 -7
328 2149 -7
2149 942 -10
942 5027 -7
5027 9556 -10
328 424 -2
187 9974 -2
9974 1691 -7
9556 9739 -1
9739 8859 -2
187 6731 0
6731 9992 -6
9992 4984 -3
3087 8735 0
8735 5964 -5
383 9763 0
9763 8048 -9
9763 4386 -5
9763 9210 -5
100 5 1
5 248 -7
248 2755 -9
2755 7469 -8
248 8153 -5
5 39 -3
39 277 -10
277 5512 -8
277 734 -7
39 2056 -7
277 491 -3
491 7986 -9
491 3702 -7
3702 1609 -10
1609 3327 -5
3327 6848 -6
248 1283 -3
3702 5634 -3
248 8562 -1
7469 8963 -1
8963 6230 -9
7645 398 1
9165 526 1
526 2706 -3
2706 5013 -7
5013 1037 -5
1037 9017 -1
9017 2280 -9
2280 1104 -9
2280 2150 -6
9017 3729 -1
2706 9837 -1
3729 2967 0
2967 6561 -2
6561 1916 -4
1916 245 -9
398 551 1
551 1098 -4
1098 4774 -5
8800 717 1
17 756 1
6167 789 1
789 956 -2
956 1000 -8
1000 9937 -6
1000 5057 -4
498 833 1
833 1367 -3
1367 6716 -8
1367 9963 -5
9963 6170 0
6170 3578 -9
6170 458 1
458 3138 -5
458 2939 -2
2939 4093 -5
4093 7036 -10
7036 558 -6
2939 1518 -4
2939 3114 0
3114 4314 -1
4314 708 -3
218 868 1
868 2272 -9
868 5603 -5
5603 2899 -6
2899 3541 0
1036 1020 1
1020 264 -7
1020 5833 -5
8172 1022 1
4432 1049 1
415 1050 1
1050 7297 -8
2994 1186 1
1022 1190 1
1190 2443 -8
8992 1284 1
1284 7564 -2
1284 2197 -1
2197 5439 -5
5439 6699 -8
5439 1523 -7
1523 1463 -7
5439 7422 -3
7422 9703 -3
1523 1614 -2
1614 4624 -5
4624 3605 -3
9349 1287 1
1746 1306 1
302 1319 1
1319 2968 -2
2968 738 -4
2968 5551 -4
5551 5953 -5
5953 8021 -5
738 8852 -2
8852 5903 -4
5903 4563 -5
5903 6961 -2
5551 773 1
773 8588 -5
8588 2335 -9
2335 3609 -5
773 143 -3
3609 4559 -3
4559 841 -5
841 4502 -8
4502 3021 -9
3021 7533 -6
8588 5948 -3
4502 4173 -2
4173 3794 -2
143 3178 -1
3178 9300 -8
3178 2624 -6
4502 4188 -1
4188 9377 -7
4502 6051 -1
9300 7764 -1
7764 2802 0
3794 3387 0
3387 7176 -4
773 3893 0
7764 9623 0
31 1396 1
5496 1422 1
328 1427 1
1427 8353 -8
1427 1758 -7
1758 6099 -7
6099 5301 -9
1427 7630 -7
8353 3348 -4
3348 9384 -5
3348 6287 -2
6287 6813 -5
5270 1429 1
1429 7160 -5
8775 1449 1
1449 4264 0
4264 3748 -2
3748 8749 -7
5672 1465 1
1465 5471 -9
1465 329 -8
5471 2244 -6
329 128 -4
128 7817 -10
329 7870 0
7870 3767 -10
1635 1497 1
1497 2540 -9
1497 4162 -3
1497 9217 -1
9217 5899 -3
3249 1524 1
4336 1556 1
1556 1583 -10
1583 3089 -6
3089 5818 -2
5818 1430 -5
5818 4407 -4
4407 1805 -9
4407 2257 -9
2257 2705 -8
2705 2915 -10
2705 5106 -9
2705 6803 -7
5106 5097 -6
2705 1077 -5
6803 6648 -5
2915 139 -4
139 2504 -9
2504 7714 -7
2915 6822 -4
6822 304 -9
304 4633 -9
304 201 -8
304 1140 -3
6822 3189 -3
139 82 -1
3089 2681 -1
2681 4521 -10
5106 2919 0
2919 3186 -7
2919 4969 -1
4969 8403 -2
8403 2627 -1
2627 2402 -2
8403 8598 -1
8598 5834 -5
5106 9250 0
9250 3812 -6
9250 8108 -5
8108 8055 -8
8055 7055 -4
137 1634 1
1634 6032 -1
755 1776 1
5685 1828 1
1828 6199 -9
9220 2024 1
3417 2044 1
2044 6913 -9
2044 1045 1
1045 1320 0
1320 6624 -6
6624 1793 -10
1793 3300 -7
6624 7534 -4
7534 73 0
1748 2155 1
2155 6929 -8
2155 8275 -4
8275 464 -3
464 268 -10
268 4619 -6
268 7188 -5
464 2879 -1
2879 9441 -10
4619 7111 -1
7111 238 -7
238 3426 -9
238 8791 -9
8791 9408 -10
7111 8474 -6
8474 3688 -5
3688 8608 -5
8608 1533 -10
3688 4346 -2
268 2995 0
8474 3421 0
2492 2171 1
3141 2177 1
5153 2203 1
2203 569 -4
1114 2307 1
2307 5865 -4
5865 5819 -9
5819 2245 -10
5865 903 -8
2245 255 -1
255 6322 -9
255 1956 -5
5819 8071 0
8071 7240 -9
5620 2334 1
2334 7196 -5
2334 444 -1
444 309 1
548 2349 1
1224 2364 1
2364 8484 -4
2364 1716 1
4516 2395 1
2395 3118 -1
3118 7054 -10
2155 2431 1
1082 2446 1
570 2465 1
2465 4959 0
9731 2493 1
2185 2517 1
6480 2684 1
2684 1705 -8
2684 3966 -3
3966 9817 -6
9817 5281 -8
5281 8807 -4
1705 8868 -2
5281 2379 -1
2379 8416 -10
2379 397 -7
2379 4638 -7
8416 5448 -7
397 6336 -7
4638 5365 -1
5365 8059 -8
5365 4198 -4
4198 445 -3
445 579 0
579 1584 -10
2684 1151 0
8416 3042 0
5281 4452 0
6336 9480 0
2800 2722 1
3373 2742 1
2742 4301 -4
9364 2764 1
8194 2770 1
4375 2789 1
2789 4494 -3
6336 2853 1
6913 2860 1
2860 483 -9
483 882 -8
2860 1841 -7
1841 9838 -8
1841 2685 -6
1841 5749 -5
5749 4717 -10
4717 4844 -4
4844 3628 -7
4844 4905 -6
3628 5548 -6
5548 8917 -6
882 8626 -3
483 7456 -2
7456 9310 -10
9310 6754 -8
9310 5744 -3
882 395 -1
395 63 -4
63 7278 -6
7278 3354 -2
1841 803 0
803 9189 -5
803 3144 -4
3144 1390 -1
1390 5136 -8
5136 7058 -5
7058 4933 -8
3144 5348 -1
5348 4022 -2
4022 5640 -5
5348 474 -1
474 1212 -10
474 5253 -6
474 858 -1
3144 8689 -1
4717 7021 0
3144 2429 1
4788 2867 1
2867 4552 -9
2867 8139 -7
4552 2399 -5
2399 6911 -8
2399 8898 -7
8898 4524 -10
6911 293 -3
293 9542 -9
293 3152 -6
3152 966 -3
966 6572 -8
3152 7625 -3
7625 1948 -7
2399 2061 -2
293 7897 0
7897 6585 -6
6585 5775 -10
5775 7871 -9
6479 3039 1
3039 1207 -7
1207 5838 -10
1207 469 -4
1207 2157 -2
2157 7850 -6
2157 665 -5
7850 7323 -2
7323 4348 -3
4348 9532 -2
9532 5933 -1
5933 9141 -3
9532 2698 1
2698 8 -2
2698 7464 -1
7464 25 1
25 118 -6
118 1618 -10
118 3498 -8
25 888 -2
888 3996 -7
3498 3375 -2
888 9560 -1
9560 9212 -10
2408 3082 1
3082 3513 -8
3513 6231 -8
3082 5446 -7
5446 2187 -10
5446 9236 -10
5446 9601 -8
2187 4609 -6
4609 4111 -5
6231 747 -3
3513 9321 -3
9321 1787 -9
1787 96 -10
1787 1382 -10
1382 4048 -10
96 819 -7
4048 9333 -7
96 81 -6
9333 1812 -5
1812 2601 -8
96 2976 -4
2976 7086 -5
819 4202 -4
9601 9400 -3
1812 9923 -3
9923 4062 -8
4609 2318 -2
5446 2923 -2
2923 7748 -9
9321 5184 -2
5184 5890 -9
5184 7592 -9
7592 1851 -6
5890 3046 -6
3046 1827 -5
1827 2673 -10
2673 6834 -4
1827 7406 -3
5184 4713 -2
4713 5094 -3
1382 9404 -2
2187 840 -1
840 1681 -10
840 2790 -6
2790 4380 -2
9404 1419 -1
2601 3634 -1
3634 1062 -2
1062 4457 -9
9601 4340 -1
4340 1965 -9
1965 1637 -6
1637 1162 -10
1162 6087 -6
1162 8336 -2
6834 5584 -1
5584 698 -6
5584 4868 -3
5584 5886 -3
8336 7029 -1
7029 2811 -10
7029 6484 -10
2811 1860 -2
1860 9653 -7
9653 6956 -5
6956 4473 -3
840 900 0
7748 1944 0
1944 9367 -6
1944 980 -2
980 341 0
9321 119 1
119 8679 -6
8679 3045 -5
3045 3921 -6
3921 4192 -1
4192 1257 -1
5890 1402 1
1402 1867 -6
1867 3303 -4
3303 8617 -4
7029 2578 1
9367 2596 1
2596 6179 -6
1807 3116 1
3116 382 -7
382 6623 -7
7629 3154 1
3154 6130 -3
3154 7485 -3
7724 3247 1
3247 1273 -10
1273 827 -3
1273 4088 -2
3247 8565 0
8565 2403 1
2068 3268 1
155 3275 1
7471 3304 1
3304 3697 -8
3697 6791 -4
7656 3443 1
3443 3299 -6
3299 368 -7
368 1292 -3
1292 2410 0
2410 7909 -6
3443 4617 0
1292 6538 0
6538 1451 -10
1451 7510 -9
7510 2978 -6
2978 6359 -10
2978 9546 -9
9546 3509 -8
6359 3378 -6
3378 3161 -8
9546 2912 -4
2912 838 -9
838 704 -7
704 1161 -6
2912 1760 -4
1760 6496 -8
6496 9827 -8
6538 6629 -4
6359 8490 -4
3509 4007 -3
4007 2357 -5
4007 1411 -4
2357 5994 -4
5994 9879 -6
4007 9249 -4
9827 2693 -2
1161 5963 -2
1161 1750 -1
1750 2116 -2
1161 6227 -1
2978 6820 -1
6227 4817 0
4817 4888 -4
4888 1333 -2
2978 6615 0
6615 3277 -5
3299 7002 0
7002 8990 -6
7002 2758 -2
2758 6104 -8
6104 6412 -8
6412 2886 -6
2886 4333 -4
4333 4818 -7
6104 7502 -4
3509 7069 0
7069 2304 -4
2304 7550 -5
7550 3804 -10
1760 8915 0
3466 3472 1
3472 4646 -2
4473 3629 1
3629 3315 -7
3629 2881 -4
3629 4787 -4
4787 8987 -8
8987 5998 -3
5998 381 -9
381 1088 -9
5998 2512 -8
1088 4831 -8
2512 3941 -2
3629 1164 -1
1164 6468 -9
1164 1369 -3
5998 1839 -1
1839 4967 -7
4967 9465 -3
9465 2898 -6
9465 5518 -4
5518 1061 -4
1061 1330 -9
1061 605 -5
1330 4360 -3
4360 2516 -4
605 6637 -3
6637 4525 -5
4360 2527 -2
2527 8044 -7
2527 157 -2
9465 7718 -2
1164 3761 -1
3629 6698 0
8044 6957 0
6957 2378 -1
6468 8310 0
1719 3646 1
6692 3672 1
3672 7876 -2
4488 3674 1
3674 9531 -3
2120 3737 1
3737 3722 -5
3722 5647 -3
5006 3771 1
5510 3775 1
3775 7916 -3
3775 3253 -2
3775 8802 0
8802 7032 -9
7032 291 -1
5998 3856 1
3856 3759 0
3856 4802 0
5907 3867 1
1980 3889 1
3889 5606 -10
5606 7126 -6
7126 7798 -10
7126 2200 -5
2200 4806 0
1660 3895 1
3895 6707 0
6615 3916 1
3916 7860 -2
8074 4040 1
3854 4122 1
9384 4244 1
4244 9933 -9
9933 8037 -6
8037 8780 -10
8780 9190 -6
8037 3965 -4
3965 4778 -6
9933 9362 -2
9933 7594 -1
7594 8134 -8
7594 8438 -5
8438 3985 -4
3985 3342 -8
3342 4945 -4
7594 3585 -2
3585 7043 -8
7043 5021 -9
5021 3467 -6
8134 3956 -2
3956 9045 -2
9045 9561 -4
9561 299 -5
299 4396 -8
299 6738 -7
6738 8746 -5
8746 8023 -1
4778 9026 -1
9190 3218 0
3218 6438 -4
6438 1482 -10
1482 975 -6
975 494 -7
494 4738 -10
975 2975 -7
2975 1293 -7
1293 1469 -5
1469 3683 -9
3683 9637 -3
9637 9094 -10
9637 9395 -4
9395 4030 -3
4030 3823 -3
3683 1089 -2
1089 8387 -10
1293 3860 -2
1469 4754 0
3823 5502 0
5502 5453 -8
5453 2795 -8
2795 7233 -10
4778 5674 0
975 5971 0
8746 5977 0
1293 342 1
342 5714 -8
342 209 -3
5714 6120 -3
6120 1084 -8
6120 6034 -7
6034 4316 -9
4316 3402 -10
6034 6805 -4
6805 9690 -5
9690 7648 -5
7648 4770 -5
4770 969 -8
969 1362 -5
1362 1317 -7
7648 1690 -1
1690 9311 -2
9311 7372 -9
1362 7206 0
7206 7181 -8
7372 37 1
37 159 -4
159 6137 -5
37 6376 -3
8780 847 1
3218 2305 1
2305 2260 -8
2305 2535 -4
2535 6907 -4
6907 378 -9
378 3503 -7
3503 3880 -10
2305 6338 -1
2305 3619 0
3619 6439 0
2535 7199 0
6907 9905 0
1293 3160 1
847 3322 1
5271 4255 1
3791 4310 1
4310 1574 -6
959 4311 1
293 4339 1
7531 4383 1
4383 2089 -6
2089 733 -2
733 7022 -3
7022 1481 -4
7022 4515 -4
1481 1206 -3
7307 4416 1
4416 7948 -7
7948 8274 -4
8274 874 -9
8274 5511 -9
8274 9043 -8
9043 948 -5
4416 4974 -3
4974 1127 -10
4974 9092 -3
6269 4460 1
4290 4462 1
5755 4472 1
5322 4497 1
1617 4618 1
6246 4621 1
4621 9492 -8
9492 9727 -1
5073 4698 1
348 4709 1
4709 9985 -8
2720 4728 1
4728 98 -4
98 3554 -4
98 6049 -4
6049 1466 -10
1466 8505 -8
2946 4746 1
4746 1209 -8
1209 1376 -6
1376 1652 -9
4746 7094 -1
1209 4071 0
5375 4803 1
4803 8252 -6
8252 7971 0
9851 4808 1
4808 1129 -3
8617 4838 1
4411 4851 1
4851 6892 -8
8562 4935 1
4935 7811 -8
2800 4983 1
4983 3803 -2
3803 8811 -7
3803 4569 -5
8811 1606 -4
1606 8978 -10
1606 9149 -8
1606 8200 -5
2120 4993 1
4993 4627 -4
7748 5049 1
8515 5056 1
5056 7172 -8
3322 5128 1
7420 5156 1
1905 5212 1
380 5236 1
7329 5296 1
5296 5950 -6
3740 5339 1
3425 5421 1
5421 2381 -6
5421 4550 0
5421 2167 1
7833 5559 1
5559 6967 -8
6967 4877 -2
6967 6100 -2
6100 1553 -10
6100 4393 -7
6100 5135 -6
1553 450 -3
6100 6474 -2
1553 7379 -2
7379 8951 -2
8951 8521 -2
8521 8838 -2
5135 9545 -1
9545 5450 -6
8951 9581 -1
6100 360 0
360 2279 -5
1637 5656 1
116 5669 1
4618 5677 1
2157 5718 1
3174 5742 1
5742 1788 -7
1788 9233 -3
43 5879 1
4619 5958 1
5958 6789 -3
8233 6008 1
6008 8637 -4
6008 7508 -2
7508 4474 -8
4474 9107 -4
4474 1046 -3
7508 1778 -2
6008 9897 0
9897 5064 -3
4967 6132 1
6132 3136 -5
3136 6285 -3
3324 6235 1
1634 6255 1
6255 4925 -10
4925 5788 -3
6255 8098 0
8074 6268 1
6268 7589 -6
7589 8174 -10
8174 4687 0
4687 3566 -8
4687 6264 0
5512 6317 1
6317 9325 0
3941 6380 1
6380 9517 -3
9517 6166 -3
6166 7229 -8
7229 2958 -6
2958 6938 -4
9517 5795 0
7229 3301 1
7054 6427 1
6427 3909 -8
3909 3328 -7
3909 1782 -1
1782 2894 -7
1782 5337 -7
5337 2614 -3
1782 709 -2
709 2229 -8
709 824 -7
824 1342 -9
2614 1964 -2
1964 5774 -5
1782 3559 0
3559 1872 -5
1872 5285 -4
5285 2143 -7
7817 6446 1
2501 6583 1
6583 4308 -9
6583 3006 -5
3006 3999 -10
3006 9884 -9
4308 5197 -5
5197 8167 -3
8167 2152 -7
2152 2911 -8
2911 2953 -2
4308 854 -1
854 435 1
4308 6619 1
1050 6749 1
9341 6787 1
6787 6714 -1
5971 6857 1
4556 6863 1
5966 6904 1
6904 7228 -10
6904 7723 -4
7723 5982 -7
9676 7083 1
7083 3276 -2
2449 7129 1
2874 7225 1
7225 6481 -8
3508 7248 1
7248 5641 -6
7248 9005 -6
9005 4594 -2
4594 1927 -10
4594 8312 -9
1927 8343 -6
4360 7298 1
7627 7325 1
7325 4364 -8
7325 4658 -1
37 7343 1
4083 7361 1
7361 7895 -2
1185 7405 1
112 7427 1
6671 7500 1
8562 7588 1
5448 7613 1
7613 745 -10
745 2028 -10
2028 6779 -10
2028 4772 -7
4772 5825 -8
5825 978 -7
5825 3534 -6
3534 5627 -5
2028 6307 -5
978 6832 -4
978 670 -1
670 1259 -2
1259 4273 -10
978 3139 0
1259 2649 1
2649 6011 -6
6011 4182 -5
4182 2588 -7
2649 3594 -4
2152 7715 1
7715 2230 -7
7715 9544 -6
7715 9965 -6
2230 5546 -5
2230 166 -4
2230 3652 -3
3652 9600 -6
9600 7753 -5
9600 1659 -3
7753 3210 -3
7753 6203 -3
6203 1628 -7
1628 4750 -6
6203 9023 -5
9023 859 -2
859 4106 -2
9544 5009 -2
7753 606 0
606 4052 -5
4052 1741 -9
606 5724 -3
606 6360 0
1355 7722 1
7281 7734 1
2761 7896 1
3307 7908 1
7908 6725 -4
7908 963 0
963 1265 -9
218 7919 1
3467 7970 1
7970 202 1
202 1363 -7
1363 6298 -3
7704 7993 1
6170 8062 1
1758 8087 1
8087 3044 -3
8087 9962 -3
9962 8709 -4
4956 8091 1
3909 8096 1
4234 8104 1
8104 1251 -9
8104 4307 -7
4307 2583 -2
2583 1440 -5
1440 921 -4
2583 2141 -4
2141 1715 -6
4307 185 0
2141 559 0
1440 6639 0
6639 1035 -5
1035 10 -4
10 15 -6
15 9365 -10
1035 111 -3
1035 1567 -2
1567 7494 -3
15 8906 -1
8989 8130 1
3526 8284 1
4559 8360 1
5253 8412 1
474 8422 1
8422 6959 -7
3736 8483 1
8483 2314 -5
6624 8533 1
3901 8551 1
647 8710 1
8710 1249 -2
1249 958 -6
958 7122 1
7122 3777 -2
3777 6591 -4
6591 5305 -7
6515 8778 1
1265 8854 1
5387 8862 1
8862 3494 -4
4264 8931 1
8931 5432 -10
8931 8526 0
5462 9163 1
9163 7450 0
7450 4682 -7
4682 8758 -8
8758 8203 -5
8203 4288 -9
4288 8143 -8
8143 4807 -7
8143 5885 -7
5885 3190 -10
5885 7652 -10
7652 6951 -6
8143 3756 -5
3756 5282 -10
5282 1978 -8
4288 9938 -5
4288 2034 -3
2034 757 -10
1978 9339 -3
9339 9419 -4
9419 3043 -6
3043 2316 -4
2316 2421 -2
1978 8536 -1
7652 1600 0
1600 724 -7
1600 916 -5
916 9277 -6
916 303 -2
1600 8095 -2
8095 7235 -5
7235 7394 -8
7235 2333 -4
7394 3365 -4
7235 691 -1
691 1817 -9
691 2695 -9
1817 6588 -8
8095 3531 0
2034 7671 0
7671 7059 -7
4807 9372 0
9372 8774 -9
8774 1179 -8
1179 5887 -2
9372 9669 -1
9669 4412 -5
4412 1731 -9
1731 7202 -10
916 408 1
408 539 -7
408 6476 -6
408 1261 -1
1261 1315 1
4682 1387 1
1387 4848 -3
4848 1070 -5
5885 4240 1
1817 5902 1
4016 9191 1
9191 4262 -4
4262 8781 0
4568 9216 1
9216 133 -1
133 6198 -6
133 336 -5
615 9246 1
4652 9330 1
6359 9425 1
4556 9437 1
3062 9573 1
9781 9649 1
9649 8982 -7
2802 9662 1
9662 4927 -9
4927 4141 -6
4141 8135 -3
8059 9713 1
9713 8361 -8
9713 8998 1
8998 1498 -9
2707 9771 1
9771 5175 -3
3301 9887 1
9887 6954 -10
9392 9925 1
3976 9990 1
3277 4 2
4 6 -10
6 4718 -10
4 1986 -9
4 5493 -9
6 7513 -8
4718 9162 -7
6 1381 -5
5493 7883 -3
5493 5970 -1
5970 4305 -3
7883 476 1
476 764 -7
764 4006 -9
4006 6021 -9
6021 2448 -4
2378 65 2
65 5024 -2
59 67 2
3901 69 2
69 7914 -10
7914 3568 -5
3568 2250 -10
3737 88 2
88 1095 -6
88 4371 -2
4371 9716 -8
9716 6847 -2
88 8175 -2
1095 8471 -1
8471 3943 -6
3943 6077 -10
150 95 2
92 103 2
5033 182 2
182 449 -8
449 3696 -10
449 1005 -9
1005 1198 -9
182 353 -6
449 3654 -2
1005 463 0
463 6895 -8
6895 627 -10
627 195 -8
6895 2682 -1
2682 4576 -4
2682 4261 -2
4261 9478 -5
627 6971 -1
463 2216 0
2216 9677 -10
2216 6566 -7
2682 2730 0
6566 3788 0
195 4324 0
4324 3782 -4
3782 7757 -9
7757 7667 -1
7667 885 -7
3788 5712 0
5712 7766 -2
7766 592 -10
592 1968 -10
592 1768 -9
7766 1446 -1
1446 9942 -9
1446 9987 -3
9942 5031 -2
2730 8261 0
8261 8191 -9
8191 2824 -10
8261 3344 -7
8261 5297 -7
3344 6999 0
6999 215 -3
215 9228 -8
215 5766 -7
215 58 -2
58 624 1
592 1060 1
1060 2506 -8
2506 5061 -10
8191 3837 1
885 4938 1
4938 7816 -6
4938 4381 -3
3654 7134 1
2824 9674 1
9674 1703 1
1703 1930 -1
9383 254 2
59 270 2
270 2366 -9
270 5844 -6
3497 294 2
316 355 2
355 7891 -5
7891 4902 1
4902 5913 -3
5913 1694 0
1694 7311 -6
1694 822 -4
1694 2085 -1
822 3626 -1
3626 4562 -7
4562 9206 -7
2085 8280 -1
8280 5996 -2
1694 8803 -1
5996 3933 0
3933 5592 -1
2085 4090 1
9827 541 2
7145 598 2
6322 695 2
306 727 2
727 9134 -6
727 9558 0
372 777 2
777 7352 -7
777 1848 0
1848 7848 -5
7848 4468 -8
1848 1909 1
8845 786 2
786 3766 -7
3766 148 -7
148 3282 -8
269 812 2
812 2004 -2
2004 8470 -8
2004 7536 -4
7536 4852 -3
7536 5609 -1
558 899 2
899 3892 -6
3892 8546 -9
8546 3440 -4
5788 920 2
920 694 -7
4772 1026 2
4872 1040 2
3190 1052 2
1052 3306 -7
1052 83 0
83 4994 -10
4994 7799 -3
7799 4019 -6
4994 6732 0
7799 1552 1
1552 7484 -6
7536 1218 2
1218 1869 -10
7250 1239 2
3645 1371 2
148 1414 2
1026 1452 2
1452 1457 -7
1457 2561 -8
1452 5433 -7
1457 2287 -5
2287 5687 -8
5687 2173 -2
2173 265 -10
265 1199 -8
5433 2799 -2
2799 7661 -3
7661 7668 -6
7668 8052 -9
8052 9743 -4
1457 5659 -2
5659 2977 -7
2977 9528 -8
265 9548 -2
2287 1661 1
1661 5452 1
5452 5869 -5
5869 9711 -9
9711 8318 -10
8318 5635 -2
3823 1484 2
1484 9272 -4
9272 976 2
642 1513 2
1513 6452 -10
1513 5292 -6
6452 907 2
907 171 -4
171 141 -8
171 1581 -8
171 7677 -3
141 1509 1
171 7937 1
7937 8877 -2
8877 6612 -7
9950 1577 2
8248 1586 2
3606 1623 2
195 1656 2
1333 1714 2
6576 1722 2
835 1737 2
1737 1108 -10
1108 8844 -7
8844 4882 -2
4314 1747 2
1691 1783 2
1783 5524 -9
5524 7068 -10
5524 105 -6
105 999 -3
105 21 -2
21 140 -6
140 4334 -5
4334 3093 -7
4334 8527 -3
140 6905 -1
664 1789 2
4756 1849 2
1849 1671 -3
1849 7917 1
3145 1850 2
1850 3988 -7
3988 8014 -3
1850 7526 0
3988 7874 0
7874 7016 -1
6699 1876 2
6165 1892 2
1892 549 -10
6851 1911 2
1911 5176 1
5176 7286 -1
7286 8809 -7
7286 5114 -4
5886 2108 2
2108 4354 -10
2108 151 -2
151 1541 -4
151 6864 -3
2108 1120 -1
1120 646 -10
1120 3746 -10
3746 6955 0
1120 6210 1
1217 2158 2
1518 2192 2
6082 2196 2
2196 1134 -6
6409 2207 2
1948 2225 2
2225 7084 1
1960 2290 2
1812 2359 2
2359 4791 -7
4791 8977 -3
5571 2375 2
2375 7964 0
4490 2434 2
2434 5343 -10
2434 4671 1
9674 2438 2
2438 5747 -2
5747 2083 -5
2083 7721 -8
7721 5171 -8
7721 223 -2
7721 1517 -2
5171 1891 1
1891 9071 -5
9071 1085 -5
9071 6214 -5
1179 2453 2
2453 8685 -10
8685 8754 -9
8754 8126 -7
2453 5754 -3
5754 8879 -6
5754 4286 -3
5754 5219 -3
5219 4493 -4
9158 2464 2
2464 4124 -10
2464 4645 -9
2464 4327 -8
1980 2603 2
2603 3525 0
9766 2659 2
6561 2703 2
2703 7472 -5
7472 2931 -1
2703 1912 2
1912 898 -1
898 1124 -9
1124 4351 -5
1124 225 0
225 4793 -10
225 3086 -3
225 5553 -3
1912 6292 1
3791 2725 2
2725 6315 -5
6315 1226 -10
6315 5904 -7
2725 1550 -3
5904 5595 -2
2725 5577 1
5577 2772 -1
4337 2828 2
2828 7257 -9
2877 2890 2
4699 2902 2
422 2985 2
1916 3005 2
2517 3099 2
3099 926 -10
3099 7858 -7
3099 7538 -2
7538 5486 -3
2449 3108 2
3108 1268 -7
1268 183 -6
183 1620 -6
3108 1443 -2
183 2597 -2
2597 3502 -3
183 3188 0
3502 7709 0
2597 864 1
183 2268 1
1633 3126 2
3646 3176 2
3176 8208 -10
8208 9131 -10
3176 2980 -1
9131 8541 -1
2421 3195 2
2344 3201 2
6913 3240 2
3240 7262 1
7262 5355 -2
2179 3260 2
697 3293 2
1296 3295 2
6716 3392 2
764 3394 2
3035 3478 2
9801 3527 2
1508 3567 2
3567 6767 -5
2771 3603 2
6744 3656 2
1817 3669 2
1456 3675 2
2173 3678 2
3678 4248 -5
7260 3694 2
6338 3735 2
3735 7980 -9
2419 3808 2
3808 3883 -10
3883 184 -10
184 251 -10
251 2650 -10
184 909 -9
184 401 1
1320 3824 2
3824 3954 -7
3954 809 1
5493 3866 2
5216 3934 2
9377 3957 2
3957 3477 -6
3477 9472 -10
3957 5223 -5
3957 6806 -5
3957 7479 -4
5223 9858 -3
9858 3532 -8
9858 515 -7
515 3798 -10
9858 3243 -7
3798 8876 -7
8876 3423 -9
3423 7984 -8
7479 1856 -1
1856 4822 -5
4822 5623 -5
5623 5895 -5
3957 5608 0
5608 918 -9
5608 4707 -5
918 289 0
289 9299 -2
3423 9145 0
9145 7243 0
7243 2961 0
2961 4629 -9
4629 7474 -8
7474 7052 -7
4629 1214 -6
7474 9694 -1
7243 552 1
552 7617 -6
7617 8763 -9
8763 8283 -10
8763 258 -5
258 1958 -7
1958 8085 -8
552 2161 -3
2961 3820 1
3820 8559 0
9694 4230 1
4230 120 -3
120 1527 -3
1527 1479 -3
1479 4878 -8
4878 9039 -6
1479 2347 -4
2347 2198 -9
4878 4172 -3
120 9782 -3
4230 1590 0
1590 577 -10
577 982 -8
982 473 -4
473 8162 -10
473 252 -2
252 340 -1
340 7104 -5
7104 5404 -10
7104 1350 -2
1350 6079 -5
5404 4194 0
4194 5691 -9
4194 4081 -6
6806 7688 1
7688 6358 -6
6358 7413 1
982 7840 1
6075 4053 2
4053 1580 -10
7070 4101 2
7993 4132 2
4132 6987 -9
4132 4564 -7
4132 957 -6
957 8216 0
8216 5366 -10
8216 2551 -4
5366 875 -3
8216 5764 -2
5764 4514 -3
4514 9876 -6
9876 2871 -2
4514 5952 -2
4514 8656 -1
8656 7813 -9
7813 1087 -7
1087 3013 -8
3013 5995 -7
1087 7295 -5
7295 575 -4
575 5716 -4
5716 3905 -4
5995 589 -2
4564 1657 1
1657 5566 -10
4132 3349 1
3349 1270 -10
3349 2354 -1
2871 5562 1
5562 7332 1
875 1436 2
1436 8250 0
8250 1047 -8
8250 9259 -4
2354 1647 2
1647 3096 -3
1647 6688 -1
6688 9282 0
6688 3979 2
3979 4572 -9
3979 635 -5
4493 4133 2
6820 4134 2
3729 4155 2
4155 8909 -8
9677 4160 2
9581 4168 2
9296 4222 2
4222 4921 0
8951 4236 2
4236 4247 -6
4247 5116 -4
5116 6877 -4
1508 4282 2
4282 3926 -6
2332 4292 2
4292 1322 -3
1322 8237 0
8237 2662 -7
8237 9715 -5
9715 4637 -7
4637 8105 -8
2662 1854 -2
1854 8379 0
9715 196 2
2497 4415 2
4415 2556 -8
2556 6513 -2
6513 8664 -6
8664 1220 -7
1220 1282 -4
1282 6067 -8
6067 4724 -6
1220 944 -1
2556 1781 -1
1781 860 -5
6513 2095 1
860 1769 2
1769 2393 -6
2556 2927 2
2927 894 -10
894 3870 -3
6982 4479 2
4479 5976 -10
5976 4047 -6
4047 5120 -6
5120 8605 -6
8605 6728 -4
6728 9607 -7
5976 1843 -3
1843 6930 -5
6930 1425 -7
1843 3078 -3
6930 3391 -1
3391 2079 0
2079 1996 -5
1996 2487 -4
2487 1460 -2
1460 5440 -3
5976 9648 0
9648 5093 -8
6728 4471 1
4471 8616 -6
8616 8402 -8
1425 1889 2
1889 4191 -4
3740 4632 2
4632 7590 0
20 4640 2
4877 4662 2
8811 4668 2
4668 6350 0
6350 7076 -9
7076 3724 -10
6350 9119 -7
9119 1297 -3
1297 6695 -4
6695 9482 -3
6695 9850 -3
2639 4886 2
9499 4924 2
3478 4939 2
4939 4612 -2
4612 1475 -7
4612 8058 1
4051 4973 2
9549 4982 2
4982 1695 2
1695 1240 -5
1609 4987 2
4987 6489 -3
6489 8452 -4
2715 5054 2
6032 5084 2
5084 8112 -1
8112 690 -6
690 4438 -9
4438 4419 -8
4419 2064 -9
4303 5085 2
5085 9586 -1
9586 2351 -1
2351 3960 -8
3960 9270 -10
2351 6181 -1
3916 5117 2
4383 5155 2
3749 5217 2
664 5220 2
6873 5287 2
5287 7283 -5
7283 9634 -7
8754 5341 2
5341 2585 0
2469 5350 2
2290 5354 2
1860 5458 2
5458 8086 -9
5458 2457 1
2457 6355 -8
6355 9750 -5
2457 22 -1
22 8251 -8
5458 5454 1
9653 5504 2
5504 525 -9
525 735 -10
735 4137 -10
4137 7183 -10
7183 4210 -9
4137 7299 -7
7299 3575 -5
7299 6111 -4
6111 6433 -8
525 6308 1
6308 6809 -5
6809 6176 -1
6176 9196 -5
9196 1564 -9
9196 6862 -6
6862 487 -9
487 1831 -4
1831 145 -3
145 4934 -6
487 3949 -1
4400 5507 2
5507 7130 -2
7130 5018 -7
5018 1898 -8
1898 7632 -10
1898 3686 -5
5507 7152 -1
5018 7733 -1
7733 9204 -5
6971 5530 2
6182 5711 2
2120 5721 2
3819 5765 2
8626 5779 2
5779 5579 -10
5779 7593 -7
5579 3081 -4
7593 816 1
816 5158 -6
5158 3637 -9
816 9254 -5
9254 8741 -5
9254 2855 -3
2855 412 -10
412 3868 -10
412 274 -8
412 3227 -8
274 174 -6
412 7643 -5
816 2754 -2
2754 1256 -2
1256 454 -7
1256 7938 -7
274 3914 -2
3914 1810 -5
1810 6761 -8
1256 3990 -2
3990 8333 -2
8333 8953 -9
1810 9125 -2
9125 4291 -1
4291 1654 -9
9254 5179 -1
6761 9628 -1
2754 6488 0
9125 9146 0
9146 532 -9
454 7949 1
7584 5780 2
4194 5873 2
7199 5931 2
5931 8151 -5
6305 5978 2
1553 6031 2
5375 6062 2
6062 6831 -10
6831 9783 -8
6062 5029 -3
5029 4437 1
4437 7244 -6
4437 2817 -1
2817 2803 -4
9783 8492 1
8492 5266 -3
8492 3545 -2
3545 540 -7
5266 1522 -1
1522 9983 -2
9983 6710 -5
6710 8665 -8
8665 1278 -8
1522 4575 -1
4575 3274 -4
6710 8344 -1
540 3156 0
3156 8885 0
8885 6512 -5
6512 4298 -5
4298 5140 -4
5140 3581 -5
3581 3922 -2
4634 6276 2
7970 6357 2
1323 6365 2
8215 6445 2
6445 1582 -10
6445 6372 -8
5887 6467 2
6467 7562 -2
7562 1984 -10
6467 4735 -1
4735 4018 -6
4018 7882 -3
7764 6482 2
6482 5915 -9
5915 6835 -4
6835 8705 0
8705 5004 -7
8440 6563 2
4032 6568 2
6568 6016 -8
6568 2508 -1
498 6606 2
6606 5200 -5
1696 6659 2
6659 5729 -6
6659 7169 -3
7169 3032 -8
3032 8125 -3
8125 3129 -2
7169 9463 -1
3032 5919 1
3593 6667 2
5807 6766 2
577 6788 2
6788 8254 -4
6788 1090 -1
8254 2178 -1
909 6891 2
2377 6915 2
4335 6941 2
3055 6977 2
6977 5497 -1
431 6985 2
6985 1119 -2
6985 1401 0
1401 4306 0
4306 2837 -8
4306 623 0
623 8219 -6
8219 3341 -8
3341 7088 -7
3341 2677 -2
2677 1734 -3
7088 8847 1
2662 7067 2
7067 1951 -3
1951 7683 -9
7683 1326 -6
1326 1071 -3
1071 6413 -5
6413 9426 -3
9426 8552 -6
1326 3533 -1
3533 8463 -10
3533 1570 -9
8463 5370 -1
1326 5630 -1
5630 2909 -8
2909 9262 -9
1570 8327 -1
6413 1677 0
1677 4985 -2
7683 8232 0
8232 837 -9
837 4068 -10
7683 2077 1
2077 3643 -5
3643 5447 -6
7067 4104 1
4104 1255 -6
1255 426 1
426 282 -7
426 4509 -1
426 6154 0
6154 3891 -3
6154 7386 -1
7386 3051 1
3051 2937 1
8327 6899 1
6899 1304 -7
7067 2704 2
2704 7791 -4
6154 5202 2
5202 7654 -10
7654 3065 2
3065 987 1
4104 5664 2
4778 7241 2
7241 9843 -7
9843 2688 -4
7241 9352 -4
2688 3480 -3
3480 7142 1
6317 7302 2
6961 7396 2
7396 992 -8
7396 7823 -4
7210 7433 2
5718 7477 2
3585 7509 2
7509 4732 -10
9589 7542 2
1805 7615 2
7615 4608 -7
7615 4760 -4
143 7659 2
8630 7730 2
7730 2969 -4
7757 7762 2
7762 4907 -5
7762 6103 -1
608 7768 2
5852 7796 2
7796 4771 -10
6647 7875 2
7875 3975 -9
3975 6625 -8
7875 9629 -1
5577 7906 2
6887 7939 2
7939 2833 -4
2833 9031 0
9031 8622 -5
5084 7940 2
7940 8346 1
8705 7957 2
7957 5522 -6
7957 5151 -5
7957 9847 -1
4362 8020 2
6891 8035 2
2883 8038 2
5915 8092 2
8092 4781 -4
8092 5134 1
5134 4805 -6
3154 8115 2
2187 8155 2
1220 8207 2
4788 8253 2
7496 8265 2
3933 8281 2
7354 8311 2
8311 1329 -7
1329 8258 -9
8258 2486 -5
3298 8354 2
8354 2940 -5
8354 5999 -5
2940 9595 -2
2940 7120 0
2940 8585 0
8585 5565 -5
5565 2080 -2
5565 2534 0
2534 2001 -10
2001 1775 -7
8585 7567 0
8354 5101 2
5101 8680 -2
8680 9557 -3
541 8380 2
8380 5955 -10
8380 7922 -7
7615 8404 2
8404 6830 -2
2199 8439 2
4053 8475 2
8475 9749 -8
8475 1486 -2
1486 528 -9
1486 5152 -2
8475 4035 -1
4035 6278 -2
2268 8537 2
8537 9348 -2
9348 2238 -4
9713 8695 2
8695 6114 -7
6114 9010 1
9010 3507 -8
3343 8738 2
2800 8820 2
9830 8890 2
8890 8722 -8
8722 8739 -5
8739 7752 -7
7752 3786 0
3346 8903 2
8903 2522 -5
5524 8962 2
2204 9033 2
9033 7334 -9
9033 6973 1
9061 9087 2
9087 8083 -4
4711 9142 2
9648 9170 2
9170 2142 -10
9170 9691 -10
9170 5396 -9
9691 752 -5
5396 9381 0
5833 9193 2
5297 9199 2
2603 9202 2
2318 9239 2
83 9258 2
8242 9280 2
9280 1038 -8
9280 4014 -1
4014 5360 -8
5360 2762 -9
2762 2376 -7
2376 2036 -9
5360 4653 -7
2376 3529 -2
3529 8648 -7
9065 9322 2
1230 9398 2
9398 5560 -9
519 9407 2
1945 9421 2
9421 9931 -7
9931 2371 -10
2371 1421 -3
8505 9525 2
9525 5078 -9
9525 2586 1
4062 9526 2
9526 3650 2
1198 9533 2
8273 9536 2
7684 9580 2
381 9737 2
8112 9786 2
4097 9854 2
9854 9278 1
8377 9960 2
5825 9970 2
9096 13 3
855 74 3
74 9396 2
9396 2783 -1
2783 2092 -2
2092 475 -6
475 5382 -1
2824 165 3
129 213 3
5202 229 3
229 1926 -4
229 7978 -1
7978 973 -3
973 2575 0
179 261 3
261 9846 -10
261 3464 -8
261 6547 -5
6547 8226 -10
3464 4146 -4
4146 3962 -3
6547 1105 -2
8226 3950 1
3950 5751 -10
3950 9491 -10
5751 2385 -9
371 288 3
288 7005 -10
288 163 -9
120 317 3
4006 430 3
229 448 3
448 4971 -9
5847 471 3
1080 500 3
500 544 -1
500 4151 1
4151 3273 -6
2748 560 3
656 593 3
593 7809 -9
5396 629 3
629 2251 1
2251 2808 -8
2251 8625 -8
2808 831 -1
831 5500 -2
914 643 3
643 9436 -4
9436 6962 -2
603 671 3
671 6351 1
6351 7092 -3
7092 9651 -9
9651 1718 -8
1718 7322 -8
9651 2645 -1
6351 4513 0
7322 8063 0
8063 6855 -5
8063 3518 0
6855 9106 1
9106 87 -3
87 66 -1
66 1030 -10
66 8408 -9
8408 8958 -3
8958 6090 -3
66 7820 1
7820 9245 2
9245 9746 -6
9245 7568 -4
7568 8512 -5
245 681 3
681 9115 0
2245 687 3
687 470 -3
470 3623 -9
687 5290 0
5290 6265 -10
687 2942 1
2942 4465 0
4465 5697 0
5697 5374 -6
5374 9916 -9
9916 1526 0
1526 9081 -9
1526 889 -4
889 8638 -7
8638 6819 -2
889 686 -1
686 4029 -2
889 3196 -1
3196 9753 -6
9753 405 -6
9753 7360 -2
7360 5312 0
6777 750 3
750 7585 -4
7585 2859 -8
2859 3718 -8
3718 8589 -8
7585 9099 -6
3718 6646 -3
6646 3665 0
3665 6952 -5
750 7830 0
7830 9439 -9
7585 9501 1
9501 7810 -4
7585 1630 2
4432 751 3
751 4283 -6
751 7430 -6
7430 8772 -4
2504 790 3
790 7767 0
7767 9293 -10
7767 8169 2
2293 866 3
866 2788 -9
5575 879 3
42 908 3
908 7161 -9
908 6193 0
6193 6543 -6
1807 936 3
549 1074 3
892 1094 3
7286 1141 3
1141 7482 -6
7482 2005 2
2005 1145 -3
1145 5067 -9
1145 6063 -8
5067 1187 -5
1187 5321 -8
1145 9160 -1
2613 1156 3
1156 8093 -2
7863 1173 3
1173 4272 -3
4272 591 -7
591 5896 -7
4272 2907 -6
7948 1175 3
2566 1219 3
3674 1232 3
2366 1243 3
1243 767 -10
5540 1245 3
58 1307 3
4291 1321 3
8250 1332 3
7778 1364 3
1364 9139 2
9139 5105 -7
5105 2115 0
7020 1394 3
1394 6211 -8
4133 1404 3
1404 547 -2
547 2938 -6
547 1865 2
1865 2055 -9
2055 5695 -1
5695 3460 -1
3460 7787 -8
7787 9460 2
551 1408 3
2526 1458 3
9950 1464 3
1464 2400 -7
5511 1471 3
4372 1478 3
1478 5590 -10
1248 1520 3
2624 1531 3
1531 4667 0
1531 9833 2
9833 9813 -5
3099 1622 3
1622 3198 -6
3198 4102 -3
4102 7037 -10
4102 4922 -9
7037 6250 2
3446 1641 3
3316 1706 3
1706 1495 -7
1706 2821 -5
2821 518 -10
1495 4558 -5
1495 927 -4
518 1713 2
1713 1360 -2
1360 621 -7
1360 7662 -3
7662 7703 -5
1360 6475 -1
621 8635 2
6100 1711 3
1711 2935 1
2935 4961 -10
1711 9461 1
9461 3717 -2
3717 2093 -8
2093 6156 -5
4742 1723 3
1723 3613 -10
3613 6128 -8
6128 5259 -3
6128 8582 -3
1723 4587 2
6131 1727 3
1727 3235 -10
1727 2631 -6
2631 7402 -9
7402 9038 -7
1714 1733 3
6103 1874 3
1620 1899 3
1899 2801 -10
1899 2780 -1
2780 3429 -5
1899 1393 3
1393 3728 -4
3728 6989 2
2024 1901 3
1901 3800 -10
3800 9759 -1
9759 1415 -2
1415 8293 -3
8293 524 -1
37 1943 3
9259 1952 3
204 1962 3
1962 8959 -2
9531 2007 3
4785 2062 3
888 2144 3
2144 1067 1
1067 4073 -9
4073 9655 1
2704 2163 3
2163 4152 -10
2163 5578 -7
1451 2169 3
7922 2172 3
2172 2170 -10
2172 6022 -9
2170 8456 -4
8456 3928 -9
3928 2602 -10
3928 7945 -9
2172 9402 -4
6022 5434 -3
6022 6598 -3
9402 9958 -2
6598 6332 -1
6332 7089 -10
2602 4649 1
4649 1591 -9
1591 2608 1
2608 1316 0
2172 4100 2
4100 1172 -4
3928 6451 2
6451 6458 -10
6451 574 -9
6451 6125 -8
6451 2417 -2
2417 2306 0
2306 308 2
308 5291 -4
1879 2218 3
7225 2226 3
534 2283 3
2283 485 -7
1834 2301 3
1040 2368 3
3090 2458 3
2458 880 1
880 531 -5
2267 2507 3
2507 716 -6
615 2520 3
2520 250 -3
250 331 -10
331 6163 -7
250 3362 -3
6163 1993 -2
6163 8487 -1
8487 2598 -3
2598 8825 -3
8825 5229 0
5229 3612 -7
3612 2554 -3
8825 506 1
506 6175 -2
506 3194 1
506 4639 2
4639 5115 1
1156 2524 3
2524 7994 -6
7994 7488 -6
2524 9893 -1
2524 5812 0
5812 7706 -4
7706 6065 -2
7706 3173 -1
3560 2530 3
8738 2574 3
2574 1328 -1
8250 2607 3
120 2668 3
5954 2839 3
2839 4312 -4
4312 9814 -6
4312 7969 -1
1394 2858 3
2858 7082 -10
2858 2285 -4
2858 6252 -3
7082 3501 0
6252 5303 1
5303 3664 0
3664 4140 -5
4140 9935 -4
3501 5784 1
5784 7973 -3
7973 7080 -6
7080 7057 0
7057 2541 -7
5217 2862 3
4808 2988 3
1609 2997 3
1754 3007 3
7166 3009 3
9833 3050 3
7277 3059 3
3059 3778 -5
3778 5644 2
5208 3101 3
3101 6379 2
6379 7829 -7
3916 3104 3
7919 3162 3
7021 3163 3
3163 5494 -10
3163 262 -4
262 3439 -7
5494 5438 0
5438 9640 -1
9640 4865 -4
4865 4894 -8
3163 5821 0
4894 7400 1
7400 6289 0
6289 6207 -8
4894 758 2
262 1379 3
329 3187 3
462 3262 3
5285 3345 3
3345 5451 -1
1958 3359 3
494 3412 3
3412 9696 -3
9696 1753 -10
3412 2369 1
2369 6148 -9
6148 8574 -3
691 3438 3
3438 1132 0
2385 3445 3
3445 7560 -2
3445 6310 1
2968 3452 3
443 3539 3
9518 3546 3
7513 3563 3
9742 3570 3
3570 7649 -4
7649 3079 -3
3079 295 -7
3079 4357 2
7649 8409 2
8409 7760 -6
8409 3208 -2
7760 4992 2
4992 1844 -9
1844 2102 -9
4992 4243 -9
2102 9346 1
3208 2127 3
7649 3552 3
8071 3627 3
443 3632 3
4513 3677 3
7738 3687 3
3687 8760 1
8643 3721 3
3721 6507 -5
6507 2731 -9
838 3741 3
3741 5947 -8
5947 6347 -7
6182 3810 3
3810 7918 -4
7918 9555 -6
7918 154 -5
3347 3850 3
1958 3852 3
5635 3924 3
3924 2374 -8
2374 5198 -3
2374 5679 -1
2374 6302 -1
6302 7288 -10
7288 4917 -6
3924 5924 2
5924 7828 -10
7828 8297 -1
8297 3112 -9
7828 7965 2
7965 7826 -10
7826 9200 -2
9200 4077 -3
9200 3542 -1
7828 9418 2
9418 3278 1
4077 3077 3
1151 3978 3
3978 9401 -5
3978 8491 -3
6496 4042 3
4042 5781 -10
4042 2428 3
3860 4123 3
4123 1181 -4
1181 4937 -1
1181 2269 0
1181 5799 1
5799 4237 -6
5799 1048 -2
1048 1544 -2
1544 4915 -5
5799 8766 -1
4915 9871 2
8766 2437 3
810 4167 3
4167 3434 -8
3434 4178 -8
3434 1632 1
1632 6760 -9
4178 2952 3
3445 4209 3
4209 2910 -9
2910 6311 -5
1866 4317 3
2879 4378 3
8811 4379 3
4806 4503 3
8096 4542 3
8717 4561 3
2894 4570 3
4570 4714 2
9987 4603 3
4603 6981 -8
6981 8691 -9
4603 932 -7
6981 7218 -4
7218 9955 -8
4603 2678 -2
932 1028 0
2678 2515 0
2515 3795 -4
2678 1762 1
932 6901 2
6901 7109 -4
5297 4680 3
8552 4684 3
9392 4767 3
6938 4854 3
4854 2201 1
2201 3297 -6
3297 3305 -3
3305 8263 -8
8263 1384 -1
1734 4861 3
4861 1663 1
1663 8149 -10
1257 4916 3
8097 4941 3
4941 7904 -9
7904 3319 -6
1061 4954 3
6484 5048 3
5048 6142 -3
6142 94 -9
94 216 -6
1363 5074 3
2837 5075 3
5075 1410 -6
1410 7622 -10
1410 9906 -2
9906 7930 -8
9416 5108 3
5108 614 -6
5108 5738 -3
5108 2105 1
2105 4862 -10
2105 3839 -2
3839 8088 -2
2105 1405 1
4862 6748 1
6748 7849 -9
7849 9657 -5
9657 9120 -8
9120 765 -10
9120 2889 -7
765 8594 -4
8594 753 -9
753 3701 -6
3701 6205 -9
3701 3100 -1
8594 8816 0
3100 4414 3
7288 5149 3
5149 224 -3
2698 5172 3
5172 6843 -5
5172 3283 0
3283 6654 -7
1899 5173 3
5173 3180 -10
5173 9137 -5
9137 3712 -6
1035 5209 3
1559 5227 3
1276 5237 3
4494 5243 3
5243 1585 3
4016 5304 3
5304 6169 -9
5304 1938 -7
1938 1576 -4
1576 2647 -10
2647 2380 -1
2380 9565 -3
1938 4501 2
2380 1529 3
1529 4895 -5
1529 1468 0
1468 3611 -8
3611 2616 -7
1468 7515 -5
9368 5359 3
366 5368 3
5368 4003 0
5368 9154 2
9154 4425 -5
765 5384 3
5191 5473 3
5473 1325 -3
1325 8469 -6
1325 5756 0
5756 7367 0
6877 5491 3
3096 5658 3
5658 3221 -10
2449 5683 3
5683 3166 0
4660 5688 3
5688 5660 3
603 5701 3
5518 5702 3
5702 4723 -1
7850 5777 3
5777 4908 -4
5777 6337 -2
4908 9219 0
4256 5831 3
777 5832 3
5832 4606 -4
4606 996 -3
5832 8080 -3
8080 9108 -4
2042 5837 3
5837 9451 -10
9451 8969 -10
4863 5848 3
4817 5911 3
5911 6291 -4
880 5928 3
5902 5930 3
3826 5957 3
5957 7999 -5
7999 4824 -5
5957 5180 -4
4824 7025 -4
5180 2759 -2
7025 3067 -2
2759 2183 -1
7999 700 1
700 2620 -4
2620 2949 -6
2949 1503 -2
1503 2265 -3
700 9519 1
2620 2635 2
7693 6014 3
6014 6751 -1
195 6144 3
6144 8449 -4
9599 6158 3
87 6188 3
2398 6259 3
6259 5920 -3
5920 1796 1
1796 6473 -2
5920 2460 1
3095 6290 3
6290 9315 -2
9315 9016 -4
9315 1491 -3
2090 6352 3
6485 6420 3
8934 6486 3
586 6487 3
6487 8568 1
8379 6525 3
6525 7012 -1
7012 960 -6
2287 6635 3
9909 6656 3
4178 6790 3
6790 7193 -2
7193 4914 -9
4914 3281 0
4914 1809 3
1809 5969 -9
5969 4196 2
4196 6681 1
7452 6841 3
3767 6927 3
6927 3917 -6
6927 5544 -4
6927 8846 -3
6927 818 -1
818 1386 -5
818 5041 1
5041 5187 -9
5187 6797 0
6797 2489 -10
6927 5279 2
818 9317 2
9317 881 -1
1538 6934 3
6934 9699 -6
9699 8592 -10
9699 1149 -7
7624 6990 3
1052 7114 3
7114 8955 -6
8955 555 2
555 3521 -8
726 7153 3
1753 7198 3
7198 3008 -10
7198 8503 1
4222 7247 3
8574 7397 3
7397 3964 -6
1235 7461 3
7711 7514 3
7668 7521 3
7521 6495 -10
2780 7523 3
7058 7544 3
2201 7566 3
7566 8996 -9
7566 845 0
845 1136 -5
845 2219 -3
9750 7601 3
7601 9320 -9
2301 7663 3
4442 7669 3
7669 4467 -3
5764 7681 3
7681 2323 -6
2323 4936 -8
4936 4583 -5
986 7726 3
9134 7790 3
3390 7805 3
2708 7815 3
7815 6539 -3
7815 9631 -2
8622 7852 3
7852 2641 -8
7852 7519 -1
7519 1260 -10
2641 6340 0
5266 7910 3
7910 7989 1
7989 8907 -10
6659 8004 3
8468 8006 3
6137 8113 3
8113 9494 -4
8113 3597 -3
9494 9878 -2
9878 9928 -9
3597 5670 -1
5670 4757 2
4757 5369 -1
5369 4313 1
4313 4681 -3
4313 1373 2
7601 8132 3
4954 8142 3
5462 8144 3
8144 5118 -6
8144 6627 -4
9346 8165 3
671 8190 3
8190 6029 -10
8190 1936 -2
1936 1780 1
1780 4105 -4
5664 8270 3
8270 5618 0
5618 2856 0
8270 6251 0
2856 2664 1
2856 7044 1
5401 8328 3
2617 8339 3
8339 1431 -5
1431 8871 -9
8339 8352 1
8352 5131 -8
5131 6253 -9
8352 8767 -7
8352 4611 1
4611 409 -5
3197 8342 3
3947 8347 3
3205 8424 3
7986 8430 3
8430 3973 -10
3973 4571 -8
4571 4706 -2
4706 7902 -9
7902 9852 -7
9852 2636 -4
9852 3147 -4
4706 9721 -3
9721 877 -10
9721 3995 -10
877 9972 -9
9721 4278 -6
877 5857 0
5857 8072 -5
2636 9610 0
9241 8431 3
932 8457 3
4441 8494 3
8494 5264 -2
7394 8524 3
8524 439 -9
8524 7612 -4
7612 2732 -4
2732 3982 -5
439 7522 -3
439 8925 -3
3982 3193 1
3193 8445 -8
8445 7034 0
2748 8558 3
8558 8315 0
8315 2086 -10
8558 4647 1
3749 8579 3
1446 8636 3
8636 7393 -8
8636 5633 -3
5633 3689 -3
6930 8652 3
3243 8677 3
8677 7266 -3
7266 9914 -1
2173 8822 3
8822 8397 -9
8822 748 -4
748 5839 -10
8822 4179 -3
4179 850 -8
850 6043 -10
850 5043 -8
4179 1358 -5
1358 1289 -7
1289 6105 -4
6105 6447 -9
6105 8940 -9
850 5938 -2
5938 5787 -1
5787 8257 -6
8257 4418 -7
850 9263 -1
8257 8528 0
5938 4529 1
4529 5710 -5
1289 6912 1
6912 9886 -7
9886 9069 -10
8257 8056 1
5710 9707 1
9707 9275 0
9275 5185 -2
5185 4259 -9
1289 2461 2
2461 2841 -4
2841 3309 -8
3309 5066 -6
5066 9281 -3
748 2971 2
2971 3833 -9
6447 3984 2
1289 784 3
2971 3350 3
4967 8841 3
4715 8855 3
4441 8860 3
8169 8874 3
3322 8912 3
8912 9178 -1
9178 8107 -4
9178 9268 -1
9749 8972 3
8972 6616 -4
6616 2416 -1
2416 2017 -7
2416 6631 -6
2416 4394 -4
4394 912 -8
4394 6658 -8
7400 8988 3
185 9124 3
1561 9211 3
8717 9237 3
4802 9251 3
2269 9257 3
3468 9266 3
6192 9269 3
6160 9303 3
8215 9305 3
4346 9331 3
5603 9399 3
9399 3668 -7
3668 2097 2
2097 7691 -3
2097 6127 1
6127 3063 -2
3063 568 0
1723 9409 3
361 9503 3
412 9578 3
9578 3450 -2
6616 9685 3
1341 9695 3
9695 5328 -2
2741 9733 3
9733 826 -3
826 9445 -9
9445 7727 -8
826 1406 -6
1406 5692 -9
9445 9144 -5
5692 4536 3
4536 5517 -1
1397 9787 3
4738 9821 3
9821 1011 -2
6547 9855 3
9855 8840 -9
4658 9954 3
6791 52 4
25 85 4
85 1548 -3
1548 1352 -8
1352 713 -10
1548 2852 -8
196 168 4
168 7432 -8
7432 8919 -7
2287 207 4
1735 214 4
214 7304 -3
1245 314 4
957 359 4
3577 425 4
425 206 -1
206 9255 -6
9255 2796 -3
733 441 4
546 511 4
511 1886 1
1886 1645 -9
1886 6984 -7
1645 1759 0
1759 1137 -9
2814 602 4
602 423 -5
3545 631 4
631 8506 -6
631 1566 0
34 719 4
719 8672 -3
8672 6948 -7
8672 9114 -1
9114 4505 -3
9114 4517 2
2755 762 4
762 9636 -6
762 453 -4
453 335 -3
335 857 -5
857 1117 -4
857 2057 -4
857 6686 -4
453 8678 -2
762 2484 2
762 7389 3
7389 6068 -10
8678 8651 3
1044 802 4
802 2553 -5
8088 917 4
917 5535 -4
1998 964 4
964 482 3
482 655 0
1038 1015 4
1015 1383 3
1383 8744 2
709 1076 4
1076 5003 2
5003 4099 -1
4332 1099 4
1099 3317 -7
1099 7006 -1
7006 8933 -5
783 1112 4
2980 1213 4
1213 1069 -1
1069 1334 -2
1334 3951 -10
1334 2145 -5
2145 8109 -8
1334 5760 0
4018 1236 4
1867 1237 4
1237 5124 -8
1237 5526 -4
5124 2346 1
2346 1277 0
1277 1409 -3
5124 9883 3
9883 8036 -5
9099 1444 4
1444 9823 -3
5939 1521 4
1521 2210 -10
2210 9252 -5
2381 1543 4
7029 1667 4
5972 1693 4
1693 1940 0
5812 1698 4
1750 1832 4
1832 5011 -9
5011 5272 -1
5272 7164 0
7164 5602 -1
5272 6866 1
1151 1845 4
302 1890 4
7848 1907 4
1907 3356 -7
3356 4531 -2
5687 1931 4
1931 136 -1
136 562 -6
562 5099 -8
5156 1976 4
4320 2094 4
7082 2165 4
2165 472 -2
472 14 -6
14 46 -8
46 404 -6
404 5614 -10
46 601 -4
5839 2237 4
2237 8516 1
2237 9091 2
598 2247 4
1430 2284 4
2284 7746 3
7746 130 -10
130 7 -10
7 121 -8
130 191 -8
7746 7252 -7
7252 3321 -7
7252 3040 -3
3040 6968 -8
7746 5854 -2
5854 2326 -10
5854 3339 -4
3339 5597 -8
5597 5349 -5
5349 6556 -5
2326 3734 -2
7 12 0
12 5574 -6
5574 3769 -3
3769 8300 -5
3734 7458 0
12 27 1
8678 2313 4
7402 2331 4
2331 3524 2
9023 2388 4
2388 988 -6
2388 3140 0
3140 3479 -3
2782 2447 4
2447 3709 1
131 2475 4
2475 3335 3
576 2528 4
2528 8699 3
8699 3723 -1
3723 928 -4
3723 5385 0
928 904 2
904 124 -5
124 6470 -2
3723 2281 3
2281 9423 -8
9423 5379 -6
5379 676 -3
676 6216 -8
6216 7201 -8
676 9446 -5
9423 9029 -1
9029 9612 -8
261 2570 4
2570 897 -9
897 4421 -6
4421 4251 -7
4421 6233 -5
6233 9223 -10
4251 1356 2
1356 5133 2
4973 2589 4
9779 2638 4
2638 4200 2
4925 2640 4
306 2672 4
7050 2687 4
8847 2710 4
3808 2719 4
4069 2777 4
2777 9412 -6
9547 2805 4
2805 438 -3
438 287 -10
438 648 -8
287 8454 -3
438 820 4
7400 2827 4
559 2845 4
2845 4329 -9
2492 2875 4
2875 5901 -9
5901 4610 0
4610 5059 -4
5059 9672 -10
9672 1970 -3
9672 2629 -1
5887 2925 4
2925 3432 3
1804 3014 4
8179 3019 4
3019 5420 -10
1609 3020 4
591 3137 4
5337 3164 4
3164 5069 2
5069 2103 3
9272 3170 4
3170 2723 -1
9239 3181 4
385 3239 4
3239 2011 4
5999 3388 4
6831 3401 4
9933 3409 4
3409 7133 2
366 3582 4
3582 1494 0
4858 3760 4
2817 3764 4
5687 3773 4
1765 3806 4
1293 3835 4
1062 3881 4
3881 4607 -10
3881 6066 -8
6066 2671 -5
6066 7466 -4
7466 1418 -2
1418 9932 -10
9932 7710 -6
7466 8334 3
8334 2734 -8
8334 9074 -7
9074 5257 -4
8334 9393 -2
9074 3511 2
5438 3900 4
3900 1795 0
1485 4015 4
2617 4085 4
4561 4119 4
4119 1615 -3
4119 2563 0
2563 5206 -6
2563 1855 0
1855 8133 -6
8133 1743 -4
1743 6261 -9
6261 2390 -4
8133 7707 0
8133 478 2
478 3229 -4
478 6220 1
3229 7935 1
7935 1413 -5
7935 8236 -3
8236 419 -10
6220 9553 3
9553 7194 -4
2563 1275 4
1275 1648 -7
530 4147 4
5623 4153 4
4153 1987 4
1987 1135 -7
1135 3903 -5
2025 4170 4
4170 4910 1
9677 4187 4
4187 2041 -5
2237 4289 4
4289 979 0
979 3920 -5
3920 806 2
806 325 -2
2730 4318 4
4318 8683 -10
8683 2303 -4
2303 8296 -6
8296 6718 -9
6718 9037 -10
9037 4586 -6
4586 6237 -10
4586 6514 -6
6237 1682 -4
6718 1929 -4
1929 2557 2
4586 8266 3
1929 2190 4
853 4385 4
2665 4420 4
8749 4427 4
4427 8154 -6
4427 4736 -1
4736 8968 -2
7393 4449 4
4449 6560 -5
4494 4463 4
7249 4499 4
4499 263 -9
263 1174 3
1872 4506 4
9225 4512 4
2857 4566 4
4566 5776 -2
4566 8836 3
618 4644 4
9851 4669 4
4669 1725 -10
1725 3579 3
3579 5485 -5
5485 8442 -2
3579 4764 1
8130 4688 4
8097 4692 4
2302 4789 4
7164 4896 4
8144 4928 4
4928 9915 -9
9915 3807 2
9915 6083 3
9915 6108 3
6108 9718 -5
6108 1003 1
1003 2266 2
2266 4127 -3
2266 1949 4
4282 4940 4
4940 7144 -7
4940 2784 -3
2784 823 4
5305 5001 4
5001 1764 -7
1764 3133 -5
5976 5076 4
7680 5079 4
4383 5086 4
2588 5096 4
5096 8160 -3
8160 2499 0
4381 5138 4
5138 6157 -5
7080 5211 4
5211 4535 -5
5211 9999 2
9999 4126 -2
4126 2270 -7
9999 7436 -2
3186 5233 4
5233 4433 4
7791 5247 4
5247 3076 3
3076 4523 -2
4523 6258 -5
9883 5425 4
5425 2160 0
7052 5466 4
8112 5468 4
5385 5469 4
5469 8287 2
8287 8378 3
4993 5529 4
5529 2947 -8
2947 1107 3
1107 2868 3
2868 9688 -9
3321 5547 4
5547 1859 4
2199 5646 4
5646 2979 -4
2055 5681 4
2255 5690 4
9199 5694 4
5694 825 -5
825 7769 -7
825 728 -1
728 3105 0
7769 4538 1
825 3236 2
3236 3838 -10
3236 9989 3
9989 2495 -5
9989 4403 -3
2495 1459 0
5738 5737 4
5737 3915 -6
5737 8785 -2
5737 4287 0
4287 7854 -5
8542 5741 4
1359 5809 4
5809 6995 2
8839 5827 4
5827 2128 0
2128 536 -10
536 7185 -4
7185 6811 -1
536 2739 0
5515 5843 4
5843 7574 2
7574 6925 -5
473 5850 4
2027 5872 4
5872 6297 -1
4942 5889 4
5889 5918 -6
5918 8687 -6
8687 2666 -9
8687 7808 -7
8687 2384 3
2384 8830 3
1396 5910 4
4694 5935 4
5935 9941 -6
9941 2154 -10
5935 5126 -3
2154 5100 -2
5100 4995 -2
1257 5945 4
8542 6005 4
6005 5490 -6
6005 1842 -1
1842 4947 -6
5490 3097 -1
3097 2195 1
4379 6058 4
1355 6171 4
328 6180 4
6180 9427 1
6180 2797 2
2797 6033 4
6927 6209 4
6209 6506 -2
6506 2299 -8
2299 4825 -8
4825 3120 -3
6209 2670 2
2670 6134 -8
4825 9895 3
5910 6213 4
8846 6238 4
6238 843 -2
843 583 -3
8803 6267 4
6267 49 -3
49 1829 -7
1359 6419 4
157 6521 4
6521 7217 -1
7217 3849 -3
7217 8851 0
4608 6540 4
6540 6457 -1
569 6550 4
7130 6653 4
3748 6672 4
9663 6712 4
6712 3441 -9
6712 7879 -3
7879 5846 -7
6712 7637 1
6712 6362 2
6362 9100 -10
6362 8796 -5
9100 8882 -3
8882 679 -6
679 8145 -8
8882 5563 -4
5563 7621 -2
8145 7207 1
7207 3261 -4
3261 8736 1
8736 1064 -3
1064 6868 1
8145 5398 2
679 578 4
578 5600 -4
679 3986 4
3986 3822 2
3822 4012 -4
4632 6753 4
2394 6765 4
819 6786 4
6786 7303 -2
900 6793 4
6793 7154 -1
9932 6888 4
6888 7512 0
7512 6846 4
6846 3115 -6
3115 2288 1
2288 1991 -7
1991 4074 -9
1991 9709 -8
4074 198 -6
2288 937 3
6386 6908 4
7922 6965 4
6965 313 -1
313 6946 4
6946 9483 -5
3050 6969 4
6969 8801 -7
1077 7033 4
7033 9462 -7
3603 7049 4
7049 8450 -10
7049 8764 -6
8764 8272 -4
7049 1629 -3
7049 4605 -3
1629 5363 2
1017 7063 4
7063 3876 -6
896 7119 4
7119 3744 -10
3744 8670 -10
8670 428 -9
6873 7177 4
719 7184 4
7184 832 -6
9771 7200 4
7625 7305 4
7305 6893 1
5602 7376 4
7376 1955 0
1955 3128 0
3128 7481 1
218 7384 4
7384 884 -9
884 8028 -9
8028 8111 -5
4536 7459 4
6038 7468 4
8963 7495 4
7495 5826 -3
5826 5699 3
5699 7090 -1
7743 7527 4
9935 7541 4
2725 7599 4
356 7614 4
2987 7773 4
1488 7777 4
1999 7783 4
756 7792 4
7792 6776 -7
7792 9572 -6
5138 7821 4
9082 7836 4
1223 7867 4
8568 7878 4
7878 6449 -7
6449 8000 0
7878 2051 1
2051 7214 -4
7878 1811 2
8670 7880 4
9256 7947 4
562 8050 4
8050 7885 -10
2369 8053 4
1941 8073 4
9874 8090 4
8090 8476 -1
9178 8122 4
8122 1942 1
3508 8123 4
3309 8170 4
8086 8239 4
5633 8247 4
8247 9140 0
8247 3667 2
9545 8330 4
8330 3618 -8
3618 2021 -2
2021 4367 -10
4367 2296 -7
7652 8407 4
7723 8415 4
1458 8464 4
8464 1551 -9
2608 8504 4
8504 9072 -7
8124 8531 4
1546 8621 4
8621 7546 -6
7546 3801 -7
7546 2869 3
3801 3001 4
2869 4859 4
3566 8627 4
8627 9410 3
9410 5189 -3
3613 8634 4
7482 8769 4
5321 8784 4
8784 1130 -8
1130 4128 -6
1130 1377 4
1377 4813 0
4813 301 3
301 675 1
301 3739 2
4128 6001 4
6001 5373 -1
5373 7371 4
7371 7998 2
7998 1024 -3
1024 3385 -9
1024 4654 -1
7998 7046 4
6971 8956 4
8956 2901 2
2901 6183 -4
6183 3705 -3
2901 6883 3
6883 7341 0
9003 9020 4
973 9057 4
4291 9064 4
5355 9133 4
4069 9152 4
9119 9180 4
2470 9182 4
9182 4489 1
4489 7934 -9
7934 4833 -9
4833 7856 -10
7856 9755 -7
4833 2656 -3
9755 1537 0
1537 660 0
660 584 -6
584 2700 -7
584 2282 -5
2282 5696 -8
660 1596 -1
7856 266 1
9755 5663 1
1596 2148 4
2148 1679 -9
2148 3695 -1
3695 5103 -3
266 6354 4
1377 9192 4
370 9222 4
4922 9229 4
9229 7370 3
7370 8243 -9
8243 2047 -8
7160 9232 4
1164 9302 4
5892 9378 4
2341 9430 4
5692 9431 4
2079 9500 4
9500 3489 2
55 9513 4
9513 8290 -2
9513 9497 0
2210 9566 4
4428 9574 4
9574 5222 0
9574 1604 2
1604 5082 -6
8139 9609 4
5903 9650 4
8069 9683 4
4210 9705 4
4612 9764 4
9764 9907 -8
9907 597 0
498 9780 4
733 9835 4
9835 6015 4
6015 5607 -1
2364 9870 4
2602 9903 4
5838 9904 4
1905 9945 4
8225 9953 4
4714 9959 4
3195 9967 4
4057 28 5
61 89 5
1516 104 5
104 596 -8
104 3337 -8
104 8967 -1
104 161 0
596 2387 1
2387 8271 -6
8271 1568 -6
8271 3847 -5
8271 8417 -3
596 744 3
1568 2451 3
2233 177 5
177 433 -3
177 3003 2
331 307 5
7746 345 5
345 228 1
228 1985 -3
1985 7929 -5
7929 8168 -10
8168 2000 0
5904 352 5
352 3930 -7
352 2008 -6
2008 5552 -10
5552 2246 -7
352 9181 -1
9181 4677 -8
4677 6674 -3
4677 5260 -1
5260 7497 0
6674 4769 1
4769 2278 -3
2278 3816 -6
4677 4804 2
6674 4365 3
18 365 5
3387 484 5
484 2424 -4
2424 1686 -3
1686 4843 0
4843 208 4
208 3616 -4
208 3997 -4
3997 8187 -5
3616 9991 -4
3997 6343 0
6343 2023 1
2023 2701 -5
3997 4225 2
208 4059 3
977 513 5
513 4630 3
4630 3799 -5
4630 3004 2
2072 563 5
563 320 2
320 5650 -3
320 1101 -2
5650 5130 -1
320 5273 3
5273 2129 -5
5273 1830 2
1830 4693 -8
1830 2775 -4
1830 5748 -3
1830 3431 0
4693 9006 3
320 71 5
71 3742 -2
4787 567 5
567 2213 -7
1311 628 5
628 9452 -8
628 4759 -3
628 2716 4
2716 4027 -7
6148 663 5
1076 723 5
5544 766 5
766 8719 -8
8719 5201 -7
5201 3731 4
487 775 5
775 3269 -10
299 922 5
6488 940 5
487 1025 5
3575 1057 5
5954 1058 5
1058 1065 -9
5234 1066 5
6079 1075 5
1075 2258 1
2258 1146 -4
1146 241 -9
1146 5951 -5
5951 2456 -5
2258 8231 -3
241 326 4
326 3204 -7
541 1150 5
3279 1157 5
264 1201 5
4354 1204 5
1204 3758 0
8183 1231 5
4939 1244 5
3651 1253 5
1253 7150 -10
1253 7147 -7
7147 1818 -1
7150 6091 4
1076 1263 5
1263 9881 -2
9881 6553 -9
6553 1683 -5
1263 2727 -1
9881 9744 -1
9744 1932 -4
1932 6047 -4
6047 2576 -8
9744 7772 4
4016 1312 5
2093 1327 5
1278 1339 5
4959 1340 5
767 1454 5
1454 2605 -4
2605 5205 -10
5205 8148 -5
1454 6916 -2
853 1579 5
1579 1010 -8
1010 1744 -6
1010 2444 -2
1579 1624 2
591 1587 5
1587 8077 2
387 1602 5
1602 1607 -10
4615 1643 5
9574 1786 5
1786 4911 -4
1259 1863 5
1377 1918 5
4311 1979 5
8947 1992 5
1992 6071 -6
6071 6431 1
6431 1882 3
6071 6874 4
6874 7739 -4
3044 2139 5
2139 465 -7
465 585 -2
585 3790 -6
3790 7987 -4
7987 8517 1
8517 9353 -8
3790 6570 3
6570 4721 2
4721 7744 1
7744 8661 -2
5669 2206 5
7722 2224 5
2224 7128 3
7128 981 3
5797 2415 5
6656 2509 5
980 2519 5
5212 2544 5
5896 2567 5
2567 1651 -5
2567 1222 2
1222 5309 -9
1222 1977 4
1977 771 -6
771 5489 -10
5489 3647 -4
3647 6505 -6
3647 7543 -4
5489 2411 -2
2411 9076 -10
2411 1670 -5
1670 5166 3
771 6045 4
7303 2679 5
2994 2702 5
1271 2709 5
1166 2735 5
5066 2760 5
4828 2823 5
4370 2829 5
6134 2838 5
2838 5320 -10
2838 7293 4
3365 2850 5
2850 1193 4
1193 8451 -10
5366 2872 5
9590 2876 5
1137 3038 5
3866 3052 5
3052 1928 -4
277 3083 5
2570 3171 5
5243 3184 5
944 3215 5
3215 7732 -9
5453 3286 5
3286 5474 1
5474 9844 4
9844 6282 -4
504 3289 5
4606 3311 5
1855 3325 5
3325 6333 -2
6333 9795 -9
9795 7853 -10
3325 8792 -2
9742 3326 5
5578 3372 5
2337 3436 5
1658 3465 5
3465 890 -8
890 612 -4
3465 2628 0
2628 2181 -9
2628 6078 -1
6078 9859 -3
890 9666 0
890 8395 1
9859 8939 1
612 9226 2
9666 1814 3
890 7524 3
7524 7275 -8
7275 5731 -6
3465 6254 4
3465 6979 4
8947 3470 5
7610 3482 5
1355 3510 5
3510 9474 -6
338 3519 5
3519 6383 2
5543 3530 5
1652 3598 5
3598 9597 -4
9597 6408 2
6408 8314 -9
6408 9135 -2
1173 3620 5
7667 3649 5
1916 3691 5
2886 3706 5
3706 3811 -9
3811 9723 2
9723 7729 2
9723 8110 2
3480 3750 5
6716 3821 5
3821 3068 -4
4167 3904 5
9374 4031 5
4031 595 -8
8061 4135 5
7849 4145 5
4145 1616 5
3340 4148 5
4148 8121 -3
9480 4342 5
4342 8031 -6
8031 3481 -3
3481 410 1
2903 4352 5
4352 3471 -8
3471 3952 5
7649 4409 5
4409 5861 -10
5861 8926 -3
3145 4410 5
4410 6530 -2
933 4422 5
4422 9606 2
9379 4424 5
4424 8856 -9
9076 4500 5
4500 6300 -1
6167 4519 5
4519 3153 -5
3153 2067 -1
3153 5992 4
1564 4547 5
9970 4548 5
4548 7121 1
7121 4431 -3
4431 3662 -4
3662 3018 -10
3018 318 -7
3662 7551 3
7551 4067 -3
4067 2836 -4
2836 5725 -9
5725 3944 -8
2836 7356 -8
7356 8538 -7
5725 6204 2
6204 2904 4
2904 6436 -5
3434 4557 5
4557 7819 4
6193 4635 5
2856 4636 5
263 4674 5
4674 3155 -10
3155 2003 -9
8298 4733 5
7366 4737 5
1950 4795 5
5132 4809 5
4809 4522 2
5940 4839 5
1446 4866 5
4866 6833 0
3253 4909 5
4909 3437 -7
3437 2214 -4
4909 3970 -1
3970 1755 0
3970 7254 0
3964 4930 5
4930 3456 0
1415 4953 5
4606 4988 5
2204 4991 5
4991 9235 -1
723 5063 5
21 5070 5
5070 217 -2
217 126 -5
9355 5087 5
5087 8446 -5
2455 5104 5
5104 9388 -10
3136 5302 5
4162 5342 5
650 5344 5
7882 5372 5
5372 8831 0
8831 1221 -7
1221 2864 0
1221 3898 1
3052 5482 5
5482 9273 -2
5482 6461 2
6461 2690 -8
6461 6260 -4
6260 9701 -4
9701 284 -7
9701 2355 -5
2355 4253 -2
5354 5483 5
5005 5525 5
326 5532 5
6468 5539 5
1449 5555 5
5466 5610 5
5483 5671 5
5577 5790 5
4552 5814 5
5814 9535 -9
9535 6557 -2
8259 5830 5
5830 9467 -9
5830 6633 -1
686 5868 5
5868 2348 -3
6026 5983 5
2646 5988 5
5988 8942 4
8634 6007 5
3840 6076 5
6076 3505 -9
3505 8682 0
8682 2082 -9
2082 280 -7
280 2999 -7
2999 5678 -9
2999 7015 -4
8682 2242 -3
2999 3213 -3
3213 2818 -5
280 30 -2
2242 8171 -1
3213 9394 0
9394 5675 -10
5675 1111 -3
9394 4623 -3
2999 4405 1
8682 4392 5
5363 6136 5
6136 4768 4
186 6200 5
4513 6217 5
6217 4837 -7
4837 4183 -10
7384 6239 5
3315 6263 5
3988 6279 5
2693 6331 5
2823 6335 5
1307 6387 5
4844 6393 5
2778 6722 5
6722 6501 -9
5099 6768 5
5117 6769 5
6769 4749 -10
5173 6796 5
6796 6401 -8
6796 8883 -4
8718 6818 5
9874 6856 5
7160 6867 5
6867 9471 -5
643 6878 5
5373 6880 5
6880 5123 0
5123 6404 1
6404 6133 1
5659 6889 5
6880 6923 5
6923 1279 -2
1279 3784 -3
3784 3897 1
3897 3939 -6
1691 6940 5
2572 7000 5
7000 5942 -2
94 7073 5
3983 7191 5
7840 7197 5
1809 7209 5
7243 7271 5
1581 7290 5
2003 7309 5
7309 1925 -6
926 7336 5
698 7353 5
7353 1545 -4
1545 4215 0
4215 5411 -8
6222 7358 5
6079 7454 5
7534 7578 5
367 7635 5
7635 5611 3
1047 7679 5
7068 7686 5
5175 7687 5
7687 2350 -9
7687 2806 -5
2806 4315 -10
2350 1514 1
1514 5036 -8
5036 1862 -5
1862 192 -7
192 4496 -7
1862 9979 -6
9979 8382 -7
9979 2900 0
4496 3631 5
3631 9842 -4
4240 7692 5
5683 7705 5
7705 8952 -8
8952 9209 0
3627 7737 5
9436 7742 5
5535 7775 5
1906 7779 5
5664 7873 5
9991 7899 5
7474 7920 5
7920 2046 2
2115 7928 5
7928 5065 -4
2148 8065 5
8065 2774 -3
8065 1439 5
1088 8094 5
1633 8209 5
6498 8222 5
3822 8238 5
4576 8268 5
8268 9351 -1
4557 8309 5
2904 8351 5
235 8355 5
8355 5357 4
5357 8177 2
3762 8381 5
8381 1594 -5
3456 8384 5
6246 8390 5
1891 8477 5
8477 2087 -3
2997 8509 5
8509 4589 -7
9553 8581 5
3656 8587 5
8587 6490 -7
1437 8653 5
6568 8698 5
4750 8707 5
3508 8714 5
2777 8728 5
4615 8745 5
8745 943 -5
943 6842 -5
9478 8762 5
8762 6853 -7
8762 1672 0
792 8812 5
3166 8878 5
8878 7446 3
3996 8974 5
8589 9027 5
9027 4780 -7
8261 9055 5
9055 396 3
396 388 -8
9055 6605 4
6605 7639 -1
7639 2951 -6
2951 5315 -5
6605 2615 4
897 9161 5
9161 718 -3
3933 9167 5
1772 9267 5
8972 9424 5
8585 9432 5
9432 8119 5
2453 9438 5
9438 5241 2
1249 9464 5
9464 588 1
9213 9475 5
1062 9534 5
9534 4113 -10
9534 3207 -6
4113 4960 -4
4960 9986 -10
9986 5110 -5
4960 2547 -1
4960 9602 -1
9602 5107 -9
5107 2609 -3
9534 2310 2
2310 9253 -9
2310 851 -7
2310 3805 3
5219 9537 5
397 9540 5
2901 9587 5
9587 8163 -6
8163 6463 -6
6463 1420 -5
1420 7489 -8
6463 3113 -4
1420 3353 -4
3353 6693 -6
6693 1511 -10
6693 1096 -8
1511 1505 -1
1511 7127 -1
7127 3673 2
1505 6369 5
13 9596 5
1811 9710 5
1028 9839 5
9839 8941 -9
8941 3454 0
3454 2292 -10
3454 7834 -5
7834 4823 -6
4823 5888 -8
2292 6879 -2
8941 9752 3
9752 7900 -9
7900 1871 -2
9235 9889 5
9889 6002 -1
6002 2468 -2
6002 1169 2
2468 2454 3
2454 5708 -5
9889 8019 3
7166 9894 5
9894 7675 -8
7897 9898 5
9898 1557 -2
9898 4401 0
1843 9902 5
9902 1642 4
1642 2002 1
2002 6697 -3
2002 2965 -1
2965 5856 -4
6697 7761 0
2965 7421 3
7421 7324 -3
5737 9944 5
2868 9957 5
32 35 6
6557 57 6
8794 107 6
107 6876 -9
4248 110 6
2449 122 6
122 9338 -9
122 180 -5
37 123 6
123 8193 -5
8193 1388 4
1388 2342 -10
123 8383 5
21 156 6
156 6860 1
6860 5943 4
2821 189 6
2374 211 6
6026 236 6
2129 393 6
4692 516 6
188 625 6
625 6116 -7
1452 626 6
524 633 6
633 5025 -1
4607 715 6
3532 759 6
8974 776 6
96 842 6
291 883 6
883 4250 -8
883 995 -3
995 1959 -4
1959 4691 -2
883 2138 1
2138 4450 1
7677 955 6
955 6344 5
6344 5824 -10
5824 5165 0
6344 9397 2
9397 8726 -10
8726 9917 -4
9397 6638 -3
9917 8221 0
8221 9681 -4
8221 5591 -1
3985 1007 6
1007 5389 -6
1007 710 -1
710 3974 2
374 1008 6
1008 2100 -8
7466 1027 6
1027 3049 5
3049 2186 -2
2186 5215 -5
1819 1086 6
8537 1113 6
1359 1118 6
1118 2914 3
6116 1163 6
1163 4510 -8
3228 1188 6
3304 1313 6
6001 1438 6
240 1558 6
7918 1640 6
2262 1673 6
1673 1935 -8
1673 970 5
970 4213 -9
1480 1779 6
1779 2065 -8
2065 2658 -10
7179 1919 6
3168 1920 6
4817 1971 6
602 2031 6
9 2123 6
2123 3330 -5
2278 2168 6
2168 7716 -9
7716 8205 2
2168 332 4
5335 2182 6
2919 2231 6
606 2372 6
2372 4719 -6
3172 2412 6
2412 6010 5
6010 7440 -3
128 2445 6
9648 2450 6
2450 985 3
2470 2623 6
3051 2625 6
2284 2675 6
2675 8752 -7
8752 6283 -4
6283 5557 -10
6283 7230 -8
5557 8230 -6
8230 6245 2
6245 5513 -6
6245 6996 -3
5513 7604 -1
7604 5039 -3
7230 4189 3
4189 7665 3
7665 5654 -1
5654 4832 -7
2675 7425 5
7665 9757 5
9757 5638 -2
2664 2750 6
2721 2793 6
5269 2794 6
7901 2846 6
5665 2887 6
5910 2895 6
2895 6044 -9
2895 9754 -5
2094 2950 6
2950 3658 -8
2950 8320 0
8320 6149 3
156 3022 6
3979 3023 6
986 3054 6
3054 2922 6
4713 3111 6
6287 3127 6
3983 3248 6
3248 4280 0
940 3336 6
2743 3370 6
3370 9824 5
9824 1349 -6
5220 3414 6
2936 3433 6
2555 3488 6
396 3522 6
3522 1432 5
1432 7608 2
1432 364 6
364 7280 0
7624 3584 6
8080 3615 6
669 3655 6
3655 9543 -5
1333 3659 6
8134 3715 6
3715 1310 -6
1310 871 -4
871 2189 -9
871 4766 2
4766 6073 3
6876 3745 6
103 3774 6
1533 3802 6
3802 2891 -10
2891 1967 0
1967 5415 1
6045 3859 6
562 3873 6
3472 3888 6
2139 3912 6
3912 2873 -9
2873 4204 -5
4204 3453 3
3453 5624 -8
3453 1625 0
1625 1507 -9
3912 8981 5
3042 3913 6
3913 4161 -9
4161 6548 -5
6548 2107 1
3913 3031 2
3031 4670 1
8283 3969 6
2170 3992 6
5168 4023 6
4023 1056 -9
4023 939 -2
1056 2590 -2
1056 1109 3
1109 4926 -8
4926 4084 -3
4084 3636 4
3636 5046 -2
3636 8548 3
8548 5470 3
5470 6666 -10
1056 3699 4
3699 3825 -5
3699 6715 0
3699 62 4
62 6607 -3
6607 1792 -10
6607 2986 -3
2986 3953 -3
2986 4228 2
8548 170 5
170 9996 -7
9996 8724 -5
170 6234 0
6234 673 -3
673 7504 3
7504 4268 1
4268 9289 -4
9289 9359 -5
3636 4001 6
4001 3267 -10
3267 2529 4
2164 4026 6
8925 4055 6
4055 737 4
737 135 -2
135 1361 -7
2953 4107 6
9871 4129 6
4129 6603 2
2331 4136 6
4136 1299 -3
4136 7333 3
7333 6622 -8
6622 5318 1
4136 9819 3
6622 9306 4
659 4164 6
2700 4217 6
3983 4249 6
519 4368 6
5273 4377 6
4377 1019 3
1019 3383 3
7191 4626 6
3315 4731 6
4731 391 -3
391 2966 -10
2966 8129 -5
2377 4864 6
6507 4946 6
4946 3475 6
3475 6884 3
3756 4980 6
4980 9013 -10
9013 1180 -8
1180 6395 -8
6395 6802 -6
1180 3911 2
4980 9175 5
6802 2472 6
2472 7506 5
7506 7301 -9
9273 4986 6
4986 8623 2
5448 5068 6
5068 2785 -9
5180 5146 6
1173 5170 6
405 5225 6
4062 5249 6
7092 5256 6
1574 5263 6
5263 7040 3
7040 4729 4
703 5278 6
2725 5336 6
5336 2843 3
4502 5352 6
9333 5364 6
5364 653 5
653 3571 3
653 4459 5
3571 8141 5
2204 5367 6
6971 5388 6
5789 5397 6
5397 2010 2
2010 8747 1
2665 5456 6
2947 5479 6
5479 9194 -10
1531 5519 6
3097 5573 6
8689 5632 6
5632 4060 -1
4060 3910 -6
3910 8136 -6
5632 3719 1
3719 4402 -8
3910 856 4
3910 4554 4
4554 7576 -6
7576 1790 -6
4554 640 -5
1790 4812 -2
4812 9890 -2
9890 9964 -8
9964 3830 0
640 9319 1
7576 4353 3
4353 6944 3
6944 7832 3
7832 7101 -3
1790 9123 3
4014 5645 6
5645 7272 -6
7272 8022 -3
3645 5652 6
9783 5655 6
5655 5990 -10
6322 5661 6
5661 1192 0
4988 5684 6
9180 5791 6
86 5800 6
5800 5549 -7
1385 5828 6
5136 5877 6
3819 5908 6
5908 7996 -6
6513 5979 6
2704 6241 6
6241 9820 -10
9820 2156 1
2156 1274 -8
5856 6257 6
2646 6361 6
6361 9929 0
9929 5317 0
5317 6594 -5
6594 1462 -7
9791 6529 6
5946 6536 6
6536 1766 -6
6536 8954 4
733 6565 6
9884 6645 6
1790 6652 6
8528 6730 6
6730 7192 -5
6730 1203 5
1203 1338 -6
1203 4918 3
1203 8544 4
6842 6741 6
6741 925 -2
6741 7118 3
3081 6885 6
2213 6942 6
4431 6966 6
7948 7017 6
1074 7110 6
4194 7211 6
1964 7268 6
7268 4197 6
4197 4904 -10
3127 7291 6
1142 7318 6
7318 8127 4
5599 7404 6
7404 1678 6
8020 7491 6
7491 639 3
7491 1738 6
1738 1721 -10
1721 2619 -6
2619 2674 -3
2619 9103 0
9103 9611 -10
4457 7579 6
2899 7631 6
7631 3352 -5
3352 4359 -4
4359 8731 -4
7218 7685 6
1141 7694 6
7694 3608 -1
3608 3407 0
7921 7698 6
5624 7747 6
7747 7339 -8
7339 5720 3
7747 7365 5
7365 5408 5
4589 7806 6
2368 7838 6
7838 1267 0
1516 7954 6
7954 2018 -8
7954 6618 1
6618 6196 0
6618 7227 2
6618 3476 4
3476 9218 -5
3969 7981 6
2482 8084 6
8084 394 -6
394 689 1
689 1184 -6
1184 683 6
683 5121 -8
5121 281 -8
281 3980 -1
683 6085 5
6085 7093 -2
7985 8102 6
8102 3026 5
9424 8146 6
8146 8768 -6
1255 8181 6
5938 8372 6
8962 8418 6
8418 8922 -2
7345 8427 6
1959 8557 6
8143 8688 6
8688 4205 2
4205 3252 -10
1814 8751 6
8751 2713 -4
2713 3048 -6
2713 9007 -3
7704 8789 6
4659 8827 6
4384 8863 6
2953 8873 6
281 8889 6
4482 8914 6
7935 8950 6
5320 9008 6
8239 9019 6
9019 8138 -9
9019 8666 -4
9019 376 2
376 7540 -7
7798 9078 6
9078 5430 -6
9078 5662 -6
9078 5693 4
5693 9861 -6
4652 9113 6
9113 3088 -8
9113 8813 -4
8813 4751 3
9586 9126 6
7527 9168 6
3218 9169 6
9169 1534 5
6984 9279 6
2591 9287 6
8699 9337 6
9337 3291 1
6205 9354 6
6636 9366 6
1060 9522 6
3727 9538 6
9538 4726 3
4726 4076 -10
513 9562 6
833 9570 6
646 9614 6
1367 9668 6
5983 9700 6
1095 9712 6
8061 9729 6
387 9793 6
9793 556 -6
556 2474 -9
9793 6998 -4
2474 4511 -3
7761 9868 6
3321 9900 6
9900 3121 2
3121 6363 4
6363 2807 -1
2807 146 -6
2807 9098 -1
9098 2221 1
6363 4906 2
2807 5968 3
146 9011 3
146 6771 5
4906 6407 6
2221 9380 6
9380 9869 -8
9869 6248 -5
5741 9981 6
7 11 7
11 8866 -10
9011 75 7
75 1335 -2
5809 172 7
172 2885 -7
9835 210 7
210 1826 3
1826 3872 -3
5724 220 7
220 637 -6
637 2973 5
2973 968 6
968 712 -2
712 7927 5
7629 276 7
3954 290 7
7878 339 7
6188 447 7
447 6909 -7
7461 488 7
488 5008 -10
8741 489 7
2115 499 7
2206 581 7
1325 682 7
682 1913 -1
682 2075 -1
2075 2956 -3
704 720 7
251 722 7
722 4349 -4
722 7426 -1
722 5196 4
77 729 7
729 7719 -10
729 2223 -1
2223 3214 0
729 4269 0
4269 8797 5
8797 1208 4
1208 2632 -8
1208 4920 -6
1208 8180 -5
1208 237 2
2632 5980 2
5980 6509 -7
5980 8900 -6
5980 132 -2
132 1346 -8
132 93 -2
6509 9454 4
9454 3754 -6
9454 8631 -4
8631 1756 -10
1756 5413 -10
8631 1636 -9
3754 6381 3
6381 7113 3
3754 5550 6
8631 9680 6
1409 774 7
5631 778 7
2728 804 7
461 828 7
828 9132 3
9132 3398 5
6 886 7
5486 887 7
887 8039 -5
887 1318 0
8039 3553 0
887 1802 4
183 906 7
906 7411 -9
906 7346 -4
295 911 7
911 5393 -6
4833 941 7
8162 945 7
62 984 7
1287 991 7
991 2253 0
2253 4672 4
2371 1103 7
1103 9030 -7
1367 1122 7
5575 1168 7
8747 1171 7
1171 6023 -1
103 1242 7
1242 6983 -3
884 1294 7
747 1301 7
2680 1314 7
3144 1348 7
1348 9129 2
6397 1423 7
136 1492 7
1492 8289 -9
1203 1536 7
1536 571 -10
1536 1126 -5
425 1563 7
4228 1736 7
4172 1847 7
992 1852 7
1852 5651 1
4198 1870 7
1870 3399 -9
3399 4181 -7
4181 9334 -2
9334 7869 -5
4181 7274 4
3399 8246 6
8246 5732 1
1451 2059 7
1104 2078 7
4393 2117 7
2117 8742 -3
2117 4722 6
4722 3666 4
1035 2136 7
2136 4245 -10
2136 9488 1
4245 6061 2
3853 2405 7
422 2418 7
1536 2442 7
8093 2467 7
2467 7708 -1
5918 2483 7
2483 6650 -7
6650 5528 0
5528 5916 -5
2483 7359 0
601 2496 7
3678 2525 7
384 2543 7
5101 2610 7
2610 4171 -3
2610 6089 0
6089 1205 -5
3236 2661 7
2661 4180 -10
2661 5803 -4
5803 1664 -10
1664 8223 1
8223 5853 3
5916 2686 7
8019 2712 7
2712 7886 -9
7886 8520 4
2712 2054 5
1023 2729 7
6459 2768 7
4815 2848 7
2848 813 -2
813 7587 -10
813 7375 -8
2848 1280 7
1280 1144 -5
2215 2866 7
2866 3875 -10
2056 3037 7
9081 3071 7
1729 3075 7
3075 4270 2
4270 5333 -9
8970 3131 7
3131 6800 -3
3131 9873 3
5755 3250 7
3250 7884 -2
7884 9577 -8
7884 8708 -5
8708 5498 -7
5498 9070 0
9070 5251 -8
5251 4932 -8
4932 4276 3
4276 8366 -4
8366 9554 -2
7133 3287 7
5005 3314 7
3314 1302 0
267 3371 7
1856 3473 7
4137 3496 7
3496 954 -2
3496 6972 2
954 4508 5
9246 3544 7
9771 3698 7
7675 3757 7
2324 3879 7
3879 9510 -4
1546 3887 7
5453 3899 7
3899 6694 1
3899 4704 3
4704 3151 -8
3151 7771 6
2192 3935 7
3935 5081 6
2335 4046 7
4046 4157 -9
3912 4139 7
4617 4227 7
4227 8696 -3
4227 619 3
619 3386 5
2897 4239 7
4239 9248 0
4239 3397 3
9092 4281 7
4281 6040 3
9267 4376 7
3560 4406 7
1813 4455 7
2685 4466 7
4466 5503 -9
5503 2533 -7
4466 8604 3
110 4541 7
4541 1041 -1
4541 4744 1
7593 4683 7
4683 3010 -6
3010 754 -8
3010 4390 -5
4390 3011 0
3011 3517 -9
3011 7401 -1
7401 8545 -9
3011 6164 0
3010 5811 3
3517 9040 5
9040 1370 -3
7161 4720 7
5887 4761 7
4716 4800 7
2255 4820 7
6625 4840 7
4840 1532 3
1532 2863 4
4840 7905 4
3108 4850 7
2980 4853 7
2761 4893 7
2323 4948 7
4948 7132 0
7132 4061 0
4061 6685 -1
4061 4898 2
4948 9762 2
4898 5161 6
4129 4979 7
4979 6303 -3
6303 324 -9
6303 8313 -1
7909 5010 7
1971 5042 7
7241 5224 7
4160 5231 7
2102 5306 7
7742 5314 7
5518 5506 7
5506 2159 2
2159 2571 -1
112 5558 7
5558 6146 -3
6146 582 2
5558 9524 6
448 5576 7
4222 5639 7
4407 5676 7
5525 5706 7
7640 5740 7
4324 5768 7
5632 5770 7
691 5792 7
3721 5798 7
5798 9183 6
6876 5810 7
2864 5815 7
5828 5893 7
7471 5927 7
4929 5941 7
3631 5986 7
8898 6036 7
6036 9284 -8
6036 4144 -6
1354 6080 7
2938 6095 7
6095 1309 1
4372 6122 7
6122 9679 1
9135 6316 7
6874 6325 7
6325 9411 -7
9411 4845 1
4845 2124 -6
972 6348 7
3496 6378 7
6378 1676 3
1427 6398 7
4088 6402 7
6402 2118 -10
2118 4388 -8
2118 2240 -7
4388 7363 -5
9548 6441 7
6934 6456 7
6456 6558 -4
6867 6483 7
6483 3308 6
3722 6491 7
2159 6542 7
2355 6569 7
6179 6578 7
8390 6610 7
6610 6770 6
1908 6613 7
6613 8612 -1
8612 2202 -6
2202 6106 -6
6106 8081 -5
7488 6733 7
993 6742 7
1210 6890 7
6890 4963 5
4963 1165 1
4963 787 4
787 9143 -4
787 9816 2
1165 9138 4
1165 386 5
6188 6896 7
8548 6897 7
6064 6975 7
6975 47 3
3149 6986 7
6986 6910 -2
6910 8228 -4
8228 9335 -8
4318 7026 7
7026 6827 3
6827 4543 -2
833 7053 7
3163 7096 7
2196 7107 7
4007 7242 7
7242 2812 0
5442 7501 7
7501 9809 4
9809 432 -10
432 1685 0
6033 7547 7
7547 7173 7
7173 2933 -10
2933 4776 -8
8290 7555 7
8720 7580 7
7580 3583 3
4721 7689 7
751 7690 7
7690 6756 -8
6756 9924 6
9924 6469 -1
6469 4325 3
4325 7950 3
241 7749 7
7167 7776 7
6860 7788 7
1201 7818 7
9341 7839 7
8198 7847 7
4587 7893 7
1584 7925 7
1608 7936 7
1558 7944 7
7944 9896 5
5517 7977 7
7977 1159 -3
1159 1403 -10
1403 8185 -1
1159 6592 5
6592 545 1
545 1684 -7
1684 2630 -5
7977 9095 5
9095 5228 -1
5228 5481 -9
5481 7182 4
7182 5588 -3
5717 8043 7
4916 8131 7
9739 8176 7
8502 8204 7
8204 1389 4
6490 8308 7
8308 9516 5
1723 8325 7
566 8398 7
6132 8425 7
1151 8522 7
733 8549 7
8198 8584 7
7721 8618 7
2891 8641 7
8641 2012 -2
7604 8645 7
8645 1668 -9
1668 1202 -2
1202 3410 -6
6959 8711 7
322 8753 7
8033 8850 7
8850 9644 -6
3990 8928 7
8928 7651 3
2218 8937 7
700 8984 7
6456 8997 7
8997 2648 -2
803 9022 7
3319 9109 7
6411 9166 7
9166 2227 4
4542 9271 7
9271 9603 -8
209 9505 7
1220 9520 7
9143 9584 7
9584 8765 -7
4332 9725 7
9725 5113 -4
5113 3332 2
4102 9741 7
9741 4869 -1
401 9756 7
2423 9778 7
9778 8029 1
9662 9794 7
9794 9659 -5
9986 9802 7
1827 9888 7
9888 9975 3
5544 9918 7
4026 9966 7
112 38 8
38 33 -4
7916 239 8
1653 350 8
58 389 8
389 4685 -7
389 692 1
692 5338 -2
910 406 8
406 848 4
848 9390 -8
848 3515 -3
9390 6426 1
848 6414 5
406 7039 6
760 455 8
455 231 -10
4509 459 8
459 114 8
750 467 8
467 7072 3
7072 6597 -6
6597 3400 -7
3400 3318 -1
1492 512 8
758 529 8
1811 565 8
565 788 -5
565 8262 3
8262 5045 -6
5045 4481 -10
4481 4158 -8
5045 8211 -5
8262 4819 -3
786 644 8
644 9998 0
9003 661 8
884 741 8
741 9495 -6
741 6256 -3
6256 4579 -1
4579 1605 -2
1605 4341 -9
1605 2984 5
2984 1474 -9
4341 2660 7
2660 510 -4
510 1825 -5
510 9490 -3
9490 2926 -2
2926 2941 4
510 6932 5
6932 8002 2
4216 779 8
779 7476 -9
7476 7480 -4
7723 785 8
785 2308 7
627 905 8
2044 924 8
8176 1001 8
6805 1097 8
336 1177 8
492 1258 8
6440 1378 8
1378 2009 -5
1378 2917 -4
2009 3053 -2
1378 4816 4
4816 7802 7
134 1380 8
6650 1398 8
1398 7284 -2
1827 1407 8
7095 1417 8
564 1525 8
382 1562 8
5480 1565 8
1565 3202 5
423 1571 8
1571 1704 1
239 1597 8
1597 9864 5
2166 1761 8
6865 1794 8
1794 8773 -7
1794 5817 -6
517 1801 8
3821 1823 8
9472 1981 8
3831 2013 8
8136 2050 8
6411 2106 8
3244 2274 8
2274 1569 -2
1569 9934 1
115 2300 8
7662 2312 8
4911 2315 8
1774 2345 8
2345 8725 1
9667 2361 8
111 2386 8
2116 2397 8
1411 2432 8
2432 6691 -10
7657 2433 8
247 2439 8
5735 2491 8
2491 9877 5
9877 4870 1
2491 3143 6
9404 2558 8
2558 8478 -3
950 2599 8
6588 2604 8
2604 4829 -2
4829 9767 -3
3096 2622 8
1734 2691 8
2691 9582 -7
2691 490 1
490 4855 -5
9582 5002 3
2691 6366 4
426 2766 8
2766 5119 1
5119 7236 -3
2766 7800 3
3889 2781 8
5751 2842 8
7184 2865 8
2865 6392 -3
6392 6429 -5
6392 2642 -2
6429 5967 -1
5967 4957 -4
4957 4116 -5
4116 9828 -10
9828 7864 -6
5967 9286 -4
9286 636 -2
7864 4087 -2
4116 6928 0
6928 5300 -10
4116 6571 1
6571 7064 1
6928 9652 1
6928 2916 4
2916 1954 -6
2916 9693 -2
2865 5235 4
636 7855 5
4957 2717 6
2717 4011 2
4011 6537 -9
9693 8761 6
8761 6129 -8
6129 7245 1
9513 2930 8
2499 2964 8
2964 7774 -9
2964 8406 -4
8406 4454 -2
4454 3284 2
3284 9285 2
9285 8814 -1
8406 2256 4
8814 6978 6
6978 701 5
2256 3573 7
3573 5199 -7
8406 9093 7
9280 3030 8
3030 3832 5
835 3080 8
3080 6454 7
7000 3119 8
3375 3211 8
8860 3225 8
3225 7713 4
88 3320 8
3975 3406 8
3406 5422 -5
6788 3442 8
3442 9803 4
3442 6150 6
6150 8946 6
8946 3713 -10
8346 3461 8
3461 8076 -7
8076 7633 1
1775 3520 8
4938 3556 8
3556 501 -8
3499 3592 8
2024 3599 8
3599 8267 2
282 3639 8
3639 4004 2
4004 5463 6
5463 666 -8
666 6559 6
6559 7717 3
6559 763 4
763 5262 -1
5262 9748 -6
666 5428 7
5428 6493 -6
6493 7292 -9
699 3648 8
7197 3676 8
8191 3690 8
2828 3772 8
6803 3828 8
4399 3918 8
3194 3967 8
3967 9015 3
735 4078 8
4078 7149 -5
7149 3730 -6
7149 6775 7
447 4089 8
2227 4121 8
1531 4176 8
4176 4184 -5
4184 6795 -10
4184 8916 2
4184 7628 3
5771 4223 8
1285 4265 8
6311 4295 8
4295 2870 4
2005 4369 8
5624 4397 8
8 4417 8
4417 2135 2
2135 1068 -9
1068 5492 -9
3785 4426 8
7679 4470 8
4908 4480 8
153 4498 8
4035 4567 8
4567 6435 1
2566 4600 8
4079 4613 8
4613 60 3
4299 4656 8
789 4663 8
4663 1877 0
1877 3981 -3
1877 3937 1
996 4725 8
9668 4745 8
4053 4775 8
4775 5923 6
5923 535 8
766 4799 8
8515 4856 8
3902 4900 8
6346 5022 8
5022 5313 -8
5313 6428 -1
6428 610 -5
5022 5028 2
5028 4345 -3
4711 5109 8
1738 5274 8
5274 7308 0
7308 3428 5
3428 3056 -4
3056 9332 -4
9332 9406 0
9406 9044 -6
9851 5340 8
4255 5381 8
5381 7841 2
7841 989 -5
7808 5386 8
5386 5905 2
5905 2022 -9
3786 5400 8
5650 5403 8
4466 5437 8
5437 9187 -5
5437 8615 0
5437 3074 3
3695 5443 8
4209 5444 8
5444 7102 3
7102 935 -4
7102 8662 1
8662 3836 -5
3836 6202 6
3112 5585 8
5585 5356 8
297 5636 8
7057 5794 8
5794 808 -7
1641 5823 8
8171 5840 8
5840 3622 8
1282 5867 8
5867 9343 5
9343 8488 2
4383 5882 8
5882 4163 2
7970 5883 8
5883 9949 -10
6691 5961 8
5263 6035 8
7873 6232 8
9863 6272 8
6272 273 -4
273 8834 -4
6272 3549 -3
273 7431 -1
8834 7915 2
273 8869 4
1600 6400 8
3588 6442 8
6442 5723 -8
6442 3132 -7
4092 6510 8
1684 6589 8
8225 6593 8
6593 2409 3
9242 6673 8
4032 6726 8
6726 2981 -3
9739 6763 8
6763 9186 3
3902 6804 8
7718 6844 8
3209 6859 8
294 6933 8
6511 6970 8
1753 7062 8
7062 5310 3
6261 7141 8
7141 6056 4
4474 7189 8
1750 7203 8
7630 7208 8
7208 9340 7
9340 7898 -1
7898 9079 1
7176 7276 8
6081 7306 8
4723 7326 8
5582 7383 8
7383 6055 -3
6055 1592 7
8859 7415 8
7415 8833 0
4455 7511 8
7511 9308 2
8430 7552 8
7552 1983 -3
2857 7600 8
7600 6534 -1
6534 1982 -3
1982 2763 -2
3826 7638 8
7638 90 4
4280 7751 8
7964 7835 8
2701 7868 8
7868 651 1
651 4246 -4
1373 7912 8
8934 7997 8
7997 5072 1
5072 6349 8
6349 7355 -8
7355 7859 -2
7859 7061 -7
2929 8013 8
3207 8164 8
2923 8264 8
3664 8324 8
7468 8365 8
2357 8367 8
8367 8943 -7
9104 8374 8
4356 8444 8
9126 8646 8
8646 1837 -4
3486 8650 8
8650 7499 -1
8650 9002 -1
9002 7493 6
7493 3506 -7
8650 2849 7
8650 6675 7
7562 8659 8
8305 8703 8
8703 1900 0
1900 5465 -10
9577 8755 8
2708 8979 8
7885 9046 8
9046 9205 -7
6941 9089 8
9863 9157 8
6624 9197 8
6431 9207 8
651 9227 8
6071 9373 8
3568 9434 8
4941 9440 8
9165 9502 8
5565 9567 8
9567 3641 -3
6303 9616 8
950 9745 8
9745 4186 8
510 9784 8
9885 9792 8
5219 9922 8
9922 5936 -8
59 78 9
78 203 -3
979 167 9
967 440 9
440 7027 -10
7027 4976 -1
4976 2466 -3
2466 3580 1
5653 740 9
740 9473 -4
740 5207 2
9607 769 9
769 5648 -4
769 1887 0
1887 3536 -4
769 2518 7
2633 817 9
3401 846 9
846 4686 -2
3282 1006 9
1769 1078 9
9918 1300 9
9234 1344 9
1668 1453 9
5494 1501 9
1501 8806 -7
1501 902 3
1333 1528 9
1528 9102 -9
1528 4783 -1
1528 9961 6
9961 178 -3
9961 8668 -2
420 1549 9
134 1601 9
1601 4361 -8
1601 5542 5
5542 7755 -9
5542 2291 -6
2518 1627 9
1627 2382 -4
496 1650 9
648 1662 9
1662 7296 -2
31 1697 9
1013 1763 9
4159 1791 9
1791 5177 -2
8115 1840 9
1840 8573 -6
3753 1885 9
9484 1974 9
1974 5733 -4
5733 949 6
642 1994 9
2254 2039 9
454 2048 9
5017 2140 9
2140 4095 4
4095 3360 6
9957 2147 9
5330 2212 9
9754 2232 9
2232 5859 -9
5859 5308 -9
5308 9201 8
3409 2249 9
2249 3862 1
2249 7670 8
180 2289 9
1789 2373 9
2373 4549 -10
4549 3732 -2
3732 181 4
181 1081 -6
181 3572 2
181 861 5
861 1575 4
1575 9722 -1
9722 8256 -9
9722 9539 5
3917 2452 9
6718 2594 9
2594 84 -6
2594 6920 -6
6920 3991 1
9422 2621 9
1799 2749 9
8687 2810 9
9209 2822 9
5000 2847 9
4441 2921 9
300 2924 9
9249 3017 9
5074 3028 9
910 3069 9
3069 3142 2
3997 3110 9
3110 5457 6
5457 1225 -9
1225 3103 5
2548 3130 9
3130 4657 -10
5305 3175 9
828 3226 9
7900 3254 9
8500 3290 9
2009 3310 9
3370 3408 9
3442 3413 9
1015 3444 9
3444 9982 -1
9982 8003 -9
9982 8441 2
3232 3451 9
6990 3457 9
3457 9940 -1
9940 6195 2
4369 3463 9
5730 3504 9
5592 3528 9
3528 2188 0
6671 3547 9
2056 3625 9
7359 3685 9
3685 3755 -5
5185 3948 9
3948 654 -9
12 3977 9
3977 9414 1
9414 9627 -1
1085 3998 9
3998 5047 4
3232 4043 9
3335 4201 9
3927 4214 9
1580 4242 9
4242 1902 -3
1902 6564 -4
3769 4363 9
1995 4395 9
4395 7789 5
4683 4475 9
1505 4491 9
4491 7672 -8
4491 9172 -4
9172 7232 7
7232 6327 8
7185 4530 9
4336 4532 9
4532 2038 -7
398 4546 9
2597 4620 9
9596 4747 9
4747 9740 -10
668 4762 9
4762 8702 -1
98 4777 9
4777 6046 3
2547 4830 9
4830 7279 0
4830 7175 5
5734 4846 9
4470 4867 9
4867 4263 -8
4263 6330 -2
6330 8496 8
8496 5816 5
5816 4219 9
3737 4875 9
4875 5319 7
5319 2560 -4
5319 3617 -1
2560 5642 4
5642 3604 -3
5350 5023 9
5023 8024 -4
8024 572 0
572 8713 -4
8713 1368 -9
5672 5142 9
271 5326 9
5326 4447 6
4447 7825 8
3873 5484 9
1886 5487 9
5487 375 3
375 5808 -6
1921 5598 9
6158 5628 9
7519 5666 9
5666 9386 1
3174 5746 9
5807 5773 9
2732 5802 9
5802 9913 -3
9913 9042 -5
9042 4520 -2
6428 5842 9
5621 5870 9
1045 5921 9
6856 5934 9
5934 7158 -3
3436 6003 9
3812 6006 9
7093 6057 9
6057 2996 -10
3880 6139 9
1125 6356 9
6355 6415 9
5496 6465 9
9416 6494 9
547 6520 9
4029 6544 9
6544 8910 -2
7440 6599 9
2305 6665 9
6665 7065 2
2378 6676 9
6676 3661 5
2416 6727 9
8318 6778 9
242 6824 9
1386 6960 9
6960 961 -9
961 9214 -2
9214 6711 8
8883 6993 9
6993 6743 8
7697 7011 9
7107 7135 9
3940 7138 9
7138 7781 -2
7781 9188 0
9188 5417 -6
9188 4951 4
4951 7988 6
5417 8649 8
8649 2073 1
2073 2485 -5
966 7186 9
77 7237 9
8996 7238 9
7238 6088 -1
5182 7313 9
7744 7457 9
2958 7505 9
8151 7636 9
7782 7695 9
9490 7759 9
7759 3574 3
1698 7785 9
2183 7837 9
4861 7844 9
9499 7907 9
1645 8008 9
7267 8011 9
5492 8064 9
8064 8188 -8
8064 4614 3
5956 8117 9
4886 8128 9
4568 8214 9
8214 7795 9
7795 7596 4
2668 8260 9
8260 497 -10
2953 8369 9
8369 9523 -3
8369 4413 0
6100 8371 9
2602 8405 9
2229 8436 9
3262 8455 9
6442 8459 9
8459 3109 -5
3109 3885 0
4088 8485 9
9847 8495 9
5706 8583 9
4959 8600 9
7854 8732 9
3271 8743 9
8743 7953 -9
1325 8795 9
5426 8824 9
887 8842 9
5628 8865 9
5582 8923 9
1942 8935 9
2585 9066 9
5296 9075 9
3197 9127 9
2203 9428 9
7909 9477 9
9842 9509 9
1452 9598 9
9598 6422 -8
6422 5346 -10
5346 4582 6
7698 9608 9
4591 9661 9
9661 176 9
176 3878 9
3878 7620 7
9886 9682 9
3465 9714 9
6391 9751 9
9751 3968 -2
1182 9812 9
376 9862 9
9862 9687 5
6164 9910 9
9910 5753 -2
833 9943 9
330 144 10
144 8539 4
8539 5015 -4
144 9184 4
4879 399 10
594 509 10
509 4678 -5
653 550 10
2705 657 10
657 1515 -6
1515 4889 0
140 770 10
9666 923 10
5050 946 10
367 990 10
9271 1021 10
1021 9479 -7
1021 630 2
9479 1777 5
1777 7889 -6
1777 1864 3
3176 1100 10
9145 1215 10
1215 8184 -7
2268 1347 10
4529 1441 10
1441 9288 2
1441 8564 3
7927 1450 10
3399 1472 10
8226 1506 10
4414 1707 10
1707 1489 -9
5787 1742 10
1742 761 -7
761 3419 -6
3419 390 -10
3419 3416 -7
3419 994 1
994 6801 -10
994 8358 -8
8358 9203 -10
390 5232 5
761 4534 7
4534 6580 -9
3157 1785 10
1785 7728 -8
1785 3073 2
859 1808 10
4034 1883 10
1883 4628 -1
5776 1923 10
1923 8518 -9
1923 4154 8
8518 8973 8
1415 1973 10
1973 7445 -9
1973 6546 4
7445 8042 7
8114 2026 10
2026 4690 -1
4690 1878 -6
6743 2032 10
2032 3932 1
5559 2069 10
9737 2252 10
534 2294 10
2886 2389 10
8061 2747 10
2698 2815 10
2815 4786 9
4786 609 9
609 9345 9
1306 2943 10
2943 4098 7
4098 5288 -4
2943 8596 7
8596 9825 4
9825 7112 -6
7112 2208 4
2208 2194 -8
2208 5316 2
9825 5167 5
2208 4651 7
4651 9053 3
2943 1578 8
2943 4913 9
4913 8843 -6
9825 6869 9
1673 2991 10
2982 3058 10
63 3091 10
3091 7180 9
7180 4190 6
4190 8401 8
2878 3123 10
7955 3182 10
1261 3255 10
1965 3258 10
2824 3380 10
1544 3382 10
4608 3384 10
3384 6642 -10
878 3396 10
9909 3405 10
5197 3422 10
3418 3537 10
524 3595 10
7056 3642 10
3642 1493 3
2159 3644 10
833 3679 10
1099 3680 10
2323 3703 10
3324 3707 10
4716 3747 10
8714 3841 10
3841 3459 -4
3459 7483 2
9319 4010 10
1986 4150 10
1308 4165 10
9952 4177 10
4177 3671 -9
204 4297 10
4297 109 -5
109 2667 -10
4297 4901 8
7527 4355 10
1478 4469 10
7835 4504 10
2341 4631 10
2392 4734 10
4734 6562 7
3957 5035 10
5035 7226 9
648 5150 10
1403 5181 10
575 5455 10
4877 5488 10
5488 1392 -10
1392 5111 -10
5488 6102 -2
6102 4849 -9
4214 5569 10
673 5864 10
8280 5909 10
9575 5929 10
2563 6124 10
6124 9021 3
9021 6690 4
6690 8798 -10
6215 6374 10
5146 6399 10
5636 6526 10
6526 6590 3
6590 7255 -8
1369 6808 10
1439 6872 10
2913 6947 10
6947 3117 3
3117 6600 -9
3117 2834 -5
4287 6976 10
6976 8041 -1
8041 1196 9
8041 7074 9
7074 5709 0
5709 6705 -8
8079 7041 10
2648 7077 10
3696 7115 10
9015 7148 10
276 7212 10
7212 7866 0
7866 1116 2
1116 5981 -3
9774 7221 10
2034 7282 10
7282 9775 -4
6905 7342 10
7342 1051 -8
7342 4065 -7
7342 343 0
343 9892 0
6817 7348 10
9427 7373 10
7373 5289 2
5289 3257 -2
7373 6504 3
9422 7387 10
7387 7337 -10
3910 7443 10
6674 7591 10
6558 7602 10
8258 7609 10
7609 9853 7
3411 7650 10
7650 2462 -4
7650 5726 2
5726 6118 2
2462 4109 9
4109 41 3
1694 7673 10
7105 7720 10
9709 7812 10
178 7913 10
7913 3564 -7
7913 3351 -4
2607 7960 10
2359 7966 10
7383 7972 10
8721 7982 10
3912 7991 10
2501 8030 10
636 8120 10
8120 3395 -8
8757 8173 10
8173 5782 -8
5737 8202 10
8082 8335 10
6351 8385 10
7625 8419 10
8419 6367 5
943 8429 10
1332 8433 10
9715 8462 10
3572 8529 10
4576 8534 10
8534 5629 1
7180 8571 10
8571 8624 3
990 8609 10
8609 4584 -8
9188 8660 10
7491 8671 10
9668 8701 10
2825 8759 10
4445 8826 10
2268 8936 10
1768 9059 10
1326 9086 10
1275 9195 10
8739 9324 10
8679 9369 10
9369 3167 -4
3167 4044 -2
4044 6838 -9
9740 9469 10
9469 5214 10
3939 9541 10
2687 9550 10
8907 9551 10
8687 9671 10
807 9673 10
6759 9732 10
9873 9798 10
9266 9807 10
5756 9818 10
9876 9845 10
9845 9292 2
9938 9946 10
2092 9968 10
2758 24 11
6088 108 11
108 9485 8
9160 507 11
507 8319 -1
507 429 1
1298 553 11
2389 622 11
300 632 11
632 6162 7
6953 702 11
702 2112 -2
6904 930 11
1974 1002 11
1188 1178 11
1178 6453 -7
1178 3653 6
3250 1599 11
994 1915 11
148 2098 11
4069 2362 11
1596 2552 11
2941 2726 11
4470 2736 11
2736 7335 -3
7335 9050 -1
9050 8161 2
609 3134 11
3134 6368 -6
4530 3165 11
6278 3217 11
922 3219 11
3496 3266 11
952 3369 11
2007 3704 11
3939 3733 11
3733 221 2
9825 3792 11
9232 3814 11
2651 4038 11
4584 4058 11
4058 5925 -10
4639 4112 11
5319 4125 11
192 4321 11
5196 4330 11
8329 4373 11
1464 4398 11
4398 1946 -9
4398 8070 3
5296 4456 11
1361 4555 11
4555 9947 1
731 4648 11
5242 4679 11
4 4727 11
710 4743 11
7597 4883 11
6264 4897 11
4897 8423 0
8662 5032 11
5032 5700 10
9324 5052 11
4376 5062 11
1929 5255 11
3457 5275 11
4027 5293 11
8936 5324 11
8127 5371 11
5787 5402 11
5402 2049 -1
154 5495 11
1423 5505 11
400 5594 11
8115 5750 11
2875 5752 11
1588 5796 11
6385 5804 11
9648 5841 11
5841 4444 2
4444 2744 -10
2744 8432 -6
8432 5556 -2
9240 5974 11
4034 5987 11
8597 6030 11
776 6092 11
6092 8896 -6
8896 2222 9
4197 6141 11
2743 6212 11
6212 5520 1
923 6299 11
6299 7797 -9
2719 6389 11
9245 6460 11
4074 6601 11
1252 6736 11
3127 6783 11
8110 6921 11
2493 7099 11
2501 7195 11
4852 7265 11
7265 1572 -8
7265 6024 -2
1572 1853 -1
7235 7369 11
12 7378 11
13 7390 11
5430 7467 11
9126 7490 11
5415 7498 11
7498 6764 9
7498 2151 11
7498 5601 11
5601 3780 -4
715 7548 11
7548 8025 0
1498 7565 11
7565 2505 10
7805 7570 11
4011 7603 11
5998 7725 11
4986 7740 11
3498 7804 11
7882 7862 11
7862 7923 5
2179 7943 11
1322 8005 11
7152 8007 11
7308 8106 11
8106 9919 6
9953 8156 11
8156 4675 -10
4675 6574 -1
8934 8157 11
2464 8244 11
8244 5866 4
8053 8399 11
8399 6581 7
6581 1797 -8
1797 162 7
3037 8420 11
1750 8675 11
4453 8697 11
8697 5351 0
336 8804 11
2764 8893 11
3753 8901 11
8901 9156 -2
2038 8932 11
8932 4476 -9
4476 3907 -4
3354 8948 11
8948 7607 -7
8948 9973 -7
5082 9001 11
860 9034 11
9034 4545 4
4107 9110 11
9262 9261 11
309 9309 11
9309 5445 -3
5046 9342 11
9342 5758 10
5758 2137 1
9817 9512 11
9512 6882 8
7514 9594 11
5462 9605 11
9605 6416 6
666 9728 11
6096 9777 11
3997 9882 11
98 9921 11
9921 8443 -9
8443 6785 -5
999 9976 11
5056 9978 11
1317 29 12
40 97 12
285 200 12
57 351 12
3072 481 12
481 4344 -7
7512 521 12
932 573 12
674 705 12
9099 721 12
721 3714 -7
721 6502 -6
3714 3389 5
4738 795 12
795 5090 3
5268 915 12
915 3224 -7
3224 3871 3
3871 4705 5
4705 6902 8
863 929 12
4764 1115 12
5532 1194 12
722 1195 12
6915 1234 12
707 1264 12
426 1435 12
5710 1500 12
1500 2104 3
2104 8628 -5
1879 1535 12
748 1554 12
1554 7894 -4
7894 1953 1
1554 5761 4
87 1712 12
1567 1836 12
8789 1857 12
1857 2134 10
1857 3251 11
9766 1858 12
3104 1937 12
6371 2074 12
6663 2114 12
4336 2339 12
2339 1272 6
857 2365 12
5823 2425 12
9304 2441 12
2441 3586 -2
2441 1910 2
9180 2697 12
2697 4185 2
9393 2786 12
1148 2792 12
2792 5449 -6
5449 2565 2
2565 8116 -4
2565 514 5
514 9626 -1
9626 4274 -3
1851 2798 12
2798 7362 8
3254 2854 12
1013 2906 12
2906 6586 5
3579 2983 12
7385 3000 12
3000 5311 -5
6695 3012 12
8908 3033 12
3033 7537 0
7537 2422 5
3033 4835 5
3456 3212 12
8804 3259 12
2624 3355 12
3355 5508 6
5508 8511 4
6454 3363 12
5898 3512 12
4121 3548 12
1319 3591 12
4101 3708 12
5512 3781 12
4196 3846 12
3715 3863 12
5384 3906 12
3906 4997 6
5054 3931 12
9482 3989 12
264 4075 12
7392 4117 12
6463 4120 12
9195 4131 12
8177 4174 12
2621 4175 12
4933 4193 12
3652 4309 12
4309 6013 0
6349 4328 12
9424 4451 12
2157 4485 12
4485 222 12
1317 4560 12
1561 4585 12
4929 4702 12
8970 4814 12
6888 4884 12
8085 4996 12
4996 8332 6
8332 8663 -6
7191 5147 12
2447 5162 12
946 5174 12
894 5213 12
3125 5239 12
9095 5299 12
9561 5332 12
5332 7658 -2
7658 6277 -8
4791 5501 12
8295 5523 12
4744 5527 12
3051 5536 12
6569 5568 12
3741 5586 12
5387 5736 12
6029 5762 12
3259 5805 12
131 5820 12
5820 5897 5
208 5875 12
5875 2998 -10
5875 7289 1
5875 2502 6
239 5985 12
5985 6949 7
159 6009 12
1594 6028 12
6028 1699 6
4608 6070 12
6070 9579 11
9579 9443 0
7260 6098 12
6098 6630 8
6098 8479 10
8710 6206 12
6206 2426 11
1467 6321 12
8855 6341 12
3126 6421 12
6090 6471 12
1383 6608 12
6608 6244 0
6244 4118 12
3475 6621 12
6621 8493 -8
5097 6655 12
6965 6660 12
6079 6735 12
6200 6799 12
3214 6845 12
5852 6918 12
4290 6974 12
521 7009 12
7009 6225 -6
6225 2030 -2
7009 7682 8
7682 6425 11
271 7224 12
9700 7300 12
7300 2592 0
1724 7368 12
2968 7423 12
1255 7470 12
1350 7558 12
452 7702 12
7702 4758 7
4758 3621 0
6069 7780 12
4411 7990 12
8184 7992 12
7992 8364 5
5107 8001 12
3278 8010 12
2033 8027 12
7459 8099 12
2316 8118 12
4862 8197 12
2881 8279 12
8279 4708 1
5180 8453 12
6547 8465 12
3968 8576 12
590 8655 12
472 8793 12
9193 8920 12
8920 6301 10
2866 8924 12
4909 8960 12
5290 9035 12
3530 9062 12
6367 9088 12
7614 9153 12
2402 9243 12
786 9389 12
1562 9476 12
9476 1893 5
5526 9481 12
5995 9504 12
5661 9507 12
9507 9448 9
8271 9508 12
2716 9660 12
9864 9926 12
2425 117 13
117 8756 -9
117 1675 8
8756 8066 10
229 205 13
489 272 13
272 9736 -10
272 620 11
3906 413 13
7210 641 13
2565 836 13
61 1032 13
9563 1262 13
1262 2275 -4
4636 1700 13
1700 8606 3
2043 1740 13
1740 5643 -4
5643 8593 -1
8593 7618 -6
7618 8057 6
5643 5959 10
7166 1821 13
7992 2019 13
2019 5226 8
9069 2091 13
1437 2131 13
4542 2176 13
9631 2330 13
2330 7429 -9
5904 2427 13
2427 5472 7
7229 2618 13
2618 3500 9
3500 8543 -5
8543 5785 -5
3217 2699 13
2699 680 -3
808 2740 13
4807 2844 13
810 2944 13
6385 2957 13
1754 3098 13
3098 3374 0
3098 5014 8
2629 3323 13
2556 3379 13
272 3491 13
3491 3752 -10
484 3561 13
991 3587 13
3587 6931 -10
2094 3793 13
1117 3864 13
5169 3890 13
3890 4326 5
433 4002 13
6322 4064 13
4064 6478 -7
4064 4017 -3
4269 4430 13
8272 4464 13
4464 604 11
604 5849 -8
1801 4811 13
9445 5040 13
6651 5098 13
7747 5230 13
707 5325 13
6736 5362 13
5362 4279 -7
5362 4978 8
2916 5376 13
694 5409 13
5409 6345 -5
399 5521 13
4938 5593 13
4956 5778 13
6198 5836 13
8260 5944 13
6252 6094 13
4649 6151 13
6151 8376 7
6151 4666 9
7728 6186 13
6186 9891 -7
3419 6187 13
6343 6218 13
2350 6219 13
3134 6221 13
1647 6266 13
1418 6294 13
9778 6329 13
4508 6430 13
6430 5055 8
5055 7822 -3
5055 7616 4
9381 6443 13
6443 4439 -8
6443 2052 -1
6443 9449 4
6443 9625 6
9625 4008 12
8819 6492 13
6492 9684 -9
1872 6549 13
2279 6849 13
4271 6861 13
112 6943 13
3976 7078 13
5394 7253 13
2920 7380 13
9767 7438 13
9170 7573 13
7573 9656 1
9656 4436 -2
6777 7655 13
916 7754 13
8603 7865 13
2351 7903 13
7153 7959 13
3374 8140 13
3979 8316 13
433 8386 13
8282 8388 13
1684 8426 13
8426 9604 -4
8426 2338 3
9604 3882 6
8890 8523 13
8523 8964 12
926 8570 13
5970 8601 13
116 8729 13
8729 3538 -8
665 8730 13
1954 8884 13
8884 1589 2
9040 8895 13
9465 8938 13
9800 8965 13
7743 9112 13
3702 9122 13
8997 9179 13
2517 9198 13
9198 4260 0
2761 9314 13
9314 5615 5
305 9336 13
9108 9638 13
9638 5044 -7
9460 9641 13
3361 9796 13
9796 3222 -5
3222 7350 -1
2606 9810 13
9222 9832 13
4 16 14
2179 164 14
164 801 -5
801 1281 2
7974 230 14
230 7038 -3
2378 479 14
4981 495 14
4846 505 14
1871 527 14
527 9799 1
9799 3047 -1
12 542 14
542 2015 0
511 613 14
613 7586 -9
7586 8983 -8
7586 1053 3
1053 5390 -9
613 8927 8
7945 652 14
652 2714 -4
236 852 14
2415 938 14
938 1014 -8
1014 4860 4
4860 9908 -5
2207 1042 14
1042 6396 -9
6396 5436 -7
4341 1200 14
811 1269 14
1269 7246 8
7246 5122 7
5122 5880 9
6530 1399 14
2307 1504 14
294 1692 14
4269 1708 14
1708 8644 9
6173 1815 14
6670 1884 14
1884 3565 12
7225 1897 14
8665 2058 14
3004 2101 14
2101 194 6
194 876 -9
7503 2261 14
2261 7958 1
650 2420 14
2869 2577 14
2577 4021 10
4021 5616 1
3253 2600 14
1534 2637 14
8407 2826 14
3887 3106 14
3106 6700 1
3472 3122 14
5017 3455 14
3756 3462 14
9404 3725 14
668 3861 14
5818 3884 14
3433 4000 14
4000 4601 9
6241 4054 14
4054 7941 10
6291 4115 14
163 4257 14
9135 4573 14
5179 4661 14
4661 8723 -6
8723 8009 6
4018 4712 14
2130 4740 14
2118 5160 14
5160 6798 7
1410 5238 14
1167 5250 14
5465 5276 14
23 5378 14
4442 5705 14
5705 5467 7
5467 292 14
292 9997 -4
9997 7553 12
8276 5912 14
1457 5965 14
5561 6074 14
3678 6370 14
6370 4577 -2
4577 2626 -4
2626 3066 -7
2626 2340 1
6130 6373 14
4014 6444 14
4296 6523 14
19 6614 14
6887 6683 14
4517 6807 14
783 6924 14
6809 6926 14
6926 9470 9
9470 3158 14
3158 5906 14
6563 6950 14
8929 7151 14
8809 7223 14
3212 7391 14
6578 7535 14
3986 7559 14
9406 7642 14
2727 7932 14
7023 8182 14
8182 1990 -7
8182 8507 4
3105 8255 14
643 8447 14
2477 8458 14
4738 8540 14
8540 6702 6
6702 913 2
6702 5345 11
3138 8561 14
8561 6152 2
4236 8700 14
8852 8799 14
134 8870 14
8870 8633 0
8700 9000 14
9000 3484 1
9000 5141 8
4229 9049 14
5906 9121 14
205 9150 14
4435 9361 14
9330 9576 14
9576 3942 -10
542 9664 14
3870 9678 14
6658 9936 14
6541 9994 14
8841 51 15
8485 173 15
3762 232 15
582 442 15
5578 611 15
611 3946 -4
3946 3102 7
8664 711 15
54 781 15
1436 782 15
1797 797 15
6103 849 15
849 4037 -1
9473 965 15
4687 1290 15
1290 1961 -3
1961 3994 5
64 1448 15
1448 7045 -8
8435 1530 15
3722 1619 15
7738 1649 15
60 1894 15
336 1957 15
1957 2514 -7
2514 7124 0
1957 2356 10
2356 6875 8
7248 2241 15
6923 2298 15
2298 6039 -4
8772 2569 15
2179 2579 15
2579 3041 -9
2178 2880 15
3675 2905 15
685 2945 15
2416 3002 15
9557 3185 15
8362 3265 15
3265 3908 -1
3646 3312 15
1618 3334 15
6970 3516 15
3516 8473 9
3516 3135 10
6727 3660 15
2369 3815 15
3815 8147 -5
3815 4440 5
4440 9090 1
450 3851 15
4865 3874 15
2221 4005 15
4005 5129 -2
3922 4050 15
5466 4211 15
4211 3601 -9
3601 4748 12
3850 4483 15
2906 4518 15
4518 8980 8
4518 5759 12
4106 4565 15
6037 4580 15
3040 4676 15
4676 7962 0
5844 5183 15
1087 5267 15
1478 5405 15
3406 5429 15
157 5587 15
5587 8706 11
8706 8556 6
8556 6669 -2
5339 5596 15
6163 5704 15
9025 5727 15
3152 5767 15
4175 5851 15
5851 9151 5
9671 6050 15
9499 6072 15
2206 6112 15
4150 6178 15
6178 8555 -8
6265 6424 15
5105 6503 15
3893 6527 15
156 6632 15
6653 6719 15
2120 6829 15
8102 6852 15
1749 6964 15
6964 5284 5
2503 7047 15
7047 9295 -8
7047 7030 9
937 7159 15
4105 7187 15
4450 7395 15
501 7437 15
4837 7475 15
1737 7518 15
7300 7549 15
9070 7595 15
5124 7605 15
3890 7646 15
7646 6575 -5
8242 7676 15
5706 8040 15
8851 8196 15
5180 8229 15
2209 8235 15
7571 8278 15
6113 8428 15
7534 8434 15
6407 8514 15
4221 8530 15
2388 8563 15
3811 8569 15
6422 8715 15
5012 8733 15
8579 8875 15
8244 8949 15
2303 9221 15
6399 9274 15
7732 9468 15
9859 9493 15
8054 9569 15
3946 9592 15
4083 9632 15
9484 9686 15
1367 9730 15
9730 4952 -2
4952 456 -10
7808 9738 15
120 9765 15
2347 9956 15
9956 9447 -9
198 190 16
190 4226 5
1806 249 16
1015 974 16
5903 1133 16
1392 1152 16
1152 8189 5
5048 1266 16
1267 1337 16
3655 1391 16
1391 8241 -8
4552 1771 16
73 2099 16
3488 2295 16
2949 2612 16
2612 2861 11
8095 2657 16
6179 3057 16
9649 3179 16
8353 3230 16
7160 3495 16
9261 3555 16
9037 3614 16
3167 3684 16
3684 8602 -5
5110 3779 16
4112 4275 16
4275 7701 4
5300 4507 16
4507 402 2
7399 4876 16
8618 4975 16
4604 5327 16
5327 7003 1
6525 5361 16
6115 5416 16
6647 5538 16
9795 5625 16
5008 6084 16
6084 9872 5
4388 6086 16
2736 6201 16
3421 6284 16
9706 6662 16
1417 6680 16
5849 6854 16
1110 6917 16
2855 6935 16
8591 7060 16
1211 7155 16
6984 7163 16
8963 7319 16
5266 7403 16
8009 7561 16
7777 7577 16
7705 8150 16
4505 8199 16
9556 8206 16
8206 9041 -8
261 8301 16
8301 5218 10
6842 8331 16
2818 8357 16
8357 8101 3
5800 8363 16
2322 8547 16
1894 8572 16
9318 8657 16
8657 8823 2
3213 8690 16
1176 8886 16
8648 9080 16
666 9171 16
6170 9496 16
9496 7487 13
3748 9529 16
9529 6437 9
2388 9564 16
4583 9588 16
9588 6286 3
7160 9613 16
9401 9675 16
1689 9772 16
7237 9776 16
9776 7310 4
3442 9875 16
397 9912 16
9912 4020 4
42 260 17
8156 508 17
4178 1009 17
2496 1357 17
1357 8292 8
4200 1873 17
601 2175 17
387 2235 17
2235 3246 -8
8746 2343 17
212 2581 17
2581 1295 15
3379 2753 17
3598 3169 17
2942 3183 17
3183 8201 16
9994 3192 17
3471 3223 17
8377 3285 17
8044 3424 17
3424 2587 12
3704 3448 17
3448 5037 -9
9927 3469 17
2850 3600 17
4224 3848 17
2063 3857 17
3857 5673 -1
5653 4024 17
4024 5204 -3
6420 4096 17
8957 4110 17
4110 7042 1
2698 4293 17
7000 4322 17
8624 4598 17
1489 4730 17
2728 5604 17
3727 5743 17
1459 5801 17
5801 8234 15
2902 5863 17
5863 9466 10
3850 5874 17
5874 9527 10
2804 5891 17
7174 6012 17
6012 5143 -5
3932 6020 17
8516 6326 17
5574 6617 17
3047 6677 17
5685 6720 17
6523 6839 17
6839 9635 10
5464 6886 17
6165 6936 17
6936 4553 -8
59 6937 17
5417 6963 17
668 6997 17
6997 8015 -6
4876 7170 17
3598 7220 17
8824 7222 17
8938 7330 17
9419 7388 17
5295 7572 17
7513 7581 17
7581 8393 -9
4054 7845 17
9779 8032 17
8032 7259 2
3357 8060 17
8060 5095 -5
5095 2076 9
5804 8075 17
8075 4958 1
8628 8103 17
4543 8227 17
4396 8322 17
7754 8654 17
902 8674 17
8674 9387 -10
3615 8676 17
3836 8857 17
3749 8880 17
1006 8891 17
4722 8991 17
3423 9067 17
3605 9118 17
3838 9624 17
1986 9689 17
9689 9880 14
3050 9724 17
9724 9692 11
8601 9822 17
263 79 18
6264 175 18
3835 244 18
5933 311 18
5014 830 18
7214 1033 18
990 1055 18
177 1073 18
6154 1138 18
4965 1372 18
2920 1426 18
9887 1881 18
4480 2029 18
2029 6602 15
1359 2162 18
1728 2217 18
2977 2413 18
2413 8321 12
3335 2490 18
1837 2595 18
8549 2654 18
6071 2830 18
2438 2832 18
2832 6274 0
3345 2992 18
9289 3064 18
8846 3474 18
9158 3551 18
3551 2016 -10
6773 3869 18
3869 7416 13
4033 3923 18
3923 9048 -5
516 4285 18
9406 4350 18
4186 4753 18
4753 7117 7
8388 4765 18
4765 4891 13
9552 4887 18
179 5246 18
4612 5399 18
6193 5478 18
2301 5878 18
2325 5973 18
1014 5993 18
4234 6145 18
6277 6147 18
4221 6364 18
9869 6403 18
1329 6582 18
937 6609 18
6609 6858 6
6858 9939 -8
9657 6696 18
6696 8669 -2
6021 6706 18
3188 6739 18
3128 6762 18
6819 6772 18
3803 6840 18
6385 6922 18
6922 9290 -8
6365 6992 18
6992 5139 17
5139 4231 -2
1644 7007 18
8512 7085 18
1066 7100 18
478 7157 18
2097 7239 18
4615 7435 18
1285 7545 18
5043 7660 18
2007 7712 18
7712 2060 10
7712 4284 14
3951 8249 18
9285 8486 18
4885 8553 18
2056 8586 18
6408 8620 18
91 8694 18
4569 8748 18
8748 5460 -7
8060 8788 18
6883 8913 18
9081 8993 18
263 9117 18
810 9128 18
8457 9403 18
8893 9442 18
620 9453 18
1126 9585 18
9585 9056 3
4380 9615 18
3866 9797 18
2977 9826 18
4509 9901 18
8818 149 19
968 1072 19
4716 1343 19
4981 1461 19
6416 1822 19
6595 1969 19
1136 2367 19
5742 2407 19
5561 2459 19
3027 2634 19
8047 3148 19
1126 3338 19
6764 3366 19
2698 3449 19
4909 3770 19
3744 3972 19
374 4013 19
1597 4108 19
214 4267 19
1503 4294 19
7884 4304 19
1899 4408 19
129 4665 19
7618 5020 19
3659 5058 19
5058 6275 4
5560 5091 19
5091 9316 0
5091 6324 3
9001 5283 19
5283 1646 11
5283 7735 13
7735 5881 0
4598 5715 19
5715 2440 9
482 5763 19
6841 5991 19
2141 6434 19
6434 8026 -9
8026 7623 -3
2449 6522 19
4737 6903 19
6903 8872 15
378 7035 19
902 7075 19
6656 7234 19
7234 8212 12
3674 7327 19
6394 7357 19
7357 7424 -8
3168 7492 19
2133 7556 19
3268 7644 19
9652 7979 19
5797 7995 19
3437 8421 19
4325 8881 19
9351 8887 19
8725 9276 19
2885 9670 19
1061 9747 19
715 9788 19
2384 9804 19
9804 3624 4
8482 607 20
2132 1233 20
3577 1490 20
4604 1665 20
1665 6262 -6
1168 1745 20
1745 4826 -2
8775 2184 20
119 2473 20
8148 2767 20
2767 7349 15
764 2787 20
2787 493 5
493 520 2
493 5252 11
7115 2954 20
3581 3092 20
2806 3238 20
3238 3280 15
6250 3245 20
3199 3367 20
6850 3447 20
3447 3844 5
3844 7028 -5
7028 1345 -1
1345 1947 -5
1345 3231 -3
7028 4235 3
1947 6270 8
131 4233 20
1533 4266 20
6516 4404 20
4747 4429 20
7556 4443 20
2768 4461 20
433 4841 20
8479 5038 20
8214 5092 20
699 5188 20
5188 2180 4
2180 2014 -3
3937 5323 20
2050 5347 20
2518 5395 20
4125 5514 20
3997 5583 20
2614 5914 20
2708 5932 20
9259 6309 20
2937 6312 20
4509 6535 20
3368 6701 20
5075 7103 20
3118 7108 20
2280 7190 20
8967 7205 20
5399 7317 20
8954 7428 20
1479 7507 20
9972 7530 20
7530 1247 4
5898 7736 20
306 7756 20
8512 7861 20
7281 7872 20
4081 8137 20
2473 8158 20
6433 8166 20
1206 8217 20
585 8373 20
8373 446 5
446 1034 14
697 8501 20
4282 8554 20
3053 8899 20
100 9068 20
1936 9105 20
8090 9326 20
1061 9515 20
8127 9583 20
257 9829 20
3187 815 21
2620 1400 21
5711 2353 21
2353 346 10
7190 2401 21
2068 2539 21
419 2692 21
2798 3242 21
1188 3493 21
7834 3670 21
3670 5461 18
326 3843 21
429 3886 21
1873 4238 21
7298 4527 21
4506 4537 21
4403 4590 21
4556 4784 21
6964 4880 21
4880 9857 16
6503 4989 21
4989 9405 20
9405 6641 5
2730 5192 21
5192 2536 8
4589 5541 21
5513 5835 21
5996 5900 21
3965 6138 21
6138 9760 16
401 6191 21
2483 6194 21
233 6533 21
301 6713 21
3980 7091 21
4263 7139 21
1036 7583 21
3089 7842 21
7254 8240 21
5062 8285 21
6728 8349 21
2064 8499 21
5542 8510 21
6408 8611 21
8611 5034 -4
3535 8629 21
8004 8658 21
8295 8837 21
2333 9101 21
9101 9264 2
8313 9176 21
6418 9301 21
4893 9455 21
9455 749 15
9455 8067 21
6674 9458 21
4974 9704 21
3654 9848 21
3638 9865 21
42 411 22
4262 1147 22
8093 1626 22
1767 1669 22
1852 2109 22
2635 2174 22
6805 2738 22
1315 3263 22
4861 3458 22
6571 3865 22
3819 3938 22
6996 4063 22
1926 4258 22
9861 4487 22
6054 4551 22
7733 5125 22
6481 5157 22
5157 8867 19
2968 5194 22
124 5617 22
1064 6755 22
6040 6774 22
5287 7013 22
6344 7140 22
7147 7165 22
7165 1043 10
1591 7634 22
3234 7674 22
2555 7700 22
7700 8288 -3
1688 7741 22
7967 8317 22
8701 8359 22
6651 8892 22
2726 9159 22
5766 9350 22
3644 9385 22
2856 9665 22
610 9702 22
9702 6555 8
6269 9734 22
979 9840 22
2162 480 23
480 4977 -8
3908 1031 23
493 1291 23
7775 1395 23
2056 2248 23
1336 2545 23
3031 3483 23
1841 3630 23
483 3955 23
2017 3959 23
817 4143 23
5583 4277 23
528 4495 23
8233 4602 23
3994 4968 23
1014 5071 23
5071 7447 3
1111 5159 23
9327 5186 23
3027 5221 23
8980 5298 23
5037 6019 23
9609 6236 23
6236 5739 10
2170 6462 23
3586 6689 23
7443 7444 23
2489 7455 23
6264 8338 23
5581 8389 23
8389 9911 12
4399 8595 23
5628 8692 23
9497 9036 23
4525 9511 23
1706 9698 23
8751 9806 23
2062 1158 24
3567 1241 24
305 1428 24
1428 2037 24
2037 8368 1
1011 2070 24
2070 6717 23
6717 8782 20
2955 3929 24
4017 4423 24
6706 4990 24
3850 5137 24
9865 5280 24
2855 5719 24
145 6060 24
6060 5786 24
5786 8580 10
3192 6101 24
8138 6280 24
4687 6328 24
8827 6554 24
5885 6682 24
9127 6828 24
3637 6919 24
1851 7261 24
1659 7331 24
7331 9697 -5
838 7516 24
3735 7765 24
6349 7851 24
2077 8304 24
8372 8466 24
1320 8498 24
686 8639 24
4571 9028 24
1740 9052 24
3476 9147 24
9926 9297 24
1351 9899 24
8919 414 25
7509 1054 25
4096 1091 25
1091 9790 2
799 1455 25
2517 1547 25
1180 1800 25
1800 6643 13
8837 2153 25
2449 2531 25
459 2542 25
8338 2546 25
12 2773 25
2773 2611 21
7758 2809 25
5004 3292 25
5787 3364 25
6614 3783 25
2831 3961 25
3921 5689 25
1392 6093 25
6979 6189 25
3249 6323 25
8141 6384 25
5245 6406 25
3592 6423 25
4573 6661 25
1406 6837 25
1322 7168 25
8652 7347 25
3974 7575 25
9480 7890 25
8709 8159 25
2102 8286 25
3366 8525 25
5369 8790 25
6488 9004 25
193 9155 25
9093 9208 25
7907 9231 25
1324 9328 25
7413 9371 25
6879 9831 25
1195 1288 26
8272 1470 26
1258 1717 26
1245 2478 26
4528 2851 26
2301 3635 26
7760 4220 26
638 4458 26
2751 4625 26
3544 4773 26
701 4873 26
5105 5026 26
2625 5353 26
3413 5414 26
3702 5459 26
5118 6410 26
3845 6906 26
756 7051 26
5553 7079 26
7776 7136 26
9088 7171 26
3300 7439 26
5610 7557 26
4454 7666 26
7547 7961 26
5996 8302 26
73 8356 26
309 8667 26
7108 8686 26
2398 8777 26
8777 3829 21
6531 8786 26
8352 9591 26
9700 357 27
114 403 27
2467 947 27
2998 2511 27
591 2756 27
9262 3333 27
914 3576 27
8951 3711 27
9226 3738 27
7685 5240 27
2343 5813 27
6035 6126 27
829 6185 27
4852 6208 27
5085 6823 27
7627 7123 27
5913 7407 27
7407 8218 17
5845 7414 27
7678 8195 27
1152 8306 27
5328 8307 27
3798 8326 27
8372 8590 27
1978 8740 27
8740 3237 15
7129 9230 27
1082 9323 27
7420 9530 27
782 1442 28
739 1752 28
311 1934 28
3391 1988 28
6463 2311 28
2311 2643 -2
6525 2521 28
5135 2644 28
3172 2959 28
362 3329 28
3225 3420 28
6673 3490 28
2646 4338 28
2016 4801 28
3454 5083 28
5083 2993 -7
2993 460 -9
1718 5178 28
1104 5949 28
5697 6634 28
5968 6821 28
5876 6991 28
9948 7048 28
7699 7273 28
3226 7418 28
2372 7525 28
5584 7653 28
5652 8341 28
9902 8472 28
3905 9633 28
1055 9642 28
1020 9654 28
9196 9789 28
9789 4593 2
9789 8961 8
8103 9995 28
1695 893 29
7757 971 29
2674 2020 29
2080 3061 29
6241 3270 29
80 3358 29
4227 4080 29
4080 5698 -4
3450 4999 29
6351 5531 29
1645 5884 29
1421 6025 29
6804 6870 29
6328 6900 29
7560 6914 29
8625 7001 29
1483 7926 29
3622 8046 29
3954 8152 29
877 9435 29
7851 9620 29
7364 677 30
677 4103 -8
4641 2550 30
568 3590 30
149 4041 30
4420 4302 30
2395 5975 30
1102 6293 30
5626 6353 30
5784 6417 30
3062 6577 30
4350 6708 30
3699 7066 30
2419 8508 30
1362 8853 30
3696 1197 31
2152 2113 31
2223 2494 31
6635 2791 31
2912 3124 31
1450 4810 31
4637 4944 31
2777 5713 31
2861 6168 31
1562 6596 31
1256 8370 31
6751 8481 31
2171 8566 31
549 9356 31
3715 1059 32
1544 2263 32
2391 2718 32
104 4650 32
5590 5286 32
9069 6464 32
5066 6994 32
2645 7408 32
3050 7641 32
7641 5567 13
7450 8051 32
1842 8192 32
2608 8437 32
8437 9084 30
2833 8849 32
8516 9024 32
3695 9521 32
9521 7258 -1
6728 9856 32
382 873 33
2459 1730 33
7646 3288 33
8866 3936 33
4362 4821 33
9807 5926 33
3213 6249 33
4819 6792 33
9959 7827 33
9583 8299 33
2788 8681 33
3782 8805 33
2683 9415 33
3244 9486 33
6615 3925 34
3698 4025 34
7929 5554 34
1586 5612 34
5395 6640 34
958 7952 34
6475 8716 34
2806 9951 34
381 798 35
8602 1424 35
1318 2463 35
127 5427 35
5427 9769 24
70 6052 35
4107 6758 35
1027 7256 35
6414 7647 35
6726 7745 35
2446 9247 35
5255 9621 35
9621 3602 19
7212 9645 35
1739 616 36
4650 2435 36
4929 6048 36
8055 6242 36
5433 8783 36
6612 9639 36
7905 9834 36
1518 5195 37
1790 6508 37
5660 8068 37
3506 3294 38
2955 4912 38
4601 7398 38
7000 7410 38
7858 7976 38
2368 3596 39
4362 3797 39
1870 4484 39
412 4782 39
152 4857 39
737 6405 39
483 6524 39
7890 7563 39
1939 8489 39
3903 8808 39
2969 9358 39
9358 7569 21
3936 9735 39
646 4544 40
8632 7146 40
661 7486 40
1044 9244 40
9877 9770 40
279 4874 41
4879 6988 41
2273 7453 41
103 8461 41
5003 8779 41
5805 9363 41
1103 3958 42
729 5163 42
4131 5772 42
385 6552 42
5457 7338 42
3415 7664 42
4473 9215 42
4898 9506 42
2019 2765 43
6053 9376 43
763 1598 44
613 4166 44
3473 5937 44
4823 7315 44
4044 7946 44
6201 8684 44
4787 1732 45
2228 4539 45
8707 6825 45
173 2121 46
3048 5112 47
1492 6097 47
1768 2711 48
36 7888 48
1915 9498 48
1588 8599 50
514 9457 50
Total MST weight: 14393
Execution time : 4.07635 ms
Equal total weight: Yes
