Algorithm Bellman Ford : 
Vertex distance : 0 0
1 14
2 38
3 16
4 32
5 40
6 -10
7 65
8 80
9 29
10 26
11 47
12 126
13 79
14 70
15 108
16 120
17 62
18 145
19 108
20 176
21 77
22 53
23 12
24 89
25 109
26 90
27 6
28 89
29 111
30 52
31 20
32 90
33 9
34 35
35 89
36 167
37 120
38 56
39 66
40 71
41 63
42 69
43 119
44 136
45 -1
46 68
47 64
48 104
49 170
50 64
51 219
52 62
53 53
54 115
55 34
56 57
57 131
58 85
59 267
60 176
61 130
62 30
63 126
64 6
65 83
66 79
67 41
68 12
69 131
70 126
71 162
72 118
73 158
74 143
75 86
76 108
77 154
78 290
79 70
80 3
81 128
82 46
83 130
84 84
85 207
86 -2
87 10
88 223
89 80
90 95
91 137
92 95
93 130
94 172
95 166
96 87
97 22
98 98
99 222
100 291
101 53
102 97
103 98
104 208
105 87
106 74
107 47
108 96
109 288
110 302
111 101
112 87
113 86
114 122
115 66
116 75
117 44
118 156
119 64
120 27
121 142
122 103
123 162
124 115
125 242
126 178
127 132
128 4
129 21
130 150
131 152
132 145
133 170
134 336
135 192
136 65
137 64
138 114
139 128
140 89
141 129
142 99
143 93
144 105
145 70
146 149
147 179
148 132
149 -10
150 125
151 81
152 209
153 44
154 82
155 147
156 128
157 97
158 87
159 106
160 113
161 129
162 93
163 160
164 94
165 103
166 162
167 165
168 5
169 109
170 140
171 2
172 205
173 103
174 117
175 90
176 133
177 75
178 120
179 75
180 250
181 114
182 116
183 166
184 118
185 166
186 104
187 131
188 101
189 217
190 148
191 117
192 9
193 167
194 202
195 140
196 121
197 128
198 104
199 272
200 143
201 78
202 313
203 136
204 134
205 161
206 114
207 17
208 125
209 119
210 216
211 117
212 76
213 178
214 111
215 71
216 156
217 342
218 158
219 168
220 126
221 246
222 261
223 71
224 133
225 128
226 14
227 83
228 255
229 150
230 104
231 54
232 157
233 143
234 163
235 82
236 191
237 172
238 243
239 66
240 89
241 71
242 117
243 88
244 -4
245 179
246 336
247 128
248 61
249 181
250 111
251 142
252 85
253 87
254 256
255 80
256 188
257 116
258 52
259 225
260 143
261 84
262 192
263 100
264 101
265 254
266 161
267 29
268 37
269 88
270 123
271 189
272 165
273 255
274 111
275 177
276 194
277 373
278 101
279 104
280 206
281 105
282 114
283 93
284 79
285 133
286 216
287 114
288 179
289 99
290 92
291 133
292 145
293 42
294 176
295 125
296 162
297 112
298 139
299 76
300 147
301 90
302 88
303 118
304 48
305 376
306 130
307 154
308 241
309 263
310 9
311 191
312 55
313 148
314 97
315 32
316 62
317 51
318 117
319 262
320 116
321 81
322 8
323 146
324 137
325 149
326 130
327 132
328 215
329 37
330 21
331 225
332 114
333 299
334 132
335 278
336 77
337 156
338 295
339 47
340 89
341 93
342 118
343 103
344 224
345 203
346 170
347 125
348 139
349 67
350 179
351 175
352 105
353 47
354 37
355 279
356 76
357 212
358 162
359 188
360 148
361 154
362 102
363 193
364 76
365 93
366 158
367 173
368 85
369 68
370 118
371 188
372 -8
373 133
374 195
375 113
376 141
377 296
378 125
379 348
380 57
381 236
382 141
383 113
384 121
385 103
386 78
387 90
388 226
389 238
390 4
391 261
392 238
393 103
394 -14
395 258
396 136
397 105
398 162
399 69
400 146
401 53
402 134
403 157
404 113
405 207
406 80
407 143
408 144
409 140
410 85
411 95
412 200
413 113
414 156
415 289
416 173
417 196
418 104
419 298
420 187
421 119
422 283
423 151
424 101
425 9
426 87
427 295
428 250
429 130
430 67
431 109
432 132
433 123
434 77
435 196
436 99
437 154
438 159
439 31
440 73
441 124
442 26
443 77
444 47
445 28
446 292
447 155
448 415
449 182
450 102
451 80
452 121
453 117
454 232
455 134
456 165
457 118
458 259
459 243
460 121
461 55
462 93
463 159
464 334
465 134
466 134
467 175
468 100
469 328
470 201
471 115
472 136
473 123
474 52
475 172
476 263
477 133
478 83
479 130
480 269
481 60
482 181
483 135
484 34
485 139
486 120
487 226
488 31
489 112
490 125
491 68
492 86
493 81
494 145
495 108
496 149
497 154
498 134
499 120
500 14
501 224
502 137
503 273
504 80
505 294
506 145
507 153
508 82
509 170
510 337
511 113
512 130
513 145
514 178
515 216
516 156
517 206
518 136
519 183
520 116
521 39
522 72
523 151
524 241
525 148
526 20
527 207
528 89
529 97
530 102
531 158
532 135
533 87
534 92
535 91
536 107
537 228
538 210
539 245
540 130
541 120
542 124
543 51
544 134
545 162
546 129
547 50
548 172
549 147
550 46
551 117
552 128
553 162
554 138
555 142
556 262
557 94
558 263
559 24
560 162
561 125
562 139
563 143
564 -19
565 114
566 160
567 142
568 164
569 174
570 158
571 73
572 121
573 189
574 212
575 306
576 147
577 165
578 142
579 32
580 129
581 171
582 81
583 92
584 187
585 131
586 270
587 321
588 92
589 165
590 216
591 182
592 56
593 202
594 184
595 190
596 296
597 220
598 22
599 81
600 180
601 217
602 105
603 148
604 295
605 112
606 56
607 82
608 182
609 143
610 194
611 45
612 156
613 65
614 50
615 124
616 116
617 84
618 151
619 59
620 133
621 195
622 93
623 210
624 104
625 205
626 163
627 268
628 168
629 255
630 127
631 25
632 126
633 132
634 115
635 16
636 216
637 139
638 228
639 152
640 147
641 180
642 206
643 108
644 205
645 11
646 17
647 212
648 261
649 168
650 262
651 168
652 135
653 218
654 199
655 142
656 156
657 111
658 153
659 158
660 168
661 134
662 165
663 146
664 47
665 116
666 10
667 197
668 169
669 43
670 97
671 115
672 98
673 133
674 185
675 70
676 74
677 136
678 52
679 135
680 332
681 -4
682 249
683 137
684 74
685 107
686 174
687 148
688 70
689 177
690 102
691 156
692 93
693 122
694 46
695 170
696 183
697 283
698 148
699 140
700 186
701 134
702 170
703 133
704 287
705 124
706 139
707 106
708 154
709 -5
710 165
711 244
712 70
713 133
714 124
715 104
716 86
717 252
718 215
719 139
720 120
721 122
722 180
723 161
724 206
725 142
726 24
727 130
728 96
729 132
730 243
731 43
732 59
733 126
734 250
735 97
736 148
737 144
738 84
739 138
740 186
741 86
742 291
743 103
744 113
745 90
746 99
747 225
748 48
749 140
750 22
751 197
752 85
753 171
754 93
755 269
756 55
757 152
758 179
759 96
760 148
761 161
762 223
763 79
764 154
765 85
766 227
767 217
768 102
769 113
770 68
771 108
772 27
773 35
774 185
775 129
776 107
777 110
778 193
779 212
780 68
781 285
782 104
783 224
784 224
785 22
786 167
787 96
788 4
789 305
790 96
791 142
792 153
793 83
794 201
795 115
796 136
797 144
798 83
799 198
800 372
801 230
802 3
803 143
804 153
805 247
806 260
807 89
808 213
809 106
810 175
811 254
812 151
813 368
814 141
815 182
816 158
817 194
818 215
819 82
820 183
821 183
822 98
823 223
824 72
825 76
826 186
827 177
828 369
829 176
830 180
831 255
832 192
833 134
834 118
835 112
836 109
837 136
838 108
839 115
840 157
841 79
842 295
843 88
844 127
845 55
846 197
847 104
848 249
849 143
850 259
851 78
852 294
853 136
854 27
855 305
856 160
857 188
858 114
859 151
860 263
861 237
862 136
863 137
864 165
865 260
866 259
867 120
868 134
869 100
870 32
871 107
872 178
873 192
874 126
875 172
876 176
877 48
878 47
879 252
880 62
881 148
882 166
883 322
884 87
885 214
886 16
887 341
888 215
889 99
890 103
891 107
892 138
893 84
894 109
895 173
896 63
897 116
898 189
899 157
900 18
901 96
902 156
903 105
904 49
905 97
906 167
907 148
908 156
909 234
910 97
911 202
912 201
913 211
914 219
915 175
916 73
917 239
918 276
919 97
920 140
921 156
922 213
923 182
924 136
925 207
926 109
927 186
928 307
929 210
930 31
931 191
932 265
933 147
934 165
935 169
936 202
937 149
938 207
939 101
940 113
941 57
942 78
943 115
944 31
945 177
946 153
947 26
948 114
949 162
950 282
951 67
952 25
953 23
954 132
955 110
956 181
957 137
958 194
959 144
960 204
961 94
962 233
963 57
964 150
965 196
966 110
967 132
968 163
969 47
970 -4
971 202
972 264
973 160
974 47
975 185
976 115
977 73
978 235
979 86
980 146
981 265
982 184
983 139
984 288
985 241
986 69
987 251
988 333
989 59
990 162
991 268
992 304
993 135
994 176
995 174
996 208
997 69
998 40
999 -2
1000 300
1001 221
1002 223
1003 284
1004 129
1005 136
1006 38
1007 282
1008 195
1009 87
1010 117
1011 127
1012 292
1013 290
1014 136
1015 121
1016 261
1017 138
1018 73
1019 175
1020 26
1021 137
1022 68
1023 142
1024 239
1025 114
1026 188
1027 148
1028 130
1029 245
1030 197
1031 111
1032 96
1033 250
1034 206
1035 136
1036 157
1037 116
1038 69
1039 311
1040 103
1041 19
1042 107
1043 319
1044 208
1045 216
1046 133
1047 232
1048 92
1049 106
1050 132
1051 102
1052 92
1053 208
1054 178
1055 371
1056 163
1057 189
1058 133
1059 48
1060 277
1061 87
1062 69
1063 122
1064 295
1065 263
1066 124
1067 41
1068 58
1069 227
1070 59
1071 123
1072 47
1073 64
1074 68
1075 250
1076 194
1077 129
1078 126
1079 122
1080 74
1081 202
1082 313
1083 110
1084 152
1085 99
1086 138
1087 136
1088 143
1089 64
1090 222
1091 216
1092 65
1093 129
1094 234
1095 295
1096 193
1097 144
1098 252
1099 163
1100 65
1101 394
1102 230
1103 64
1104 108
1105 226
1106 113
1107 288
1108 192
1109 177
1110 150
1111 188
1112 130
1113 154
1114 47
1115 125
1116 335
1117 218
1118 76
1119 92
1120 66
1121 62
1122 113
1123 249
1124 169
1125 273
1126 134
1127 188
1128 158
1129 155
1130 143
1131 152
1132 261
1133 164
1134 151
1135 183
1136 158
1137 199
1138 153
1139 95
1140 147
1141 226
1142 162
1143 109
1144 70
1145 113
1146 144
1147 379
1148 74
1149 159
1150 326
1151 139
1152 185
1153 143
1154 249
1155 147
1156 181
1157 88
1158 153
1159 213
1160 161
1161 164
1162 271
1163 77
1164 235
1165 80
1166 123
1167 284
1168 192
1169 -19
1170 218
1171 109
1172 156
1173 134
1174 99
1175 148
1176 48
1177 180
1178 274
1179 184
1180 172
1181 89
1182 335
1183 156
1184 235
1185 185
1186 189
1187 157
1188 90
1189 244
1190 140
1191 124
1192 78
1193 147
1194 292
1195 47
1196 95
1197 174
1198 156
1199 129
1200 126
1201 62
1202 108
1203 198
1204 110
1205 248
1206 374
1207 20
1208 197
1209 358
1210 262
1211 -3
1212 61
1213 172
1214 300
1215 111
1216 49
1217 108
1218 180
1219 215
1220 64
1221 297
1222 249
1223 307
1224 279
1225 154
1226 108
1227 92
1228 299
1229 109
1230 190
1231 56
1232 159
1233 33
1234 186
1235 200
1236 197
1237 270
1238 150
1239 136
1240 228
1241 172
1242 168
1243 133
1244 179
1245 119
1246 133
1247 80
1248 157
1249 111
1250 343
1251 316
1252 169
1253 82
1254 124
1255 144
1256 268
1257 124
1258 111
1259 205
1260 56
1261 133
1262 155
1263 105
1264 139
1265 208
1266 173
1267 141
1268 159
1269 269
1270 38
1271 125
1272 157
1273 -14
1274 269
1275 147
1276 229
1277 172
1278 250
1279 163
1280 129
1281 193
1282 292
1283 124
1284 176
1285 162
1286 122
1287 233
1288 160
1289 109
1290 176
1291 112
1292 161
1293 270
1294 181
1295 254
1296 299
1297 177
1298 50
1299 77
1300 159
1301 127
1302 56
1303 130
1304 109
1305 162
1306 156
1307 88
1308 106
1309 228
1310 53
1311 140
1312 86
1313 167
1314 113
1315 180
1316 137
1317 128
1318 98
1319 105
1320 12
1321 113
1322 138
1323 251
1324 21
1325 127
1326 185
1327 108
1328 64
1329 153
1330 201
1331 135
1332 115
1333 129
1334 286
1335 175
1336 292
1337 180
1338 97
1339 152
1340 231
1341 102
1342 95
1343 29
1344 163
1345 159
1346 121
1347 134
1348 40
1349 197
1350 314
1351 56
1352 62
1353 143
1354 224
1355 149
1356 72
1357 151
1358 105
1359 184
1360 176
1361 63
1362 120
1363 164
1364 239
1365 75
1366 72
1367 317
1368 216
1369 336
1370 57
1371 159
1372 247
1373 155
1374 196
1375 289
1376 150
1377 127
1378 178
1379 153
1380 212
1381 76
1382 219
1383 146
1384 132
1385 35
1386 86
1387 146
1388 158
1389 122
1390 114
1391 310
1392 49
1393 194
1394 115
1395 117
1396 282
1397 176
1398 40
1399 166
1400 99
1401 131
1402 182
1403 211
1404 115
1405 204
1406 188
1407 160
1408 232
1409 187
1410 198
1411 95
1412 272
1413 149
1414 140
1415 176
1416 201
1417 177
1418 148
1419 284
1420 60
1421 37
1422 54
1423 162
1424 103
1425 223
1426 164
1427 154
1428 87
1429 191
1430 336
1431 51
1432 96
1433 99
1434 415
1435 73
1436 159
1437 22
1438 116
1439 138
1440 191
1441 241
1442 169
1443 170
1444 143
1445 185
1446 196
1447 219
1448 88
1449 368
1450 115
1451 182
1452 83
1453 155
1454 96
1455 158
1456 136
1457 114
1458 292
1459 78
1460 111
1461 200
1462 221
1463 328
1464 318
1465 78
1466 128
1467 147
1468 158
1469 256
1470 300
1471 175
1472 135
1473 324
1474 353
1475 71
1476 265
1477 285
1478 331
1479 176
1480 108
1481 100
1482 76
1483 50
1484 120
1485 166
1486 123
1487 83
1488 60
1489 74
1490 187
1491 90
1492 98
1493 211
1494 162
1495 336
1496 322
1497 142
1498 371
1499 77
1500 180
1501 169
1502 230
1503 141
1504 189
1505 98
1506 251
1507 191
1508 65
1509 265
1510 175
1511 206
1512 171
1513 173
1514 42
1515 177
1516 313
1517 118
1518 344
1519 129
1520 222
1521 85
1522 264
1523 102
1524 380
1525 85
1526 102
1527 194
1528 115
1529 106
1530 140
1531 212
1532 240
1533 188
1534 140
1535 220
1536 140
1537 98
1538 223
1539 198
1540 135
1541 129
1542 189
1543 71
1544 144
1545 144
1546 207
1547 232
1548 272
1549 90
1550 266
1551 410
1552 313
1553 256
1554 145
1555 211
1556 109
1557 53
1558 246
1559 120
1560 234
1561 281
1562 161
1563 76
1564 304
1565 155
1566 95
1567 155
1568 76
1569 117
1570 74
1571 195
1572 248
1573 82
1574 35
1575 194
1576 230
1577 85
1578 258
1579 159
1580 68
1581 246
1582 282
1583 322
1584 206
1585 242
1586 123
1587 182
1588 64
1589 190
1590 232
1591 130
1592 298
1593 122
1594 284
1595 66
1596 125
1597 139
1598 171
1599 205
1600 171
1601 209
1602 122
1603 60
1604 125
1605 135
1606 288
1607 295
1608 141
1609 93
1610 157
1611 221
1612 212
1613 299
1614 176
1615 328
1616 82
1617 45
1618 130
1619 96
1620 189
1621 162
1622 108
1623 129
1624 80
1625 217
1626 299
1627 223
1628 258
1629 57
1630 110
1631 182
1632 140
1633 164
1634 168
1635 190
1636 171
1637 115
1638 23
1639 58
1640 109
1641 39
1642 337
1643 202
1644 132
1645 100
1646 159
1647 128
1648 155
1649 195
1650 160
1651 171
1652 241
1653 162
1654 212
1655 263
1656 161
1657 165
1658 144
1659 168
1660 -7
1661 162
1662 375
1663 108
1664 230
1665 86
1666 371
1667 298
1668 190
1669 194
1670 118
1671 321
1672 126
1673 108
1674 182
1675 320
1676 99
1677 45
1678 156
1679 79
1680 222
1681 155
1682 202
1683 108
1684 61
1685 151
1686 190
1687 236
1688 122
1689 224
1690 298
1691 148
1692 119
1693 79
1694 129
1695 91
1696 53
1697 79
1698 121
1699 280
1700 299
1701 229
1702 168
1703 88
1704 196
1705 126
1706 145
1707 139
1708 182
1709 120
1710 245
1711 105
1712 135
1713 362
1714 271
1715 245
1716 158
1717 126
1718 91
1719 137
1720 119
1721 78
1722 141
1723 149
1724 206
1725 145
1726 155
1727 324
1728 149
1729 289
1730 259
1731 213
1732 280
1733 313
1734 139
1735 86
1736 101
1737 195
1738 128
1739 88
1740 219
1741 84
1742 186
1743 184
1744 121
1745 232
1746 225
1747 126
1748 87
1749 200
1750 198
1751 113
1752 154
1753 180
1754 266
1755 113
1756 136
1757 132
1758 143
1759 88
1760 150
1761 197
1762 181
1763 170
1764 357
1765 151
1766 107
1767 97
1768 280
1769 279
1770 168
1771 103
1772 90
1773 100
1774 225
1775 310
1776 171
1777 63
1778 98
1779 319
1780 210
1781 101
1782 140
1783 98
1784 136
1785 63
1786 54
1787 140
1788 335
1789 251
1790 141
1791 206
1792 213
1793 175
1794 275
1795 373
1796 198
1797 152
1798 134
1799 104
1800 68
1801 70
1802 324
1803 158
1804 209
1805 160
1806 244
1807 87
1808 118
1809 242
1810 30
1811 113
1812 334
1813 98
1814 165
1815 18
1816 176
1817 77
1818 199
1819 184
1820 229
1821 226
1822 156
1823 209
1824 63
1825 241
1826 315
1827 111
1828 95
1829 206
1830 163
1831 140
1832 301
1833 160
1834 159
1835 177
1836 265
1837 165
1838 104
1839 43
1840 152
1841 162
1842 127
1843 100
1844 135
1845 126
1846 41
1847 166
1848 156
1849 117
1850 130
1851 29
1852 190
1853 178
1854 168
1855 265
1856 320
1857 208
1858 186
1859 100
1860 82
1861 77
1862 184
1863 115
1864 139
1865 185
1866 125
1867 142
1868 195
1869 6
1870 209
1871 63
1872 208
1873 166
1874 175
1875 25
1876 164
1877 305
1878 123
1879 98
1880 140
1881 89
1882 198
1883 67
1884 175
1885 95
1886 105
1887 174
1888 89
1889 193
1890 109
1891 157
1892 108
1893 37
1894 213
1895 337
1896 149
1897 48
1898 132
1899 296
1900 2
1901 201
1902 108
1903 234
1904 156
1905 146
1906 138
1907 255
1908 336
1909 163
1910 82
1911 413
1912 208
1913 171
1914 102
1915 198
1916 188
1917 152
1918 292
1919 165
1920 333
1921 188
1922 156
1923 129
1924 245
1925 92
1926 105
1927 131
1928 318
1929 155
1930 147
1931 88
1932 123
1933 182
1934 211
1935 167
1936 139
1937 171
1938 41
1939 79
1940 165
1941 144
1942 193
1943 9
1944 135
1945 153
1946 279
1947 48
1948 372
1949 216
1950 256
1951 125
1952 17
1953 88
1954 176
1955 167
1956 134
1957 191
1958 347
1959 122
1960 160
1961 320
1962 218
1963 221
1964 112
1965 267
1966 143
1967 143
1968 201
1969 233
1970 90
1971 343
1972 307
1973 163
1974 184
1975 119
1976 156
1977 287
1978 271
1979 83
1980 169
1981 135
1982 150
1983 174
1984 312
1985 155
1986 166
1987 178
1988 186
1989 128
1990 148
1991 194
1992 194
1993 26
1994 196
1995 71
1996 199
1997 129
1998 294
1999 144
2000 191
2001 279
2002 260
2003 48
2004 213
2005 317
2006 137
2007 161
2008 270
2009 134
2010 170
2011 54
2012 352
2013 241
2014 125
2015 134
2016 166
2017 185
2018 210
2019 245
2020 145
2021 146
2022 175
2023 62
2024 120
2025 207
2026 25
2027 97
2028 57
2029 122
2030 183
2031 231
2032 115
2033 71
2034 207
2035 89
2036 66
2037 183
2038 165
2039 204
2040 257
2041 138
2042 239
2043 210
2044 92
2045 90
2046 194
2047 229
2048 203
2049 198
2050 246
2051 174
2052 110
2053 190
2054 97
2055 23
2056 331
2057 114
2058 359
2059 191
2060 168
2061 190
2062 64
2063 96
2064 117
2065 246
2066 117
2067 122
2068 164
2069 302
2070 188
2071 220
2072 104
2073 286
2074 51
2075 277
2076 163
2077 207
2078 302
2079 244
2080 216
2081 274
2082 275
2083 367
2084 256
2085 178
2086 170
2087 196
2088 40
2089 94
2090 216
2091 195
2092 354
2093 176
2094 151
2095 23
2096 99
2097 333
2098 169
2099 157
2100 227
2101 238
2102 40
2103 218
2104 165
2105 101
2106 241
2107 114
2108 70
2109 145
2110 192
2111 137
2112 241
2113 101
2114 220
2115 262
2116 77
2117 68
2118 173
2119 132
2120 188
2121 228
2122 175
2123 113
2124 214
2125 73
2126 120
2127 193
2128 227
2129 202
2130 158
2131 179
2132 337
2133 134
2134 119
2135 202
2136 7
2137 154
2138 129
2139 180
2140 133
2141 334
2142 145
2143 31
2144 144
2145 160
2146 285
2147 363
2148 87
2149 193
2150 64
2151 140
2152 211
2153 256
2154 216
2155 275
2156 185
2157 372
2158 236
2159 249
2160 73
2161 187
2162 113
2163 83
2164 66
2165 160
2166 146
2167 265
2168 276
2169 179
2170 114
2171 172
2172 302
2173 306
2174 80
2175 98
2176 102
2177 50
2178 187
2179 124
2180 170
2181 120
2182 -9
2183 140
2184 179
2185 311
2186 242
2187 119
2188 12
2189 133
2190 43
2191 99
2192 285
2193 358
2194 66
2195 162
2196 240
2197 136
2198 163
2199 112
2200 126
2201 208
2202 247
2203 200
2204 103
2205 225
2206 175
2207 150
2208 160
2209 223
2210 135
2211 236
2212 113
2213 149
2214 156
2215 101
2216 281
2217 224
2218 118
2219 199
2220 167
2221 150
2222 381
2223 148
2224 64
2225 150
2226 96
2227 248
2228 141
2229 287
2230 241
2231 207
2232 145
2233 206
2234 205
2235 80
2236 243
2237 57
2238 167
2239 165
2240 125
2241 182
2242 102
2243 140
2244 313
2245 183
2246 236
2247 206
2248 186
2249 260
2250 191
2251 199
2252 43
2253 187
2254 124
2255 75
2256 48
2257 67
2258 294
2259 255
2260 135
2261 180
2262 79
2263 92
2264 202
2265 187
2266 152
2267 173
2268 340
2269 239
2270 306
2271 97
2272 304
2273 98
2274 297
2275 52
2276 258
2277 89
2278 211
2279 377
2280 301
2281 32
2282 168
2283 352
2284 170
2285 245
2286 140
2287 135
2288 115
2289 312
2290 243
2291 76
2292 164
2293 199
2294 79
2295 301
2296 112
2297 165
2298 97
2299 94
2300 214
2301 214
2302 187
2303 204
2304 108
2305 177
2306 268
2307 215
2308 279
2309 287
2310 247
2311 313
2312 330
2313 163
2314 164
2315 61
2316 297
2317 141
2318 24
2319 70
2320 180
2321 148
2322 129
2323 69
2324 86
2325 264
2326 135
2327 201
2328 185
2329 132
2330 253
2331 133
2332 159
2333 169
2334 355
2335 287
2336 200
2337 212
2338 371
2339 276
2340 220
2341 191
2342 178
2343 155
2344 112
2345 179
2346 103
2347 60
2348 97
2349 357
2350 111
2351 143
2352 351
2353 168
2354 72
2355 318
2356 184
2357 248
2358 148
2359 254
2360 218
2361 225
2362 332
2363 41
2364 252
2365 206
2366 120
2367 151
2368 33
2369 282
2370 148
2371 155
2372 72
2373 198
2374 392
2375 161
2376 215
2377 117
2378 130
2379 106
2380 173
2381 184
2382 214
2383 153
2384 246
2385 197
2386 164
2387 222
2388 338
2389 189
2390 110
2391 141
2392 96
2393 152
2394 161
2395 266
2396 178
2397 58
2398 53
2399 232
2400 61
2401 168
2402 130
2403 320
2404 146
2405 133
2406 115
2407 184
2408 302
2409 386
2410 160
2411 261
2412 292
2413 161
2414 171
2415 167
2416 82
2417 145
2418 102
2419 264
2420 183
2421 151
2422 108
2423 190
2424 312
2425 367
2426 116
2427 125
2428 391
2429 69
2430 107
2431 136
2432 167
2433 200
2434 104
2435 212
2436 176
2437 383
2438 152
2439 57
2440 123
2441 186
2442 344
2443 54
2444 81
2445 108
2446 158
2447 186
2448 128
2449 201
2450 259
2451 205
2452 101
2453 163
2454 109
2455 120
2456 85
2457 255
2458 312
2459 210
2460 191
2461 126
2462 132
2463 155
2464 98
2465 184
2466 149
2467 186
2468 110
2469 211
2470 304
2471 105
2472 159
2473 125
2474 161
2475 145
2476 200
2477 142
2478 200
2479 61
2480 106
2481 151
2482 62
2483 383
2484 133
2485 362
2486 189
2487 339
2488 278
2489 239
2490 230
2491 310
2492 130
2493 164
2494 134
2495 95
2496 98
2497 463
2498 247
2499 219
2500 185
2501 154
2502 50
2503 160
2504 289
2505 136
2506 192
2507 257
2508 138
2509 70
2510 41
2511 126
2512 119
2513 302
2514 117
2515 83
2516 138
2517 418
2518 151
2519 174
2520 194
2521 104
2522 155
2523 182
2524 241
2525 248
2526 289
2527 169
2528 92
2529 191
2530 96
2531 270
2532 190
2533 171
2534 413
2535 188
2536 122
2537 176
2538 358
2539 99
2540 173
2541 232
2542 114
2543 124
2544 219
2545 151
2546 177
2547 232
2548 108
2549 96
2550 196
2551 88
2552 132
2553 187
2554 134
2555 126
2556 198
2557 275
2558 225
2559 157
2560 216
2561 246
2562 236
2563 198
2564 101
2565 410
2566 210
2567 326
2568 143
2569 145
2570 394
2571 91
2572 56
2573 128
2574 179
2575 85
2576 277
2577 225
2578 136
2579 185
2580 344
2581 376
2582 153
2583 116
2584 407
2585 122
2586 105
2587 216
2588 122
2589 421
2590 87
2591 180
2592 290
2593 167
2594 173
2595 204
2596 93
2597 267
2598 34
2599 292
2600 141
2601 57
2602 98
2603 156
2604 131
2605 170
2606 149
2607 197
2608 221
2609 182
2610 247
2611 101
2612 28
2613 231
2614 246
2615 332
2616 201
2617 178
2618 131
2619 316
2620 213
2621 107
2622 135
2623 164
2624 83
2625 89
2626 317
2627 94
2628 146
2629 147
2630 205
2631 175
2632 118
2633 19
2634 124
2635 198
2636 344
2637 182
2638 211
2639 95
2640 119
2641 416
2642 249
2643 360
2644 161
2645 307
2646 116
2647 143
2648 193
2649 146
2650 113
2651 132
2652 148
2653 122
2654 174
2655 246
2656 256
2657 234
2658 92
2659 31
2660 72
2661 263
2662 104
2663 236
2664 132
2665 190
2666 264
2667 138
2668 210
2669 115
2670 341
2671 155
2672 144
2673 183
2674 125
2675 222
2676 130
2677 108
2678 75
2679 106
2680 203
2681 116
2682 61
2683 233
2684 84
2685 134
2686 425
2687 193
2688 109
2689 233
2690 167
2691 131
2692 226
2693 62
2694 89
2695 214
2696 173
2697 170
2698 121
2699 136
2700 198
2701 150
2702 308
2703 189
2704 255
2705 153
2706 105
2707 240
2708 129
2709 79
2710 116
2711 155
2712 196
2713 370
2714 291
2715 105
2716 114
2717 138
2718 163
2719 184
2720 173
2721 173
2722 279
2723 119
2724 142
2725 212
2726 216
2727 113
2728 70
2729 64
2730 179
2731 149
2732 174
2733 136
2734 138
2735 255
2736 278
2737 186
2738 77
2739 102
2740 214
2741 58
2742 287
2743 134
2744 282
2745 210
2746 130
2747 182
2748 265
2749 163
2750 167
2751 211
2752 262
2753 197
2754 114
2755 55
2756 268
2757 337
2758 55
2759 246
2760 204
2761 283
2762 129
2763 108
2764 127
2765 98
2766 207
2767 149
2768 76
2769 357
2770 93
2771 163
2772 139
2773 137
2774 314
2775 102
2776 145
2777 155
2778 245
2779 160
2780 219
2781 92
2782 174
2783 201
2784 224
2785 102
2786 168
2787 140
2788 314
2789 108
2790 109
2791 122
2792 235
2793 118
2794 232
2795 122
2796 161
2797 361
2798 148
2799 299
2800 191
2801 276
2802 115
2803 167
2804 130
2805 222
2806 210
2807 213
2808 186
2809 116
2810 170
2811 178
2812 270
2813 146
2814 244
2815 217
2816 66
2817 137
2818 216
2819 271
2820 101
2821 95
2822 91
2823 175
2824 285
2825 162
2826 301
2827 213
2828 87
2829 129
2830 140
2831 268
2832 127
2833 190
2834 212
2835 207
2836 163
2837 185
2838 128
2839 287
2840 120
2841 189
2842 205
2843 45
2844 213
2845 109
2846 206
2847 264
2848 149
2849 174
2850 122
2851 287
2852 154
2853 172
2854 187
2855 171
2856 282
2857 217
2858 310
2859 376
2860 191
2861 301
2862 211
2863 105
2864 66
2865 186
2866 159
2867 113
2868 100
2869 235
2870 60
2871 133
2872 207
2873 227
2874 216
2875 44
2876 166
2877 262
2878 210
2879 68
2880 204
2881 87
2882 231
2883 180
2884 282
2885 201
2886 110
2887 147
2888 153
2889 416
2890 204
2891 132
2892 164
2893 111
2894 267
2895 92
2896 197
2897 146
2898 65
2899 327
2900 128
2901 148
2902 296
2903 298
2904 178
2905 167
2906 112
2907 182
2908 199
2909 178
2910 134
2911 188
2912 82
2913 185
2914 105
2915 152
2916 205
2917 243
2918 236
2919 154
2920 425
2921 65
2922 130
2923 389
2924 173
2925 195
2926 97
2927 133
2928 299
2929 189
2930 136
2931 147
2932 219
2933 143
2934 132
2935 214
2936 384
2937 60
2938 324
2939 197
2940 372
2941 121
2942 82
2943 80
2944 280
2945 191
2946 299
2947 116
2948 190
2949 119
2950 105
2951 189
2952 156
2953 112
2954 183
2955 233
2956 245
2957 186
2958 210
2959 185
2960 318
2961 160
2962 329
2963 184
2964 221
2965 141
2966 74
2967 208
2968 122
2969 219
2970 100
2971 97
2972 180
2973 107
2974 215
2975 258
2976 190
2977 49
2978 315
2979 157
2980 319
2981 170
2982 131
2983 148
2984 163
2985 93
2986 189
2987 186
2988 57
2989 377
2990 122
2991 169
2992 149
2993 76
2994 199
2995 143
2996 76
2997 188
2998 38
2999 162
3000 133
3001 165
3002 254
3003 212
3004 166
3005 211
3006 361
3007 190
3008 145
3009 180
3010 192
3011 151
3012 241
3013 59
3014 145
3015 118
3016 126
3017 249
3018 102
3019 116
3020 216
3021 159
3022 119
3023 111
3024 304
3025 66
3026 136
3027 283
3028 48
3029 73
3030 151
3031 117
3032 66
3033 246
3034 237
3035 134
3036 200
3037 158
3038 204
3039 196
3040 159
3041 172
3042 170
3043 189
3044 118
3045 363
3046 272
3047 144
3048 73
3049 107
3050 214
3051 92
3052 224
3053 228
3054 129
3055 214
3056 201
3057 156
3058 137
3059 103
3060 96
3061 175
3062 49
3063 213
3064 100
3065 38
3066 162
3067 305
3068 201
3069 277
3070 212
3071 260
3072 229
3073 236
3074 315
3075 229
3076 401
3077 112
3078 173
3079 143
3080 258
3081 242
3082 264
3083 247
3084 217
3085 126
3086 166
3087 91
3088 164
3089 174
3090 384
3091 237
3092 360
3093 164
3094 23
3095 332
3096 376
3097 174
3098 145
3099 165
3100 88
3101 116
3102 193
3103 203
3104 202
3105 150
3106 238
3107 184
3108 137
3109 37
3110 146
3111 379
3112 99
3113 131
3114 141
3115 121
3116 281
3117 148
3118 172
3119 339
3120 222
3121 188
3122 245
3123 170
3124 408
3125 126
3126 94
3127 192
3128 80
3129 97
3130 197
3131 175
3132 179
3133 108
3134 166
3135 133
3136 113
3137 157
3138 85
3139 143
3140 201
3141 208
3142 211
3143 112
3144 152
3145 38
3146 153
3147 217
3148 149
3149 168
3150 165
3151 232
3152 98
3153 209
3154 81
3155 103
3156 140
3157 179
3158 130
3159 294
3160 145
3161 206
3162 221
3163 183
3164 111
3165 338
3166 135
3167 177
3168 75
3169 80
3170 152
3171 186
3172 164
3173 295
3174 128
3175 404
3176 231
3177 170
3178 190
3179 160
3180 181
3181 88
3182 287
3183 37
3184 187
3185 148
3186 227
3187 250
3188 146
3189 186
3190 148
3191 111
3192 149
3193 98
3194 114
3195 154
3196 169
3197 165
3198 171
3199 133
3200 295
3201 286
3202 321
3203 212
3204 203
3205 66
3206 159
3207 308
3208 348
3209 166
3210 261
3211 222
3212 61
3213 248
3214 200
3215 109
3216 128
3217 212
3218 149
3219 170
3220 166
3221 57
3222 218
3223 403
3224 241
3225 177
3226 132
3227 111
3228 197
3229 237
3230 263
3231 297
3232 251
3233 226
3234 188
3235 127
3236 96
3237 121
3238 168
3239 191
3240 214
3241 197
3242 156
3243 114
3244 235
3245 63
3246 185
3247 181
3248 144
3249 161
3250 87
3251 147
3252 100
3253 284
3254 261
3255 231
3256 157
3257 290
3258 132
3259 108
3260 227
3261 225
3262 215
3263 138
3264 160
3265 92
3266 274
3267 238
3268 123
3269 163
3270 83
3271 125
3272 201
3273 208
3274 148
3275 207
3276 11
3277 66
3278 227
3279 83
3280 94
3281 101
3282 89
3283 405
3284 125
3285 306
3286 82
3287 173
3288 186
3289 94
3290 51
3291 128
3292 268
3293 117
3294 183
3295 175
3296 160
3297 85
3298 273
3299 210
3300 211
3301 110
3302 176
3303 133
3304 86
3305 89
3306 120
3307 153
3308 87
3309 137
3310 164
3311 166
3312 149
3313 119
3314 247
3315 151
3316 252
3317 195
3318 124
3319 278
3320 260
3321 332
3322 61
3323 167
3324 138
3325 149
3326 339
3327 259
3328 202
3329 154
3330 150
3331 296
3332 440
3333 80
3334 66
3335 140
3336 193
3337 228
3338 172
3339 202
3340 177
3341 194
3342 299
3343 166
3344 323
3345 135
3346 197
3347 155
3348 114
3349 229
3350 287
3351 285
3352 145
3353 117
3354 207
3355 132
3356 286
3357 304
3358 233
3359 209
3360 107
3361 116
3362 191
3363 236
3364 353
3365 332
3366 263
3367 162
3368 159
3369 99
3370 166
3371 319
3372 250
3373 126
3374 79
3375 98
3376 224
3377 156
3378 75
3379 117
3380 12
3381 318
3382 184
3383 207
3384 185
3385 236
3386 144
3387 167
3388 180
3389 140
3390 129
3391 68
3392 212
3393 181
3394 145
3395 132
3396 172
3397 174
3398 186
3399 115
3400 225
3401 186
3402 168
3403 227
3404 177
3405 144
3406 144
3407 142
3408 233
3409 178
3410 150
3411 328
3412 60
3413 384
3414 120
3415 168
3416 214
3417 223
3418 323
3419 185
3420 194
3421 202
3422 376
3423 89
3424 96
3425 135
3426 378
3427 185
3428 100
3429 176
3430 154
3431 275
3432 191
3433 332
3434 51
3435 212
3436 129
3437 208
3438 74
3439 255
3440 238
3441 256
3442 313
3443 208
3444 181
3445 210
3446 136
3447 303
3448 184
3449 97
3450 307
3451 210
3452 137
3453 144
3454 106
3455 344
3456 149
3457 162
3458 107
3459 239
3460 177
3461 201
3462 157
3463 93
3464 196
3465 84
3466 214
3467 304
3468 171
3469 155
3470 71
3471 158
3472 115
3473 256
3474 106
3475 47
3476 133
3477 251
3478 208
3479 156
3480 147
3481 301
3482 203
3483 241
3484 276
3485 206
3486 109
3487 68
3488 290
3489 101
3490 349
3491 295
3492 171
3493 156
3494 269
3495 48
3496 152
3497 246
3498 59
3499 141
3500 117
3501 310
3502 94
3503 322
3504 286
3505 94
3506 267
3507 197
3508 86
3509 136
3510 129
3511 169
3512 90
3513 185
3514 233
3515 197
3516 38
3517 243
3518 53
3519 276
3520 343
3521 240
3522 99
3523 255
3524 295
3525 148
3526 38
3527 104
3528 17
3529 78
3530 179
3531 334
3532 135
3533 125
3534 134
3535 128
3536 179
3537 115
3538 256
3539 340
3540 148
3541 137
3542 110
3543 203
3544 186
3545 175
3546 161
3547 42
3548 201
3549 16
3550 208
3551 52
3552 96
3553 308
3554 135
3555 168
3556 193
3557 162
3558 37
3559 156
3560 192
3561 147
3562 151
3563 228
3564 40
3565 201
3566 95
3567 179
3568 121
3569 119
3570 134
3571 233
3572 137
3573 129
3574 68
3575 174
3576 127
3577 165
3578 356
3579 152
3580 220
3581 172
3582 167
3583 156
3584 174
3585 205
3586 181
3587 205
3588 107
3589 157
3590 34
3591 95
3592 179
3593 154
3594 159
3595 136
3596 200
3597 94
3598 136
3599 117
3600 139
3601 64
3602 197
3603 186
3604 113
3605 84
3606 85
3607 152
3608 403
3609 100
3610 329
3611 96
3612 117
3613 22
3614 169
3615 -21
3616 162
3617 230
3618 145
3619 134
3620 177
3621 216
3622 204
3623 221
3624 204
3625 122
3626 149
3627 218
3628 185
3629 79
3630 76
3631 207
3632 179
3633 104
3634 310
3635 203
3636 211
3637 304
3638 103
3639 124
3640 95
3641 264
3642 44
3643 342
3644 210
3645 2
3646 423
3647 190
3648 109
3649 424
3650 235
3651 211
3652 204
3653 90
3654 205
3655 141
3656 164
3657 177
3658 127
3659 166
3660 120
3661 165
3662 151
3663 120
3664 252
3665 245
3666 214
3667 71
3668 232
3669 207
3670 202
3671 121
3672 133
3673 194
3674 261
3675 107
3676 266
3677 164
3678 144
3679 407
3680 111
3681 61
3682 253
3683 53
3684 188
3685 170
3686 192
3687 68
3688 152
3689 168
3690 221
3691 196
3692 145
3693 229
3694 94
3695 185
3696 252
3697 365
3698 332
3699 125
3700 166
3701 150
3702 143
3703 154
3704 159
3705 237
3706 109
3707 212
3708 149
3709 83
3710 54
3711 377
3712 231
3713 170
3714 215
3715 178
3716 173
3717 42
3718 143
3719 53
3720 229
3721 121
3722 76
3723 179
3724 160
3725 150
3726 201
3727 222
3728 217
3729 158
3730 173
3731 102
3732 145
3733 185
3734 275
3735 169
3736 238
3737 308
3738 117
3739 146
3740 114
3741 261
3742 248
3743 219
3744 199
3745 128
3746 134
3747 172
3748 164
3749 264
3750 250
3751 229
3752 232
3753 237
3754 222
3755 36
3756 151
3757 -5
3758 149
3759 248
3760 126
3761 215
3762 284
3763 196
3764 46
3765 216
3766 134
3767 110
3768 132
3769 148
3770 189
3771 232
3772 132
3773 102
3774 192
3775 263
3776 131
3777 205
3778 192
3779 135
3780 135
3781 200
3782 264
3783 229
3784 262
3785 167
3786 81
3787 222
3788 335
3789 220
3790 21
3791 140
3792 100
3793 21
3794 216
3795 219
3796 70
3797 110
3798 379
3799 182
3800 115
3801 155
3802 264
3803 85
3804 171
3805 -5
3806 150
3807 174
3808 242
3809 156
3810 75
3811 180
3812 369
3813 282
3814 186
3815 264
3816 70
3817 157
3818 134
3819 137
3820 210
3821 313
3822 158
3823 149
3824 329
3825 83
3826 323
3827 191
3828 131
3829 293
3830 153
3831 233
3832 224
3833 114
3834 142
3835 85
3836 105
3837 275
3838 126
3839 228
3840 254
3841 157
3842 221
3843 204
3844 187
3845 327
3846 183
3847 127
3848 53
3849 125
3850 224
3851 119
3852 189
3853 135
3854 280
3855 114
3856 276
3857 265
3858 191
3859 35
3860 205
3861 241
3862 106
3863 260
3864 225
3865 235
3866 204
3867 192
3868 254
3869 199
3870 146
3871 119
3872 364
3873 158
3874 306
3875 299
3876 176
3877 291
3878 168
3879 162
3880 418
3881 310
3882 160
3883 213
3884 165
3885 202
3886 157
3887 163
3888 200
3889 340
3890 141
3891 185
3892 334
3893 264
3894 426
3895 188
3896 138
3897 123
3898 55
3899 210
3900 56
3901 198
3902 341
3903 128
3904 49
3905 122
3906 193
3907 249
3908 81
3909 125
3910 133
3911 164
3912 260
3913 133
3914 237
3915 171
3916 81
3917 288
3918 215
3919 305
3920 184
3921 103
3922 142
3923 94
3924 224
3925 89
3926 64
3927 112
3928 246
3929 323
3930 167
3931 178
3932 194
3933 166
3934 144
3935 199
3936 188
3937 173
3938 136
3939 175
3940 168
3941 195
3942 150
3943 168
3944 93
3945 208
3946 209
3947 249
3948 99
3949 48
3950 228
3951 121
3952 344
3953 221
3954 14
3955 98
3956 175
3957 412
3958 269
3959 148
3960 291
3961 239
3962 269
3963 102
3964 186
3965 72
3966 27
3967 331
3968 186
3969 39
3970 207
3971 128
3972 191
3973 129
3974 365
3975 205
3976 111
3977 118
3978 142
3979 236
3980 205
3981 237
3982 177
3983 91
3984 148
3985 232
3986 132
3987 97
3988 94
3989 191
3990 118
3991 297
3992 348
3993 74
3994 375
3995 204
3996 185
3997 168
3998 307
3999 101
4000 141
4001 82
4002 23
4003 269
4004 213
4005 305
4006 353
4007 150
4008 321
4009 177
4010 168
4011 240
4012 237
4013 264
4014 88
4015 211
4016 149
4017 294
4018 458
4019 162
4020 162
4021 173
4022 95
4023 210
4024 263
4025 155
4026 196
4027 132
4028 36
4029 135
4030 268
4031 135
4032 89
4033 180
4034 284
4035 58
4036 232
4037 273
4038 234
4039 193
4040 170
4041 113
4042 144
4043 129
4044 151
4045 219
4046 301
4047 248
4048 140
4049 127
4050 127
4051 139
4052 437
4053 172
4054 447
4055 270
4056 235
4057 174
4058 54
4059 136
4060 185
4061 147
4062 265
4063 183
4064 376
4065 275
4066 150
4067 184
4068 94
4069 146
4070 191
4071 149
4072 66
4073 152
4074 135
4075 178
4076 195
4077 165
4078 222
4079 202
4080 99
4081 303
4082 152
4083 160
4084 173
4085 311
4086 395
4087 83
4088 116
4089 120
4090 104
4091 141
4092 120
4093 295
4094 132
4095 218
4096 142
4097 270
4098 96
4099 235
4100 126
4101 221
4102 201
4103 107
4104 90
4105 254
4106 148
4107 205
4108 204
4109 2
4110 276
4111 133
4112 381
4113 143
4114 405
4115 214
4116 188
4117 102
4118 257
4119 214
4120 206
4121 186
4122 152
4123 128
4124 142
4125 173
4126 97
4127 346
4128 365
4129 342
4130 114
4131 174
4132 165
4133 128
4134 32
4135 181
4136 199
4137 146
4138 193
4139 93
4140 176
4141 102
4142 116
4143 329
4144 152
4145 211
4146 212
4147 83
4148 100
4149 213
4150 198
4151 93
4152 236
4153 98
4154 188
4155 123
4156 228
4157 228
4158 234
4159 238
4160 118
4161 135
4162 43
4163 263
4164 109
4165 192
4166 156
4167 296
4168 174
4169 328
4170 239
4171 243
4172 136
4173 105
4174 190
4175 213
4176 98
4177 34
4178 164
4179 281
4180 375
4181 232
4182 139
4183 43
4184 198
4185 132
4186 145
4187 135
4188 181
4189 201
4190 167
4191 148
4192 143
4193 67
4194 91
4195 176
4196 114
4197 155
4198 178
4199 318
4200 183
4201 222
4202 161
4203 287
4204 155
4205 295
4206 147
4207 269
4208 393
4209 201
4210 345
4211 107
4212 154
4213 352
4214 117
4215 292
4216 279
4217 203
4218 34
4219 74
4220 18
4221 34
4222 37
4223 138
4224 168
4225 184
4226 153
4227 197
4228 105
4229 262
4230 162
4231 212
4232 347
4233 289
4234 178
4235 150
4236 88
4237 102
4238 148
4239 99
4240 206
4241 411
4242 106
4243 283
4244 159
4245 181
4246 101
4247 154
4248 139
4249 119
4250 68
4251 142
4252 13
4253 162
4254 116
4255 281
4256 325
4257 71
4258 74
4259 143
4260 205
4261 456
4262 71
4263 208
4264 146
4265 132
4266 31
4267 66
4268 128
4269 105
4270 448
4271 192
4272 101
4273 144
4274 75
4275 146
4276 42
4277 201
4278 337
4279 103
4280 135
4281 266
4282 60
4283 208
4284 34
4285 201
4286 218
4287 118
4288 32
4289 138
4290 266
4291 199
4292 219
4293 280
4294 174
4295 200
4296 101
4297 178
4298 131
4299 189
4300 227
4301 300
4302 392
4303 247
4304 145
4305 259
4306 181
4307 332
4308 134
4309 152
4310 265
4311 253
4312 70
4313 151
4314 149
4315 151
4316 130
4317 218
4318 162
4319 99
4320 200
4321 214
4322 157
4323 261
4324 235
4325 321
4326 226
4327 108
4328 145
4329 150
4330 204
4331 57
4332 81
4333 164
4334 119
4335 281
4336 247
4337 183
4338 331
4339 95
4340 179
4341 171
4342 217
4343 128
4344 211
4345 120
4346 94
4347 265
4348 137
4349 207
4350 145
4351 70
4352 146
4353 58
4354 177
4355 73
4356 230
4357 110
4358 139
4359 162
4360 167
4361 169
4362 105
4363 170
4364 234
4365 346
4366 178
4367 322
4368 159
4369 288
4370 217
4371 163
4372 239
4373 172
4374 243
4375 157
4376 236
4377 108
4378 46
4379 224
4380 120
4381 25
4382 160
4383 181
4384 140
4385 202
4386 367
4387 145
4388 221
4389 175
4390 132
4391 142
4392 44
4393 237
4394 209
4395 371
4396 214
4397 54
4398 194
4399 250
4400 412
4401 181
4402 108
4403 225
4404 135
4405 214
4406 144
4407 233
4408 274
4409 129
4410 161
4411 106
4412 195
4413 182
4414 217
4415 286
4416 172
4417 145
4418 183
4419 8
4420 103
4421 81
4422 191
4423 186
4424 115
4425 198
4426 483
4427 102
4428 194
4429 97
4430 149
4431 270
4432 349
4433 92
4434 154
4435 101
4436 182
4437 126
4438 284
4439 126
4440 267
4441 197
4442 148
4443 118
4444 312
4445 225
4446 64
4447 185
4448 322
4449 119
4450 226
4451 193
4452 86
4453 272
4454 103
4455 28
4456 205
4457 235
4458 293
4459 7
4460 181
4461 167
4462 137
4463 162
4464 236
4465 288
4466 131
4467 351
4468 175
4469 267
4470 39
4471 84
4472 238
4473 44
4474 203
4475 121
4476 123
4477 102
4478 171
4479 49
4480 383
4481 317
4482 270
4483 127
4484 190
4485 232
4486 128
4487 102
4488 93
4489 85
4490 232
4491 226
4492 186
4493 243
4494 130
4495 284
4496 306
4497 11
4498 272
4499 153
4500 160
4501 202
4502 217
4503 406
4504 230
4505 124
4506 149
4507 56
4508 150
4509 138
4510 217
4511 239
4512 48
4513 266
4514 38
4515 197
4516 197
4517 58
4518 126
4519 207
4520 198
4521 352
4522 58
4523 186
4524 265
4525 175
4526 239
4527 190
4528 117
4529 256
4530 291
4531 75
4532 135
4533 125
4534 227
4535 132
4536 274
4537 231
4538 61
4539 233
4540 290
4541 374
4542 111
4543 268
4544 217
4545 122
4546 153
4547 108
4548 160
4549 156
4550 223
4551 110
4552 127
4553 214
4554 107
4555 167
4556 269
4557 209
4558 199
4559 346
4560 270
4561 185
4562 142
4563 122
4564 128
4565 191
4566 110
4567 254
4568 163
4569 65
4570 17
4571 103
4572 184
4573 183
4574 203
4575 197
4576 251
4577 119
4578 126
4579 195
4580 22
4581 231
4582 49
4583 248
4584 119
4585 200
4586 248
4587 171
4588 279
4589 -21
4590 151
4591 195
4592 211
4593 223
4594 160
4595 195
4596 267
4597 144
4598 236
4599 358
4600 334
4601 295
4602 144
4603 95
4604 325
4605 247
4606 191
4607 207
4608 114
4609 224
4610 170
4611 150
4612 52
4613 282
4614 187
4615 212
4616 159
4617 233
4618 128
4619 142
4620 278
4621 189
4622 196
4623 196
4624 157
4625 258
4626 102
4627 207
4628 108
4629 126
4630 154
4631 186
4632 146
4633 200
4634 172
4635 311
4636 167
4637 273
4638 343
4639 165
4640 138
4641 121
4642 276
4643 160
4644 76
4645 79
4646 111
4647 222
4648 230
4649 164
4650 283
4651 204
4652 -14
4653 437
4654 138
4655 82
4656 113
4657 104
4658 381
4659 112
4660 315
4661 180
4662 117
4663 52
4664 88
4665 87
4666 246
4667 117
4668 151
4669 178
4670 167
4671 154
4672 31
4673 80
4674 176
4675 317
4676 216
4677 124
4678 120
4679 177
4680 209
4681 248
4682 288
4683 88
4684 132
4685 87
4686 177
4687 171
4688 382
4689 282
4690 240
4691 147
4692 55
4693 158
4694 198
4695 57
4696 178
4697 405
4698 118
4699 75
4700 203
4701 324
4702 104
4703 195
4704 142
4705 240
4706 176
4707 266
4708 58
4709 28
4710 268
4711 335
4712 160
4713 298
4714 160
4715 247
4716 184
4717 261
4718 243
4719 248
4720 157
4721 240
4722 161
4723 197
4724 157
4725 247
4726 116
4727 221
4728 200
4729 143
4730 324
4731 127
4732 223
4733 183
4734 229
4735 311
4736 81
4737 153
4738 42
4739 106
4740 235
4741 332
4742 129
4743 357
4744 91
4745 148
4746 242
4747 196
4748 221
4749 193
4750 302
4751 111
4752 101
4753 140
4754 202
4755 183
4756 289
4757 66
4758 234
4759 355
4760 329
4761 104
4762 313
4763 179
4764 58
4765 25
4766 213
4767 115
4768 48
4769 162
4770 189
4771 253
4772 165
4773 194
4774 265
4775 184
4776 161
4777 217
4778 114
4779 348
4780 139
4781 88
4782 111
4783 119
4784 175
4785 83
4786 163
4787 215
4788 176
4789 295
4790 280
4791 134
4792 232
4793 72
4794 151
4795 68
4796 58
4797 240
4798 292
4799 129
4800 149
4801 145
4802 172
4803 90
4804 324
4805 260
4806 137
4807 336
4808 181
4809 145
4810 374
4811 217
4812 233
4813 149
4814 114
4815 68
4816 83
4817 72
4818 290
4819 129
4820 211
4821 131
4822 135
4823 87
4824 224
4825 115
4826 211
4827 66
4828 247
4829 62
4830 155
4831 54
4832 172
4833 88
4834 213
4835 198
4836 331
4837 138
4838 64
4839 191
4840 171
4841 291
4842 261
4843 238
4844 39
4845 167
4846 166
4847 38
4848 181
4849 132
4850 126
4851 248
4852 191
4853 255
4854 180
4855 246
4856 161
4857 175
4858 110
4859 62
4860 142
4861 156
4862 237
4863 66
4864 214
4865 189
4866 259
4867 222
4868 143
4869 117
4870 281
4871 149
4872 223
4873 148
4874 223
4875 49
4876 290
4877 320
4878 132
4879 332
4880 22
4881 177
4882 175
4883 115
4884 294
4885 236
4886 107
4887 56
4888 213
4889 252
4890 245
4891 377
4892 147
4893 155
4894 253
4895 82
4896 195
4897 82
4898 337
4899 254
4900 149
4901 150
4902 141
4903 204
4904 235
4905 179
4906 191
4907 269
4908 213
4909 254
4910 225
4911 196
4912 301
4913 267
4914 126
4915 307
4916 117
4917 209
4918 139
4919 159
4920 247
4921 181
4922 323
4923 139
4924 235
4925 305
4926 169
4927 243
4928 120
4929 183
4930 129
4931 295
4932 147
4933 139
4934 164
4935 39
4936 157
4937 26
4938 403
4939 123
4940 70
4941 199
4942 214
4943 176
4944 395
4945 414
4946 81
4947 65
4948 180
4949 187
4950 66
4951 222
4952 306
4953 250
4954 237
4955 207
4956 182
4957 170
4958 239
4959 176
4960 158
4961 213
4962 387
4963 419
4964 107
4965 261
4966 150
4967 120
4968 166
4969 185
4970 135
4971 224
4972 236
4973 77
4974 68
4975 195
4976 151
4977 182
4978 84
4979 167
4980 237
4981 70
4982 269
4983 155
4984 183
4985 498
4986 175
4987 211
4988 223
4989 191
4990 137
4991 169
4992 296
4993 158
4994 128
4995 186
4996 60
4997 130
4998 141
4999 184
5000 224
5001 169
5002 125
5003 149
5004 268
5005 284
5006 72
5007 90
5008 152
5009 87
5010 173
5011 167
5012 254
5013 197
5014 100
5015 202
5016 37
5017 36
5018 226
5019 154
5020 201
5021 192
5022 254
5023 119
5024 27
5025 243
5026 198
5027 251
5028 266
5029 214
5030 223
5031 240
5032 195
5033 201
5034 244
5035 412
5036 72
5037 356
5038 83
5039 310
5040 265
5041 127
5042 90
5043 273
5044 320
5045 195
5046 198
5047 247
5048 384
5049 120
5050 290
5051 202
5052 147
5053 136
5054 140
5055 286
5056 278
5057 177
5058 259
5059 238
5060 296
5061 233
5062 244
5063 165
5064 207
5065 196
5066 123
5067 94
5068 216
5069 310
5070 173
5071 284
5072 190
5073 218
5074 60
5075 327
5076 324
5077 300
5078 237
5079 218
5080 139
5081 205
5082 224
5083 318
5084 130
5085 271
5086 69
5087 220
5088 168
5089 153
5090 68
5091 121
5092 192
5093 46
5094 178
5095 209
5096 240
5097 157
5098 263
5099 84
5100 136
5101 130
5102 182
5103 158
5104 138
5105 212
5106 252
5107 286
5108 319
5109 98
5110 444
5111 316
5112 36
5113 160
5114 211
5115 75
5116 49
5117 161
5118 123
5119 253
5120 218
5121 229
5122 205
5123 89
5124 298
5125 221
5126 193
5127 59
5128 53
5129 111
5130 424
5131 263
5132 184
5133 186
5134 209
5135 297
5136 137
5137 137
5138 277
5139 153
5140 193
5141 246
5142 155
5143 143
5144 136
5145 184
5146 259
5147 269
5148 108
5149 257
5150 148
5151 312
5152 57
5153 202
5154 111
5155 151
5156 308
5157 119
5158 244
5159 208
5160 187
5161 142
5162 196
5163 52
5164 114
5165 414
5166 83
5167 154
5168 93
5169 141
5170 60
5171 96
5172 121
5173 311
5174 273
5175 182
5176 226
5177 215
5178 97
5179 209
5180 137
5181 132
5182 258
5183 145
5184 180
5185 115
5186 272
5187 274
5188 170
5189 212
5190 320
5191 267
5192 -8
5193 268
5194 251
5195 367
5196 245
5197 170
5198 196
5199 186
5200 148
5201 266
5202 333
5203 82
5204 268
5205 260
5206 218
5207 191
5208 179
5209 86
5210 310
5211 84
5212 71
5213 279
5214 416
5215 196
5216 72
5217 86
5218 183
5219 226
5220 86
5221 188
5222 85
5223 137
5224 253
5225 250
5226 388
5227 333
5228 364
5229 79
5230 117
5231 150
5232 143
5233 258
5234 299
5235 243
5236 220
5237 80
5238 181
5239 209
5240 255
5241 185
5242 148
5243 109
5244 144
5245 151
5246 293
5247 149
5248 137
5249 136
5250 252
5251 133
5252 152
5253 254
5254 192
5255 125
5256 92
5257 67
5258 169
5259 88
5260 127
5261 191
5262 214
5263 171
5264 209
5265 152
5266 240
5267 208
5268 202
5269 51
5270 198
5271 157
5272 365
5273 241
5274 188
5275 211
5276 289
5277 161
5278 29
5279 181
5280 194
5281 139
5282 134
5283 425
5284 132
5285 184
5286 140
5287 179
5288 155
5289 190
5290 58
5291 294
5292 237
5293 132
5294 217
5295 136
5296 241
5297 156
5298 78
5299 79
5300 296
5301 130
5302 54
5303 288
5304 189
5305 181
5306 198
5307 64
5308 136
5309 183
5310 195
5311 48
5312 327
5313 120
5314 191
5315 205
5316 94
5317 209
5318 45
5319 186
5320 273
5321 189
5322 105
5323 194
5324 73
5325 344
5326 134
5327 152
5328 88
5329 168
5330 189
5331 102
5332 368
5333 114
5334 369
5335 145
5336 152
5337 140
5338 169
5339 231
5340 100
5341 180
5342 209
5343 292
5344 147
5345 227
5346 153
5347 354
5348 92
5349 188
5350 132
5351 172
5352 141
5353 176
5354 139
5355 116
5356 133
5357 90
5358 115
5359 175
5360 330
5361 165
5362 238
5363 227
5364 376
5365 129
5366 138
5367 33
5368 64
5369 157
5370 355
5371 249
5372 237
5373 308
5374 151
5375 45
5376 156
5377 36
5378 82
5379 184
5380 134
5381 316
5382 222
5383 257
5384 49
5385 378
5386 139
5387 132
5388 123
5389 180
5390 88
5391 12
5392 156
5393 156
5394 74
5395 218
5396 88
5397 172
5398 84
5399 84
5400 150
5401 85
5402 253
5403 294
5404 218
5405 258
5406 182
5407 277
5408 307
5409 252
5410 274
5411 104
5412 238
5413 343
5414 209
5415 72
5416 140
5417 251
5418 196
5419 217
5420 159
5421 179
5422 115
5423 291
5424 335
5425 149
5426 53
5427 246
5428 173
5429 153
5430 220
5431 165
5432 173
5433 167
5434 244
5435 182
5436 195
5437 194
5438 190
5439 437
5440 129
5441 16
5442 216
5443 285
5444 124
5445 294
5446 138
5447 180
5448 249
5449 103
5450 120
5451 187
5452 184
5453 170
5454 161
5455 166
5456 258
5457 307
5458 187
5459 159
5460 141
5461 106
5462 129
5463 192
5464 119
5465 208
5466 233
5467 343
5468 146
5469 220
5470 185
5471 228
5472 219
5473 164
5474 41
5475 171
5476 140
5477 261
5478 425
5479 156
5480 152
5481 367
5482 116
5483 190
5484 113
5485 194
5486 152
5487 211
5488 232
5489 105
5490 104
5491 167
5492 89
5493 208
5494 181
5495 138
5496 161
5497 386
5498 185
5499 171
5500 151
5501 224
5502 54
5503 383
5504 262
5505 63
5506 199
5507 114
5508 333
5509 30
5510 110
5511 172
5512 335
5513 170
5514 405
5515 176
5516 227
5517 89
5518 41
5519 216
5520 100
5521 164
5522 153
5523 314
5524 156
5525 303
5526 365
5527 219
5528 80
5529 228
5530 229
5531 99
5532 99
5533 92
5534 208
5535 41
5536 215
5537 187
5538 167
5539 343
5540 59
5541 186
5542 140
5543 123
5544 204
5545 186
5546 45
5547 213
5548 101
5549 337
5550 206
5551 163
5552 142
5553 32
5554 97
5555 188
5556 150
5557 254
5558 130
5559 165
5560 146
5561 99
5562 88
5563 93
5564 181
5565 206
5566 168
5567 181
5568 308
5569 265
5570 212
5571 350
5572 198
5573 310
5574 147
5575 92
5576 216
5577 235
5578 191
5579 164
5580 108
5581 116
5582 91
5583 417
5584 167
5585 262
5586 156
5587 342
5588 203
5589 159
5590 292
5591 241
5592 328
5593 106
5594 69
5595 73
5596 407
5597 183
5598 179
5599 120
5600 32
5601 262
5602 312
5603 275
5604 155
5605 140
5606 225
5607 299
5608 399
5609 236
5610 259
5611 164
5612 119
5613 381
5614 223
5615 224
5616 205
5617 160
5618 214
5619 164
5620 278
5621 36
5622 116
5623 179
5624 173
5625 166
5626 240
5627 131
5628 168
5629 252
5630 302
5631 62
5632 287
5633 260
5634 216
5635 52
5636 156
5637 136
5638 344
5639 70
5640 257
5641 297
5642 62
5643 382
5644 138
5645 158
5646 150
5647 152
5648 178
5649 202
5650 54
5651 81
5652 172
5653 146
5654 119
5655 91
5656 77
5657 236
5658 380
5659 94
5660 83
5661 146
5662 169
5663 228
5664 65
5665 138
5666 79
5667 241
5668 324
5669 251
5670 167
5671 244
5672 214
5673 136
5674 140
5675 214
5676 107
5677 131
5678 125
5679 120
5680 215
5681 149
5682 108
5683 182
5684 98
5685 103
5686 125
5687 243
5688 194
5689 167
5690 154
5691 130
5692 235
5693 172
5694 173
5695 195
5696 180
5697 298
5698 227
5699 90
5700 140
5701 140
5702 299
5703 87
5704 170
5705 205
5706 192
5707 237
5708 70
5709 245
5710 196
5711 189
5712 120
5713 253
5714 203
5715 232
5716 328
5717 265
5718 112
5719 167
5720 167
5721 183
5722 141
5723 114
5724 146
5725 28
5726 144
5727 173
5728 256
5729 78
5730 147
5731 332
5732 227
5733 329
5734 204
5735 146
5736 193
5737 192
5738 122
5739 174
5740 123
5741 220
5742 150
5743 174
5744 179
5745 294
5746 290
5747 189
5748 131
5749 92
5750 225
5751 133
5752 160
5753 144
5754 273
5755 242
5756 110
5757 232
5758 138
5759 82
5760 126
5761 232
5762 145
5763 187
5764 165
5765 251
5766 102
5767 65
5768 251
5769 175
5770 114
5771 239
5772 255
5773 8
5774 106
5775 151
5776 267
5777 131
5778 190
5779 89
5780 124
5781 250
5782 165
5783 23
5784 95
5785 328
5786 206
5787 123
5788 276
5789 231
5790 175
5791 164
5792 152
5793 175
5794 299
5795 437
5796 108
5797 110
5798 93
5799 180
5800 185
5801 184
5802 101
5803 176
5804 131
5805 183
5806 193
5807 138
5808 215
5809 301
5810 368
5811 148
5812 159
5813 324
5814 83
5815 173
5816 122
5817 237
5818 246
5819 163
5820 202
5821 149
5822 260
5823 156
5824 214
5825 57
5826 31
5827 59
5828 153
5829 136
5830 245
5831 162
5832 268
5833 255
5834 26
5835 172
5836 85
5837 406
5838 249
5839 186
5840 105
5841 345
5842 253
5843 160
5844 89
5845 253
5846 201
5847 145
5848 209
5849 177
5850 179
5851 55
5852 302
5853 149
5854 109
5855 291
5856 224
5857 167
5858 150
5859 103
5860 223
5861 290
5862 62
5863 193
5864 244
5865 180
5866 85
5867 139
5868 119
5869 149
5870 174
5871 261
5872 157
5873 140
5874 74
5875 232
5876 213
5877 311
5878 213
5879 149
5880 129
5881 136
5882 102
5883 146
5884 135
5885 137
5886 159
5887 359
5888 70
5889 309
5890 293
5891 213
5892 18
5893 389
5894 142
5895 219
5896 333
5897 165
5898 69
5899 167
5900 247
5901 155
5902 158
5903 340
5904 193
5905 192
5906 44
5907 319
5908 228
5909 233
5910 72
5911 199
5912 256
5913 137
5914 155
5915 118
5916 166
5917 257
5918 304
5919 158
5920 286
5921 347
5922 191
5923 108
5924 100
5925 125
5926 119
5927 137
5928 258
5929 161
5930 131
5931 86
5932 236
5933 179
5934 119
5935 229
5936 144
5937 259
5938 112
5939 226
5940 228
5941 92
5942 212
5943 98
5944 127
5945 184
5946 396
5947 96
5948 124
5949 170
5950 239
5951 86
5952 103
5953 208
5954 176
5955 217
5956 283
5957 194
5958 126
5959 184
5960 341
5961 108
5962 160
5963 121
5964 216
5965 202
5966 199
5967 206
5968 119
5969 245
5970 175
5971 90
5972 270
5973 101
5974 84
5975 228
5976 351
5977 167
5978 64
5979 193
5980 314
5981 176
5982 205
5983 194
5984 182
5985 288
5986 235
5987 139
5988 195
5989 112
5990 105
5991 96
5992 214
5993 140
5994 205
5995 242
5996 141
5997 285
5998 183
5999 239
6000 134
6001 239
6002 85
6003 243
6004 274
6005 294
6006 269
6007 226
6008 106
6009 200
6010 150
6011 143
6012 131
6013 244
6014 62
6015 212
6016 111
6017 75
6018 102
6019 284
6020 71
6021 303
6022 110
6023 157
6024 142
6025 32
6026 267
6027 145
6028 184
6029 26
6030 228
6031 134
6032 74
6033 41
6034 20
6035 195
6036 154
6037 217
6038 161
6039 146
6040 196
6041 148
6042 82
6043 133
6044 237
6045 275
6046 152
6047 144
6048 86
6049 303
6050 99
6051 140
6052 121
6053 153
6054 244
6055 333
6056 83
6057 225
6058 218
6059 162
6060 243
6061 60
6062 161
6063 53
6064 119
6065 105
6066 157
6067 235
6068 107
6069 140
6070 141
6071 121
6072 96
6073 133
6074 240
6075 179
6076 141
6077 217
6078 35
6079 150
6080 136
6081 98
6082 171
6083 113
6084 345
6085 113
6086 149
6087 246
6088 238
6089 260
6090 170
6091 175
6092 164
6093 153
6094 175
6095 332
6096 149
6097 230
6098 95
6099 166
6100 140
6101 121
6102 108
6103 174
6104 453
6105 145
6106 109
6107 99
6108 193
6109 229
6110 160
6111 333
6112 482
6113 180
6114 176
6115 297
6116 162
6117 141
6118 314
6119 225
6120 222
6121 134
6122 233
6123 212
6124 163
6125 217
6126 84
6127 232
6128 254
6129 166
6130 117
6131 194
6132 305
6133 256
6134 63
6135 90
6136 133
6137 189
6138 398
6139 329
6140 324
6141 156
6142 329
6143 180
6144 24
6145 129
6146 200
6147 60
6148 173
6149 120
6150 190
6151 83
6152 116
6153 287
6154 243
6155 137
6156 300
6157 159
6158 314
6159 165
6160 223
6161 155
6162 156
6163 187
6164 102
6165 145
6166 110
6167 200
6168 289
6169 205
6170 261
6171 139
6172 277
6173 352
6174 167
6175 168
6176 141
6177 227
6178 116
6179 147
6180 167
6181 200
6182 34
6183 348
6184 242
6185 291
6186 257
6187 203
6188 262
6189 125
6190 289
6191 232
6192 176
6193 148
6194 267
6195 155
6196 130
6197 213
6198 89
6199 150
6200 398
6201 269
6202 90
6203 69
6204 180
6205 140
6206 146
6207 226
6208 263
6209 156
6210 240
6211 532
6212 78
6213 157
6214 231
6215 57
6216 162
6217 181
6218 387
6219 175
6220 205
6221 172
6222 323
6223 213
6224 165
6225 248
6226 258
6227 240
6228 407
6229 211
6230 210
6231 107
6232 214
6233 144
6234 147
6235 237
6236 256
6237 120
6238 158
6239 112
6240 240
6241 228
6242 139
6243 175
6244 194
6245 142
6246 329
6247 126
6248 236
6249 218
6250 180
6251 106
6252 171
6253 72
6254 94
6255 46
6256 181
6257 158
6258 89
6259 134
6260 108
6261 172
6262 106
6263 123
6264 102
6265 82
6266 208
6267 122
6268 366
6269 110
6270 110
6271 164
6272 365
6273 217
6274 222
6275 218
6276 349
6277 284
6278 243
6279 158
6280 268
6281 155
6282 93
6283 225
6284 126
6285 147
6286 166
6287 75
6288 147
6289 217
6290 208
6291 150
6292 158
6293 238
6294 275
6295 129
6296 310
6297 252
6298 141
6299 176
6300 125
6301 170
6302 62
6303 266
6304 55
6305 174
6306 125
6307 82
6308 44
6309 178
6310 146
6311 170
6312 128
6313 50
6314 215
6315 53
6316 330
6317 224
6318 140
6319 250
6320 137
6321 297
6322 323
6323 216
6324 248
6325 140
6326 150
6327 227
6328 333
6329 67
6330 101
6331 173
6332 166
6333 244
6334 178
6335 54
6336 163
6337 76
6338 185
6339 113
6340 177
6341 152
6342 190
6343 201
6344 79
6345 215
6346 458
6347 162
6348 197
6349 333
6350 130
6351 231
6352 147
6353 125
6354 294
6355 149
6356 281
6357 147
6358 339
6359 228
6360 166
6361 378
6362 144
6363 113
6364 237
6365 321
6366 154
6367 183
6368 247
6369 239
6370 205
6371 214
6372 251
6373 119
6374 190
6375 178
6376 69
6377 260
6378 146
6379 258
6380 197
6381 312
6382 385
6383 334
6384 85
6385 125
6386 243
6387 174
6388 249
6389 60
6390 181
6391 206
6392 79
6393 110
6394 137
6395 276
6396 161
6397 140
6398 69
6399 129
6400 161
6401 130
6402 182
6403 260
6404 213
6405 27
6406 196
6407 172
6408 123
6409 151
6410 191
6411 153
6412 369
6413 135
6414 184
6415 323
6416 128
6417 217
6418 336
6419 145
6420 304
6421 215
6422 104
6423 221
6424 205
6425 185
6426 242
6427 151
6428 179
6429 239
6430 94
6431 225
6432 256
6433 307
6434 233
6435 248
6436 223
6437 287
6438 263
6439 207
6440 204
6441 170
6442 335
6443 219
6444 253
6445 146
6446 116
6447 408
6448 109
6449 131
6450 91
6451 83
6452 97
6453 94
6454 110
6455 224
6456 81
6457 359
6458 146
6459 140
6460 235
6461 245
6462 162
6463 195
6464 90
6465 173
6466 70
6467 162
6468 101
6469 92
6470 106
6471 183
6472 191
6473 189
6474 192
6475 267
6476 418
6477 279
6478 125
6479 113
6480 147
6481 289
6482 225
6483 349
6484 167
6485 211
6486 287
6487 252
6488 92
6489 254
6490 123
6491 200
6492 209
6493 195
6494 198
6495 209
6496 176
6497 179
6498 41
6499 155
6500 237
6501 210
6502 313
6503 151
6504 277
6505 236
6506 211
6507 126
6508 339
6509 163
6510 144
6511 132
6512 168
6513 86
6514 77
6515 294
6516 191
6517 392
6518 127
6519 286
6520 217
6521 223
6522 147
6523 292
6524 63
6525 190
6526 203
6527 143
6528 306
6529 209
6530 186
6531 353
6532 70
6533 157
6534 266
6535 230
6536 143
6537 151
6538 223
6539 194
6540 148
6541 254
6542 241
6543 135
6544 139
6545 214
6546 313
6547 134
6548 188
6549 34
6550 137
6551 233
6552 70
6553 122
6554 171
6555 345
6556 178
6557 266
6558 170
6559 108
6560 240
6561 219
6562 257
6563 316
6564 28
6565 202
6566 152
6567 189
6568 234
6569 223
6570 331
6571 202
6572 133
6573 59
6574 118
6575 281
6576 231
6577 185
6578 173
6579 214
6580 247
6581 206
6582 343
6583 122
6584 179
6585 85
6586 176
6587 295
6588 191
6589 200
6590 137
6591 163
6592 100
6593 143
6594 97
6595 255
6596 186
6597 244
6598 228
6599 155
6600 177
6601 90
6602 362
6603 279
6604 191
6605 160
6606 169
6607 249
6608 79
6609 72
6610 185
6611 194
6612 162
6613 53
6614 318
6615 214
6616 416
6617 215
6618 65
6619 213
6620 115
6621 82
6622 32
6623 424
6624 309
6625 267
6626 241
6627 396
6628 317
6629 271
6630 124
6631 134
6632 170
6633 105
6634 230
6635 222
6636 489
6637 135
6638 111
6639 260
6640 230
6641 328
6642 136
6643 143
6644 61
6645 82
6646 136
6647 218
6648 176
6649 162
6650 94
6651 129
6652 122
6653 331
6654 169
6655 208
6656 55
6657 251
6658 96
6659 186
6660 113
6661 209
6662 204
6663 279
6664 87
6665 208
6666 211
6667 117
6668 147
6669 229
6670 191
6671 124
6672 129
6673 146
6674 117
6675 227
6676 290
6677 152
6678 94
6679 77
6680 276
6681 130
6682 228
6683 266
6684 137
6685 256
6686 51
6687 167
6688 140
6689 155
6690 139
6691 205
6692 426
6693 174
6694 155
6695 247
6696 156
6697 287
6698 323
6699 120
6700 82
6701 238
6702 120
6703 184
6704 127
6705 301
6706 -5
6707 239
6708 373
6709 93
6710 208
6711 185
6712 259
6713 298
6714 310
6715 119
6716 172
6717 130
6718 134
6719 129
6720 84
6721 211
6722 203
6723 262
6724 184
6725 50
6726 301
6727 141
6728 302
6729 182
6730 83
6731 155
6732 148
6733 166
6734 136
6735 205
6736 263
6737 243
6738 365
6739 284
6740 193
6741 156
6742 268
6743 255
6744 234
6745 239
6746 182
6747 172
6748 336
6749 82
6750 165
6751 177
6752 81
6753 194
6754 185
6755 167
6756 120
6757 151
6758 300
6759 47
6760 156
6761 289
6762 239
6763 218
6764 425
6765 184
6766 222
6767 77
6768 56
6769 127
6770 267
6771 176
6772 162
6773 295
6774 123
6775 14
6776 148
6777 148
6778 154
6779 323
6780 146
6781 153
6782 210
6783 109
6784 134
6785 100
6786 59
6787 242
6788 337
6789 -4
6790 198
6791 234
6792 225
6793 226
6794 163
6795 306
6796 159
6797 174
6798 71
6799 302
6800 294
6801 91
6802 237
6803 112
6804 144
6805 279
6806 191
6807 86
6808 121
6809 76
6810 180
6811 268
6812 200
6813 242
6814 284
6815 157
6816 204
6817 115
6818 222
6819 177
6820 123
6821 220
6822 459
6823 149
6824 143
6825 279
6826 134
6827 102
6828 240
6829 194
6830 123
6831 52
6832 238
6833 165
6834 266
6835 213
6836 112
6837 130
6838 153
6839 457
6840 127
6841 115
6842 276
6843 208
6844 297
6845 138
6846 185
6847 167
6848 149
6849 95
6850 152
6851 349
6852 90
6853 99
6854 67
6855 170
6856 224
6857 190
6858 262
6859 200
6860 155
6861 165
6862 142
6863 283
6864 114
6865 147
6866 194
6867 104
6868 212
6869 158
6870 156
6871 250
6872 121
6873 144
6874 301
6875 213
6876 362
6877 230
6878 184
6879 180
6880 253
6881 292
6882 48
6883 154
6884 150
6885 193
6886 325
6887 76
6888 117
6889 136
6890 192
6891 217
6892 206
6893 216
6894 93
6895 319
6896 90
6897 236
6898 152
6899 65
6900 208
6901 304
6902 104
6903 185
6904 258
6905 258
6906 137
6907 191
6908 137
6909 139
6910 140
6911 110
6912 209
6913 120
6914 263
6915 409
6916 128
6917 150
6918 117
6919 130
6920 145
6921 196
6922 230
6923 273
6924 221
6925 188
6926 137
6927 169
6928 115
6929 71
6930 239
6931 245
6932 206
6933 209
6934 118
6935 396
6936 154
6937 155
6938 188
6939 114
6940 98
6941 218
6942 157
6943 99
6944 146
6945 201
6946 181
6947 270
6948 244
6949 214
6950 142
6951 204
6952 253
6953 207
6954 143
6955 172
6956 49
6957 243
6958 239
6959 206
6960 329
6961 237
6962 153
6963 239
6964 202
6965 359
6966 212
6967 198
6968 122
6969 314
6970 83
6971 423
6972 252
6973 175
6974 159
6975 138
6976 124
6977 251
6978 205
6979 200
6980 186
6981 165
6982 234
6983 205
6984 199
6985 150
6986 115
6987 396
6988 174
6989 253
6990 66
6991 112
6992 92
6993 196
6994 317
6995 229
6996 127
6997 130
6998 111
6999 236
7000 163
7001 129
7002 140
7003 105
7004 129
7005 152
7006 261
7007 39
7008 144
7009 91
7010 68
7011 91
7012 319
7013 206
7014 194
7015 118
7016 98
7017 194
7018 193
7019 69
7020 193
7021 372
7022 128
7023 266
7024 156
7025 298
7026 196
7027 267
7028 240
7029 110
7030 106
7031 104
7032 153
7033 56
7034 187
7035 195
7036 158
7037 312
7038 227
7039 148
7040 201
7041 346
7042 155
7043 287
7044 156
7045 309
7046 300
7047 195
7048 117
7049 226
7050 186
7051 253
7052 138
7053 156
7054 205
7055 291
7056 210
7057 87
7058 69
7059 235
7060 99
7061 193
7062 90
7063 138
7064 297
7065 132
7066 222
7067 130
7068 171
7069 249
7070 139
7071 343
7072 352
7073 245
7074 250
7075 202
7076 246
7077 181
7078 184
7079 214
7080 109
7081 261
7082 116
7083 143
7084 305
7085 318
7086 122
7087 134
7088 133
7089 182
7090 85
7091 89
7092 270
7093 133
7094 124
7095 164
7096 211
7097 153
7098 296
7099 209
7100 167
7101 38
7102 180
7103 231
7104 118
7105 144
7106 121
7107 237
7108 330
7109 299
7110 161
7111 139
7112 387
7113 190
7114 43
7115 194
7116 153
7117 161
7118 243
7119 96
7120 200
7121 211
7122 222
7123 196
7124 264
7125 205
7126 187
7127 62
7128 211
7129 295
7130 195
7131 70
7132 193
7133 341
7134 210
7135 180
7136 225
7137 358
7138 36
7139 105
7140 15
7141 179
7142 93
7143 212
7144 59
7145 224
7146 81
7147 138
7148 421
7149 110
7150 221
7151 283
7152 146
7153 199
7154 134
7155 281
7156 325
7157 215
7158 248
7159 357
7160 161
7161 262
7162 219
7163 202
7164 250
7165 100
7166 214
7167 286
7168 132
7169 217
7170 425
7171 266
7172 261
7173 132
7174 152
7175 108
7176 140
7177 197
7178 182
7179 80
7180 170
7181 170
7182 116
7183 187
7184 197
7185 209
7186 160
7187 114
7188 178
7189 179
7190 173
7191 289
7192 183
7193 118
7194 168
7195 279
7196 140
7197 229
7198 109
7199 466
7200 386
7201 288
7202 124
7203 104
7204 198
7205 98
7206 164
7207 133
7208 89
7209 200
7210 214
7211 101
7212 374
7213 223
7214 114
7215 116
7216 101
7217 200
7218 152
7219 196
7220 162
7221 174
7222 132
7223 253
7224 272
7225 188
7226 253
7227 87
7228 102
7229 101
7230 176
7231 137
7232 223
7233 180
7234 263
7235 136
7236 169
7237 378
7238 149
7239 211
7240 207
7241 38
7242 344
7243 317
7244 318
7245 202
7246 298
7247 107
7248 72
7249 196
7250 206
7251 195
7252 356
7253 165
7254 238
7255 101
7256 170
7257 163
7258 170
7259 204
7260 94
7261 153
7262 187
7263 49
7264 72
7265 31
7266 187
7267 163
7268 86
7269 231
7270 272
7271 112
7272 102
7273 207
7274 255
7275 260
7276 111
7277 287
7278 272
7279 116
7280 33
7281 121
7282 260
7283 186
7284 207
7285 169
7286 101
7287 191
7288 165
7289 298
7290 328
7291 196
7292 135
7293 154
7294 162
7295 209
7296 174
7297 348
7298 132
7299 191
7300 266
7301 277
7302 132
7303 187
7304 199
7305 317
7306 184
7307 272
7308 162
7309 207
7310 215
7311 153
7312 150
7313 266
7314 206
7315 70
7316 275
7317 135
7318 247
7319 61
7320 375
7321 109
7322 122
7323 135
7324 60
7325 191
7326 215
7327 179
7328 135
7329 182
7330 194
7331 178
7332 180
7333 160
7334 95
7335 273
7336 155
7337 238
7338 383
7339 353
7340 33
7341 167
7342 442
7343 169
7344 210
7345 175
7346 115
7347 239
7348 190
7349 243
7350 278
7351 176
7352 254
7353 128
7354 226
7355 190
7356 206
7357 100
7358 250
7359 346
7360 205
7361 265
7362 245
7363 142
7364 39
7365 59
7366 170
7367 187
7368 77
7369 164
7370 196
7371 123
7372 274
7373 437
7374 68
7375 184
7376 225
7377 275
7378 138
7379 238
7380 252
7381 44
7382 284
7383 278
7384 155
7385 205
7386 117
7387 131
7388 254
7389 144
7390 127
7391 178
7392 58
7393 89
7394 130
7395 254
7396 80
7397 131
7398 150
7399 164
7400 163
7401 170
7402 129
7403 334
7404 361
7405 158
7406 199
7407 86
7408 131
7409 121
7410 123
7411 133
7412 104
7413 180
7414 177
7415 129
7416 309
7417 218
7418 147
7419 174
7420 76
7421 193
7422 67
7423 177
7424 136
7425 93
7426 150
7427 112
7428 178
7429 439
7430 138
7431 136
7432 359
7433 236
7434 207
7435 237
7436 307
7437 213
7438 199
7439 169
7440 188
7441 289
7442 155
7443 287
7444 27
7445 146
7446 91
7447 323
7448 208
7449 49
7450 224
7451 250
7452 234
7453 359
7454 301
7455 155
7456 137
7457 164
7458 57
7459 398
7460 121
7461 181
7462 120
7463 60
7464 45
7465 203
7466 209
7467 173
7468 137
7469 150
7470 167
7471 140
7472 265
7473 234
7474 229
7475 132
7476 99
7477 297
7478 192
7479 120
7480 229
7481 215
7482 333
7483 176
7484 249
7485 96
7486 147
7487 126
7488 151
7489 96
7490 209
7491 398
7492 89
7493 176
7494 123
7495 66
7496 199
7497 283
7498 255
7499 338
7500 126
7501 155
7502 281
7503 359
7504 121
7505 152
7506 151
7507 83
7508 127
7509 88
7510 125
7511 179
7512 60
7513 215
7514 237
7515 129
7516 188
7517 122
7518 155
7519 163
7520 293
7521 61
7522 392
7523 286
7524 134
7525 139
7526 164
7527 163
7528 168
7529 196
7530 142
7531 154
7532 171
7533 147
7534 181
7535 209
7536 89
7537 268
7538 71
7539 202
7540 128
7541 57
7542 215
7543 106
7544 65
7545 266
7546 127
7547 103
7548 114
7549 157
7550 201
7551 100
7552 167
7553 185
7554 118
7555 118
7556 192
7557 271
7558 240
7559 340
7560 230
7561 165
7562 325
7563 472
7564 158
7565 235
7566 224
7567 157
7568 206
7569 225
7570 245
7571 272
7572 158
7573 153
7574 176
7575 244
7576 180
7577 177
7578 368
7579 116
7580 192
7581 70
7582 127
7583 154
7584 347
7585 89
7586 95
7587 286
7588 208
7589 276
7590 202
7591 42
7592 439
7593 202
7594 173
7595 178
7596 259
7597 51
7598 147
7599 117
7600 120
7601 100
7602 247
7603 99
7604 259
7605 201
7606 189
7607 193
7608 17
7609 265
7610 78
7611 331
7612 112
7613 197
7614 252
7615 175
7616 146
7617 205
7618 214
7619 126
7620 185
7621 170
7622 187
7623 230
7624 238
7625 146
7626 65
7627 420
7628 408
7629 80
7630 217
7631 96
7632 206
7633 174
7634 137
7635 71
7636 400
7637 227
7638 189
7639 150
7640 201
7641 122
7642 194
7643 101
7644 94
7645 147
7646 118
7647 93
7648 117
7649 155
7650 56
7651 237
7652 233
7653 294
7654 190
7655 149
7656 78
7657 191
7658 138
7659 326
7660 33
7661 152
7662 104
7663 150
7664 49
7665 246
7666 415
7667 270
7668 201
7669 93
7670 350
7671 226
7672 276
7673 108
7674 175
7675 198
7676 286
7677 148
7678 226
7679 104
7680 63
7681 161
7682 40
7683 194
7684 199
7685 79
7686 129
7687 151
7688 194
7689 158
7690 293
7691 206
7692 290
7693 215
7694 40
7695 98
7696 177
7697 93
7698 83
7699 99
7700 207
7701 102
7702 73
7703 303
7704 123
7705 89
7706 168
7707 26
7708 166
7709 244
7710 128
7711 278
7712 191
7713 174
7714 126
7715 142
7716 167
7717 149
7718 354
7719 215
7720 191
7721 341
7722 190
7723 231
7724 265
7725 89
7726 130
7727 219
7728 5
7729 400
7730 194
7731 193
7732 248
7733 57
7734 234
7735 78
7736 68
7737 168
7738 343
7739 75
7740 55
7741 157
7742 89
7743 205
7744 181
7745 190
7746 217
7747 197
7748 188
7749 174
7750 242
7751 135
7752 316
7753 68
7754 184
7755 225
7756 106
7757 375
7758 117
7759 81
7760 171
7761 62
7762 304
7763 70
7764 338
7765 260
7766 230
7767 79
7768 199
7769 391
7770 277
7771 153
7772 397
7773 185
7774 122
7775 202
7776 115
7777 144
7778 135
7779 74
7780 17
7781 224
7782 230
7783 239
7784 457
7785 127
7786 143
7787 77
7788 186
7789 435
7790 148
7791 188
7792 171
7793 243
7794 234
7795 230
7796 101
7797 101
7798 256
7799 172
7800 154
7801 68
7802 262
7803 98
7804 263
7805 206
7806 173
7807 229
7808 38
7809 190
7810 430
7811 199
7812 374
7813 199
7814 67
7815 143
7816 222
7817 274
7818 299
7819 404
7820 216
7821 317
7822 129
7823 159
7824 77
7825 271
7826 127
7827 181
7828 14
7829 401
7830 24
7831 280
7832 253
7833 201
7834 113
7835 385
7836 382
7837 94
7838 230
7839 225
7840 242
7841 272
7842 181
7843 212
7844 296
7845 140
7846 99
7847 215
7848 93
7849 27
7850 189
7851 174
7852 212
7853 256
7854 206
7855 94
7856 87
7857 238
7858 151
7859 147
7860 200
7861 299
7862 151
7863 366
7864 240
7865 278
7866 118
7867 211
7868 102
7869 53
7870 176
7871 198
7872 122
7873 222
7874 153
7875 140
7876 167
7877 165
7878 236
7879 259
7880 265
7881 121
7882 223
7883 197
7884 49
7885 166
7886 163
7887 280
7888 169
7889 232
7890 239
7891 178
7892 258
7893 181
7894 156
7895 213
7896 222
7897 200
7898 84
7899 70
7900 166
7901 253
7902 202
7903 234
7904 184
7905 164
7906 79
7907 255
7908 77
7909 211
7910 150
7911 124
7912 327
7913 132
7914 303
7915 238
7916 183
7917 108
7918 285
7919 218
7920 186
7921 125
7922 194
7923 165
7924 88
7925 147
7926 155
7927 185
7928 240
7929 121
7930 77
7931 241
7932 197
7933 203
7934 11
7935 137
7936 220
7937 104
7938 198
7939 141
7940 434
7941 81
7942 203
7943 158
7944 237
7945 234
7946 183
7947 349
7948 190
7949 213
7950 190
7951 231
7952 283
7953 75
7954 121
7955 172
7956 300
7957 200
7958 74
7959 286
7960 126
7961 143
7962 53
7963 86
7964 109
7965 51
7966 191
7967 93
7968 71
7969 273
7970 158
7971 145
7972 227
7973 184
7974 256
7975 218
7976 165
7977 209
7978 188
7979 295
7980 243
7981 279
7982 133
7983 101
7984 233
7985 169
7986 177
7987 206
7988 126
7989 130
7990 139
7991 102
7992 85
7993 254
7994 161
7995 258
7996 108
7997 122
7998 242
7999 230
8000 146
8001 131
8002 219
8003 199
8004 266
8005 289
8006 103
8007 94
8008 103
8009 201
8010 118
8011 63
8012 148
8013 266
8014 55
8015 182
8016 187
8017 93
8018 169
8019 191
8020 129
8021 235
8022 110
8023 66
8024 187
8025 129
8026 131
8027 227
8028 83
8029 157
8030 164
8031 79
8032 283
8033 122
8034 126
8035 161
8036 316
8037 53
8038 294
8039 79
8040 111
8041 102
8042 339
8043 279
8044 227
8045 156
8046 237
8047 129
8048 158
8049 118
8050 150
8051 269
8052 230
8053 219
8054 310
8055 164
8056 177
8057 168
8058 155
8059 177
8060 172
8061 93
8062 101
8063 45
8064 246
8065 163
8066 90
8067 94
8068 84
8069 202
8070 207
8071 152
8072 351
8073 133
8074 185
8075 185
8076 232
8077 139
8078 201
8079 312
8080 183
8081 194
8082 380
8083 172
8084 257
8085 303
8086 98
8087 152
8088 245
8089 135
8090 126
8091 364
8092 186
8093 459
8094 104
8095 221
8096 126
8097 157
8098 159
8099 253
8100 351
8101 395
8102 198
8103 314
8104 118
8105 120
8106 211
8107 125
8108 283
8109 140
8110 170
8111 99
8112 312
8113 144
8114 193
8115 191
8116 191
8117 200
8118 133
8119 56
8120 102
8121 131
8122 92
8123 188
8124 211
8125 196
8126 170
8127 69
8128 312
8129 213
8130 162
8131 171
8132 68
8133 281
8134 317
8135 112
8136 176
8137 133
8138 176
8139 368
8140 89
8141 36
8142 145
8143 48
8144 222
8145 160
8146 174
8147 181
8148 13
8149 146
8150 131
8151 189
8152 192
8153 135
8154 164
8155 100
8156 326
8157 190
8158 149
8159 401
8160 275
8161 225
8162 195
8163 178
8164 144
8165 314
8166 174
8167 215
8168 145
8169 166
8170 71
8171 145
8172 195
8173 274
8174 206
8175 315
8176 16
8177 94
8178 194
8179 187
8180 100
8181 156
8182 165
8183 261
8184 38
8185 192
8186 10
8187 60
8188 75
8189 165
8190 82
8191 92
8192 123
8193 57
8194 149
8195 139
8196 155
8197 192
8198 116
8199 196
8200 185
8201 106
8202 223
8203 158
8204 224
8205 168
8206 234
8207 176
8208 112
8209 153
8210 259
8211 74
8212 135
8213 152
8214 434
8215 197
8216 173
8217 80
8218 142
8219 208
8220 120
8221 229
8222 105
8223 337
8224 105
8225 326
8226 138
8227 134
8228 184
8229 182
8230 108
8231 145
8232 169
8233 160
8234 159
8235 219
8236 255
8237 79
8238 128
8239 160
8240 117
8241 171
8242 91
8243 227
8244 140
8245 288
8246 162
8247 195
8248 203
8249 195
8250 161
8251 233
8252 112
8253 159
8254 55
8255 313
8256 179
8257 99
8258 124
8259 192
8260 139
8261 231
8262 244
8263 224
8264 176
8265 140
8266 82
8267 167
8268 239
8269 154
8270 198
8271 174
8272 197
8273 178
8274 209
8275 118
8276 123
8277 474
8278 209
8279 259
8280 34
8281 174
8282 193
8283 383
8284 125
8285 167
8286 355
8287 112
8288 21
8289 199
8290 102
8291 157
8292 231
8293 148
8294 144
8295 247
8296 315
8297 72
8298 159
8299 392
8300 186
8301 128
8302 155
8303 206
8304 424
8305 157
8306 37
8307 144
8308 208
8309 372
8310 276
8311 230
8312 138
8313 88
8314 151
8315 207
8316 159
8317 67
8318 129
8319 204
8320 176
8321 385
8322 146
8323 188
8324 249
8325 71
8326 220
8327 45
8328 386
8329 142
8330 124
8331 326
8332 124
8333 55
8334 416
8335 153
8336 129
8337 334
8338 207
8339 176
8340 107
8341 173
8342 54
8343 151
8344 129
8345 177
8346 120
8347 156
8348 161
8349 325
8350 118
8351 92
8352 197
8353 224
8354 51
8355 58
8356 98
8357 82
8358 229
8359 296
8360 91
8361 137
8362 72
8363 214
8364 157
8365 172
8366 157
8367 164
8368 201
8369 156
8370 153
8371 291
8372 141
8373 233
8374 154
8375 282
8376 143
8377 183
8378 112
8379 241
8380 132
8381 305
8382 235
8383 107
8384 155
8385 96
8386 217
8387 192
8388 204
8389 235
8390 88
8391 334
8392 265
8393 317
8394 54
8395 227
8396 70
8397 161
8398 75
8399 242
8400 283
8401 259
8402 166
8403 135
8404 82
8405 117
8406 78
8407 313
8408 193
8409 128
8410 214
8411 103
8412 86
8413 143
8414 196
8415 118
8416 478
8417 136
8418 303
8419 142
8420 355
8421 165
8422 126
8423 185
8424 90
8425 199
8426 162
8427 254
8428 128
8429 174
8430 171
8431 152
8432 104
8433 201
8434 116
8435 210
8436 425
8437 441
8438 172
8439 316
8440 39
8441 204
8442 136
8443 130
8444 160
8445 158
8446 190
8447 192
8448 182
8449 159
8450 200
8451 117
8452 55
8453 102
8454 130
8455 300
8456 167
8457 239
8458 404
8459 343
8460 154
8461 173
8462 211
8463 172
8464 232
8465 103
8466 136
8467 167
8468 397
8469 166
8470 109
8471 215
8472 192
8473 82
8474 133
8475 291
8476 117
8477 160
8478 286
8479 190
8480 99
8481 371
8482 150
8483 175
8484 333
8485 172
8486 126
8487 178
8488 160
8489 184
8490 218
8491 243
8492 207
8493 107
8494 229
8495 169
8496 357
8497 132
8498 119
8499 122
8500 58
8501 157
8502 289
8503 119
8504 270
8505 123
8506 352
8507 328
8508 62
8509 76
8510 169
8511 121
8512 291
8513 71
8514 190
8515 131
8516 365
8517 158
8518 104
8519 110
8520 238
8521 191
8522 187
8523 202
8524 137
8525 233
8526 145
8527 137
8528 272
8529 389
8530 188
8531 464
8532 156
8533 260
8534 206
8535 392
8536 169
8537 94
8538 184
8539 138
8540 186
8541 236
8542 187
8543 157
8544 159
8545 153
8546 201
8547 110
8548 131
8549 76
8550 187
8551 199
8552 27
8553 256
8554 239
8555 148
8556 151
8557 84
8558 249
8559 165
8560 249
8561 155
8562 252
8563 130
8564 178
8565 112
8566 172
8567 327
8568 185
8569 242
8570 190
8571 95
8572 248
8573 138
8574 109
8575 87
8576 141
8577 227
8578 204
8579 48
8580 247
8581 147
8582 206
8583 371
8584 168
8585 131
8586 442
8587 202
8588 144
8589 83
8590 252
8591 224
8592 156
8593 153
8594 121
8595 131
8596 143
8597 185
8598 248
8599 206
8600 154
8601 360
8602 193
8603 122
8604 197
8605 100
8606 176
8607 190
8608 170
8609 149
8610 365
8611 159
8612 23
8613 284
8614 198
8615 159
8616 255
8617 211
8618 399
8619 48
8620 270
8621 196
8622 120
8623 72
8624 228
8625 190
8626 141
8627 168
8628 67
8629 367
8630 209
8631 148
8632 196
8633 93
8634 207
8635 151
8636 276
8637 277
8638 117
8639 144
8640 264
8641 242
8642 184
8643 112
8644 181
8645 66
8646 252
8647 206
8648 106
8649 128
8650 96
8651 264
8652 338
8653 162
8654 129
8655 197
8656 134
8657 224
8658 173
8659 125
8660 212
8661 66
8662 67
8663 91
8664 209
8665 250
8666 173
8667 170
8668 338
8669 240
8670 214
8671 146
8672 115
8673 40
8674 161
8675 9
8676 238
8677 139
8678 124
8679 171
8680 93
8681 233
8682 83
8683 101
8684 92
8685 317
8686 177
8687 261
8688 222
8689 141
8690 69
8691 152
8692 243
8693 223
8694 217
8695 73
8696 130
8697 307
8698 89
8699 144
8700 93
8701 170
8702 111
8703 252
8704 168
8705 209
8706 192
8707 353
8708 291
8709 112
8710 223
8711 227
8712 202
8713 165
8714 160
8715 111
8716 74
8717 242
8718 148
8719 119
8720 180
8721 271
8722 280
8723 136
8724 124
8725 234
8726 124
8727 184
8728 235
8729 353
8730 147
8731 76
8732 77
8733 145
8734 138
8735 105
8736 238
8737 181
8738 364
8739 222
8740 106
8741 159
8742 221
8743 175
8744 210
8745 173
8746 177
8747 202
8748 193
8749 152
8750 158
8751 227
8752 200
8753 132
8754 239
8755 100
8756 152
8757 161
8758 216
8759 222
8760 84
8761 239
8762 169
8763 88
8764 104
8765 166
8766 323
8767 94
8768 242
8769 208
8770 188
8771 141
8772 245
8773 206
8774 140
8775 123
8776 237
8777 352
8778 122
8779 210
8780 55
8781 195
8782 156
8783 152
8784 163
8785 133
8786 143
8787 87
8788 174
8789 169
8790 155
8791 288
8792 244
8793 297
8794 332
8795 222
8796 143
8797 132
8798 167
8799 108
8800 28
8801 180
8802 287
8803 252
8804 179
8805 131
8806 252
8807 258
8808 250
8809 152
8810 121
8811 138
8812 75
8813 291
8814 163
8815 233
8816 257
8817 169
8818 156
8819 233
8820 156
8821 211
8822 118
8823 203
8824 246
8825 304
8826 157
8827 71
8828 328
8829 259
8830 199
8831 216
8832 219
8833 66
8834 174
8835 121
8836 181
8837 247
8838 278
8839 213
8840 239
8841 181
8842 83
8843 285
8844 94
8845 172
8846 89
8847 208
8848 201
8849 240
8850 115
8851 149
8852 114
8853 131
8854 82
8855 261
8856 15
8857 97
8858 166
8859 86
8860 100
8861 135
8862 346
8863 253
8864 234
8865 335
8866 195
8867 208
8868 272
8869 398
8870 197
8871 77
8872 182
8873 115
8874 110
8875 163
8876 207
8877 308
8878 190
8879 200
8880 145
8881 135
8882 321
8883 133
8884 94
8885 133
8886 58
8887 149
8888 159
8889 264
8890 96
8891 119
8892 39
8893 155
8894 159
8895 52
8896 103
8897 320
8898 172
8899 221
8900 427
8901 59
8902 107
8903 230
8904 241
8905 170
8906 139
8907 262
8908 112
8909 167
8910 364
8911 318
8912 357
8913 260
8914 185
8915 219
8916 184
8917 349
8918 91
8919 150
8920 167
8921 146
8922 268
8923 143
8924 169
8925 213
8926 166
8927 154
8928 92
8929 246
8930 69
8931 135
8932 256
8933 110
8934 235
8935 312
8936 240
8937 261
8938 127
8939 168
8940 71
8941 252
8942 171
8943 137
8944 77
8945 91
8946 108
8947 316
8948 143
8949 107
8950 211
8951 143
8952 195
8953 262
8954 226
8955 236
8956 229
8957 38
8958 125
8959 353
8960 104
8961 201
8962 228
8963 246
8964 353
8965 195
8966 62
8967 365
8968 97
8969 155
8970 103
8971 178
8972 152
8973 199
8974 140
8975 265
8976 88
8977 308
8978 128
8979 232
8980 311
8981 427
8982 278
8983 146
8984 128
8985 223
8986 305
8987 159
8988 36
8989 150
8990 250
8991 145
8992 75
8993 181
8994 100
8995 228
8996 117
8997 212
8998 298
8999 151
9000 93
9001 95
9002 188
9003 155
9004 393
9005 169
9006 272
9007 22
9008 354
9009 123
9010 142
9011 283
9012 169
9013 162
9014 155
9015 172
9016 189
9017 229
9018 46
9019 155
9020 247
9021 234
9022 113
9023 74
9024 194
9025 148
9026 79
9027 76
9028 243
9029 336
9030 199
9031 267
9032 230
9033 178
9034 226
9035 124
9036 335
9037 150
9038 217
9039 136
9040 176
9041 118
9042 247
9043 182
9044 186
9045 166
9046 240
9047 120
9048 180
9049 76
9050 150
9051 265
9052 283
9053 134
9054 167
9055 147
9056 81
9057 221
9058 134
9059 291
9060 75
9061 77
9062 243
9063 108
9064 51
9065 144
9066 151
9067 29
9068 125
9069 166
9070 227
9071 309
9072 198
9073 184
9074 113
9075 176
9076 229
9077 234
9078 202
9079 280
9080 241
9081 179
9082 90
9083 128
9084 155
9085 181
9086 92
9087 69
9088 157
9089 99
9090 46
9091 150
9092 173
9093 180
9094 56
9095 130
9096 63
9097 274
9098 209
9099 130
9100 106
9101 95
9102 338
9103 143
9104 285
9105 323
9106 200
9107 43
9108 97
9109 131
9110 240
9111 235
9112 238
9113 250
9114 72
9115 247
9116 149
9117 125
9118 162
9119 54
9120 123
9121 107
9122 26
9123 233
9124 187
9125 452
9126 219
9127 372
9128 184
9129 174
9130 126
9131 357
9132 51
9133 143
9134 277
9135 131
9136 171
9137 151
9138 196
9139 157
9140 205
9141 221
9142 407
9143 122
9144 214
9145 242
9146 262
9147 153
9148 240
9149 236
9150 237
9151 155
9152 143
9153 114
9154 75
9155 391
9156 171
9157 185
9158 213
9159 261
9160 157
9161 326
9162 134
9163 103
9164 84
9165 68
9166 107
9167 230
9168 341
9169 180
9170 285
9171 219
9172 100
9173 338
9174 157
9175 101
9176 70
9177 84
9178 205
9179 230
9180 117
9181 74
9182 268
9183 404
9184 229
9185 246
9186 194
9187 79
9188 130
9189 182
9190 197
9191 197
9192 305
9193 326
9194 108
9195 153
9196 203
9197 225
9198 139
9199 242
9200 353
9201 122
9202 286
9203 160
9204 116
9205 184
9206 155
9207 203
9208 168
9209 147
9210 225
9211 295
9212 89
9213 203
9214 165
9215 192
9216 133
9217 115
9218 94
9219 158
9220 119
9221 163
9222 208
9223 113
9224 276
9225 168
9226 314
9227 105
9228 187
9229 103
9230 202
9231 120
9232 249
9233 164
9234 141
9235 272
9236 115
9237 150
9238 145
9239 225
9240 134
9241 87
9242 241
9243 156
9244 245
9245 208
9246 164
9247 161
9248 136
9249 133
9250 -11
9251 109
9252 111
9253 323
9254 156
9255 198
9256 145
9257 417
9258 214
9259 123
9260 219
9261 87
9262 88
9263 334
9264 234
9265 113
9266 382
9267 357
9268 132
9269 165
9270 402
9271 120
9272 212
9273 258
9274 87
9275 279
9276 233
9277 122
9278 229
9279 57
9280 168
9281 41
9282 91
9283 43
9284 73
9285 147
9286 77
9287 144
9288 73
9289 175
9290 225
9291 103
9292 264
9293 304
9294 134
9295 203
9296 78
9297 182
9298 77
9299 161
9300 460
9301 284
9302 217
9303 181
9304 188
9305 182
9306 412
9307 241
9308 246
9309 32
9310 166
9311 133
9312 99
9313 203
9314 106
9315 170
9316 191
9317 309
9318 175
9319 165
9320 109
9321 122
9322 245
9323 217
9324 148
9325 199
9326 173
9327 132
9328 169
9329 80
9330 319
9331 131
9332 117
9333 174
9334 194
9335 153
9336 87
9337 156
9338 163
9339 79
9340 151
9341 196
9342 182
9343 84
9344 415
9345 138
9346 253
9347 259
9348 135
9349 121
9350 230
9351 190
9352 114
9353 53
9354 358
9355 159
9356 182
9357 120
9358 224
9359 207
9360 175
9361 224
9362 240
9363 87
9364 194
9365 318
9366 179
9367 124
9368 81
9369 144
9370 128
9371 103
9372 128
9373 194
9374 158
9375 134
9376 159
9377 132
9378 176
9379 136
9380 56
9381 141
9382 206
9383 187
9384 160
9385 169
9386 162
9387 297
9388 270
9389 174
9390 342
9391 89
9392 281
9393 142
9394 156
9395 239
9396 221
9397 152
9398 152
9399 202
9400 198
9401 77
9402 117
9403 27
9404 264
9405 270
9406 115
9407 264
9408 94
9409 234
9410 88
9411 171
9412 234
9413 99
9414 81
9415 157
9416 175
9417 52
9418 182
9419 368
9420 356
9421 347
9422 112
9423 126
9424 268
9425 243
9426 130
9427 262
9428 249
9429 266
9430 189
9431 78
9432 83
9433 150
9434 231
9435 186
9436 78
9437 194
9438 220
9439 148
9440 158
9441 193
9442 163
9443 175
9444 204
9445 157
9446 197
9447 147
9448 335
9449 305
9450 45
9451 242
9452 77
9453 79
9454 299
9455 363
9456 142
9457 87
9458 64
9459 128
9460 236
9461 207
9462 172
9463 96
9464 76
9465 113
9466 169
9467 257
9468 195
9469 226
9470 209
9471 183
9472 345
9473 273
9474 61
9475 353
9476 244
9477 70
9478 81
9479 132
9480 12
9481 192
9482 119
9483 155
9484 60
9485 138
9486 117
9487 175
9488 314
9489 129
9490 247
9491 136
9492 166
9493 187
9494 224
9495 173
9496 316
9497 280
9498 103
9499 55
9500 206
9501 127
9502 100
9503 64
9504 213
9505 155
9506 202
9507 180
9508 207
9509 147
9510 198
9511 52
9512 268
9513 141
9514 230
9515 177
9516 248
9517 294
9518 217
9519 202
9520 110
9521 311
9522 326
9523 112
9524 156
9525 198
9526 92
9527 193
9528 152
9529 53
9530 229
9531 112
9532 157
9533 189
9534 216
9535 158
9536 153
9537 229
9538 135
9539 189
9540 185
9541 93
9542 196
9543 219
9544 101
9545 71
9546 67
9547 197
9548 259
9549 172
9550 110
9551 233
9552 123
9553 271
9554 237
9555 299
9556 199
9557 106
9558 134
9559 11
9560 153
9561 52
9562 185
9563 180
9564 158
9565 173
9566 131
9567 165
9568 185
9569 146
9570 169
9571 236
9572 106
9573 134
9574 190
9575 342
9576 239
9577 108
9578 129
9579 192
9580 320
9581 273
9582 401
9583 223
9584 178
9585 156
9586 197
9587 287
9588 123
9589 105
9590 158
9591 153
9592 428
9593 283
9594 86
9595 68
9596 120
9597 82
9598 276
9599 117
9600 118
9601 130
9602 123
9603 309
9604 198
9605 218
9606 269
9607 184
9608 271
9609 190
9610 237
9611 152
9612 157
9613 198
9614 36
9615 156
9616 100
9617 186
9618 79
9619 191
9620 166
9621 263
9622 266
9623 222
9624 225
9625 402
9626 182
9627 132
9628 194
9629 114
9630 89
9631 130
9632 249
9633 182
9634 171
9635 248
9636 305
9637 203
9638 69
9639 65
9640 172
9641 253
9642 213
9643 234
9644 236
9645 295
9646 234
9647 148
9648 391
9649 130
9650 233
9651 79
9652 105
9653 320
9654 145
9655 96
9656 216
9657 288
9658 223
9659 131
9660 231
9661 199
9662 197
9663 173
9664 180
9665 139
9666 274
9667 121
9668 25
9669 307
9670 67
9671 174
9672 214
9673 233
9674 352
9675 205
9676 188
9677 107
9678 208
9679 183
9680 232
9681 238
9682 297
9683 155
9684 76
9685 108
9686 303
9687 110
9688 209
9689 242
9690 49
9691 180
9692 175
9693 198
9694 148
9695 200
9696 260
9697 184
9698 143
9699 253
9700 209
9701 205
9702 164
9703 220
9704 159
9705 118
9706 175
9707 255
9708 111
9709 276
9710 206
9711 105
9712 206
9713 205
9714 335
9715 146
9716 217
9717 391
9718 177
9719 296
9720 75
9721 158
9722 141
9723 109
9724 47
9725 204
9726 126
9727 131
9728 155
9729 163
9730 217
9731 187
9732 435
9733 188
9734 393
9735 230
9736 166
9737 166
9738 318
9739 305
9740 336
9741 143
9742 119
9743 251
9744 140
9745 170
9746 98
9747 206
9748 168
9749 132
9750 179
9751 60
9752 116
9753 216
9754 233
9755 251
9756 188
9757 245
9758 243
9759 98
9760 184
9761 213
9762 282
9763 164
9764 185
9765 183
9766 196
9767 111
9768 153
9769 281
9770 264
9771 136
9772 361
9773 132
9774 160
9775 242
9776 158
9777 168
9778 98
9779 272
9780 143
9781 286
9782 132
9783 130
9784 8
9785 132
9786 389
9787 172
9788 181
9789 215
9790 265
9791 119
9792 140
9793 177
9794 178
9795 222
9796 178
9797 106
9798 276
9799 144
9800 171
9801 267
9802 123
9803 141
9804 103
9805 266
9806 281
9807 201
9808 169
9809 98
9810 133
9811 227
9812 161
9813 354
9814 211
9815 198
9816 95
9817 97
9818 272
9819 196
9820 131
9821 131
9822 124
9823 156
9824 104
9825 224
9826 99
9827 184
9828 265
9829 124
9830 128
9831 196
9832 241
9833 105
9834 205
9835 94
9836 228
9837 185
9838 153
9839 130
9840 230
9841 198
9842 269
9843 117
9844 48
9845 286
9846 79
9847 176
9848 204
9849 363
9850 203
9851 48
9852 252
9853 94
9854 183
9855 186
9856 351
9857 253
9858 146
9859 395
9860 96
9861 95
9862 273
9863 142
9864 260
9865 186
9866 373
9867 19
9868 70
9869 162
9870 149
9871 186
9872 72
9873 61
9874 247
9875 78
9876 211
9877 154
9878 186
9879 140
9880 176
9881 369
9882 86
9883 172
9884 167
9885 368
9886 244
9887 172
9888 257
9889 72
9890 220
9891 179
9892 145
9893 179
9894 408
9895 220
9896 180
9897 179
9898 326
9899 154
9900 239
9901 244
9902 221
9903 129
9904 269
9905 215
9906 258
9907 96
9908 209
9909 185
9910 207
9911 166
9912 160
9913 143
9914 261
9915 203
9916 167
9917 185
9918 156
9919 107
9920 183
9921 79
9922 59
9923 166
9924 240
9925 225
9926 183
9927 129
9928 286
9929 259
9930 172
9931 196
9932 199
9933 182
9934 97
9935 229
9936 91
9937 278
9938 145
9939 144
9940 74
9941 135
9942 176
9943 112
9944 337
9945 299
9946 108
9947 175
9948 150
9949 178
9950 167
9951 214
9952 90
9953 136
9954 30
9955 148
9956 378
9957 161
9958 360
9959 216
9960 212
9961 43
9962 71
9963 178
9964 271
9965 99
9966 249
9967 44
9968 394
9969 114
9970 172
9971 360
9972 207
9973 215
9974 218
9975 146
9976 48
9977 257
9978 241
9979 214
9980 163
9981 216
9982 125
9983 171
9984 160
9985 56
9986 129
9987 171
9988 266
9989 157
9990 130
9991 278
9992 113
9993 264
9994 163
9995 190
9996 73
9997 140
9998 72
9999 124
10000 82
10001 219
10002 228
10003 135
10004 209
10005 202
10006 190
10007 81
10008 159
10009 163
10010 106
10011 62
10012 212
10013 178
10014 351
10015 115
10016 198
10017 125
10018 48
10019 140
10020 215
10021 336
10022 223
10023 141
10024 149
10025 235
10026 160
10027 172
10028 197
10029 99
10030 115
10031 187
10032 173
10033 188
10034 141
10035 398
10036 212
10037 299
10038 129
10039 157
10040 85
10041 175
10042 205
10043 232
10044 186
10045 95
10046 157
10047 345
10048 285
10049 85
10050 109
10051 79
10052 315
10053 70
10054 124
10055 219
10056 45
10057 59
10058 243
10059 235
10060 378
10061 166
10062 239
10063 125
10064 120
10065 311
10066 186
10067 123
10068 211
10069 190
10070 144
10071 211
10072 201
10073 173
10074 24
10075 52
10076 99
10077 225
10078 135
10079 193
10080 117
10081 141
10082 277
10083 215
10084 363
10085 216
10086 161
10087 224
10088 125
10089 185
10090 203
10091 180
10092 67
10093 219
10094 203
10095 332
10096 195
10097 288
10098 167
10099 325
10100 215
10101 163
10102 328
10103 225
10104 132
10105 209
10106 109
10107 147
10108 232
10109 81
10110 151
10111 44
10112 153
10113 135
10114 203
10115 211
10116 174
10117 333
10118 147
10119 138
10120 148
10121 131
10122 324
10123 326
10124 46
10125 193
10126 208
10127 191
10128 139
10129 140
10130 218
10131 155
10132 212
10133 194
10134 125
10135 179
10136 164
10137 322
10138 61
10139 229
10140 286
10141 103
10142 211
10143 231
10144 269
10145 129
10146 158
10147 413
10148 97
10149 148
10150 281
10151 127
10152 71
10153 104
10154 283
10155 122
10156 133
10157 253
10158 172
10159 135
10160 116
10161 173
10162 178
10163 312
10164 189
10165 322
10166 205
10167 280
10168 310
10169 107
10170 358
10171 378
10172 83
10173 97
10174 186
10175 175
10176 303
10177 154
10178 266
10179 209
10180 171
10181 165
10182 153
10183 166
10184 174
10185 94
10186 102
10187 136
10188 178
10189 149
10190 137
10191 111
10192 143
10193 176
10194 145
10195 236
10196 361
10197 232
10198 205
10199 193
10200 145
10201 237
10202 126
10203 178
10204 132
10205 408
10206 162
10207 142
10208 52
10209 282
10210 127
10211 182
10212 231
10213 256
10214 237
10215 102
10216 236
10217 152
10218 140
10219 142
10220 180
10221 217
10222 160
10223 56
10224 347
10225 310
10226 164
10227 193
10228 115
10229 141
10230 161
10231 217
10232 162
10233 276
10234 183
10235 221
10236 16
10237 240
10238 326
10239 216
10240 222
10241 191
10242 377
10243 131
10244 170
10245 303
10246 198
10247 341
10248 176
10249 231
10250 50
10251 72
10252 168
10253 107
10254 139
10255 283
10256 163
10257 147
10258 219
10259 175
10260 30
10261 190
10262 309
10263 174
10264 158
10265 337
10266 213
10267 118
10268 145
10269 109
10270 156
10271 210
10272 298
10273 157
10274 412
10275 186
10276 110
10277 90
10278 180
10279 302
10280 89
10281 92
10282 302
10283 319
10284 287
10285 191
10286 149
10287 186
10288 177
10289 170
10290 206
10291 115
10292 179
10293 186
10294 242
10295 122
10296 209
10297 317
10298 152
10299 17
10300 171
10301 246
10302 224
10303 258
10304 35
10305 152
10306 313
10307 201
10308 159
10309 221
10310 211
10311 217
10312 140
10313 123
10314 188
10315 204
10316 175
10317 76
10318 219
10319 152
10320 145
10321 151
10322 175
10323 128
10324 149
10325 182
10326 107
10327 196
10328 116
10329 197
10330 227
10331 125
10332 145
10333 291
10334 158
10335 92
10336 166
10337 96
10338 132
10339 233
10340 382
10341 112
10342 147
10343 249
10344 198
10345 178
10346 157
10347 258
10348 120
10349 222
10350 241
10351 153
10352 172
10353 315
10354 63
10355 208
10356 375
10357 122
10358 162
10359 229
10360 212
10361 104
10362 57
10363 147
10364 328
10365 171
10366 248
10367 153
10368 143
10369 410
10370 243
10371 183
10372 199
10373 334
10374 79
10375 296
10376 259
10377 149
10378 189
10379 85
10380 162
10381 238
10382 197
10383 148
10384 218
10385 111
10386 205
10387 193
10388 149
10389 155
10390 239
10391 164
10392 86
10393 278
10394 267
10395 225
10396 163
10397 175
10398 201
10399 24
10400 124
10401 180
10402 137
10403 179
10404 215
10405 164
10406 102
10407 112
10408 169
10409 186
10410 61
10411 165
10412 120
10413 200
10414 337
10415 198
10416 244
10417 105
10418 250
10419 160
10420 204
10421 172
10422 142
10423 142
10424 102
10425 264
10426 330
10427 55
10428 135
10429 186
10430 300
10431 50
10432 282
10433 167
10434 134
10435 222
10436 69
10437 120
10438 50
10439 181
10440 284
10441 137
10442 210
10443 88
10444 124
10445 193
10446 198
10447 242
10448 78
10449 171
10450 34
10451 140
10452 222
10453 278
10454 218
10455 157
10456 183
10457 199
10458 193
10459 90
10460 111
10461 473
10462 341
10463 154
10464 214
10465 284
10466 309
10467 140
10468 69
10469 244
10470 234
10471 174
10472 175
10473 255
10474 137
10475 168
10476 271
10477 253
10478 -16
10479 172
10480 175
10481 210
10482 155
10483 158
10484 151
10485 123
10486 116
10487 298
10488 299
10489 50
10490 207
10491 153
10492 243
10493 40
10494 139
10495 182
10496 148
10497 103
10498 144
10499 181
10500 132
10501 170
10502 139
10503 204
10504 47
10505 203
10506 237
10507 250
10508 84
10509 71
10510 153
10511 239
10512 100
10513 325
10514 253
10515 304
10516 268
10517 249
10518 189
10519 34
10520 128
10521 242
10522 473
10523 182
10524 189
10525 140
10526 105
10527 232
10528 99
10529 214
10530 92
10531 168
10532 174
10533 137
10534 258
10535 231
10536 135
10537 77
10538 163
10539 191
10540 297
10541 311
10542 291
10543 355
10544 192
10545 291
10546 43
10547 183
10548 185
10549 50
10550 188
10551 57
10552 218
10553 240
10554 106
10555 101
10556 186
10557 111
10558 169
10559 69
10560 36
10561 214
10562 243
10563 147
10564 363
10565 109
10566 100
10567 251
10568 242
10569 111
10570 150
10571 234
10572 353
10573 164
10574 183
10575 162
10576 205
10577 46
10578 118
10579 137
10580 153
10581 252
10582 53
10583 188
10584 133
10585 278
10586 174
10587 286
10588 155
10589 179
10590 282
10591 233
10592 191
10593 44
10594 56
10595 258
10596 323
10597 185
10598 133
10599 78
10600 245
10601 297
10602 192
10603 58
10604 143
10605 76
10606 272
10607 136
10608 51
10609 185
10610 183
10611 48
10612 143
10613 166
10614 94
10615 312
10616 86
10617 160
10618 206
10619 176
10620 49
10621 198
10622 429
10623 172
10624 80
10625 144
10626 169
10627 178
10628 213
10629 131
10630 121
10631 167
10632 110
10633 222
10634 118
10635 195
10636 71
10637 155
10638 122
10639 238
10640 103
10641 237
10642 100
10643 233
10644 40
10645 275
10646 282
10647 183
10648 127
10649 346
10650 216
10651 312
10652 174
10653 286
10654 80
10655 154
10656 55
10657 265
10658 381
10659 139
10660 82
10661 113
10662 169
10663 211
10664 89
10665 149
10666 260
10667 189
10668 213
10669 260
10670 296
10671 155
10672 86
10673 182
10674 186
10675 111
10676 397
10677 79
10678 196
10679 177
10680 106
10681 296
10682 99
10683 402
10684 160
10685 321
10686 202
10687 193
10688 196
10689 262
10690 134
10691 150
10692 128
10693 57
10694 97
10695 58
10696 96
10697 259
10698 123
10699 205
10700 391
10701 104
10702 127
10703 137
10704 341
10705 122
10706 350
10707 128
10708 91
10709 216
10710 243
10711 108
10712 136
10713 149
10714 157
10715 281
10716 57
10717 161
10718 355
10719 174
10720 130
10721 118
10722 312
10723 82
10724 265
10725 178
10726 71
10727 119
10728 146
10729 118
10730 92
10731 153
10732 410
10733 125
10734 361
10735 349
10736 135
10737 121
10738 122
10739 148
10740 190
10741 389
10742 48
10743 126
10744 117
10745 169
10746 429
10747 124
10748 157
10749 91
10750 325
10751 166
10752 84
10753 216
10754 77
10755 215
10756 253
10757 107
10758 197
10759 194
10760 235
10761 154
10762 32
10763 140
10764 175
10765 34
10766 198
10767 274
10768 60
10769 371
10770 203
10771 226
10772 186
10773 150
10774 201
10775 103
10776 141
10777 185
10778 250
10779 184
10780 168
10781 82
10782 156
10783 154
10784 92
10785 200
10786 208
10787 122
10788 167
10789 150
10790 184
10791 180
10792 322
10793 116
10794 92
10795 202
10796 402
10797 83
10798 223
10799 149
10800 296
10801 163
10802 106
10803 133
10804 173
10805 238
10806 88
10807 194
10808 159
10809 189
10810 361
10811 123
10812 183
10813 308
10814 81
10815 199
10816 106
10817 326
10818 215
10819 119
10820 159
10821 178
10822 129
10823 148
10824 167
10825 140
10826 166
10827 308
10828 292
10829 143
10830 80
10831 234
10832 137
10833 28
10834 348
10835 161
10836 173
10837 121
10838 155
10839 185
10840 151
10841 250
10842 185
10843 261
10844 212
10845 217
10846 148
10847 211
10848 220
10849 64
10850 53
10851 176
10852 170
10853 186
10854 101
10855 10
10856 175
10857 192
10858 323
10859 224
10860 177
10861 82
10862 282
10863 113
10864 126
10865 195
10866 203
10867 107
10868 221
10869 144
10870 431
10871 109
10872 251
10873 186
10874 211
10875 141
10876 138
10877 182
10878 159
10879 267
10880 9
10881 125
10882 63
10883 234
10884 319
10885 118
10886 119
10887 260
10888 134
10889 329
10890 306
10891 140
10892 133
10893 132
10894 105
10895 117
10896 258
10897 95
10898 166
10899 203
10900 172
10901 52
10902 135
10903 120
10904 159
10905 381
10906 147
10907 129
10908 117
10909 76
10910 190
10911 285
10912 210
10913 160
10914 293
10915 322
10916 109
10917 150
10918 158
10919 137
10920 82
10921 379
10922 148
10923 127
10924 145
10925 265
10926 46
10927 157
10928 75
10929 117
10930 31
10931 99
10932 63
10933 158
10934 140
10935 122
10936 310
10937 196
10938 342
10939 175
10940 192
10941 301
10942 179
10943 110
10944 77
10945 355
10946 301
10947 323
10948 175
10949 90
10950 176
10951 161
10952 95
10953 190
10954 160
10955 89
10956 112
10957 204
10958 127
10959 413
10960 108
10961 63
10962 316
10963 182
10964 429
10965 218
10966 230
10967 222
10968 176
10969 67
10970 93
10971 209
10972 157
10973 203
10974 121
10975 358
10976 138
10977 179
10978 133
10979 350
10980 275
10981 40
10982 200
10983 176
10984 27
10985 68
10986 150
10987 66
10988 183
10989 178
10990 116
10991 280
10992 129
10993 86
10994 103
10995 276
10996 137
10997 220
10998 119
10999 271
11000 154
11001 238
11002 118
11003 146
11004 206
11005 229
11006 158
11007 102
11008 212
11009 123
11010 143
11011 123
11012 -3
11013 264
11014 232
11015 246
11016 323
11017 84
11018 222
11019 233
11020 138
11021 113
11022 350
11023 176
11024 142
11025 98
11026 387
11027 118
11028 232
11029 207
11030 121
11031 326
11032 258
11033 181
11034 196
11035 192
11036 99
11037 112
11038 44
11039 138
11040 390
11041 142
11042 131
11043 161
11044 136
11045 340
11046 201
11047 196
11048 246
11049 186
11050 110
11051 162
11052 268
11053 213
11054 185
11055 184
11056 100
11057 84
11058 157
11059 317
11060 175
11061 248
11062 171
11063 141
11064 320
11065 237
11066 185
11067 137
11068 200
11069 210
11070 120
11071 424
11072 169
11073 309
11074 129
11075 267
11076 213
11077 197
11078 254
11079 78
11080 161
11081 238
11082 201
11083 151
11084 125
11085 283
11086 232
11087 251
11088 241
11089 198
11090 229
11091 78
11092 174
11093 292
11094 172
11095 159
11096 293
11097 322
11098 173
11099 250
11100 131
11101 207
11102 112
11103 142
11104 263
11105 380
11106 231
11107 119
11108 113
11109 119
11110 281
11111 164
11112 142
11113 78
11114 62
11115 305
11116 198
11117 176
11118 85
11119 159
11120 15
11121 113
11122 273
11123 132
11124 187
11125 193
11126 320
11127 379
11128 320
11129 210
11130 181
11131 220
11132 181
11133 220
11134 229
11135 114
11136 260
11137 233
11138 212
11139 198
11140 232
11141 58
11142 211
11143 313
11144 111
11145 234
11146 225
11147 273
11148 218
11149 170
11150 151
11151 214
11152 182
11153 167
11154 180
11155 196
11156 86
11157 142
11158 215
11159 146
11160 247
11161 82
11162 148
11163 186
11164 234
11165 39
11166 96
11167 264
11168 143
11169 170
11170 207
11171 161
11172 165
11173 48
11174 167
11175 176
11176 86
11177 112
11178 157
11179 46
11180 148
11181 273
11182 129
11183 123
11184 164
11185 67
11186 255
11187 118
11188 204
11189 373
11190 173
11191 237
11192 89
11193 205
11194 161
11195 112
11196 130
11197 202
11198 173
11199 91
11200 107
11201 104
11202 246
11203 151
11204 206
11205 74
11206 130
11207 241
11208 336
11209 284
11210 315
11211 289
11212 212
11213 163
11214 132
11215 95
11216 160
11217 158
11218 76
11219 198
11220 227
11221 248
11222 214
11223 154
11224 107
11225 19
11226 78
11227 177
11228 174
11229 131
11230 163
11231 206
11232 214
11233 210
11234 131
11235 192
11236 135
11237 120
11238 179
11239 390
11240 146
11241 260
11242 268
11243 286
11244 149
11245 74
11246 284
11247 109
11248 163
11249 218
11250 214
11251 161
11252 58
11253 118
11254 361
11255 198
11256 103
11257 198
11258 201
11259 204
11260 316
11261 66
11262 275
11263 267
11264 207
11265 308
11266 141
11267 226
11268 331
11269 80
11270 138
11271 95
11272 206
11273 302
11274 180
11275 139
11276 48
11277 132
11278 175
11279 307
11280 325
11281 48
11282 135
11283 309
11284 80
11285 150
11286 180
11287 204
11288 90
11289 280
11290 394
11291 115
11292 408
11293 195
11294 327
11295 228
11296 86
11297 195
11298 204
11299 154
11300 254
11301 124
11302 112
11303 212
11304 146
11305 148
11306 224
11307 218
11308 329
11309 105
11310 282
11311 275
11312 117
11313 197
11314 132
11315 164
11316 62
11317 43
11318 297
11319 213
11320 171
11321 72
11322 157
11323 257
11324 428
11325 164
11326 161
11327 155
11328 229
11329 266
11330 232
11331 129
11332 56
11333 180
11334 170
11335 79
11336 303
11337 200
11338 177
11339 199
11340 190
11341 234
11342 190
11343 214
11344 253
11345 178
11346 124
11347 316
11348 122
11349 181
11350 245
11351 227
11352 115
11353 189
11354 99
11355 280
11356 142
11357 276
11358 318
11359 218
11360 248
11361 297
11362 269
11363 246
11364 176
11365 168
11366 203
11367 169
11368 80
11369 167
11370 139
11371 232
11372 199
11373 256
11374 257
11375 205
11376 79
11377 230
11378 209
11379 195
11380 182
11381 142
11382 109
11383 145
11384 57
11385 182
11386 234
11387 361
11388 132
11389 223
11390 135
11391 108
11392 181
11393 184
11394 138
11395 65
11396 386
11397 279
11398 192
11399 137
11400 141
11401 244
11402 166
11403 236
11404 138
11405 215
11406 313
11407 198
11408 51
11409 213
11410 225
11411 311
11412 51
11413 249
11414 200
11415 126
11416 204
11417 167
11418 171
11419 301
11420 223
11421 132
11422 170
11423 173
11424 220
11425 185
11426 251
11427 283
11428 238
11429 236
11430 229
11431 362
11432 195
11433 133
11434 229
11435 37
11436 174
11437 56
11438 266
11439 179
11440 105
11441 157
11442 116
11443 178
11444 132
11445 126
11446 152
11447 183
11448 257
11449 133
11450 229
11451 57
11452 162
11453 185
11454 237
11455 180
11456 297
11457 211
11458 280
11459 114
11460 197
11461 100
11462 195
11463 218
11464 334
11465 162
11466 98
11467 203
11468 83
11469 181
11470 202
11471 114
11472 130
11473 208
11474 181
11475 219
11476 229
11477 212
11478 216
11479 221
11480 112
11481 173
11482 96
11483 160
11484 123
11485 95
11486 169
11487 181
11488 172
11489 148
11490 341
11491 196
11492 199
11493 87
11494 105
11495 181
11496 132
11497 135
11498 197
11499 259
11500 215
11501 190
11502 130
11503 148
11504 39
11505 274
11506 178
11507 55
11508 125
11509 161
11510 182
11511 315
11512 80
11513 392
11514 216
11515 308
11516 137
11517 278
11518 220
11519 172
11520 231
11521 306
11522 208
11523 373
11524 199
11525 95
11526 151
11527 211
11528 112
11529 342
11530 196
11531 217
11532 166
11533 92
11534 129
11535 265
11536 25
11537 228
11538 413
11539 88
11540 189
11541 315
11542 118
11543 40
11544 48
11545 159
11546 119
11547 189
11548 292
11549 254
11550 359
11551 216
11552 135
11553 242
11554 280
11555 92
11556 208
11557 215
11558 87
11559 107
11560 142
11561 198
11562 86
11563 239
11564 258
11565 49
11566 181
11567 211
11568 156
11569 142
11570 194
11571 182
11572 226
11573 270
11574 208
11575 115
11576 258
11577 344
11578 314
11579 110
11580 86
11581 316
11582 115
11583 82
11584 139
11585 222
11586 82
11587 145
11588 181
11589 198
11590 218
11591 261
11592 155
11593 324
11594 166
11595 84
11596 181
11597 363
11598 173
11599 143
11600 49
11601 130
11602 461
11603 201
11604 238
11605 276
11606 189
11607 127
11608 191
11609 94
11610 185
11611 140
11612 182
11613 106
11614 191
11615 236
11616 135
11617 178
11618 330
11619 52
11620 138
11621 132
11622 107
11623 161
11624 267
11625 113
11626 185
11627 207
11628 252
11629 307
11630 391
11631 157
11632 134
11633 166
11634 108
11635 343
11636 178
11637 212
11638 224
11639 105
11640 141
11641 187
11642 37
11643 91
11644 227
11645 142
11646 78
11647 137
11648 215
11649 177
11650 80
11651 184
11652 264
11653 49
11654 102
11655 291
11656 296
11657 256
11658 246
11659 220
11660 193
11661 223
11662 259
11663 263
11664 190
11665 222
11666 110
11667 121
11668 173
11669 215
11670 156
11671 161
11672 116
11673 119
11674 394
11675 11
11676 211
11677 112
11678 222
11679 146
11680 196
11681 159
11682 203
11683 278
11684 94
11685 353
11686 68
11687 150
11688 66
11689 75
11690 215
11691 119
11692 136
11693 98
11694 274
11695 196
11696 269
11697 252
11698 165
11699 339
11700 164
11701 193
11702 133
11703 142
11704 169
11705 233
11706 200
11707 174
11708 135
11709 106
11710 287
11711 107
11712 183
11713 83
11714 169
11715 179
11716 173
11717 72
11718 143
11719 95
11720 162
11721 199
11722 253
11723 85
11724 202
11725 294
11726 254
11727 155
11728 179
11729 101
11730 150
11731 233
11732 136
11733 75
11734 62
11735 175
11736 192
11737 407
11738 152
11739 236
11740 100
11741 11
11742 184
11743 190
11744 227
11745 174
11746 205
11747 182
11748 169
11749 247
11750 157
11751 158
11752 136
11753 184
11754 197
11755 22
11756 278
11757 90
11758 321
11759 155
11760 204
11761 120
11762 175
11763 146
11764 144
11765 257
11766 179
11767 454
11768 109
11769 102
11770 131
11771 310
11772 268
11773 352
11774 286
11775 258
11776 172
11777 169
11778 239
11779 117
11780 230
11781 132
11782 344
11783 134
11784 250
11785 314
11786 75
11787 273
11788 247
11789 141
11790 121
11791 81
11792 150
11793 87
11794 114
11795 379
11796 82
11797 187
11798 162
11799 104
11800 148
11801 113
11802 88
11803 200
11804 184
11805 269
11806 162
11807 110
11808 129
11809 293
11810 92
11811 89
11812 176
11813 41
11814 237
11815 164
11816 182
11817 159
11818 113
11819 181
11820 174
11821 127
11822 146
11823 107
11824 103
11825 86
11826 431
11827 139
11828 77
11829 261
11830 369
11831 75
11832 316
11833 166
11834 359
11835 230
11836 115
11837 164
11838 174
11839 237
11840 159
11841 202
11842 185
11843 320
11844 141
11845 273
11846 158
11847 280
11848 258
11849 178
11850 151
11851 291
11852 154
11853 129
11854 90
11855 135
11856 192
11857 258
11858 265
11859 241
11860 182
11861 165
11862 255
11863 211
11864 123
11865 140
11866 163
11867 255
11868 97
11869 207
11870 151
11871 181
11872 113
11873 179
11874 103
11875 238
11876 234
11877 155
11878 410
11879 146
11880 180
11881 70
11882 240
11883 97
11884 147
11885 151
11886 158
11887 234
11888 252
11889 228
11890 152
11891 216
11892 226
11893 159
11894 188
11895 114
11896 145
11897 342
11898 321
11899 217
11900 87
11901 131
11902 130
11903 132
11904 89
11905 187
11906 165
11907 64
11908 148
11909 202
11910 309
11911 196
11912 162
11913 107
11914 249
11915 95
11916 139
11917 153
11918 112
11919 177
11920 265
11921 184
11922 227
11923 161
11924 192
11925 134
11926 113
11927 266
11928 162
11929 133
11930 177
11931 224
11932 303
11933 120
11934 284
11935 129
11936 99
11937 327
11938 151
11939 203
11940 130
11941 193
11942 129
11943 132
11944 131
11945 121
11946 266
11947 183
11948 216
11949 289
11950 229
11951 216
11952 128
11953 173
11954 162
11955 113
11956 157
11957 161
11958 183
11959 440
11960 260
11961 142
11962 189
11963 178
11964 145
11965 276
11966 158
11967 294
11968 137
11969 285
11970 145
11971 181
11972 118
11973 79
11974 126
11975 283
11976 72
11977 208
11978 161
11979 174
11980 197
11981 216
11982 134
11983 268
11984 364
11985 437
11986 119
11987 253
11988 179
11989 181
11990 213
11991 236
11992 88
11993 248
11994 146
11995 254
11996 374
11997 181
11998 147
11999 188
12000 169
12001 287
12002 152
12003 79
12004 170
12005 231
12006 84
12007 54
12008 163
12009 173
12010 189
12011 331
12012 318
12013 195
12014 107
12015 282
12016 106
12017 73
12018 187
12019 120
12020 84
12021 202
12022 94
12023 126
12024 219
12025 130
12026 376
12027 163
12028 102
12029 172
12030 122
12031 178
12032 377
12033 173
12034 197
12035 282
12036 78
12037 207
12038 235
12039 142
12040 131
12041 287
12042 162
12043 317
12044 214
12045 302
12046 311
12047 175
12048 137
12049 71
12050 276
12051 190
12052 76
12053 129
12054 139
12055 147
12056 250
12057 253
12058 114
12059 69
12060 258
12061 162
12062 129
12063 159
12064 259
12065 279
12066 219
12067 135
12068 291
12069 245
12070 386
12071 232
12072 204
12073 189
12074 154
12075 184
12076 124
12077 159
12078 213
12079 207
12080 196
12081 251
12082 171
12083 175
12084 165
12085 229
12086 281
12087 189
12088 45
12089 183
12090 206
12091 274
12092 49
12093 137
12094 160
12095 108
12096 301
12097 102
12098 155
12099 259
12100 243
12101 284
12102 165
12103 157
12104 264
12105 237
12106 58
12107 187
12108 48
12109 319
12110 161
12111 344
12112 51
12113 191
12114 209
12115 187
12116 293
12117 198
12118 185
12119 192
12120 182
12121 149
12122 428
12123 206
12124 221
12125 119
12126 140
12127 130
12128 60
12129 312
12130 287
12131 252
12132 194
12133 278
12134 264
12135 212
12136 164
12137 91
12138 73
12139 175
12140 289
12141 121
12142 215
12143 303
12144 339
12145 180
12146 201
12147 153
12148 122
12149 147
12150 278
12151 147
12152 269
12153 99
12154 36
12155 209
12156 235
12157 173
12158 161
12159 428
12160 242
12161 331
12162 255
12163 364
12164 158
12165 137
12166 90
12167 218
12168 49
12169 119
12170 370
12171 349
12172 109
12173 154
12174 161
12175 87
12176 251
12177 207
12178 253
12179 190
12180 187
12181 274
12182 220
12183 199
12184 84
12185 304
12186 165
12187 271
12188 222
12189 274
12190 162
12191 233
12192 139
12193 149
12194 52
12195 171
12196 179
12197 164
12198 210
12199 318
12200 155
12201 374
12202 175
12203 234
12204 81
12205 306
12206 306
12207 104
12208 160
12209 78
12210 428
12211 145
12212 185
12213 210
12214 159
12215 374
12216 208
12217 142
12218 130
12219 120
12220 200
12221 268
12222 118
12223 213
12224 357
12225 241
12226 236
12227 239
12228 272
12229 153
12230 218
12231 219
12232 143
12233 153
12234 416
12235 202
12236 169
12237 197
12238 188
12239 273
12240 73
12241 21
12242 291
12243 45
12244 282
12245 142
12246 266
12247 174
12248 238
12249 132
12250 244
12251 130
12252 217
12253 151
12254 177
12255 251
12256 129
12257 176
12258 203
12259 84
12260 135
12261 137
12262 149
12263 376
12264 241
12265 174
12266 290
12267 257
12268 63
12269 93
12270 84
12271 81
12272 354
12273 135
12274 128
12275 435
12276 118
12277 144
12278 219
12279 196
12280 153
12281 91
12282 237
12283 231
12284 104
12285 231
12286 152
12287 257
12288 210
12289 142
12290 217
12291 287
12292 243
12293 108
12294 150
12295 125
12296 147
12297 222
12298 219
12299 73
12300 116
12301 80
12302 174
12303 336
12304 147
12305 147
12306 207
12307 165
12308 145
12309 113
12310 111
12311 124
12312 194
12313 37
12314 78
12315 189
12316 78
12317 56
12318 231
12319 207
12320 160
12321 271
12322 244
12323 146
12324 232
12325 148
12326 189
12327 154
12328 127
12329 30
12330 143
12331 203
12332 144
12333 399
12334 129
12335 224
12336 362
12337 17
12338 91
12339 162
12340 196
12341 176
12342 199
12343 258
12344 226
12345 206
12346 370
12347 284
12348 289
12349 189
12350 305
12351 167
12352 143
12353 263
12354 138
12355 139
12356 155
12357 313
12358 112
12359 260
12360 81
12361 34
12362 218
12363 346
12364 283
12365 183
12366 109
12367 168
12368 272
12369 76
12370 197
12371 182
12372 168
12373 34
12374 172
12375 223
12376 124
12377 252
12378 294
12379 387
12380 36
12381 170
12382 129
12383 228
12384 183
12385 263
12386 231
12387 251
12388 255
12389 164
12390 170
12391 200
12392 7
12393 82
12394 137
12395 100
12396 272
12397 225
12398 208
12399 199
12400 262
12401 268
12402 177
12403 257
12404 109
12405 190
12406 181
12407 344
12408 134
12409 213
12410 163
12411 179
12412 199
12413 279
12414 254
12415 93
12416 209
12417 132
12418 151
12419 67
12420 154
12421 147
12422 102
12423 275
12424 107
12425 383
12426 233
12427 229
12428 97
12429 129
12430 207
12431 289
12432 107
12433 188
12434 77
12435 405
12436 169
12437 205
12438 269
12439 166
12440 214
12441 24
12442 179
12443 205
12444 149
12445 303
12446 111
12447 187
12448 209
12449 198
12450 126
12451 51
12452 83
12453 229
12454 171
12455 216
12456 199
12457 85
12458 258
12459 195
12460 140
12461 245
12462 231
12463 226
12464 213
12465 198
12466 292
12467 98
12468 225
12469 183
12470 303
12471 128
12472 201
12473 197
12474 183
12475 258
12476 130
12477 186
12478 204
12479 190
12480 90
12481 234
12482 162
12483 268
12484 178
12485 62
12486 103
12487 337
12488 129
12489 148
12490 355
12491 63
12492 222
12493 107
12494 211
12495 27
12496 190
12497 163
12498 108
12499 53
12500 210
12501 217
12502 192
12503 130
12504 159
12505 199
12506 144
12507 33
12508 164
12509 79
12510 202
12511 115
12512 206
12513 267
12514 48
12515 97
12516 130
12517 293
12518 177
12519 356
12520 297
12521 90
12522 30
12523 126
12524 162
12525 112
12526 148
12527 143
12528 105
12529 165
12530 121
12531 74
12532 207
12533 81
12534 205
12535 87
12536 244
12537 254
12538 216
12539 105
12540 141
12541 204
12542 187
12543 132
12544 110
12545 249
12546 167
12547 147
12548 263
12549 236
12550 405
12551 45
12552 295
12553 248
12554 166
12555 95
12556 226
12557 75
12558 271
12559 53
12560 160
12561 119
12562 132
12563 259
12564 13
12565 222
12566 103
12567 172
12568 240
12569 105
12570 268
12571 211
12572 207
12573 159
12574 232
12575 238
12576 76
12577 228
12578 181
12579 154
12580 128
12581 339
12582 193
12583 208
12584 39
12585 156
12586 132
12587 86
12588 84
12589 102
12590 227
12591 205
12592 127
12593 414
12594 230
12595 162
12596 161
12597 216
12598 169
12599 244
12600 128
12601 132
12602 161
12603 156
12604 268
12605 108
12606 102
12607 165
12608 115
12609 78
12610 190
12611 247
12612 165
12613 122
12614 194
12615 45
12616 275
12617 87
12618 152
12619 399
12620 136
12621 236
12622 132
12623 218
12624 155
12625 239
12626 514
12627 111
12628 90
12629 83
12630 254
12631 227
12632 42
12633 306
12634 197
12635 184
12636 186
12637 206
12638 230
12639 216
12640 164
12641 325
12642 301
12643 167
12644 264
12645 289
12646 92
12647 262
12648 217
12649 176
12650 162
12651 218
12652 107
12653 154
12654 74
12655 168
12656 183
12657 172
12658 83
12659 159
12660 217
12661 267
12662 118
12663 185
12664 159
12665 253
12666 175
12667 122
12668 450
12669 80
12670 129
12671 326
12672 278
12673 305
12674 253
12675 239
12676 227
12677 216
12678 184
12679 168
12680 162
12681 245
12682 107
12683 264
12684 100
12685 197
12686 234
12687 173
12688 98
12689 107
12690 238
12691 145
12692 222
12693 73
12694 220
12695 372
12696 157
12697 269
12698 112
12699 224
12700 124
12701 66
12702 187
12703 99
12704 84
12705 149
12706 160
12707 232
12708 183
12709 153
12710 248
12711 155
12712 197
12713 157
12714 190
12715 61
12716 153
12717 121
12718 83
12719 227
12720 211
12721 12
12722 111
12723 180
12724 67
12725 191
12726 363
12727 287
12728 225
12729 119
12730 211
12731 200
12732 102
12733 84
12734 216
12735 177
12736 248
12737 141
12738 123
12739 176
12740 151
12741 191
12742 73
12743 256
12744 170
12745 133
12746 151
12747 255
12748 196
12749 208
12750 97
12751 267
12752 116
12753 194
12754 203
12755 125
12756 216
12757 159
12758 414
12759 222
12760 192
12761 190
12762 81
12763 240
12764 166
12765 185
12766 195
12767 166
12768 167
12769 216
12770 96
12771 396
12772 455
12773 182
12774 261
12775 357
12776 332
12777 160
12778 194
12779 138
12780 260
12781 52
12782 400
12783 209
12784 106
12785 250
12786 361
12787 426
12788 129
12789 351
12790 143
12791 284
12792 136
12793 149
12794 158
12795 370
12796 30
12797 117
12798 176
12799 161
12800 193
12801 254
12802 303
12803 265
12804 186
12805 50
12806 273
12807 108
12808 210
12809 230
12810 123
12811 270
12812 140
12813 157
12814 166
12815 186
12816 227
12817 182
12818 169
12819 142
12820 179
12821 115
12822 92
12823 263
12824 122
12825 31
12826 208
12827 98
12828 166
12829 185
12830 192
12831 169
12832 145
12833 166
12834 344
12835 87
12836 225
12837 147
12838 158
12839 224
12840 186
12841 263
12842 109
12843 111
12844 130
12845 208
12846 226
12847 205
12848 285
12849 400
12850 348
12851 169
12852 70
12853 248
12854 276
12855 166
12856 141
12857 139
12858 151
12859 335
12860 244
12861 115
12862 179
12863 117
12864 149
12865 134
12866 136
12867 174
12868 64
12869 222
12870 130
12871 183
12872 140
12873 156
12874 288
12875 92
12876 96
12877 166
12878 218
12879 127
12880 236
12881 167
12882 163
12883 188
12884 268
12885 167
12886 146
12887 359
12888 71
12889 393
12890 185
12891 106
12892 175
12893 24
12894 384
12895 66
12896 149
12897 240
12898 117
12899 262
12900 105
12901 91
12902 147
12903 133
12904 113
12905 97
12906 40
12907 207
12908 120
12909 65
12910 199
12911 128
12912 275
12913 244
12914 3
12915 136
12916 303
12917 417
12918 184
12919 215
12920 296
12921 133
12922 297
12923 179
12924 257
12925 358
12926 122
12927 249
12928 139
12929 161
12930 171
12931 237
12932 141
12933 193
12934 218
12935 191
12936 125
12937 174
12938 141
12939 108
12940 70
12941 123
12942 111
12943 175
12944 75
12945 237
12946 165
12947 132
12948 259
12949 133
12950 70
12951 131
12952 148
12953 213
12954 160
12955 322
12956 154
12957 24
12958 105
12959 105
12960 80
12961 120
12962 87
12963 115
12964 140
12965 114
12966 123
12967 169
12968 99
12969 126
12970 48
12971 260
12972 218
12973 186
12974 68
12975 214
12976 237
12977 173
12978 336
12979 184
12980 92
12981 146
12982 230
12983 197
12984 219
12985 312
12986 119
12987 65
12988 209
12989 166
12990 166
12991 134
12992 253
12993 245
12994 85
12995 179
12996 129
12997 206
12998 206
12999 47
13000 224
13001 279
13002 79
13003 194
13004 150
13005 214
13006 198
13007 57
13008 165
13009 286
13010 131
13011 189
13012 371
13013 235
13014 208
13015 221
13016 137
13017 160
13018 128
13019 271
13020 294
13021 142
13022 191
13023 331
13024 178
13025 197
13026 210
13027 150
13028 87
13029 186
13030 93
13031 179
13032 351
13033 217
13034 341
13035 190
13036 212
13037 106
13038 97
13039 148
13040 73
13041 258
13042 263
13043 318
13044 452
13045 3
13046 178
13047 191
13048 176
13049 170
13050 148
13051 141
13052 211
13053 77
13054 205
13055 199
13056 164
13057 172
13058 154
13059 263
13060 252
13061 218
13062 207
13063 198
13064 133
13065 368
13066 170
13067 133
13068 198
13069 102
13070 201
13071 185
13072 292
13073 242
13074 245
13075 246
13076 141
13077 247
13078 145
13079 353
13080 184
13081 155
13082 134
13083 189
13084 210
13085 83
13086 202
13087 193
13088 148
13089 140
13090 223
13091 98
13092 265
13093 209
13094 323
13095 321
13096 197
13097 191
13098 207
13099 121
13100 235
13101 149
13102 266
13103 76
13104 132
13105 263
13106 184
13107 113
13108 96
13109 180
13110 177
13111 132
13112 296
13113 278
13114 242
13115 126
13116 149
13117 128
13118 139
13119 151
13120 173
13121 129
13122 151
13123 309
13124 201
13125 124
13126 148
13127 111
13128 36
13129 191
13130 280
13131 105
13132 119
13133 147
13134 168
13135 77
13136 131
13137 200
13138 231
13139 179
13140 134
13141 135
13142 140
13143 156
13144 213
13145 253
13146 126
13147 233
13148 296
13149 99
13150 175
13151 71
13152 56
13153 194
13154 209
13155 261
13156 317
13157 147
13158 201
13159 298
13160 138
13161 202
13162 183
13163 249
13164 239
13165 91
13166 187
13167 264
13168 252
13169 195
13170 172
13171 272
13172 283
13173 162
13174 227
13175 268
13176 196
13177 266
13178 89
13179 333
13180 288
13181 274
13182 182
13183 104
13184 273
13185 144
13186 81
13187 289
13188 198
13189 141
13190 187
13191 104
13192 267
13193 193
13194 187
13195 195
13196 140
13197 232
13198 116
13199 144
13200 118
13201 266
13202 322
13203 287
13204 145
13205 65
13206 194
13207 187
13208 96
13209 207
13210 113
13211 248
13212 218
13213 356
13214 290
13215 273
13216 255
13217 230
13218 156
13219 150
13220 157
13221 118
13222 156
13223 146
13224 138
13225 306
13226 170
13227 247
13228 257
13229 184
13230 179
13231 196
13232 161
13233 93
13234 175
13235 214
13236 208
13237 225
13238 189
13239 127
13240 217
13241 248
13242 180
13243 292
13244 88
13245 183
13246 210
13247 364
13248 35
13249 82
13250 129
13251 223
13252 126
13253 269
13254 165
13255 213
13256 181
13257 295
13258 30
13259 211
13260 251
13261 165
13262 162
13263 294
13264 116
13265 189
13266 84
13267 101
13268 106
13269 103
13270 200
13271 189
13272 276
13273 252
13274 101
13275 295
13276 176
13277 333
13278 151
13279 206
13280 216
13281 133
13282 181
13283 76
13284 224
13285 230
13286 218
13287 218
13288 164
13289 314
13290 206
13291 108
13292 125
13293 170
13294 254
13295 245
13296 109
13297 319
13298 134
13299 377
13300 18
13301 197
13302 120
13303 186
13304 238
13305 120
13306 280
13307 215
13308 190
13309 108
13310 270
13311 340
13312 185
13313 352
13314 303
13315 74
13316 252
13317 89
13318 156
13319 316
13320 92
13321 174
13322 135
13323 230
13324 185
13325 145
13326 471
13327 110
13328 193
13329 179
13330 188
13331 86
13332 186
13333 189
13334 242
13335 72
13336 212
13337 168
13338 131
13339 201
13340 272
13341 95
13342 230
13343 147
13344 99
13345 159
13346 103
13347 80
13348 203
13349 226
13350 101
13351 85
13352 205
13353 234
13354 336
13355 255
13356 163
13357 205
13358 152
13359 142
13360 228
13361 161
13362 126
13363 342
13364 221
13365 61
13366 435
13367 241
13368 173
13369 179
13370 96
13371 268
13372 111
13373 313
13374 126
13375 199
13376 253
13377 121
13378 147
13379 22
13380 21
13381 339
13382 178
13383 356
13384 182
13385 225
13386 111
13387 220
13388 201
13389 56
13390 110
13391 107
13392 255
13393 206
13394 111
13395 313
13396 159
13397 219
13398 255
13399 188
13400 124
13401 172
13402 165
13403 124
13404 207
13405 364
13406 72
13407 148
13408 141
13409 147
13410 230
13411 149
13412 228
13413 206
13414 101
13415 153
13416 157
13417 115
13418 303
13419 145
13420 205
13421 284
13422 118
13423 147
13424 151
13425 275
13426 347
13427 233
13428 205
13429 245
13430 181
13431 53
13432 169
13433 376
13434 91
13435 128
13436 226
13437 137
13438 146
13439 194
13440 151
13441 166
13442 224
13443 156
13444 82
13445 296
13446 157
13447 343
13448 185
13449 65
13450 105
13451 248
13452 100
13453 88
13454 230
13455 234
13456 137
13457 51
13458 285
13459 183
13460 86
13461 325
13462 176
13463 181
13464 36
13465 186
13466 250
13467 109
13468 291
13469 159
13470 103
13471 294
13472 353
13473 140
13474 242
13475 80
13476 123
13477 274
13478 259
13479 255
13480 218
13481 294
13482 305
13483 149
13484 102
13485 157
13486 100
13487 116
13488 210
13489 217
13490 259
13491 114
13492 356
13493 190
13494 215
13495 73
13496 72
13497 102
13498 163
13499 217
13500 98
13501 62
13502 137
13503 157
13504 138
13505 214
13506 125
13507 215
13508 288
13509 160
13510 217
13511 72
13512 151
13513 183
13514 176
13515 410
13516 209
13517 202
13518 282
13519 107
13520 154
13521 120
13522 76
13523 212
13524 347
13525 262
13526 81
13527 186
13528 185
13529 94
13530 176
13531 155
13532 248
13533 137
13534 98
13535 164
13536 73
13537 92
13538 178
13539 95
13540 387
13541 220
13542 87
13543 204
13544 240
13545 205
13546 42
13547 137
13548 160
13549 199
13550 120
13551 268
13552 117
13553 149
13554 194
13555 279
13556 191
13557 256
13558 125
13559 204
13560 156
13561 217
13562 137
13563 203
13564 202
13565 233
13566 269
13567 240
13568 97
13569 296
13570 180
13571 216
13572 141
13573 206
13574 341
13575 111
13576 53
13577 185
13578 202
13579 250
13580 429
13581 60
13582 133
13583 107
13584 112
13585 212
13586 127
13587 276
13588 228
13589 281
13590 185
13591 201
13592 161
13593 226
13594 201
13595 261
13596 127
13597 207
13598 147
13599 233
13600 345
13601 47
13602 180
13603 104
13604 229
13605 165
13606 171
13607 410
13608 82
13609 198
13610 238
13611 174
13612 177
13613 142
13614 148
13615 171
13616 115
13617 197
13618 148
13619 175
13620 405
13621 208
13622 97
13623 177
13624 207
13625 96
13626 419
13627 177
13628 164
13629 247
13630 240
13631 155
13632 138
13633 96
13634 198
13635 151
13636 183
13637 180
13638 180
13639 153
13640 339
13641 71
13642 204
13643 211
13644 149
13645 182
13646 283
13647 177
13648 366
13649 233
13650 214
13651 219
13652 152
13653 117
13654 155
13655 243
13656 165
13657 271
13658 261
13659 77
13660 128
13661 237
13662 131
13663 148
13664 184
13665 145
13666 68
13667 109
13668 271
13669 167
13670 164
13671 315
13672 151
13673 109
13674 158
13675 234
13676 153
13677 281
13678 277
13679 170
13680 252
13681 186
13682 300
13683 133
13684 302
13685 362
13686 114
13687 143
13688 72
13689 124
13690 173
13691 256
13692 163
13693 191
13694 158
13695 29
13696 137
13697 294
13698 133
13699 176
13700 186
13701 161
13702 179
13703 156
13704 115
13705 166
13706 154
13707 277
13708 87
13709 123
13710 249
13711 35
13712 250
13713 200
13714 172
13715 1
13716 126
13717 197
13718 437
13719 158
13720 243
13721 169
13722 124
13723 143
13724 292
13725 238
13726 142
13727 110
13728 151
13729 194
13730 277
13731 173
13732 140
13733 202
13734 248
13735 156
13736 123
13737 259
13738 353
13739 192
13740 210
13741 272
13742 262
13743 183
13744 124
13745 358
13746 282
13747 125
13748 156
13749 100
13750 203
13751 121
13752 212
13753 220
13754 183
13755 375
13756 248
13757 179
13758 142
13759 262
13760 87
13761 154
13762 267
13763 342
13764 121
13765 120
13766 174
13767 163
13768 193
13769 360
13770 136
13771 94
13772 130
13773 98
13774 152
13775 295
13776 134
13777 157
13778 320
13779 138
13780 148
13781 156
13782 275
13783 253
13784 64
13785 138
13786 105
13787 152
13788 209
13789 269
13790 146
13791 142
13792 136
13793 105
13794 304
13795 236
13796 388
13797 72
13798 201
13799 198
13800 258
13801 242
13802 157
13803 311
13804 185
13805 154
13806 230
13807 49
13808 111
13809 69
13810 193
13811 144
13812 61
13813 154
13814 358
13815 121
13816 127
13817 128
13818 215
13819 103
13820 177
13821 245
13822 172
13823 206
13824 144
13825 272
13826 149
13827 88
13828 230
13829 267
13830 185
13831 176
13832 286
13833 142
13834 150
13835 206
13836 198
13837 127
13838 115
13839 123
13840 158
13841 125
13842 157
13843 161
13844 141
13845 242
13846 257
13847 253
13848 197
13849 176
13850 30
13851 73
13852 191
13853 381
13854 332
13855 196
13856 281
13857 147
13858 198
13859 227
13860 163
13861 210
13862 161
13863 132
13864 179
13865 192
13866 195
13867 154
13868 191
13869 225
13870 264
13871 166
13872 211
13873 224
13874 169
13875 202
13876 128
13877 200
13878 409
13879 -14
13880 159
13881 118
13882 177
13883 145
13884 200
13885 189
13886 152
13887 116
13888 267
13889 345
13890 106
13891 158
13892 212
13893 175
13894 104
13895 158
13896 193
13897 139
13898 290
13899 252
13900 146
13901 157
13902 246
13903 234
13904 115
13905 108
13906 380
13907 215
13908 214
13909 220
13910 159
13911 121
13912 177
13913 269
13914 143
13915 257
13916 32
13917 145
13918 176
13919 271
13920 166
13921 271
13922 263
13923 151
13924 175
13925 193
13926 33
13927 163
13928 226
13929 112
13930 123
13931 243
13932 277
13933 183
13934 220
13935 150
13936 342
13937 286
13938 192
13939 134
13940 221
13941 107
13942 392
13943 46
13944 148
13945 80
13946 402
13947 162
13948 88
13949 203
13950 20
13951 112
13952 144
13953 202
13954 153
13955 265
13956 100
13957 173
13958 211
13959 169
13960 212
13961 522
13962 152
13963 141
13964 190
13965 104
13966 180
13967 307
13968 200
13969 204
13970 175
13971 386
13972 118
13973 113
13974 135
13975 150
13976 341
13977 113
13978 134
13979 126
13980 210
13981 208
13982 67
13983 216
13984 93
13985 129
13986 271
13987 215
13988 233
13989 175
13990 236
13991 100
13992 97
13993 258
13994 212
13995 140
13996 201
13997 193
13998 141
13999 106
14000 86
14001 221
14002 203
14003 179
14004 199
14005 119
14006 95
14007 146
14008 215
14009 136
14010 316
14011 145
14012 171
14013 264
14014 51
14015 234
14016 278
14017 77
14018 215
14019 177
14020 116
14021 76
14022 403
14023 65
14024 185
14025 239
14026 218
14027 77
14028 213
14029 200
14030 203
14031 129
14032 138
14033 49
14034 138
14035 159
14036 350
14037 202
14038 230
14039 143
14040 178
14041 152
14042 227
14043 168
14044 197
14045 156
14046 205
14047 326
14048 259
14049 305
14050 159
14051 152
14052 229
14053 144
14054 470
14055 152
14056 129
14057 210
14058 97
14059 63
14060 162
14061 236
14062 129
14063 141
14064 293
14065 200
14066 171
14067 81
14068 213
14069 136
14070 152
14071 177
14072 179
14073 279
14074 201
14075 159
14076 80
14077 187
14078 167
14079 193
14080 179
14081 282
14082 260
14083 124
14084 374
14085 197
14086 345
14087 65
14088 186
14089 385
14090 255
14091 41
14092 261
14093 141
14094 262
14095 183
14096 79
14097 247
14098 64
14099 113
14100 154
14101 302
14102 257
14103 210
14104 212
14105 107
14106 340
14107 129
14108 252
14109 198
14110 217
14111 97
14112 135
14113 217
14114 115
14115 434
14116 243
14117 322
14118 280
14119 262
14120 181
14121 154
14122 360
14123 108
14124 260
14125 112
14126 246
14127 246
14128 170
14129 148
14130 98
14131 198
14132 271
14133 121
14134 395
14135 191
14136 119
14137 205
14138 137
14139 319
14140 209
14141 233
14142 211
14143 470
14144 124
14145 137
14146 121
14147 316
14148 284
14149 141
14150 213
14151 143
14152 243
14153 254
14154 162
14155 287
14156 91
14157 212
14158 162
14159 182
14160 295
14161 182
14162 184
14163 191
14164 235
14165 198
14166 274
14167 170
14168 162
14169 143
14170 316
14171 249
14172 217
14173 244
14174 298
14175 188
14176 198
14177 145
14178 298
14179 170
14180 109
14181 194
14182 220
14183 246
14184 197
14185 309
14186 227
14187 159
14188 134
14189 82
14190 99
14191 129
14192 201
14193 24
14194 277
14195 164
14196 213
14197 41
14198 402
14199 218
14200 191
14201 207
14202 165
14203 155
14204 269
14205 150
14206 199
14207 199
14208 132
14209 237
14210 286
14211 103
14212 235
14213 187
14214 48
14215 118
14216 189
14217 82
14218 213
14219 168
14220 175
14221 155
14222 242
14223 251
14224 143
14225 220
14226 147
14227 102
14228 191
14229 313
14230 103
14231 232
14232 227
14233 221
14234 169
14235 260
14236 226
14237 232
14238 166
14239 299
14240 179
14241 64
14242 112
14243 165
14244 495
14245 318
14246 114
14247 337
14248 203
14249 219
14250 118
14251 52
14252 162
14253 149
14254 227
14255 125
14256 207
14257 94
14258 312
14259 223
14260 199
14261 193
14262 118
14263 106
14264 340
14265 126
14266 206
14267 243
14268 153
14269 65
14270 248
14271 204
14272 166
14273 295
14274 141
14275 116
14276 201
14277 211
14278 131
14279 202
14280 137
14281 227
14282 109
14283 198
14284 412
14285 122
14286 249
14287 356
14288 230
14289 210
14290 95
14291 500
14292 88
14293 126
14294 284
14295 392
14296 130
14297 162
14298 181
14299 77
14300 113
14301 273
14302 106
14303 253
14304 215
14305 230
14306 139
14307 61
14308 173
14309 92
14310 123
14311 279
14312 80
14313 61
14314 141
14315 350
14316 95
14317 300
14318 159
14319 415
14320 172
14321 172
14322 312
14323 221
14324 49
14325 123
14326 14
14327 355
14328 108
14329 198
14330 155
14331 201
14332 225
14333 213
14334 187
14335 411
14336 253
14337 155
14338 207
14339 153
14340 147
14341 186
14342 228
14343 143
14344 122
14345 114
14346 173
14347 204
14348 101
14349 136
14350 150
14351 240
14352 168
14353 235
14354 71
14355 135
14356 310
14357 122
14358 138
14359 221
14360 130
14361 142
14362 201
14363 145
14364 218
14365 190
14366 237
14367 95
14368 205
14369 137
14370 91
14371 190
14372 173
14373 100
14374 259
14375 119
14376 153
14377 360
14378 238
14379 217
14380 199
14381 189
14382 253
14383 157
14384 278
14385 104
14386 278
14387 89
14388 136
14389 115
14390 159
14391 47
14392 138
14393 63
14394 115
14395 85
14396 232
14397 91
14398 209
14399 184
14400 114
14401 391
14402 230
14403 259
14404 95
14405 365
14406 171
14407 180
14408 197
14409 201
14410 125
14411 300
14412 132
14413 289
14414 152
14415 203
14416 225
14417 52
14418 247
14419 356
14420 173
14421 317
14422 179
14423 212
14424 222
14425 142
14426 232
14427 151
14428 262
14429 374
14430 126
14431 326
14432 195
14433 197
14434 208
14435 403
14436 147
14437 150
14438 154
14439 144
14440 283
14441 265
14442 152
14443 198
14444 151
14445 192
14446 232
14447 193
14448 107
14449 319
14450 178
14451 81
14452 244
14453 109
14454 109
14455 171
14456 329
14457 285
14458 228
14459 423
14460 168
14461 199
14462 147
14463 398
14464 173
14465 133
14466 145
14467 193
14468 147
14469 324
14470 116
14471 238
14472 462
14473 223
14474 197
14475 282
14476 57
14477 179
14478 183
14479 224
14480 211
14481 200
14482 152
14483 225
14484 356
14485 211
14486 208
14487 91
14488 197
14489 60
14490 100
14491 305
14492 163
14493 193
14494 202
14495 309
14496 75
14497 201
14498 134
14499 134
14500 117
14501 213
14502 179
14503 147
14504 268
14505 248
14506 123
14507 138
14508 153
14509 154
14510 176
14511 229
14512 296
14513 166
14514 303
14515 192
14516 218
14517 134
14518 102
14519 26
14520 311
14521 100
14522 145
14523 137
14524 199
14525 286
14526 50
14527 213
14528 241
14529 45
14530 202
14531 267
14532 304
14533 220
14534 207
14535 136
14536 104
14537 280
14538 104
14539 395
14540 189
14541 171
14542 93
14543 177
14544 198
14545 162
14546 235
14547 117
14548 335
14549 226
14550 280
14551 287
14552 107
14553 76
14554 200
14555 66
14556 119
14557 212
14558 261
14559 166
14560 141
14561 56
14562 155
14563 133
14564 131
14565 76
14566 206
14567 55
14568 187
14569 205
14570 174
14571 151
14572 211
14573 196
14574 127
14575 221
14576 119
14577 316
14578 116
14579 107
14580 202
14581 169
14582 316
14583 416
14584 243
14585 243
14586 123
14587 218
14588 283
14589 69
14590 295
14591 188
14592 183
14593 177
14594 205
14595 88
14596 147
14597 297
14598 179
14599 110
14600 292
14601 71
14602 186
14603 66
14604 192
14605 146
14606 270
14607 144
14608 214
14609 248
14610 141
14611 188
14612 87
14613 165
14614 184
14615 228
14616 155
14617 209
14618 104
14619 175
14620 197
14621 93
14622 157
14623 178
14624 65
14625 142
14626 159
14627 169
14628 232
14629 129
14630 223
14631 51
14632 275
14633 83
14634 213
14635 244
14636 227
14637 96
14638 99
14639 211
14640 165
14641 256
14642 203
14643 276
14644 136
14645 284
14646 146
14647 129
14648 202
14649 65
14650 159
14651 221
14652 71
14653 155
14654 200
14655 255
14656 152
14657 173
14658 244
14659 128
14660 123
14661 213
14662 147
14663 212
14664 180
14665 77
14666 159
14667 192
14668 143
14669 61
14670 204
14671 153
14672 260
14673 141
14674 102
14675 193
14676 354
14677 337
14678 279
14679 232
14680 118
14681 175
14682 155
14683 132
14684 82
14685 111
14686 173
14687 121
14688 177
14689 360
14690 51
14691 265
14692 366
14693 395
14694 118
14695 401
14696 128
14697 299
14698 408
14699 221
14700 160
14701 435
14702 158
14703 216
14704 218
14705 214
14706 149
14707 213
14708 234
14709 265
14710 73
14711 162
14712 140
14713 221
14714 286
14715 153
14716 332
14717 185
14718 149
14719 272
14720 264
14721 184
14722 208
14723 272
14724 281
14725 75
14726 247
14727 91
14728 126
14729 312
14730 161
14731 95
14732 153
14733 117
14734 202
14735 100
14736 126
14737 236
14738 62
14739 229
14740 168
14741 114
14742 266
14743 73
14744 164
14745 50
14746 279
14747 159
14748 244
14749 115
14750 123
14751 283
14752 30
14753 168
14754 366
14755 266
14756 190
14757 138
14758 290
14759 183
14760 183
14761 188
14762 54
14763 239
14764 206
14765 215
14766 163
14767 146
14768 264
14769 177
14770 158
14771 259
14772 425
14773 181
14774 273
14775 159
14776 92
14777 88
14778 178
14779 125
14780 114
14781 102
14782 239
14783 143
14784 178
14785 144
14786 155
14787 170
14788 198
14789 204
14790 163
14791 194
14792 226
14793 202
14794 250
14795 122
14796 177
14797 177
14798 142
14799 203
14800 195
14801 176
14802 204
14803 166
14804 157
14805 244
14806 116
14807 238
14808 168
14809 161
14810 138
14811 276
14812 201
14813 84
14814 86
14815 162
14816 171
14817 274
14818 364
14819 173
14820 150
14821 74
14822 147
14823 148
14824 240
14825 146
14826 366
14827 127
14828 88
14829 262
14830 161
14831 197
14832 124
14833 255
14834 196
14835 177
14836 252
14837 162
14838 264
14839 62
14840 189
14841 215
14842 129
14843 153
14844 233
14845 258
14846 166
14847 220
14848 154
14849 230
14850 237
14851 372
14852 218
14853 178
14854 234
14855 175
14856 120
14857 175
14858 134
14859 145
14860 210
14861 70
14862 202
14863 313
14864 83
14865 214
14866 276
14867 85
14868 284
14869 175
14870 324
14871 314
14872 159
14873 68
14874 116
14875 98
14876 301
14877 77
14878 94
14879 184
14880 185
14881 281
14882 231
14883 138
14884 213
14885 237
14886 258
14887 46
14888 383
14889 146
14890 136
14891 296
14892 238
14893 173
14894 96
14895 157
14896 101
14897 251
14898 219
14899 230
14900 189
14901 82
14902 165
14903 158
14904 101
14905 215
14906 215
14907 150
14908 441
14909 177
14910 196
14911 199
14912 221
14913 454
14914 179
14915 127
14916 227
14917 258
14918 145
14919 150
14920 131
14921 344
14922 107
14923 128
14924 151
14925 304
14926 223
14927 80
14928 161
14929 135
14930 90
14931 122
14932 266
14933 280
14934 176
14935 147
14936 81
14937 70
14938 202
14939 121
14940 399
14941 113
14942 256
14943 239
14944 181
14945 182
14946 282
14947 336
14948 271
14949 286
14950 252
14951 57
14952 208
14953 162
14954 282
14955 201
14956 267
14957 257
14958 174
14959 89
14960 153
14961 224
14962 190
14963 199
14964 143
14965 168
14966 84
14967 252
14968 132
14969 186
14970 217
14971 215
14972 174
14973 259
14974 93
14975 156
14976 167
14977 134
14978 128
14979 419
14980 201
14981 209
14982 131
14983 274
14984 231
14985 258
14986 247
14987 148
14988 275
14989 173
14990 251
14991 101
14992 165
14993 111
14994 237
14995 240
14996 173
14997 32
14998 47
14999 192
15000 233
15001 208
15002 314
15003 203
15004 129
15005 262
15006 188
15007 226
15008 217
15009 127
15010 224
15011 81
15012 221
15013 356
15014 157
15015 86
15016 64
15017 285
15018 178
15019 142
15020 164
15021 284
15022 97
15023 256
15024 269
15025 258
15026 158
15027 213
15028 169
15029 211
15030 145
15031 122
15032 186
15033 247
15034 115
15035 181
15036 68
15037 92
15038 254
15039 101
15040 195
15041 314
15042 269
15043 163
15044 205
15045 258
15046 152
15047 263
15048 227
15049 152
15050 87
15051 48
15052 131
15053 194
15054 110
15055 123
15056 95
15057 74
15058 110
15059 225
15060 390
15061 165
15062 48
15063 74
15064 212
15065 154
15066 232
15067 389
15068 58
15069 256
15070 191
15071 244
15072 56
15073 129
15074 137
15075 212
15076 177
15077 59
15078 320
15079 411
15080 209
15081 337
15082 189
15083 150
15084 100
15085 383
15086 113
15087 174
15088 189
15089 275
15090 240
15091 219
15092 232
15093 178
15094 182
15095 117
15096 300
15097 269
15098 132
15099 244
15100 250
15101 202
15102 240
15103 244
15104 197
15105 230
15106 238
15107 112
15108 187
15109 249
15110 37
15111 239
15112 332
15113 219
15114 198
15115 115
15116 161
15117 247
15118 204
15119 311
15120 217
15121 170
15122 206
15123 158
15124 195
15125 160
15126 153
15127 285
15128 259
15129 165
15130 29
15131 14
15132 160
15133 147
15134 235
15135 176
15136 156
15137 266
15138 123
15139 114
15140 257
15141 324
15142 233
15143 228
15144 111
15145 232
15146 223
15147 227
15148 180
15149 196
15150 112
15151 298
15152 192
15153 244
15154 115
15155 296
15156 163
15157 178
15158 99
15159 160
15160 304
15161 139
15162 133
15163 133
15164 193
15165 154
15166 119
15167 184
15168 69
15169 244
15170 166
15171 215
15172 95
15173 172
15174 218
15175 246
15176 100
15177 100
15178 230
15179 261
15180 219
15181 258
15182 89
15183 275
15184 111
15185 248
15186 125
15187 203
15188 167
15189 169
15190 166
15191 144
15192 159
15193 141
15194 160
15195 293
15196 220
15197 232
15198 119
15199 163
15200 109
15201 190
15202 242
15203 154
15204 167
15205 296
15206 225
15207 238
15208 257
15209 177
15210 122
15211 296
15212 124
15213 122
15214 135
15215 170
15216 260
15217 146
15218 146
15219 191
15220 151
15221 139
15222 156
15223 196
15224 147
15225 128
15226 183
15227 228
15228 202
15229 178
15230 245
15231 260
15232 223
15233 350
15234 193
15235 94
15236 176
15237 150
15238 206
15239 190
15240 88
15241 209
15242 225
15243 123
15244 188
15245 148
15246 40
15247 172
15248 131
15249 154
15250 69
15251 159
15252 188
15253 189
15254 197
15255 178
15256 127
15257 180
15258 68
15259 171
15260 147
15261 56
15262 182
15263 225
15264 181
15265 115
15266 207
15267 199
15268 120
15269 121
15270 234
15271 61
15272 162
15273 130
15274 144
15275 157
15276 221
15277 114
15278 271
15279 283
15280 267
15281 387
15282 304
15283 83
15284 206
15285 77
15286 186
15287 263
15288 259
15289 260
15290 170
15291 239
15292 70
15293 234
15294 97
15295 161
15296 137
15297 171
15298 82
15299 234
15300 176
15301 190
15302 207
15303 116
15304 302
15305 233
15306 69
15307 89
15308 90
15309 196
15310 109
15311 147
15312 219
15313 81
15314 224
15315 188
15316 249
15317 88
15318 249
15319 80
15320 98
15321 137
15322 147
15323 178
15324 340
15325 242
15326 154
15327 76
15328 96
15329 118
15330 204
15331 218
15332 137
15333 181
15334 165
15335 139
15336 201
15337 232
15338 261
15339 190
15340 -12
15341 67
15342 122
15343 244
15344 98
15345 209
15346 179
15347 417
15348 137
15349 114
15350 176
15351 400
15352 142
15353 376
15354 319
15355 180
15356 74
15357 96
15358 272
15359 113
15360 396
15361 103
15362 146
15363 258
15364 160
15365 265
15366 105
15367 135
15368 219
15369 265
15370 63
15371 128
15372 176
15373 171
15374 259
15375 271
15376 142
15377 83
15378 81
15379 224
15380 187
15381 275
15382 131
15383 167
15384 187
15385 109
15386 106
15387 150
15388 24
15389 303
15390 116
15391 223
15392 66
15393 115
15394 217
15395 243
15396 148
15397 120
15398 102
15399 183
15400 126
15401 319
15402 230
15403 174
15404 157
15405 199
15406 165
15407 177
15408 159
15409 303
15410 202
15411 152
15412 126
15413 321
15414 138
15415 93
15416 287
15417 147
15418 158
15419 149
15420 374
15421 242
15422 116
15423 52
15424 56
15425 275
15426 134
15427 189
15428 203
15429 135
15430 57
15431 194
15432 160
15433 261
15434 254
15435 236
15436 148
15437 113
15438 143
15439 108
15440 162
15441 195
15442 198
15443 72
15444 95
15445 265
15446 225
15447 85
15448 268
15449 174
15450 221
15451 100
15452 158
15453 243
15454 227
15455 144
15456 204
15457 269
15458 97
15459 46
15460 380
15461 271
15462 195
15463 325
15464 87
15465 208
15466 115
15467 244
15468 132
15469 105
15470 199
15471 101
15472 364
15473 148
15474 344
15475 133
15476 174
15477 236
15478 184
15479 177
15480 126
15481 132
15482 208
15483 98
15484 270
15485 109
15486 190
15487 127
15488 124
15489 244
15490 375
15491 116
15492 386
15493 119
15494 256
15495 203
15496 350
15497 164
15498 189
15499 104
15500 306
15501 204
15502 202
15503 130
15504 233
15505 165
15506 211
15507 213
15508 262
15509 242
15510 272
15511 101
15512 116
15513 327
15514 207
15515 182
15516 80
15517 267
15518 176
15519 235
15520 152
15521 145
15522 181
15523 126
15524 146
15525 364
15526 136
15527 164
15528 234
15529 70
15530 154
15531 90
15532 152
15533 228
15534 114
15535 400
15536 193
15537 378
15538 275
15539 249
15540 74
15541 217
15542 269
15543 113
15544 132
15545 169
15546 200
15547 254
15548 174
15549 123
15550 196
15551 272
15552 207
15553 178
15554 152
15555 183
15556 118
15557 127
15558 154
15559 64
15560 209
15561 250
15562 271
15563 75
15564 50
15565 275
15566 138
15567 200
15568 160
15569 143
15570 134
15571 206
15572 226
15573 174
15574 29
15575 276
15576 228
15577 126
15578 218
15579 373
15580 225
15581 68
15582 283
15583 139
15584 275
15585 229
15586 177
15587 367
15588 240
15589 100
15590 148
15591 108
15592 258
15593 168
15594 185
15595 204
15596 170
15597 134
15598 190
15599 359
15600 168
15601 228
15602 165
15603 91
15604 210
15605 118
15606 135
15607 65
15608 205
15609 106
15610 196
15611 225
15612 224
15613 154
15614 215
15615 88
15616 178
15617 188
15618 126
15619 192
15620 201
15621 212
15622 204
15623 397
15624 183
15625 134
15626 109
15627 83
15628 329
15629 193
15630 221
15631 204
15632 215
15633 172
15634 89
15635 153
15636 125
15637 213
15638 169
15639 101
15640 393
15641 143
15642 222
15643 208
15644 145
15645 414
15646 186
15647 143
15648 232
15649 200
15650 211
15651 113
15652 229
15653 166
15654 171
15655 231
15656 89
15657 259
15658 150
15659 128
15660 195
15661 170
15662 93
15663 120
15664 159
15665 227
15666 227
15667 250
15668 152
15669 193
15670 48
15671 132
15672 192
15673 193
15674 200
15675 132
15676 334
15677 105
15678 125
15679 134
15680 159
15681 211
15682 125
15683 134
15684 94
15685 189
15686 216
15687 218
15688 127
15689 241
15690 106
15691 245
15692 224
15693 224
15694 190
15695 113
15696 187
15697 141
15698 361
15699 134
15700 333
15701 233
15702 17
15703 218
15704 173
15705 153
15706 271
15707 343
15708 174
15709 250
15710 137
15711 66
15712 166
15713 98
15714 180
15715 149
15716 157
15717 132
15718 215
15719 153
15720 217
15721 313
15722 177
15723 165
15724 148
15725 459
15726 188
15727 117
15728 123
15729 249
15730 290
15731 301
15732 294
15733 199
15734 56
15735 143
15736 68
15737 278
15738 259
15739 182
15740 227
15741 261
15742 81
15743 149
15744 260
15745 112
15746 117
15747 102
15748 183
15749 156
15750 197
15751 311
15752 227
15753 109
15754 160
15755 133
15756 76
15757 140
15758 285
15759 172
15760 149
15761 268
15762 237
15763 157
15764 46
15765 193
15766 87
15767 155
15768 127
15769 323
15770 198
15771 274
15772 146
15773 259
15774 40
15775 209
15776 225
15777 165
15778 67
15779 154
15780 157
15781 118
15782 173
15783 191
15784 383
15785 247
15786 177
15787 169
15788 234
15789 333
15790 282
15791 414
15792 95
15793 101
15794 191
15795 143
15796 205
15797 234
15798 62
15799 195
15800 34
15801 151
15802 305
15803 219
15804 241
15805 257
15806 302
15807 62
15808 106
15809 168
15810 167
15811 168
15812 252
15813 263
15814 189
15815 151
15816 242
15817 166
15818 219
15819 172
15820 325
15821 170
15822 111
15823 205
15824 148
15825 20
15826 121
15827 169
15828 162
15829 140
15830 343
15831 161
15832 189
15833 280
15834 122
15835 331
15836 342
15837 193
15838 321
15839 261
15840 272
15841 263
15842 160
15843 153
15844 185
15845 332
15846 260
15847 229
15848 119
15849 120
15850 188
15851 119
15852 212
15853 107
15854 205
15855 75
15856 126
15857 168
15858 287
15859 131
15860 140
15861 161
15862 136
15863 180
15864 301
15865 235
15866 302
15867 173
15868 215
15869 186
15870 277
15871 129
15872 214
15873 210
15874 225
15875 191
15876 169
15877 217
15878 343
15879 149
15880 123
15881 149
15882 81
15883 103
15884 184
15885 82
15886 195
15887 179
15888 304
15889 62
15890 95
15891 202
15892 304
15893 230
15894 206
15895 249
15896 95
15897 338
15898 192
15899 223
15900 176
15901 345
15902 165
15903 286
15904 128
15905 147
15906 208
15907 42
15908 329
15909 152
15910 47
15911 176
15912 164
15913 279
15914 83
15915 79
15916 145
15917 254
15918 201
15919 206
15920 312
15921 62
15922 179
15923 128
15924 221
15925 123
15926 245
15927 35
15928 194
15929 138
15930 253
15931 279
15932 173
15933 171
15934 228
15935 313
15936 76
15937 100
15938 417
15939 142
15940 127
15941 203
15942 328
15943 241
15944 182
15945 192
15946 201
15947 193
15948 155
15949 216
15950 234
15951 83
15952 142
15953 177
15954 124
15955 137
15956 179
15957 201
15958 280
15959 118
15960 209
15961 341
15962 188
15963 129
15964 97
15965 164
15966 180
15967 164
15968 147
15969 206
15970 46
15971 164
15972 181
15973 162
15974 107
15975 211
15976 27
15977 258
15978 201
15979 117
15980 206
15981 140
15982 392
15983 360
15984 100
15985 213
15986 393
15987 276
15988 102
15989 127
15990 166
15991 157
15992 96
15993 204
15994 211
15995 132
15996 207
15997 201
15998 186
15999 196
16000 79
16001 242
16002 268
16003 100
16004 84
16005 323
16006 168
16007 251
16008 144
16009 308
16010 135
16011 218
16012 295
16013 190
16014 264
16015 256
16016 189
16017 138
16018 194
16019 204
16020 154
16021 217
16022 271
16023 191
16024 227
16025 273
16026 128
16027 178
16028 424
16029 206
16030 278
16031 74
16032 203
16033 100
16034 98
16035 188
16036 178
16037 262
16038 152
16039 153
16040 107
16041 140
16042 214
16043 237
16044 265
16045 271
16046 168
16047 119
16048 144
16049 213
16050 287
16051 408
16052 220
16053 225
16054 157
16055 48
16056 90
16057 202
16058 154
16059 286
16060 231
16061 113
16062 198
16063 130
16064 432
16065 44
16066 196
16067 143
16068 196
16069 312
16070 279
16071 174
16072 92
16073 90
16074 213
16075 160
16076 207
16077 154
16078 117
16079 221
16080 107
16081 80
16082 147
16083 11
16084 235
16085 197
16086 190
16087 285
16088 98
16089 286
16090 171
16091 237
16092 177
16093 140
16094 117
16095 250
16096 189
16097 229
16098 213
16099 187
16100 157
16101 126
16102 128
16103 176
16104 139
16105 159
16106 156
16107 130
16108 144
16109 239
16110 321
16111 141
16112 292
16113 82
16114 127
16115 176
16116 244
16117 206
16118 131
16119 187
16120 120
16121 98
16122 151
16123 281
16124 294
16125 361
16126 204
16127 208
16128 279
16129 138
16130 142
16131 192
16132 94
16133 160
16134 160
16135 146
16136 222
16137 178
16138 143
16139 379
16140 147
16141 221
16142 95
16143 228
16144 181
16145 208
16146 225
16147 252
16148 172
16149 286
16150 193
16151 137
16152 243
16153 135
16154 108
16155 204
16156 168
16157 236
16158 105
16159 242
16160 231
16161 273
16162 79
16163 190
16164 162
16165 123
16166 156
16167 356
16168 171
16169 138
16170 141
16171 102
16172 106
16173 319
16174 43
16175 199
16176 113
16177 124
16178 116
16179 193
16180 245
16181 218
16182 137
16183 117
16184 238
16185 162
16186 74
16187 190
16188 152
16189 359
16190 214
16191 124
16192 97
16193 258
16194 224
16195 223
16196 176
16197 432
16198 229
16199 149
16200 116
16201 92
16202 179
16203 520
16204 231
16205 164
16206 160
16207 163
16208 263
16209 368
16210 183
16211 155
16212 299
16213 85
16214 209
16215 204
16216 202
16217 192
16218 153
16219 121
16220 115
16221 179
16222 69
16223 285
16224 172
16225 262
16226 110
16227 117
16228 142
16229 47
16230 494
16231 254
16232 174
16233 174
16234 237
16235 251
16236 276
16237 222
16238 174
16239 362
16240 92
16241 228
16242 349
16243 34
16244 115
16245 152
16246 273
16247 241
16248 343
16249 186
16250 143
16251 329
16252 97
16253 120
16254 233
16255 161
16256 215
16257 154
16258 292
16259 205
16260 226
16261 120
16262 183
16263 125
16264 83
16265 286
16266 242
16267 54
16268 119
16269 181
16270 192
16271 194
16272 135
16273 252
16274 117
16275 306
16276 196
16277 173
16278 254
16279 205
16280 150
16281 163
16282 208
16283 163
16284 133
16285 50
16286 197
16287 155
16288 95
16289 164
16290 126
16291 149
16292 105
16293 87
16294 198
16295 196
16296 156
16297 143
16298 181
16299 189
16300 160
16301 157
16302 187
16303 218
16304 301
16305 245
16306 321
16307 227
16308 203
16309 301
16310 116
16311 143
16312 210
16313 128
16314 225
16315 165
16316 227
16317 122
16318 185
16319 419
16320 126
16321 235
16322 242
16323 152
16324 40
16325 368
16326 86
16327 149
16328 223
16329 112
16330 276
16331 195
16332 87
16333 96
16334 211
16335 196
16336 74
16337 223
16338 101
16339 428
16340 182
16341 178
16342 81
16343 116
16344 153
16345 220
16346 64
16347 54
16348 277
16349 359
16350 222
16351 174
16352 316
16353 148
16354 104
16355 332
16356 414
16357 163
16358 117
16359 149
16360 216
16361 259
16362 148
16363 153
16364 138
16365 136
16366 124
16367 115
16368 207
16369 256
16370 172
16371 168
16372 99
16373 283
16374 117
16375 152
16376 63
16377 202
16378 204
16379 89
16380 152
16381 265
16382 205
16383 248
16384 175
16385 135
16386 317
16387 309
16388 421
16389 302
16390 83
16391 121
16392 145
16393 323
16394 126
16395 142
16396 151
16397 326
16398 166
16399 92
16400 57
16401 203
16402 394
16403 181
16404 275
16405 168
16406 155
16407 76
16408 266
16409 356
16410 140
16411 446
16412 78
16413 172
16414 262
16415 104
16416 122
16417 325
16418 59
16419 129
16420 180
16421 122
16422 176
16423 146
16424 120
16425 211
16426 95
16427 207
16428 304
16429 208
16430 164
16431 291
16432 67
16433 170
16434 133
16435 80
16436 99
16437 126
16438 289
16439 207
16440 185
16441 418
16442 156
16443 222
16444 100
16445 389
16446 82
16447 215
16448 160
16449 117
16450 58
16451 227
16452 33
16453 229
16454 256
16455 207
16456 404
16457 119
16458 388
16459 191
16460 259
16461 135
16462 172
16463 263
16464 262
16465 77
16466 241
16467 208
16468 103
16469 168
16470 170
16471 294
16472 179
16473 196
16474 133
16475 178
16476 358
16477 130
16478 276
16479 168
16480 397
16481 153
16482 217
16483 251
16484 141
16485 44
16486 231
16487 337
16488 227
16489 105
16490 110
16491 296
16492 339
16493 184
16494 116
16495 170
16496 323
16497 178
16498 162
16499 138
16500 166
16501 124
16502 407
16503 379
16504 311
16505 51
16506 234
16507 231
16508 169
16509 178
16510 188
16511 234
16512 264
16513 302
16514 307
16515 106
16516 279
16517 172
16518 232
16519 117
16520 129
16521 90
16522 179
16523 260
16524 117
16525 113
16526 303
16527 158
16528 339
16529 369
16530 162
16531 153
16532 133
16533 54
16534 175
16535 256
16536 241
16537 63
16538 146
16539 168
16540 294
16541 198
16542 120
16543 145
16544 129
16545 85
16546 228
16547 196
16548 250
16549 407
16550 105
16551 326
16552 152
16553 226
16554 162
16555 189
16556 309
16557 310
16558 220
16559 201
16560 139
16561 95
16562 205
16563 182
16564 93
16565 170
16566 184
16567 379
16568 128
16569 180
16570 169
16571 198
16572 185
16573 47
16574 197
16575 183
16576 129
16577 170
16578 250
16579 299
16580 247
16581 156
16582 141
16583 255
16584 117
16585 140
16586 164
16587 175
16588 212
16589 113
16590 180
16591 77
16592 215
16593 149
16594 296
16595 219
16596 227
16597 93
16598 214
16599 140
16600 261
16601 332
16602 163
16603 143
16604 66
16605 110
16606 186
16607 193
16608 123
16609 158
16610 166
16611 171
16612 190
16613 496
16614 241
16615 119
16616 69
16617 180
16618 118
16619 157
16620 237
16621 299
16622 210
16623 155
16624 112
16625 226
16626 148
16627 209
16628 294
16629 229
16630 240
16631 39
16632 169
16633 267
16634 211
16635 106
16636 176
16637 118
16638 66
16639 225
16640 254
16641 295
16642 105
16643 243
16644 201
16645 270
16646 256
16647 54
16648 116
16649 177
16650 119
16651 197
16652 171
16653 362
16654 91
16655 195
16656 208
16657 233
16658 320
16659 236
16660 125
16661 222
16662 117
16663 183
16664 183
16665 138
16666 216
16667 230
16668 237
16669 173
16670 260
16671 176
16672 278
16673 193
16674 126
16675 185
16676 169
16677 172
16678 157
16679 182
16680 190
16681 237
16682 143
16683 146
16684 137
16685 168
16686 137
16687 117
16688 159
16689 151
16690 211
16691 66
16692 31
16693 376
16694 184
16695 307
16696 216
16697 59
16698 132
16699 130
16700 119
16701 230
16702 269
16703 126
16704 145
16705 130
16706 224
16707 124
16708 102
16709 205
16710 123
16711 171
16712 77
16713 186
16714 134
16715 201
16716 228
16717 184
16718 89
16719 230
16720 187
16721 242
16722 168
16723 71
16724 148
16725 283
16726 192
16727 180
16728 173
16729 231
16730 202
16731 155
16732 267
16733 171
16734 177
16735 122
16736 171
16737 234
16738 180
16739 227
16740 247
16741 171
16742 207
16743 241
16744 137
16745 220
16746 157
16747 145
16748 245
16749 129
16750 253
16751 207
16752 82
16753 149
16754 201
16755 143
16756 240
16757 276
16758 67
16759 190
16760 103
16761 108
16762 148
16763 172
16764 114
16765 91
16766 170
16767 50
16768 152
16769 97
16770 265
16771 30
16772 184
16773 139
16774 171
16775 175
16776 108
16777 172
16778 227
16779 195
16780 165
16781 228
16782 116
16783 388
16784 177
16785 110
16786 176
16787 156
16788 198
16789 159
16790 233
16791 136
16792 176
16793 151
16794 210
16795 126
16796 201
16797 313
16798 129
16799 235
16800 201
16801 203
16802 106
16803 127
16804 143
16805 188
16806 192
16807 123
16808 172
16809 186
16810 124
16811 81
16812 134
16813 222
16814 141
16815 461
16816 278
16817 175
16818 322
16819 119
16820 156
16821 166
16822 168
16823 168
16824 226
16825 287
16826 110
16827 434
16828 261
16829 245
16830 117
16831 46
16832 62
16833 161
16834 118
16835 104
16836 250
16837 205
16838 102
16839 178
16840 97
16841 142
16842 45
16843 80
16844 217
16845 44
16846 118
16847 247
16848 310
16849 145
16850 174
16851 38
16852 246
16853 210
16854 130
16855 184
16856 136
16857 56
16858 221
16859 56
16860 117
16861 18
16862 390
16863 115
16864 258
16865 120
16866 355
16867 118
16868 120
16869 399
16870 319
16871 234
16872 116
16873 218
16874 181
16875 195
16876 176
16877 162
16878 208
16879 279
16880 182
16881 239
16882 145
16883 190
16884 333
16885 323
16886 246
16887 177
16888 234
16889 184
16890 49
16891 114
16892 228
16893 85
16894 159
16895 219
16896 392
16897 244
16898 180
16899 222
16900 146
16901 94
16902 280
16903 400
16904 138
16905 186
16906 94
16907 139
16908 200
16909 85
16910 404
16911 79
16912 162
16913 81
16914 187
16915 172
16916 156
16917 320
16918 345
16919 146
16920 306
16921 316
16922 164
16923 284
16924 119
16925 202
16926 162
16927 246
16928 257
16929 33
16930 384
16931 252
16932 174
16933 89
16934 187
16935 195
16936 131
16937 145
16938 96
16939 180
16940 201
16941 175
16942 159
16943 234
16944 136
16945 222
16946 232
16947 191
16948 144
16949 187
16950 188
16951 143
16952 188
16953 105
16954 239
16955 36
16956 235
16957 211
16958 157
16959 103
16960 213
16961 171
16962 201
16963 255
16964 288
16965 32
16966 261
16967 188
16968 157
16969 206
16970 142
16971 164
16972 144
16973 321
16974 252
16975 452
16976 92
16977 131
16978 216
16979 190
16980 168
16981 100
16982 203
16983 174
16984 198
16985 178
16986 40
16987 107
16988 245
16989 246
16990 78
16991 151
16992 142
16993 114
16994 123
16995 188
16996 239
16997 92
16998 137
16999 63
17000 212
17001 153
17002 233
17003 244
17004 164
17005 106
17006 64
17007 286
17008 128
17009 131
17010 213
17011 131
17012 114
17013 93
17014 173
17015 152
17016 295
17017 75
17018 234
17019 197
17020 93
17021 127
17022 377
17023 292
17024 106
17025 146
17026 191
17027 129
17028 164
17029 119
17030 260
17031 133
17032 170
17033 195
17034 487
17035 236
17036 111
17037 263
17038 113
17039 108
17040 114
17041 171
17042 208
17043 117
17044 239
17045 179
17046 70
17047 145
17048 279
17049 193
17050 400
17051 388
17052 183
17053 118
17054 178
17055 170
17056 162
17057 45
17058 23
17059 138
17060 245
17061 256
17062 176
17063 165
17064 73
17065 95
17066 42
17067 201
17068 224
17069 87
17070 202
17071 48
17072 357
17073 186
17074 218
17075 147
17076 184
17077 158
17078 254
17079 197
17080 233
17081 220
17082 53
17083 370
17084 64
17085 245
17086 191
17087 307
17088 240
17089 182
17090 264
17091 49
17092 246
17093 354
17094 163
17095 98
17096 156
17097 204
17098 96
17099 141
17100 156
17101 156
17102 125
17103 341
17104 242
17105 236
17106 273
17107 152
17108 112
17109 155
17110 270
17111 82
17112 113
17113 264
17114 248
17115 119
17116 122
17117 171
17118 125
17119 213
17120 286
17121 65
17122 99
17123 171
17124 94
17125 247
17126 66
17127 213
17128 284
17129 214
17130 307
17131 166
17132 154
17133 276
17134 161
17135 149
17136 173
17137 82
17138 399
17139 170
17140 99
17141 115
17142 245
17143 132
17144 310
17145 287
17146 128
17147 124
17148 183
17149 94
17150 205
17151 130
17152 293
17153 153
17154 125
17155 252
17156 228
17157 178
17158 133
17159 316
17160 220
17161 170
17162 171
17163 108
17164 137
17165 255
17166 35
17167 57
17168 76
17169 280
17170 191
17171 145
17172 312
17173 155
17174 91
17175 175
17176 215
17177 242
17178 121
17179 72
17180 170
17181 98
17182 159
17183 200
17184 114
17185 156
17186 103
17187 105
17188 193
17189 216
17190 142
17191 198
17192 311
17193 144
17194 100
17195 374
17196 109
17197 44
17198 191
17199 124
17200 54
17201 167
17202 172
17203 401
17204 81
17205 239
17206 135
17207 253
17208 133
17209 161
17210 178
17211 286
17212 24
17213 196
17214 258
17215 46
17216 204
17217 180
17218 129
17219 187
17220 352
17221 142
17222 127
17223 158
17224 276
17225 57
17226 152
17227 192
17228 219
17229 58
17230 165
17231 185
17232 183
17233 102
17234 284
17235 244
17236 177
17237 63
17238 182
17239 97
17240 228
17241 337
17242 97
17243 217
17244 291
17245 57
17246 197
17247 206
17248 165
17249 204
17250 308
17251 138
17252 119
17253 149
17254 141
17255 65
17256 110
17257 238
17258 447
17259 133
17260 409
17261 225
17262 105
17263 111
17264 208
17265 422
17266 191
17267 210
17268 220
17269 229
17270 150
17271 341
17272 217
17273 94
17274 293
17275 292
17276 143
17277 170
17278 155
17279 203
17280 227
17281 96
17282 336
17283 184
17284 161
17285 130
17286 296
17287 95
17288 219
17289 197
17290 125
17291 134
17292 257
17293 237
17294 91
17295 175
17296 200
17297 230
17298 139
17299 145
17300 205
17301 167
17302 153
17303 140
17304 98
17305 116
17306 337
17307 197
17308 95
17309 131
17310 166
17311 255
17312 220
17313 148
17314 107
17315 178
17316 119
17317 171
17318 104
17319 171
17320 124
17321 252
17322 125
17323 130
17324 162
17325 55
17326 183
17327 287
17328 362
17329 256
17330 219
17331 281
17332 111
17333 93
17334 38
17335 237
17336 86
17337 139
17338 216
17339 220
17340 112
17341 98
17342 136
17343 76
17344 38
17345 230
17346 207
17347 137
17348 173
17349 102
17350 410
17351 200
17352 210
17353 242
17354 238
17355 71
17356 251
17357 172
17358 102
17359 174
17360 259
17361 102
17362 318
17363 150
17364 166
17365 233
17366 337
17367 147
17368 130
17369 237
17370 94
17371 185
17372 119
17373 239
17374 123
17375 98
17376 158
17377 210
17378 79
17379 108
17380 172
17381 126
17382 107
17383 188
17384 214
17385 112
17386 79
17387 131
17388 69
17389 107
17390 263
17391 64
17392 265
17393 149
17394 207
17395 188
17396 271
17397 195
17398 127
17399 188
17400 205
17401 249
17402 232
17403 168
17404 255
17405 136
17406 75
17407 133
17408 211
17409 232
17410 112
17411 148
17412 166
17413 53
17414 274
17415 106
17416 188
17417 135
17418 212
17419 71
17420 138
17421 249
17422 108
17423 182
17424 372
17425 354
17426 209
17427 63
17428 162
17429 137
17430 96
17431 171
17432 205
17433 77
17434 181
17435 183
17436 110
17437 185
17438 436
17439 182
17440 159
17441 280
17442 141
17443 174
17444 208
17445 125
17446 182
17447 99
17448 310
17449 90
17450 238
17451 163
17452 102
17453 273
17454 224
17455 154
17456 67
17457 181
17458 185
17459 149
17460 254
17461 104
17462 154
17463 106
17464 129
17465 113
17466 140
17467 97
17468 234
17469 216
17470 116
17471 161
17472 171
17473 222
17474 249
17475 233
17476 209
17477 328
17478 242
17479 202
17480 264
17481 135
17482 142
17483 22
17484 197
17485 71
17486 276
17487 339
17488 212
17489 328
17490 263
17491 259
17492 239
17493 234
17494 259
17495 158
17496 175
17497 227
17498 154
17499 156
17500 115
17501 163
17502 67
17503 189
17504 143
17505 283
17506 100
17507 83
17508 274
17509 117
17510 343
17511 177
17512 239
17513 122
17514 270
17515 282
17516 236
17517 18
17518 63
17519 201
17520 199
17521 232
17522 244
17523 185
17524 68
17525 106
17526 273
17527 199
17528 87
17529 157
17530 236
17531 163
17532 106
17533 293
17534 140
17535 155
17536 250
17537 105
17538 105
17539 180
17540 138
17541 257
17542 330
17543 208
17544 148
17545 83
17546 196
17547 206
17548 150
17549 135
17550 335
17551 42
17552 210
17553 176
17554 152
17555 294
17556 62
17557 175
17558 167
17559 404
17560 57
17561 177
17562 121
17563 243
17564 143
17565 199
17566 333
17567 41
17568 317
17569 214
17570 41
17571 104
17572 211
17573 166
17574 181
17575 111
17576 110
17577 386
17578 38
17579 116
17580 221
17581 174
17582 106
17583 157
17584 95
17585 184
17586 278
17587 44
17588 97
17589 143
17590 114
17591 75
17592 320
17593 190
17594 132
17595 192
17596 324
17597 198
17598 233
17599 84
17600 171
17601 169
17602 128
17603 126
17604 70
17605 68
17606 443
17607 194
17608 212
17609 268
17610 102
17611 199
17612 294
17613 308
17614 181
17615 117
17616 368
17617 172
17618 221
17619 119
17620 180
17621 183
17622 125
17623 292
17624 107
17625 315
17626 188
17627 111
17628 321
17629 52
17630 163
17631 141
17632 223
17633 338
17634 289
17635 329
17636 180
17637 68
17638 125
17639 73
17640 214
17641 122
17642 380
17643 233
17644 145
17645 123
17646 47
17647 228
17648 85
17649 125
17650 190
17651 180
17652 208
17653 257
17654 24
17655 160
17656 80
17657 262
17658 161
17659 109
17660 173
17661 108
17662 127
17663 246
17664 350
17665 246
17666 401
17667 69
17668 189
17669 195
17670 278
17671 249
17672 386
17673 109
17674 183
17675 110
17676 287
17677 255
17678 250
17679 47
17680 372
17681 217
17682 188
17683 153
17684 121
17685 169
17686 103
17687 160
17688 199
17689 183
17690 172
17691 234
17692 259
17693 136
17694 220
17695 182
17696 179
17697 244
17698 131
17699 151
17700 179
17701 179
17702 214
17703 168
17704 227
17705 200
17706 100
17707 194
17708 248
17709 192
17710 316
17711 194
17712 257
17713 409
17714 107
17715 253
17716 158
17717 127
17718 315
17719 330
17720 212
17721 274
17722 198
17723 169
17724 98
17725 144
17726 228
17727 214
17728 290
17729 407
17730 160
17731 117
17732 228
17733 106
17734 185
17735 33
17736 257
17737 214
17738 155
17739 144
17740 129
17741 103
17742 256
17743 148
17744 186
17745 80
17746 127
17747 211
17748 171
17749 172
17750 56
17751 285
17752 143
17753 140
17754 67
17755 52
17756 150
17757 165
17758 211
17759 127
17760 281
17761 261
17762 236
17763 301
17764 271
17765 195
17766 152
17767 154
17768 178
17769 135
17770 131
17771 129
17772 257
17773 181
17774 160
17775 149
17776 91
17777 155
17778 217
17779 288
17780 192
17781 237
17782 124
17783 154
17784 207
17785 170
17786 128
17787 183
17788 218
17789 159
17790 68
17791 28
17792 294
17793 189
17794 445
17795 131
17796 291
17797 148
17798 132
17799 120
17800 155
17801 137
17802 201
17803 336
17804 218
17805 233
17806 186
17807 195
17808 159
17809 110
17810 218
17811 119
17812 213
17813 187
17814 121
17815 258
17816 93
17817 261
17818 296
17819 190
17820 265
17821 124
17822 45
17823 76
17824 175
17825 231
17826 122
17827 295
17828 144
17829 188
17830 98
17831 234
17832 145
17833 244
17834 198
17835 250
17836 143
17837 303
17838 166
17839 179
17840 137
17841 95
17842 139
17843 183
17844 134
17845 137
17846 296
17847 70
17848 201
17849 174
17850 357
17851 186
17852 266
17853 79
17854 193
17855 222
17856 202
17857 407
17858 226
17859 202
17860 103
17861 284
17862 222
17863 170
17864 231
17865 279
17866 180
17867 119
17868 61
17869 236
17870 236
17871 184
17872 103
17873 121
17874 176
17875 179
17876 103
17877 135
17878 78
17879 270
17880 184
17881 354
17882 330
17883 82
17884 254
17885 86
17886 123
17887 155
17888 317
17889 142
17890 196
17891 155
17892 76
17893 309
17894 200
17895 137
17896 174
17897 198
17898 223
17899 349
17900 178
17901 192
17902 291
17903 263
17904 187
17905 304
17906 182
17907 194
17908 187
17909 291
17910 127
17911 117
17912 113
17913 119
17914 125
17915 188
17916 367
17917 202
17918 241
17919 193
17920 150
17921 379
17922 239
17923 92
17924 229
17925 250
17926 185
17927 180
17928 61
17929 359
17930 135
17931 220
17932 157
17933 132
17934 329
17935 218
17936 147
17937 255
17938 166
17939 157
17940 244
17941 109
17942 221
17943 184
17944 194
17945 203
17946 147
17947 145
17948 79
17949 131
17950 276
17951 219
17952 226
17953 248
17954 172
17955 219
17956 317
17957 101
17958 194
17959 79
17960 211
17961 213
17962 446
17963 340
17964 178
17965 48
17966 196
17967 168
17968 158
17969 193
17970 164
17971 221
17972 292
17973 133
17974 125
17975 210
17976 125
17977 169
17978 95
17979 242
17980 205
17981 162
17982 82
17983 233
17984 136
17985 272
17986 289
17987 128
17988 257
17989 219
17990 472
17991 94
17992 221
17993 324
17994 193
17995 315
17996 172
17997 79
17998 140
17999 30
18000 145
18001 265
18002 320
18003 155
18004 271
18005 172
18006 322
18007 90
18008 184
18009 242
18010 123
18011 256
18012 142
18013 218
18014 217
18015 209
18016 142
18017 36
18018 219
18019 35
18020 204
18021 232
18022 208
18023 200
18024 193
18025 307
18026 205
18027 182
18028 121
18029 116
18030 341
18031 137
18032 241
18033 127
18034 260
18035 159
18036 337
18037 178
18038 130
18039 51
18040 260
18041 86
18042 227
18043 184
18044 167
18045 146
18046 204
18047 278
18048 187
18049 105
18050 407
18051 166
18052 220
18053 5
18054 337
18055 224
18056 177
18057 219
18058 343
18059 179
18060 109
18061 405
18062 184
18063 169
18064 261
18065 358
18066 134
18067 340
18068 205
18069 285
18070 64
18071 261
18072 197
18073 188
18074 247
18075 384
18076 323
18077 387
18078 198
18079 78
18080 166
18081 336
18082 75
18083 120
18084 203
18085 143
18086 318
18087 68
18088 239
18089 56
18090 155
18091 104
18092 129
18093 216
18094 69
18095 211
18096 250
18097 136
18098 190
18099 136
18100 260
18101 49
18102 195
18103 149
18104 132
18105 220
18106 159
18107 147
18108 212
18109 171
18110 83
18111 217
18112 190
18113 165
18114 262
18115 191
18116 443
18117 339
18118 215
18119 99
18120 131
18121 188
18122 208
18123 159
18124 239
18125 155
18126 241
18127 161
18128 165
18129 210
18130 266
18131 129
18132 178
18133 172
18134 137
18135 148
18136 182
18137 283
18138 255
18139 250
18140 162
18141 167
18142 134
18143 348
18144 301
18145 320
18146 325
18147 279
18148 217
18149 91
18150 210
18151 263
18152 149
18153 111
18154 327
18155 362
18156 226
18157 261
18158 93
18159 160
18160 234
18161 442
18162 181
18163 215
18164 257
18165 92
18166 148
18167 156
18168 248
18169 220
18170 265
18171 193
18172 208
18173 132
18174 387
18175 307
18176 404
18177 341
18178 261
18179 243
18180 167
18181 284
18182 126
18183 191
18184 130
18185 383
18186 180
18187 162
18188 153
18189 177
18190 143
18191 147
18192 127
18193 292
18194 175
18195 81
18196 180
18197 400
18198 110
18199 146
18200 217
18201 439
18202 158
18203 351
18204 148
18205 99
18206 207
18207 126
18208 326
18209 54
18210 108
18211 276
18212 140
18213 202
18214 198
18215 106
18216 139
18217 222
18218 179
18219 214
18220 246
18221 294
18222 201
18223 104
18224 267
18225 187
18226 120
18227 232
18228 139
18229 258
18230 112
18231 214
18232 121
18233 107
18234 94
18235 319
18236 189
18237 247
18238 185
18239 194
18240 135
18241 91
18242 150
18243 245
18244 248
18245 222
18246 296
18247 194
18248 254
18249 246
18250 110
18251 76
18252 174
18253 132
18254 141
18255 323
18256 103
18257 169
18258 74
18259 114
18260 141
18261 229
18262 191
18263 124
18264 235
18265 117
18266 94
18267 235
18268 201
18269 151
18270 133
18271 250
18272 171
18273 69
18274 143
18275 295
18276 127
18277 147
18278 31
18279 131
18280 90
18281 208
18282 240
18283 189
18284 195
18285 158
18286 62
18287 270
18288 100
18289 114
18290 36
18291 364
18292 116
18293 128
18294 200
18295 112
18296 105
18297 132
18298 168
18299 316
18300 159
18301 294
18302 90
18303 249
18304 34
18305 145
18306 151
18307 224
18308 133
18309 165
18310 197
18311 123
18312 222
18313 199
18314 167
18315 233
18316 287
18317 136
18318 150
18319 322
18320 182
18321 195
18322 414
18323 260
18324 125
18325 157
18326 253
18327 131
18328 327
18329 290
18330 215
18331 103
18332 198
18333 178
18334 204
18335 126
18336 95
18337 316
18338 171
18339 8
18340 165
18341 282
18342 408
18343 356
18344 272
18345 265
18346 65
18347 71
18348 68
18349 156
18350 56
18351 179
18352 113
18353 217
18354 152
18355 234
18356 153
18357 146
18358 240
18359 233
18360 336
18361 190
18362 149
18363 175
18364 165
18365 128
18366 151
18367 155
18368 218
18369 241
18370 140
18371 302
18372 344
18373 217
18374 229
18375 117
18376 278
18377 187
18378 133
18379 102
18380 60
18381 145
18382 142
18383 357
18384 167
18385 217
18386 89
18387 80
18388 73
18389 199
18390 230
18391 98
18392 15
18393 329
18394 269
18395 182
18396 138
18397 171
18398 282
18399 307
18400 206
18401 248
18402 170
18403 322
18404 101
18405 79
18406 269
18407 151
18408 161
18409 289
18410 78
18411 163
18412 190
18413 167
18414 244
18415 211
18416 232
18417 234
18418 350
18419 262
18420 139
18421 140
18422 181
18423 186
18424 157
18425 125
18426 189
18427 162
18428 146
18429 65
18430 155
18431 191
18432 208
18433 237
18434 84
18435 201
18436 107
18437 189
18438 156
18439 139
18440 252
18441 129
18442 226
18443 154
18444 98
18445 277
18446 218
18447 215
18448 158
18449 50
18450 157
18451 91
18452 164
18453 133
18454 124
18455 298
18456 185
18457 219
18458 180
18459 133
18460 194
18461 199
18462 136
18463 175
18464 97
18465 154
18466 44
18467 165
18468 119
18469 349
18470 113
18471 198
18472 76
18473 143
18474 208
18475 131
18476 207
18477 283
18478 199
18479 179
18480 158
18481 292
18482 38
18483 352
18484 166
18485 248
18486 208
18487 70
18488 233
18489 333
18490 147
18491 217
18492 73
18493 380
18494 132
18495 170
18496 217
18497 188
18498 173
18499 144
18500 189
18501 388
18502 46
18503 201
18504 125
18505 137
18506 370
18507 144
18508 130
18509 204
18510 67
18511 135
18512 203
18513 122
18514 231
18515 139
18516 201
18517 184
18518 161
18519 137
18520 48
18521 126
18522 153
18523 136
18524 153
18525 147
18526 201
18527 214
18528 191
18529 197
18530 152
18531 186
18532 235
18533 331
18534 314
18535 158
18536 177
18537 226
18538 184
18539 372
18540 141
18541 186
18542 120
18543 145
18544 226
18545 195
18546 89
18547 160
18548 181
18549 133
18550 58
18551 171
18552 356
18553 137
18554 222
18555 257
18556 132
18557 174
18558 120
18559 174
18560 165
18561 117
18562 290
18563 286
18564 89
18565 155
18566 296
18567 109
18568 209
18569 244
18570 187
18571 130
18572 29
18573 251
18574 176
18575 309
18576 100
18577 48
18578 116
18579 270
18580 169
18581 206
18582 187
18583 199
18584 135
18585 5
18586 107
18587 187
18588 193
18589 164
18590 134
18591 243
18592 123
18593 242
18594 262
18595 47
18596 137
18597 119
18598 156
18599 130
18600 254
18601 165
18602 197
18603 103
18604 204
18605 133
18606 122
18607 333
18608 141
18609 277
18610 219
18611 214
18612 250
18613 224
18614 295
18615 133
18616 243
18617 233
18618 203
18619 116
18620 166
18621 165
18622 6
18623 320
18624 124
18625 266
18626 196
18627 133
18628 213
18629 244
18630 283
18631 155
18632 174
18633 42
18634 233
18635 172
18636 202
18637 181
18638 166
18639 163
18640 158
18641 94
18642 332
18643 318
18644 187
18645 262
18646 74
18647 135
18648 284
18649 184
18650 163
18651 257
18652 186
18653 277
18654 156
18655 97
18656 136
18657 163
18658 435
18659 129
18660 80
18661 250
18662 247
18663 27
18664 329
18665 125
18666 173
18667 380
18668 189
18669 218
18670 272
18671 105
18672 110
18673 167
18674 193
18675 187
18676 262
18677 266
18678 219
18679 124
18680 291
18681 142
18682 109
18683 78
18684 413
18685 269
18686 128
18687 139
18688 314
18689 181
18690 326
18691 241
18692 127
18693 214
18694 215
18695 148
18696 236
18697 208
18698 78
18699 236
18700 127
18701 350
18702 296
18703 165
18704 171
18705 268
18706 83
18707 175
18708 107
18709 229
18710 263
18711 147
18712 279
18713 142
18714 186
18715 145
18716 49
18717 113
18718 227
18719 147
18720 227
18721 208
18722 72
18723 130
18724 136
18725 170
18726 498
18727 46
18728 120
18729 193
18730 136
18731 45
18732 28
18733 182
18734 369
18735 265
18736 284
18737 60
18738 157
18739 232
18740 145
18741 87
18742 189
18743 205
18744 211
18745 149
18746 178
18747 90
18748 258
18749 128
18750 149
18751 207
18752 258
18753 177
18754 230
18755 111
18756 164
18757 159
18758 385
18759 136
18760 69
18761 167
18762 240
18763 190
18764 78
18765 324
18766 235
18767 188
18768 128
18769 224
18770 194
18771 184
18772 187
18773 448
18774 126
18775 174
18776 227
18777 177
18778 162
18779 73
18780 115
18781 247
18782 150
18783 138
18784 186
18785 230
18786 169
18787 158
18788 299
18789 409
18790 177
18791 135
18792 189
18793 296
18794 163
18795 41
18796 131
18797 186
18798 96
18799 176
18800 53
18801 242
18802 237
18803 303
18804 300
18805 101
18806 135
18807 231
18808 268
18809 198
18810 198
18811 42
18812 96
18813 174
18814 212
18815 197
18816 159
18817 190
18818 225
18819 174
18820 76
18821 96
18822 263
18823 174
18824 33
18825 111
18826 89
18827 159
18828 236
18829 78
18830 163
18831 181
18832 112
18833 130
18834 162
18835 204
18836 148
18837 63
18838 104
18839 150
18840 161
18841 110
18842 212
18843 217
18844 29
18845 181
18846 396
18847 175
18848 280
18849 143
18850 105
18851 103
18852 340
18853 104
18854 302
18855 110
18856 162
18857 112
18858 213
18859 111
18860 184
18861 234
18862 90
18863 337
18864 83
18865 224
18866 304
18867 218
18868 208
18869 175
18870 146
18871 240
18872 235
18873 92
18874 169
18875 165
18876 308
18877 114
18878 178
18879 184
18880 76
18881 291
18882 121
18883 275
18884 189
18885 166
18886 119
18887 84
18888 206
18889 279
18890 416
18891 303
18892 200
18893 166
18894 230
18895 184
18896 138
18897 403
18898 81
18899 111
18900 209
18901 107
18902 192
18903 182
18904 481
18905 41
18906 134
18907 195
18908 90
18909 126
18910 140
18911 264
18912 55
18913 180
18914 190
18915 119
18916 19
18917 139
18918 346
18919 38
18920 158
18921 197
18922 114
18923 133
18924 238
18925 369
18926 151
18927 196
18928 259
18929 148
18930 317
18931 116
18932 55
18933 368
18934 130
18935 179
18936 155
18937 213
18938 227
18939 161
18940 95
18941 130
18942 241
18943 125
18944 163
18945 210
18946 206
18947 151
18948 199
18949 212
18950 155
18951 165
18952 221
18953 170
18954 191
18955 222
18956 164
18957 73
18958 226
18959 178
18960 202
18961 221
18962 48
18963 71
18964 77
18965 229
18966 92
18967 88
18968 207
18969 103
18970 153
18971 249
18972 174
18973 293
18974 438
18975 169
18976 273
18977 115
18978 159
18979 141
18980 127
18981 120
18982 231
18983 120
18984 100
18985 152
18986 240
18987 270
18988 159
18989 203
18990 196
18991 187
18992 200
18993 175
18994 301
18995 248
18996 126
18997 238
18998 325
18999 154
19000 147
19001 108
19002 308
19003 191
19004 163
19005 169
19006 310
19007 386
19008 179
19009 110
19010 175
19011 212
19012 102
19013 176
19014 193
19015 135
19016 236
19017 343
19018 254
19019 219
19020 83
19021 247
19022 229
19023 315
19024 226
19025 299
19026 233
19027 159
19028 203
19029 87
19030 156
19031 267
19032 102
19033 192
19034 189
19035 178
19036 205
19037 125
19038 97
19039 141
19040 80
19041 263
19042 123
19043 159
19044 235
19045 199
19046 172
19047 170
19048 175
19049 148
19050 162
19051 219
19052 291
19053 218
19054 97
19055 167
19056 147
19057 179
19058 126
19059 331
19060 194
19061 156
19062 212
19063 389
19064 196
19065 113
19066 154
19067 181
19068 182
19069 191
19070 247
19071 182
19072 281
19073 229
19074 201
19075 129
19076 260
19077 201
19078 256
19079 211
19080 291
19081 147
19082 175
19083 183
19084 174
19085 166
19086 77
19087 203
19088 139
19089 200
19090 257
19091 273
19092 199
19093 288
19094 209
19095 68
19096 16
19097 238
19098 270
19099 267
19100 149
19101 193
19102 123
19103 196
19104 73
19105 139
19106 120
19107 249
19108 118
19109 113
19110 84
19111 163
19112 243
19113 228
19114 202
19115 240
19116 303
19117 253
19118 117
19119 271
19120 155
19121 235
19122 173
19123 205
19124 95
19125 176
19126 246
19127 259
19128 381
19129 205
19130 207
19131 187
19132 149
19133 233
19134 37
19135 80
19136 54
19137 272
19138 126
19139 170
19140 93
19141 91
19142 68
19143 291
19144 255
19145 365
19146 132
19147 254
19148 231
19149 239
19150 140
19151 153
19152 108
19153 377
19154 178
19155 187
19156 127
19157 21
19158 213
19159 67
19160 151
19161 126
19162 205
19163 94
19164 90
19165 168
19166 40
19167 178
19168 80
19169 132
19170 140
19171 187
19172 53
19173 183
19174 412
19175 140
19176 219
19177 248
19178 165
19179 232
19180 177
19181 242
19182 169
19183 151
19184 237
19185 321
19186 244
19187 176
19188 67
19189 158
19190 290
19191 47
19192 123
19193 248
19194 178
19195 227
19196 512
19197 170
19198 447
19199 158
19200 277
19201 177
19202 158
19203 300
19204 255
19205 201
19206 87
19207 73
19208 170
19209 128
19210 147
19211 136
19212 186
19213 195
19214 182
19215 290
19216 222
19217 202
19218 132
19219 249
19220 66
19221 207
19222 166
19223 191
19224 84
19225 90
19226 148
19227 84
19228 181
19229 219
19230 48
19231 75
19232 123
19233 152
19234 168
19235 264
19236 306
19237 210
19238 246
19239 215
19240 177
19241 355
19242 250
19243 115
19244 132
19245 120
19246 223
19247 143
19248 307
19249 116
19250 69
19251 184
19252 156
19253 188
19254 243
19255 140
19256 137
19257 231
19258 241
19259 212
19260 183
19261 245
19262 62
19263 94
19264 75
19265 99
19266 255
19267 176
19268 199
19269 190
19270 177
19271 109
19272 94
19273 248
19274 373
19275 261
19276 142
19277 175
19278 171
19279 137
19280 127
19281 127
19282 114
19283 245
19284 67
19285 238
19286 183
19287 209
19288 329
19289 190
19290 122
19291 231
19292 197
19293 335
19294 90
19295 179
19296 80
19297 101
19298 108
19299 166
19300 152
19301 201
19302 187
19303 173
19304 197
19305 65
19306 53
19307 73
19308 82
19309 196
19310 224
19311 184
19312 112
19313 188
19314 183
19315 192
19316 292
19317 197
19318 109
19319 286
19320 189
19321 293
19322 238
19323 151
19324 78
19325 362
19326 108
19327 251
19328 88
19329 125
19330 139
19331 26
19332 238
19333 216
19334 156
19335 121
19336 163
19337 23
19338 14
19339 146
19340 125
19341 250
19342 206
19343 68
19344 204
19345 233
19346 195
19347 145
19348 153
19349 193
19350 153
19351 235
19352 45
19353 234
19354 185
19355 85
19356 199
19357 112
19358 96
19359 214
19360 222
19361 288
19362 126
19363 71
19364 134
19365 232
19366 52
19367 269
19368 387
19369 67
19370 300
19371 192
19372 195
19373 180
19374 170
19375 283
19376 145
19377 141
19378 257
19379 221
19380 89
19381 152
19382 251
19383 199
19384 160
19385 156
19386 125
19387 104
19388 249
19389 147
19390 62
19391 244
19392 205
19393 277
19394 117
19395 134
19396 151
19397 103
19398 247
19399 150
19400 70
19401 349
19402 142
19403 129
19404 196
19405 195
19406 229
19407 146
19408 65
19409 179
19410 202
19411 243
19412 159
19413 62
19414 209
19415 102
19416 171
19417 197
19418 222
19419 216
19420 117
19421 256
19422 347
19423 222
19424 236
19425 106
19426 267
19427 222
19428 190
19429 271
19430 233
19431 156
19432 38
19433 123
19434 232
19435 355
19436 159
19437 151
19438 138
19439 124
19440 185
19441 379
19442 218
19443 138
19444 155
19445 201
19446 187
19447 73
19448 418
19449 219
19450 135
19451 176
19452 62
19453 225
19454 202
19455 383
19456 125
19457 218
19458 165
19459 398
19460 39
19461 126
19462 117
19463 128
19464 28
19465 131
19466 154
19467 150
19468 396
19469 202
19470 148
19471 149
19472 139
19473 109
19474 142
19475 202
19476 97
19477 226
19478 70
19479 162
19480 167
19481 179
19482 125
19483 129
19484 39
19485 120
19486 226
19487 252
19488 152
19489 164
19490 260
19491 136
19492 206
19493 417
19494 109
19495 244
19496 128
19497 256
19498 89
19499 132
19500 195
19501 217
19502 143
19503 123
19504 216
19505 175
19506 282
19507 143
19508 254
19509 254
19510 303
19511 268
19512 216
19513 149
19514 159
19515 256
19516 188
19517 149
19518 184
19519 198
19520 174
19521 90
19522 114
19523 161
19524 281
19525 188
19526 185
19527 319
19528 243
19529 82
19530 156
19531 232
19532 223
19533 116
19534 159
19535 211
19536 268
19537 197
19538 199
19539 109
19540 101
19541 236
19542 227
19543 138
19544 135
19545 127
19546 335
19547 136
19548 244
19549 197
19550 131
19551 194
19552 127
19553 261
19554 225
19555 279
19556 93
19557 175
19558 179
19559 164
19560 77
19561 226
19562 72
19563 266
19564 61
19565 81
19566 251
19567 226
19568 401
19569 91
19570 326
19571 96
19572 167
19573 213
19574 98
19575 227
19576 205
19577 255
19578 277
19579 228
19580 156
19581 88
19582 240
19583 59
19584 128
19585 309
19586 313
19587 54
19588 160
19589 370
19590 135
19591 117
19592 251
19593 156
19594 227
19595 158
19596 266
19597 113
19598 184
19599 189
19600 259
19601 229
19602 139
19603 165
19604 228
19605 86
19606 170
19607 239
19608 159
19609 293
19610 233
19611 119
19612 222
19613 229
19614 263
19615 302
19616 290
19617 164
19618 312
19619 20
19620 166
19621 139
19622 130
19623 284
19624 15
19625 40
19626 73
19627 254
19628 188
19629 155
19630 148
19631 192
19632 96
19633 265
19634 82
19635 117
19636 338
19637 137
19638 278
19639 293
19640 259
19641 119
19642 211
19643 110
19644 128
19645 263
19646 162
19647 292
19648 101
19649 139
19650 244
19651 149
19652 151
19653 219
19654 95
19655 241
19656 148
19657 128
19658 36
19659 83
19660 111
19661 92
19662 185
19663 90
19664 147
19665 119
19666 173
19667 163
19668 72
19669 160
19670 110
19671 229
19672 148
19673 131
19674 94
19675 232
19676 119
19677 223
19678 111
19679 159
19680 332
19681 136
19682 98
19683 192
19684 167
19685 170
19686 151
19687 172
19688 303
19689 312
19690 206
19691 148
19692 189
19693 212
19694 76
19695 103
19696 95
19697 205
19698 200
19699 177
19700 159
19701 260
19702 118
19703 187
19704 204
19705 137
19706 174
19707 227
19708 16
19709 116
19710 184
19711 197
19712 143
19713 199
19714 137
19715 224
19716 343
19717 246
19718 176
19719 156
19720 158
19721 252
19722 137
19723 245
19724 271
19725 134
19726 207
19727 100
19728 107
19729 113
19730 59
19731 92
19732 201
19733 79
19734 205
19735 41
19736 177
19737 219
19738 291
19739 125
19740 148
19741 187
19742 209
19743 263
19744 87
19745 186
19746 214
19747 220
19748 336
19749 166
19750 240
19751 175
19752 160
19753 163
19754 283
19755 297
19756 180
19757 122
19758 181
19759 166
19760 410
19761 170
19762 414
19763 94
19764 233
19765 124
19766 234
19767 272
19768 213
19769 -3
19770 236
19771 224
19772 201
19773 100
19774 141
19775 178
19776 292
19777 125
19778 138
19779 168
19780 179
19781 252
19782 229
19783 133
19784 231
19785 57
19786 37
19787 166
19788 91
19789 282
19790 159
19791 165
19792 136
19793 188
19794 53
19795 40
19796 165
19797 108
19798 211
19799 187
19800 118
19801 72
19802 310
19803 220
19804 190
19805 49
19806 169
19807 192
19808 107
19809 208
19810 277
19811 417
19812 340
19813 105
19814 230
19815 260
19816 198
19817 181
19818 191
19819 179
19820 319
19821 163
19822 217
19823 141
19824 279
19825 185
19826 172
19827 112
19828 200
19829 107
19830 279
19831 292
19832 212
19833 295
19834 308
19835 224
19836 88
19837 187
19838 137
19839 281
19840 131
19841 369
19842 145
19843 295
19844 391
19845 80
19846 181
19847 107
19848 203
19849 229
19850 154
19851 254
19852 176
19853 59
19854 148
19855 66
19856 11
19857 181
19858 159
19859 113
19860 172
19861 132
19862 73
19863 60
19864 140
19865 213
19866 427
19867 132
19868 160
19869 224
19870 229
19871 89
19872 84
19873 241
19874 105
19875 238
19876 127
19877 169
19878 194
19879 207
19880 136
19881 136
19882 303
19883 205
19884 252
19885 257
19886 214
19887 130
19888 127
19889 72
19890 138
19891 127
19892 176
19893 223
19894 156
19895 167
19896 128
19897 299
19898 114
19899 173
19900 142
19901 116
19902 137
19903 415
19904 248
19905 112
19906 267
19907 335
19908 152
19909 292
19910 41
19911 359
19912 222
19913 380
19914 267
19915 227
19916 182
19917 79
19918 246
19919 207
19920 158
19921 122
19922 85
19923 126
19924 222
19925 267
19926 129
19927 203
19928 168
19929 117
19930 126
19931 213
19932 223
19933 251
19934 208
19935 147
19936 84
19937 102
19938 238
19939 120
19940 150
19941 93
19942 146
19943 206
19944 273
19945 137
19946 113
19947 95
19948 74
19949 117
19950 92
19951 255
19952 180
19953 288
19954 347
19955 105
19956 199
19957 227
19958 174
19959 233
19960 152
19961 231
19962 193
19963 188
19964 173
19965 126
19966 214
19967 188
19968 114
19969 135
19970 85
19971 86
19972 258
19973 127
19974 204
19975 249
19976 265
19977 53
19978 266
19979 113
19980 288
19981 163
19982 112
19983 145
19984 361
19985 163
19986 215
19987 162
19988 213
19989 193
19990 153
19991 180
19992 178
19993 109
19994 145
19995 83
19996 138
19997 286
19998 132
19999 220
20000 183
20001 140
20002 220
20003 237
20004 170
20005 133
20006 111
20007 30
20008 241
20009 129
20010 148
20011 166
20012 400
20013 201
20014 126
20015 282
20016 77
20017 208
20018 183
20019 177
20020 115
20021 163
20022 164
20023 153
20024 456
20025 147
20026 136
20027 232
20028 176
20029 86
20030 260
20031 6
20032 83
20033 151
20034 203
20035 112
20036 310
20037 231
20038 293
20039 317
20040 101
20041 109
20042 191
20043 259
20044 38
20045 167
20046 266
20047 39
20048 182
20049 156
20050 257
20051 170
20052 126
20053 69
20054 58
20055 200
20056 208
20057 122
20058 140
20059 164
20060 290
20061 118
20062 291
20063 137
20064 153
20065 194
20066 198
20067 188
20068 228
20069 155
20070 127
20071 107
20072 184
20073 201
20074 245
20075 131
20076 150
20077 74
20078 485
20079 130
20080 318
20081 253
20082 137
20083 226
20084 111
20085 243
20086 65
20087 190
20088 56
20089 88
20090 169
20091 203
20092 23
20093 275
20094 163
20095 211
20096 173
20097 376
20098 311
20099 131
20100 139
20101 99
20102 190
20103 354
20104 81
20105 159
20106 336
20107 130
20108 307
20109 153
20110 164
20111 164
20112 117
20113 175
20114 155
20115 -18
20116 193
20117 158
20118 81
20119 261
20120 167
20121 283
20122 218
20123 248
20124 143
20125 200
20126 138
20127 29
20128 94
20129 91
20130 357
20131 168
20132 205
20133 250
20134 234
20135 154
20136 140
20137 150
20138 211
20139 95
20140 168
20141 206
20142 364
20143 388
20144 125
20145 203
20146 58
20147 116
20148 146
20149 304
20150 272
20151 139
20152 76
20153 108
20154 193
20155 117
20156 252
20157 143
20158 268
20159 116
20160 150
20161 178
20162 153
20163 147
20164 124
20165 88
20166 331
20167 266
20168 305
20169 101
20170 97
20171 231
20172 106
20173 317
20174 89
20175 167
20176 297
20177 192
20178 126
20179 379
20180 137
20181 162
20182 152
20183 140
20184 120
20185 130
20186 142
20187 266
20188 223
20189 173
20190 314
20191 64
20192 155
20193 361
20194 256
20195 138
20196 224
20197 229
20198 405
20199 245
20200 122
20201 302
20202 256
20203 108
20204 126
20205 223
20206 157
20207 103
20208 237
20209 153
20210 121
20211 159
20212 106
20213 227
20214 38
20215 217
20216 174
20217 544
20218 159
20219 181
20220 150
20221 190
20222 145
20223 86
20224 124
20225 95
20226 109
20227 104
20228 202
20229 105
20230 238
20231 126
20232 286
20233 117
20234 158
20235 166
20236 64
20237 80
20238 281
20239 223
20240 209
20241 179
20242 147
20243 105
20244 148
20245 184
20246 282
20247 180
20248 174
20249 239
20250 207
20251 184
20252 153
20253 38
20254 205
20255 119
20256 358
20257 212
20258 175
20259 278
20260 30
20261 238
20262 212
20263 138
20264 198
20265 247
20266 323
20267 255
20268 137
20269 253
20270 88
20271 177
20272 165
20273 165
20274 156
20275 172
20276 141
20277 191
20278 190
20279 47
20280 129
20281 181
20282 363
20283 90
20284 207
20285 160
20286 165
20287 210
20288 162
20289 359
20290 220
20291 109
20292 217
20293 160
20294 234
20295 176
20296 149
20297 164
20298 325
20299 211
20300 107
20301 129
20302 89
20303 185
20304 101
20305 83
20306 206
20307 243
20308 112
20309 169
20310 86
20311 345
20312 168
20313 187
20314 168
20315 135
20316 150
20317 113
20318 169
20319 166
20320 129
20321 192
20322 129
20323 194
20324 169
20325 209
20326 200
20327 152
20328 216
20329 180
20330 359
20331 117
20332 39
20333 74
20334 100
20335 256
20336 136
20337 267
20338 160
20339 204
20340 118
20341 270
20342 210
20343 52
20344 6
20345 180
20346 164
20347 203
20348 196
20349 141
20350 153
20351 84
20352 140
20353 177
20354 139
20355 121
20356 174
20357 224
20358 21
20359 232
20360 71
20361 100
20362 224
20363 199
20364 150
20365 221
20366 147
20367 130
20368 103
20369 324
20370 186
20371 158
20372 135
20373 277
20374 25
20375 137
20376 164
20377 262
20378 194
20379 156
20380 216
20381 84
20382 230
20383 350
20384 213
20385 212
20386 186
20387 180
20388 46
20389 346
20390 232
20391 119
20392 184
20393 108
20394 132
20395 284
20396 111
20397 192
20398 72
20399 289
20400 275
20401 78
20402 353
20403 254
20404 190
20405 180
20406 133
20407 242
20408 161
20409 71
20410 150
20411 241
20412 354
20413 192
20414 157
20415 214
20416 149
20417 320
20418 108
20419 247
20420 379
20421 257
20422 118
20423 261
20424 198
20425 133
20426 294
20427 14
20428 311
20429 139
20430 255
20431 93
20432 257
20433 191
20434 115
20435 78
20436 109
20437 224
20438 102
20439 135
20440 155
20441 131
20442 238
20443 188
20444 210
20445 231
20446 290
20447 146
20448 152
20449 178
20450 196
20451 268
20452 168
20453 102
20454 278
20455 267
20456 177
20457 260
20458 162
20459 187
20460 147
20461 146
20462 163
20463 122
20464 87
20465 375
20466 33
20467 152
20468 313
20469 55
20470 139
20471 76
20472 176
20473 162
20474 247
20475 11
20476 236
20477 195
20478 174
20479 214
20480 59
20481 207
20482 169
20483 114
20484 142
20485 123
20486 125
20487 166
20488 137
20489 126
20490 194
20491 180
20492 167
20493 120
20494 100
20495 145
20496 185
20497 173
20498 207
20499 114
20500 314
20501 207
20502 89
20503 78
20504 76
20505 186
20506 188
20507 272
20508 272
20509 151
20510 164
20511 192
20512 299
20513 173
20514 194
20515 206
20516 152
20517 125
20518 152
20519 193
20520 419
20521 214
20522 80
20523 206
20524 332
20525 416
20526 153
20527 230
20528 123
20529 127
20530 208
20531 140
20532 105
20533 125
20534 153
20535 170
20536 266
20537 110
20538 303
20539 281
20540 193
20541 162
20542 235
20543 128
20544 149
20545 189
20546 168
20547 420
20548 235
20549 201
20550 217
20551 201
20552 49
20553 128
20554 200
20555 155
20556 474
20557 148
20558 122
20559 136
20560 178
20561 186
20562 305
20563 374
20564 209
20565 245
20566 175
20567 220
20568 303
20569 256
20570 149
20571 294
20572 153
20573 103
20574 204
20575 113
20576 99
20577 74
20578 35
20579 140
20580 205
20581 259
20582 175
20583 255
20584 195
20585 174
20586 222
20587 218
20588 167
20589 164
20590 118
20591 243
20592 119
20593 199
20594 192
20595 142
20596 127
20597 216
20598 150
20599 245
20600 86
20601 235
20602 138
20603 159
20604 48
20605 143
20606 78
20607 96
20608 190
20609 148
20610 204
20611 160
20612 294
20613 108
20614 170
20615 313
20616 257
20617 87
20618 186
20619 164
20620 138
20621 313
20622 114
20623 127
20624 52
20625 202
20626 141
20627 204
20628 197
20629 111
20630 236
20631 147
20632 236
20633 262
20634 152
20635 127
20636 145
20637 103
20638 173
20639 209
20640 90
20641 226
20642 233
20643 192
20644 376
20645 102
20646 288
20647 212
20648 202
20649 216
20650 266
20651 151
20652 19
20653 73
20654 141
20655 313
20656 190
20657 144
20658 163
20659 310
20660 219
20661 142
20662 124
20663 138
20664 200
20665 115
20666 167
20667 205
20668 213
20669 216
20670 192
20671 187
20672 199
20673 215
20674 174
20675 122
20676 330
20677 141
20678 99
20679 158
20680 135
20681 169
20682 126
20683 242
20684 193
20685 156
20686 139
20687 285
20688 106
20689 203
20690 205
20691 112
20692 54
20693 154
20694 98
20695 191
20696 312
20697 325
20698 147
20699 130
20700 139
20701 83
20702 156
20703 162
20704 220
20705 172
20706 81
20707 203
20708 53
20709 -3
20710 214
20711 176
20712 112
20713 110
20714 190
20715 221
20716 183
20717 100
20718 81
20719 181
20720 56
20721 322
20722 183
20723 255
20724 284
20725 239
20726 145
20727 206
20728 138
20729 162
20730 103
20731 187
20732 316
20733 80
20734 157
20735 76
20736 187
20737 198
20738 131
20739 142
20740 71
20741 149
20742 186
20743 218
20744 115
20745 51
20746 397
20747 122
20748 314
20749 214
20750 276
20751 124
20752 138
20753 201
20754 144
20755 223
20756 217
20757 194
20758 303
20759 194
20760 169
20761 299
20762 128
20763 122
20764 212
20765 107
20766 134
20767 238
20768 210
20769 81
20770 93
20771 295
20772 166
20773 408
20774 195
20775 174
20776 163
20777 186
20778 156
20779 323
20780 83
20781 142
20782 272
20783 131
20784 216
20785 187
20786 96
20787 269
20788 138
20789 201
20790 197
20791 228
20792 362
20793 141
20794 134
20795 95
20796 139
20797 212
20798 73
20799 192
20800 166
20801 242
20802 195
20803 265
20804 102
20805 261
20806 198
20807 165
20808 138
20809 87
20810 158
20811 162
20812 21
20813 123
20814 174
20815 283
20816 129
20817 125
20818 125
20819 135
20820 202
20821 126
20822 265
20823 241
20824 29
20825 259
20826 171
20827 208
20828 178
20829 250
20830 71
20831 243
20832 187
20833 139
20834 36
20835 228
20836 156
20837 54
20838 262
20839 125
20840 164
20841 221
20842 251
20843 221
20844 161
20845 119
20846 262
20847 101
20848 159
20849 107
20850 254
20851 87
20852 160
20853 108
20854 160
20855 399
20856 78
20857 125
20858 164
20859 127
20860 112
20861 198
20862 221
20863 231
20864 220
20865 153
20866 377
20867 44
20868 238
20869 132
20870 151
20871 185
20872 224
20873 100
20874 107
20875 237
20876 234
20877 399
20878 224
20879 32
20880 253
20881 142
20882 176
20883 144
20884 160
20885 198
20886 248
20887 325
20888 301
20889 181
20890 221
20891 115
20892 243
20893 422
20894 330
20895 230
20896 147
20897 107
20898 350
20899 0
20900 278
20901 253
20902 214
20903 144
20904 68
20905 256
20906 130
20907 276
20908 268
20909 258
20910 124
20911 167
20912 158
20913 173
20914 49
20915 156
20916 205
20917 334
20918 147
20919 227
20920 171
20921 96
20922 295
20923 177
20924 259
20925 186
20926 147
20927 159
20928 186
20929 122
20930 174
20931 157
20932 229
20933 217
20934 163
20935 73
20936 217
20937 252
20938 363
20939 159
20940 179
20941 107
20942 163
20943 140
20944 178
20945 92
20946 217
20947 445
20948 149
20949 145
20950 91
20951 311
20952 343
20953 204
20954 253
20955 77
20956 180
20957 79
20958 267
20959 180
20960 127
20961 130
20962 191
20963 292
20964 118
20965 225
20966 173
20967 365
20968 210
20969 191
20970 161
20971 156
20972 216
20973 188
20974 524
20975 140
20976 457
20977 180
20978 144
20979 317
20980 175
20981 301
20982 89
20983 222
20984 277
20985 137
20986 173
20987 107
20988 151
20989 203
20990 60
20991 258
20992 404
20993 227
20994 99
20995 216
20996 164
20997 130
20998 110
20999 178
21000 49
21001 317
21002 230
21003 213
21004 223
21005 121
21006 164
21007 127
21008 224
21009 227
21010 139
21011 112
21012 123
21013 121
21014 79
21015 177
21016 161
21017 117
21018 258
21019 273
21020 152
21021 76
21022 210
21023 48
21024 161
21025 140
21026 202
21027 114
21028 283
21029 225
21030 156
21031 177
21032 119
21033 52
21034 225
21035 128
21036 260
21037 161
21038 196
21039 182
21040 159
21041 62
21042 270
21043 176
21044 144
21045 124
21046 288
21047 152
21048 190
21049 41
21050 78
21051 201
21052 200
21053 84
21054 259
21055 396
21056 406
21057 318
21058 134
21059 268
21060 11
21061 218
21062 120
21063 185
21064 176
21065 227
21066 198
21067 167
21068 65
21069 103
21070 136
21071 41
21072 199
21073 186
21074 147
21075 267
21076 125
21077 116
21078 313
21079 305
21080 112
21081 307
21082 47
21083 209
21084 172
21085 198
21086 77
21087 297
21088 362
21089 321
21090 118
21091 147
21092 120
21093 408
21094 123
21095 127
21096 95
21097 305
21098 164
21099 259
21100 161
21101 178
21102 29
21103 132
21104 184
21105 117
21106 71
21107 189
21108 91
21109 198
21110 16
21111 196
21112 163
21113 132
21114 93
21115 120
21116 120
21117 180
21118 171
21119 143
21120 26
21121 152
21122 253
21123 172
21124 136
21125 177
21126 374
21127 228
21128 155
21129 69
21130 207
21131 230
21132 220
21133 245
21134 166
21135 266
21136 236
21137 252
21138 253
21139 112
21140 104
21141 263
21142 302
21143 110
21144 268
21145 222
21146 176
21147 256
21148 233
21149 251
21150 122
21151 258
21152 132
21153 232
21154 229
21155 173
21156 89
21157 148
21158 106
21159 198
21160 74
21161 112
21162 181
21163 87
21164 104
21165 148
21166 411
21167 128
21168 131
21169 143
21170 71
21171 92
21172 83
21173 162
21174 184
21175 236
21176 167
21177 123
21178 198
21179 121
21180 108
21181 29
21182 110
21183 238
21184 169
21185 183
21186 195
21187 4
21188 181
21189 223
21190 199
21191 189
21192 152
21193 347
21194 142
21195 186
21196 211
21197 194
21198 174
21199 309
21200 267
21201 77
21202 371
21203 105
21204 249
21205 186
21206 95
21207 383
21208 219
21209 33
21210 243
21211 138
21212 234
21213 172
21214 155
21215 454
21216 173
21217 250
21218 232
21219 205
21220 131
21221 251
21222 281
21223 222
21224 213
21225 194
21226 283
21227 162
21228 127
21229 152
21230 168
21231 12
21232 120
21233 122
21234 65
21235 200
21236 84
21237 148
21238 41
21239 149
21240 214
21241 265
21242 64
21243 98
21244 191
21245 132
21246 139
21247 175
21248 122
21249 150
21250 185
21251 74
21252 124
21253 170
21254 148
21255 91
21256 195
21257 112
21258 216
21259 272
21260 155
21261 193
21262 189
21263 53
21264 119
21265 69
21266 299
21267 111
21268 48
21269 135
21270 34
21271 237
21272 127
21273 183
21274 115
21275 192
21276 151
21277 121
21278 146
21279 154
21280 266
21281 235
21282 243
21283 148
21284 141
21285 122
21286 151
21287 152
21288 90
21289 151
21290 172
21291 136
21292 203
21293 98
21294 185
21295 147
21296 136
21297 417
21298 137
21299 126
21300 162
21301 187
21302 121
21303 236
21304 135
21305 240
21306 167
21307 172
21308 339
21309 123
21310 218
21311 57
21312 252
21313 207
21314 168
21315 253
21316 160
21317 185
21318 418
21319 120
21320 168
21321 246
21322 250
21323 128
21324 237
21325 182
21326 226
21327 177
21328 215
21329 189
21330 173
21331 108
21332 157
21333 241
21334 119
21335 170
21336 104
21337 269
21338 332
21339 111
21340 327
21341 348
21342 251
21343 170
21344 222
21345 166
21346 237
21347 257
21348 254
21349 251
21350 92
21351 88
21352 204
21353 96
21354 187
21355 163
21356 204
21357 173
21358 70
21359 51
21360 258
21361 205
21362 91
21363 265
21364 256
21365 338
21366 76
21367 226
21368 130
21369 117
21370 142
21371 90
21372 93
21373 94
21374 238
21375 451
21376 217
21377 191
21378 172
21379 59
21380 183
21381 103
21382 95
21383 178
21384 111
21385 262
21386 56
21387 243
21388 74
21389 263
21390 180
21391 117
21392 183
21393 228
21394 106
21395 178
21396 235
21397 67
21398 118
21399 195
21400 108
21401 213
21402 153
21403 332
21404 175
21405 231
21406 126
21407 236
21408 283
21409 326
21410 187
21411 145
21412 82
21413 407
21414 77
21415 186
21416 390
21417 301
21418 144
21419 180
21420 232
21421 172
21422 260
21423 217
21424 188
21425 109
21426 101
21427 72
21428 213
21429 157
21430 177
21431 142
21432 100
21433 45
21434 129
21435 120
21436 151
21437 120
21438 144
21439 155
21440 200
21441 177
21442 211
21443 225
21444 148
21445 138
21446 123
21447 183
21448 177
21449 168
21450 271
21451 187
21452 139
21453 251
21454 174
21455 312
21456 140
21457 187
21458 181
21459 219
21460 155
21461 104
21462 187
21463 361
21464 238
21465 132
21466 136
21467 171
21468 257
21469 112
21470 155
21471 213
21472 148
21473 89
21474 271
21475 123
21476 63
21477 116
21478 167
21479 193
21480 192
21481 136
21482 113
21483 157
21484 130
21485 157
21486 92
21487 150
21488 254
21489 294
21490 140
21491 230
21492 136
21493 164
21494 109
21495 178
21496 123
21497 233
21498 210
21499 53
21500 350
21501 149
21502 48
21503 232
21504 257
21505 253
21506 137
21507 219
21508 167
21509 107
21510 308
21511 172
21512 202
21513 243
21514 169
21515 111
21516 42
21517 181
21518 168
21519 97
21520 184
21521 242
21522 139
21523 136
21524 180
21525 191
21526 118
21527 365
21528 137
21529 324
21530 162
21531 201
21532 154
21533 172
21534 276
21535 436
21536 246
21537 229
21538 154
21539 243
21540 221
21541 230
21542 158
21543 59
21544 175
21545 197
21546 241
21547 182
21548 243
21549 112
21550 188
21551 241
21552 151
21553 113
21554 157
21555 30
21556 158
21557 58
21558 165
21559 239
21560 153
21561 188
21562 150
21563 140
21564 131
21565 99
21566 273
21567 171
21568 296
21569 205
21570 211
21571 285
21572 182
21573 150
21574 218
21575 225
21576 132
21577 170
21578 269
21579 207
21580 225
21581 237
21582 226
21583 119
21584 118
21585 98
21586 389
21587 147
21588 155
21589 216
21590 59
21591 191
21592 246
21593 259
21594 231
21595 181
21596 174
21597 141
21598 272
21599 225
21600 135
21601 89
21602 125
21603 201
21604 267
21605 195
21606 255
21607 87
21608 194
21609 253
21610 206
21611 259
21612 63
21613 81
21614 218
21615 269
21616 246
21617 148
21618 170
21619 253
21620 163
21621 172
21622 307
21623 256
21624 276
21625 250
21626 42
21627 189
21628 140
21629 243
21630 351
21631 155
21632 179
21633 85
21634 161
21635 163
21636 106
21637 246
21638 313
21639 339
21640 97
21641 200
21642 102
21643 143
21644 119
21645 253
21646 142
21647 149
21648 157
21649 268
21650 192
21651 129
21652 66
21653 134
21654 131
21655 254
21656 236
21657 156
21658 227
21659 107
21660 17
21661 218
21662 86
21663 171
21664 204
21665 174
21666 230
21667 442
21668 131
21669 31
21670 174
21671 272
21672 77
21673 141
21674 299
21675 49
21676 164
21677 88
21678 69
21679 70
21680 162
21681 130
21682 56
21683 219
21684 269
21685 250
21686 206
21687 87
21688 148
21689 73
21690 198
21691 292
21692 206
21693 173
21694 193
21695 203
21696 292
21697 205
21698 136
21699 70
21700 182
21701 280
21702 341
21703 346
21704 348
21705 176
21706 377
21707 218
21708 170
21709 93
21710 219
21711 153
21712 84
21713 116
21714 108
21715 180
21716 102
21717 70
21718 134
21719 410
21720 116
21721 84
21722 285
21723 119
21724 192
21725 162
21726 248
21727 94
21728 80
21729 104
21730 116
21731 227
21732 203
21733 157
21734 80
21735 149
21736 280
21737 197
21738 173
21739 63
21740 215
21741 106
21742 225
21743 131
21744 238
21745 181
21746 90
21747 216
21748 75
21749 130
21750 427
21751 255
21752 130
21753 268
21754 174
21755 131
21756 123
21757 65
21758 130
21759 151
21760 166
21761 39
21762 210
21763 265
21764 116
21765 145
21766 59
21767 56
21768 168
21769 8
21770 188
21771 93
21772 52
21773 149
21774 153
21775 351
21776 250
21777 181
21778 177
21779 209
21780 150
21781 192
21782 60
21783 218
21784 180
21785 185
21786 288
21787 138
21788 92
21789 97
21790 131
21791 209
21792 150
21793 342
21794 117
21795 139
21796 196
21797 251
21798 201
21799 170
21800 160
21801 256
21802 222
21803 106
21804 119
21805 150
21806 218
21807 71
21808 163
21809 90
21810 163
21811 113
21812 156
21813 155
21814 309
21815 200
21816 137
21817 208
21818 108
21819 69
21820 239
21821 130
21822 186
21823 260
21824 152
21825 252
21826 117
21827 178
21828 354
21829 202
21830 185
21831 131
21832 122
21833 146
21834 264
21835 226
21836 152
21837 195
21838 215
21839 214
21840 137
21841 184
21842 112
21843 188
21844 153
21845 116
21846 60
21847 126
21848 59
21849 229
21850 125
21851 211
21852 214
21853 199
21854 146
21855 149
21856 121
21857 203
21858 201
21859 308
21860 116
21861 90
21862 296
21863 105
21864 250
21865 155
21866 143
21867 171
21868 187
21869 121
21870 175
21871 26
21872 148
21873 69
21874 117
21875 72
21876 57
21877 153
21878 218
21879 123
21880 180
21881 95
21882 177
21883 243
21884 107
21885 306
21886 223
21887 102
21888 107
21889 97
21890 157
21891 124
21892 189
21893 55
21894 77
21895 177
21896 190
21897 424
21898 301
21899 104
21900 211
21901 223
21902 146
21903 51
21904 169
21905 137
21906 79
21907 184
21908 445
21909 181
21910 207
21911 319
21912 138
21913 113
21914 117
21915 353
21916 248
21917 166
21918 280
21919 157
21920 9
21921 147
21922 304
21923 131
21924 359
21925 169
21926 240
21927 249
21928 183
21929 109
21930 92
21931 118
21932 102
21933 131
21934 111
21935 203
21936 180
21937 215
21938 197
21939 171
21940 196
21941 230
21942 142
21943 74
21944 171
21945 89
21946 110
21947 297
21948 190
21949 34
21950 273
21951 169
21952 226
21953 74
21954 163
21955 291
21956 168
21957 204
21958 91
21959 149
21960 77
21961 415
21962 352
21963 238
21964 218
21965 168
21966 290
21967 338
21968 113
21969 175
21970 123
21971 201
21972 244
21973 170
21974 171
21975 4
21976 201
21977 51
21978 125
21979 247
21980 170
21981 204
21982 136
21983 224
21984 71
21985 197
21986 164
21987 331
21988 264
21989 207
21990 213
21991 316
21992 125
21993 152
21994 169
21995 127
21996 171
21997 216
21998 155
21999 190
22000 234
22001 151
22002 126
22003 153
22004 142
22005 202
22006 71
22007 256
22008 36
22009 307
22010 55
22011 344
22012 143
22013 166
22014 138
22015 164
22016 194
22017 100
22018 119
22019 75
22020 344
22021 191
22022 136
22023 198
22024 66
22025 314
22026 125
22027 198
22028 259
22029 324
22030 268
22031 161
22032 355
22033 241
22034 85
22035 192
22036 104
22037 180
22038 232
22039 86
22040 188
22041 206
22042 68
22043 102
22044 114
22045 252
22046 127
22047 189
22048 224
22049 157
22050 135
22051 140
22052 278
22053 80
22054 108
22055 99
22056 209
22057 151
22058 115
22059 111
22060 98
22061 377
22062 217
22063 145
22064 234
22065 151
22066 98
22067 177
22068 137
22069 177
22070 129
22071 124
22072 163
22073 243
22074 273
22075 129
22076 212
22077 261
22078 329
22079 204
22080 158
22081 334
22082 177
22083 139
22084 196
22085 168
22086 86
22087 255
22088 153
22089 163
22090 79
22091 187
22092 118
22093 141
22094 135
22095 119
22096 134
22097 188
22098 125
22099 359
22100 297
22101 54
22102 282
22103 109
22104 320
22105 120
22106 72
22107 169
22108 230
22109 171
22110 509
22111 341
22112 91
22113 53
22114 186
22115 286
22116 190
22117 198
22118 166
22119 225
22120 169
22121 419
22122 64
22123 200
22124 227
22125 113
22126 221
22127 124
22128 179
22129 170
22130 123
22131 173
22132 179
22133 180
22134 74
22135 171
22136 187
22137 234
22138 126
22139 102
22140 128
22141 237
22142 110
22143 181
22144 200
22145 127
22146 244
22147 192
22148 186
22149 157
22150 123
22151 207
22152 198
22153 92
22154 131
22155 246
22156 196
22157 185
22158 60
22159 182
22160 66
22161 81
22162 377
22163 163
22164 347
22165 87
22166 159
22167 155
22168 215
22169 155
22170 36
22171 331
22172 226
22173 89
22174 140
22175 118
22176 333
22177 170
22178 25
22179 151
22180 122
22181 187
22182 144
22183 333
22184 232
22185 261
22186 126
22187 177
22188 200
22189 242
22190 165
22191 245
22192 134
22193 129
22194 174
22195 74
22196 285
22197 160
22198 271
22199 146
22200 142
22201 161
22202 316
22203 405
22204 132
22205 95
22206 196
22207 76
22208 67
22209 177
22210 182
22211 65
22212 20
22213 155
22214 204
22215 164
22216 125
22217 127
22218 193
22219 130
22220 130
22221 184
22222 145
22223 216
22224 206
22225 217
22226 149
22227 319
22228 178
22229 166
22230 258
22231 94
22232 289
22233 209
22234 130
22235 165
22236 111
22237 182
22238 412
22239 236
22240 215
22241 278
22242 347
22243 209
22244 272
22245 150
22246 113
22247 171
22248 129
22249 219
22250 246
22251 91
22252 201
22253 248
22254 142
22255 127
22256 117
22257 88
22258 244
22259 358
22260 277
22261 219
22262 108
22263 273
22264 242
22265 151
22266 75
22267 243
22268 333
22269 112
22270 92
22271 131
22272 133
22273 199
22274 205
22275 149
22276 38
22277 141
22278 247
22279 292
22280 353
22281 99
22282 150
22283 190
22284 173
22285 78
22286 26
22287 144
22288 244
22289 102
22290 112
22291 355
22292 103
22293 104
22294 161
22295 235
22296 200
22297 159
22298 105
22299 201
22300 296
22301 216
22302 189
22303 88
22304 153
22305 286
22306 182
22307 153
22308 111
22309 102
22310 147
22311 165
22312 170
22313 127
22314 265
22315 290
22316 243
22317 194
22318 160
22319 224
22320 227
22321 100
22322 134
22323 192
22324 116
22325 215
22326 86
22327 180
22328 115
22329 216
22330 132
22331 143
22332 321
22333 156
22334 142
22335 181
22336 46
22337 191
22338 333
22339 314
22340 143
22341 199
22342 125
22343 246
22344 126
22345 131
22346 207
22347 161
22348 107
22349 174
22350 222
22351 94
22352 273
22353 105
22354 105
22355 106
22356 267
22357 161
22358 179
22359 114
22360 186
22361 62
22362 158
22363 185
22364 288
22365 141
22366 320
22367 225
22368 114
22369 209
22370 152
22371 65
22372 159
22373 64
22374 166
22375 164
22376 255
22377 55
22378 127
22379 76
22380 126
22381 155
22382 166
22383 232
22384 156
22385 235
22386 72
22387 131
22388 281
22389 272
22390 205
22391 197
22392 235
22393 265
22394 178
22395 104
22396 373
22397 150
22398 150
22399 175
22400 156
22401 282
22402 129
22403 221
22404 370
22405 112
22406 164
22407 154
22408 134
22409 204
22410 381
22411 113
22412 21
22413 189
22414 182
22415 103
22416 172
22417 112
22418 232
22419 112
22420 98
22421 438
22422 150
22423 153
22424 143
22425 180
22426 189
22427 130
22428 46
22429 171
22430 129
22431 160
22432 200
22433 109
22434 203
22435 364
22436 115
22437 138
22438 70
22439 209
22440 227
22441 110
22442 75
22443 286
22444 141
22445 137
22446 193
22447 141
22448 249
22449 95
22450 55
22451 257
22452 306
22453 217
22454 167
22455 145
22456 165
22457 131
22458 245
22459 267
22460 107
22461 220
22462 267
22463 243
22464 165
22465 120
22466 165
22467 80
22468 111
22469 189
22470 157
22471 182
22472 248
22473 230
22474 219
22475 174
22476 443
22477 199
22478 249
22479 206
22480 131
22481 141
22482 225
22483 196
22484 299
22485 26
22486 264
22487 67
22488 268
22489 266
22490 240
22491 115
22492 276
22493 224
22494 236
22495 225
22496 113
22497 136
22498 201
22499 177
22500 214
22501 308
22502 307
22503 348
22504 166
22505 185
22506 266
22507 202
22508 167
22509 197
22510 200
22511 214
22512 184
22513 230
22514 193
22515 118
22516 413
22517 119
22518 112
22519 177
22520 177
22521 183
22522 96
22523 215
22524 82
22525 122
22526 360
22527 129
22528 76
22529 349
22530 224
22531 363
22532 105
22533 201
22534 50
22535 184
22536 103
22537 119
22538 166
22539 253
22540 141
22541 189
22542 176
22543 152
22544 75
22545 226
22546 183
22547 131
22548 290
22549 186
22550 109
22551 196
22552 258
22553 116
22554 155
22555 206
22556 198
22557 255
22558 113
22559 176
22560 113
22561 176
22562 34
22563 71
22564 356
22565 129
22566 160
22567 106
22568 173
22569 249
22570 142
22571 208
22572 87
22573 407
22574 215
22575 181
22576 120
22577 208
22578 165
22579 243
22580 115
22581 195
22582 206
22583 217
22584 177
22585 174
22586 114
22587 155
22588 174
22589 323
22590 67
22591 215
22592 158
22593 249
22594 177
22595 101
22596 199
22597 181
22598 306
22599 283
22600 187
22601 148
22602 247
22603 166
22604 236
22605 116
22606 162
22607 27
22608 273
22609 245
22610 128
22611 387
22612 221
22613 238
22614 188
22615 261
22616 192
22617 185
22618 176
22619 237
22620 113
22621 154
22622 382
22623 311
22624 251
22625 276
22626 141
22627 230
22628 356
22629 174
22630 46
22631 217
22632 185
22633 83
22634 146
22635 229
22636 102
22637 389
22638 217
22639 162
22640 98
22641 169
22642 279
22643 150
22644 229
22645 133
22646 164
22647 239
22648 124
22649 197
22650 292
22651 270
22652 289
22653 67
22654 226
22655 168
22656 106
22657 140
22658 176
22659 128
22660 434
22661 121
22662 230
22663 140
22664 131
22665 78
22666 250
22667 214
22668 229
22669 277
22670 38
22671 266
22672 121
22673 60
22674 244
22675 142
22676 77
22677 199
22678 211
22679 213
22680 61
22681 149
22682 267
22683 201
22684 116
22685 130
22686 325
22687 189
22688 357
22689 173
22690 181
22691 337
22692 247
22693 190
22694 272
22695 242
22696 205
22697 95
22698 229
22699 253
22700 116
22701 177
22702 81
22703 210
22704 196
22705 177
22706 170
22707 220
22708 67
22709 161
22710 225
22711 357
22712 82
22713 113
22714 173
22715 160
22716 87
22717 160
22718 231
22719 166
22720 264
22721 218
22722 222
22723 153
22724 155
22725 98
22726 70
22727 360
22728 182
22729 136
22730 233
22731 118
22732 286
22733 206
22734 152
22735 257
22736 60
22737 142
22738 259
22739 124
22740 157
22741 322
22742 34
22743 211
22744 177
22745 226
22746 91
22747 148
22748 267
22749 258
22750 211
22751 137
22752 135
22753 85
22754 220
22755 228
22756 181
22757 202
22758 353
22759 307
22760 213
22761 212
22762 132
22763 187
22764 162
22765 122
22766 160
22767 212
22768 281
22769 145
22770 189
22771 270
22772 173
22773 144
22774 115
22775 106
22776 63
22777 152
22778 77
22779 152
22780 213
22781 219
22782 158
22783 65
22784 161
22785 207
22786 61
22787 213
22788 51
22789 88
22790 193
22791 90
22792 128
22793 221
22794 225
22795 177
22796 155
22797 157
22798 114
22799 129
22800 247
22801 141
22802 130
22803 160
22804 226
22805 81
22806 232
22807 286
22808 197
22809 191
22810 177
22811 334
22812 377
22813 219
22814 151
22815 157
22816 137
22817 246
22818 277
22819 139
22820 145
22821 191
22822 191
22823 206
22824 138
22825 142
22826 170
22827 57
22828 204
22829 114
22830 90
22831 172
22832 293
22833 197
22834 62
22835 189
22836 191
22837 229
22838 175
22839 152
22840 0
22841 151
22842 113
22843 172
22844 98
22845 143
22846 203
22847 136
22848 160
22849 174
22850 199
22851 85
22852 200
22853 203
22854 75
22855 95
22856 94
22857 79
22858 233
22859 121
22860 283
22861 283
22862 72
22863 199
22864 200
22865 207
22866 111
22867 384
22868 192
22869 124
22870 153
22871 272
22872 188
22873 233
22874 138
22875 188
22876 135
22877 67
22878 126
22879 179
22880 39
22881 61
22882 136
22883 109
22884 258
22885 289
22886 169
22887 210
22888 160
22889 146
22890 141
22891 182
22892 197
22893 373
22894 177
22895 203
22896 218
22897 189
22898 74
22899 173
22900 169
22901 168
22902 136
22903 264
22904 239
22905 89
22906 163
22907 175
22908 154
22909 239
22910 289
22911 217
22912 261
22913 278
22914 189
22915 254
22916 348
22917 226
22918 250
22919 199
22920 462
22921 338
22922 232
22923 147
22924 129
22925 97
22926 122
22927 125
22928 239
22929 183
22930 300
22931 274
22932 169
22933 153
22934 106
22935 159
22936 24
22937 158
22938 260
22939 115
22940 204
22941 108
22942 229
22943 167
22944 140
22945 246
22946 100
22947 259
22948 201
22949 87
22950 127
22951 31
22952 108
22953 154
22954 350
22955 188
22956 235
22957 105
22958 131
22959 78
22960 204
22961 187
22962 131
22963 146
22964 306
22965 339
22966 132
22967 196
22968 236
22969 202
22970 192
22971 156
22972 188
22973 0
22974 252
22975 118
22976 135
22977 155
22978 66
22979 104
22980 297
22981 57
22982 161
22983 247
22984 252
22985 172
22986 217
22987 197
22988 168
22989 163
22990 91
22991 230
22992 174
22993 191
22994 186
22995 168
22996 242
22997 121
22998 149
22999 164
23000 134
23001 136
23002 129
23003 85
23004 392
23005 147
23006 156
23007 212
23008 185
23009 172
23010 215
23011 184
23012 145
23013 264
23014 153
23015 180
23016 113
23017 271
23018 62
23019 69
23020 189
23021 233
23022 50
23023 99
23024 85
23025 367
23026 127
23027 91
23028 68
23029 167
23030 282
23031 146
23032 156
23033 262
23034 255
23035 141
23036 168
23037 187
23038 94
23039 173
23040 136
23041 209
23042 132
23043 165
23044 246
23045 149
23046 260
23047 140
23048 84
23049 127
23050 120
23051 93
23052 162
23053 209
23054 320
23055 200
23056 288
23057 229
23058 215
23059 167
23060 288
23061 187
23062 27
23063 97
23064 164
23065 89
23066 94
23067 161
23068 327
23069 124
23070 23
23071 176
23072 159
23073 93
23074 125
23075 103
23076 158
23077 227
23078 76
23079 221
23080 306
23081 193
23082 174
23083 114
23084 143
23085 359
23086 241
23087 92
23088 231
23089 94
23090 381
23091 309
23092 205
23093 192
23094 164
23095 108
23096 200
23097 345
23098 450
23099 146
23100 115
23101 249
23102 77
23103 128
23104 195
23105 16
23106 139
23107 191
23108 241
23109 151
23110 89
23111 230
23112 141
23113 259
23114 49
23115 202
23116 198
23117 116
23118 285
23119 154
23120 109
23121 182
23122 229
23123 80
23124 399
23125 306
23126 105
23127 276
23128 110
23129 179
23130 186
23131 114
23132 228
23133 224
23134 91
23135 222
23136 186
23137 193
23138 155
23139 276
23140 287
23141 173
23142 226
23143 89
23144 174
23145 144
23146 112
23147 135
23148 177
23149 241
23150 102
23151 91
23152 135
23153 104
23154 305
23155 81
23156 107
23157 49
23158 117
23159 202
23160 390
23161 196
23162 131
23163 217
23164 165
23165 192
23166 192
23167 229
23168 86
23169 317
23170 129
23171 255
23172 122
23173 142
23174 99
23175 42
23176 20
23177 168
23178 97
23179 165
23180 57
23181 253
23182 253
23183 249
23184 210
23185 215
23186 300
23187 276
23188 48
23189 190
23190 104
23191 176
23192 288
23193 244
23194 172
23195 143
23196 122
23197 298
23198 182
23199 185
23200 70
23201 118
23202 319
23203 204
23204 144
23205 229
23206 386
23207 216
23208 151
23209 166
23210 207
23211 72
23212 74
23213 125
23214 374
23215 144
23216 216
23217 151
23218 239
23219 216
23220 55
23221 321
23222 148
23223 230
23224 234
23225 272
23226 281
23227 51
23228 134
23229 112
23230 201
23231 114
23232 121
23233 218
23234 262
23235 61
23236 213
23237 208
23238 104
23239 57
23240 216
23241 229
23242 181
23243 243
23244 142
23245 187
23246 149
23247 284
23248 155
23249 231
23250 213
23251 264
23252 157
23253 258
23254 74
23255 20
23256 144
23257 204
23258 148
23259 87
23260 107
23261 274
23262 226
23263 278
23264 154
23265 190
23266 305
23267 267
23268 238
23269 197
23270 361
23271 175
23272 162
23273 260
23274 162
23275 200
23276 385
23277 143
23278 260
23279 258
23280 162
23281 144
23282 128
23283 289
23284 149
23285 186
23286 166
23287 168
23288 116
23289 334
23290 106
23291 284
23292 219
23293 279
23294 162
23295 231
23296 247
23297 101
23298 112
23299 188
23300 184
23301 153
23302 294
23303 108
23304 126
23305 146
23306 182
23307 409
23308 172
23309 239
23310 126
23311 189
23312 265
23313 204
23314 173
23315 73
23316 198
23317 265
23318 208
23319 208
23320 280
23321 118
23322 144
23323 208
23324 114
23325 124
23326 221
23327 226
23328 188
23329 164
23330 242
23331 245
23332 220
23333 170
23334 111
23335 135
23336 79
23337 183
23338 131
23339 144
23340 110
23341 154
23342 204
23343 186
23344 129
23345 230
23346 154
23347 336
23348 178
23349 75
23350 398
23351 105
23352 290
23353 108
23354 302
23355 201
23356 323
23357 155
23358 419
23359 258
23360 239
23361 148
23362 234
23363 269
23364 110
23365 293
23366 181
23367 116
23368 137
23369 363
23370 61
23371 90
23372 132
23373 173
23374 218
23375 166
23376 312
23377 53
23378 89
23379 149
23380 113
23381 186
23382 156
23383 196
23384 184
23385 186
23386 154
23387 158
23388 161
23389 111
23390 93
23391 79
23392 132
23393 188
23394 263
23395 191
23396 263
23397 182
23398 263
23399 306
23400 104
23401 233
23402 156
23403 159
23404 182
23405 177
23406 236
23407 60
23408 116
23409 201
23410 382
23411 77
23412 112
23413 181
23414 215
23415 156
23416 165
23417 188
23418 339
23419 150
23420 128
23421 126
23422 75
23423 85
23424 227
23425 172
23426 25
23427 85
23428 140
23429 232
23430 126
23431 317
23432 199
23433 158
23434 370
23435 298
23436 170
23437 83
23438 156
23439 155
23440 97
23441 156
23442 189
23443 108
23444 250
23445 79
23446 29
23447 227
23448 189
23449 208
23450 214
23451 226
23452 108
23453 234
23454 132
23455 207
23456 154
23457 131
23458 66
23459 64
23460 185
23461 162
23462 203
23463 223
23464 196
23465 197
23466 166
23467 135
23468 262
23469 247
23470 109
23471 221
23472 87
23473 208
23474 48
23475 278
23476 147
23477 256
23478 177
23479 160
23480 46
23481 174
23482 141
23483 209
23484 146
23485 287
23486 274
23487 156
23488 184
23489 142
23490 53
23491 182
23492 88
23493 290
23494 218
23495 201
23496 152
23497 202
23498 191
23499 103
23500 412
23501 181
23502 168
23503 247
23504 313
23505 292
23506 163
23507 286
23508 267
23509 157
23510 128
23511 180
23512 157
23513 117
23514 98
23515 256
23516 247
23517 217
23518 309
23519 409
23520 272
23521 208
23522 30
23523 385
23524 284
23525 242
23526 132
23527 175
23528 94
23529 100
23530 131
23531 222
23532 183
23533 88
23534 416
23535 64
23536 200
23537 201
23538 162
23539 207
23540 227
23541 158
23542 128
23543 200
23544 129
23545 123
23546 163
23547 156
23548 169
23549 260
23550 243
23551 441
23552 154
23553 273
23554 190
23555 231
23556 95
23557 189
23558 274
23559 190
23560 229
23561 142
23562 340
23563 170
23564 317
23565 111
23566 143
23567 291
23568 307
23569 216
23570 145
23571 174
23572 129
23573 303
23574 227
23575 199
23576 239
23577 393
23578 107
23579 145
23580 154
23581 146
23582 189
23583 149
23584 148
23585 218
23586 280
23587 95
23588 294
23589 98
23590 265
23591 201
23592 105
23593 168
23594 20
23595 126
23596 145
23597 182
23598 76
23599 218
23600 165
23601 127
23602 141
23603 279
23604 288
23605 213
23606 178
23607 190
23608 176
23609 125
23610 141
23611 182
23612 277
23613 215
23614 176
23615 286
23616 282
23617 255
23618 128
23619 152
23620 301
23621 75
23622 185
23623 144
23624 87
23625 132
23626 107
23627 101
23628 61
23629 121
23630 110
23631 182
23632 174
23633 406
23634 17
23635 190
23636 202
23637 100
23638 158
23639 164
23640 72
23641 247
23642 56
23643 170
23644 224
23645 254
23646 197
23647 232
23648 145
23649 144
23650 103
23651 139
23652 135
23653 98
23654 75
23655 264
23656 133
23657 101
23658 131
23659 244
23660 209
23661 151
23662 159
23663 183
23664 178
23665 223
23666 135
23667 187
23668 228
23669 340
23670 206
23671 173
23672 108
23673 156
23674 196
23675 286
23676 31
23677 182
23678 294
23679 190
23680 128
23681 143
23682 110
23683 108
23684 200
23685 123
23686 134
23687 137
23688 147
23689 147
23690 216
23691 125
23692 87
23693 245
23694 64
23695 338
23696 183
23697 211
23698 319
23699 166
23700 181
23701 45
23702 234
23703 232
23704 75
23705 204
23706 271
23707 159
23708 210
23709 106
23710 193
23711 112
23712 270
23713 183
23714 187
23715 85
23716 141
23717 187
23718 268
23719 244
23720 54
23721 571
23722 118
23723 181
23724 417
23725 191
23726 150
23727 145
23728 196
23729 91
23730 209
23731 142
23732 271
23733 384
23734 300
23735 208
23736 207
23737 197
23738 87
23739 220
23740 204
23741 52
23742 58
23743 234
23744 174
23745 197
23746 180
23747 100
23748 198
23749 211
23750 152
23751 122
23752 241
23753 160
23754 322
23755 151
23756 140
23757 97
23758 218
23759 74
23760 341
23761 92
23762 163
23763 171
23764 144
23765 239
23766 47
23767 114
23768 55
23769 89
23770 175
23771 148
23772 183
23773 157
23774 92
23775 151
23776 129
23777 132
23778 200
23779 144
23780 48
23781 150
23782 157
23783 279
23784 130
23785 177
23786 225
23787 108
23788 166
23789 206
23790 185
23791 143
23792 231
23793 251
23794 323
23795 166
23796 155
23797 179
23798 112
23799 165
23800 426
23801 276
23802 122
23803 158
23804 309
23805 145
23806 188
23807 288
23808 242
23809 198
23810 229
23811 420
23812 120
23813 87
23814 93
23815 64
23816 122
23817 215
23818 214
23819 190
23820 345
23821 372
23822 284
23823 108
23824 238
23825 239
23826 118
23827 297
23828 173
23829 193
23830 154
23831 292
23832 372
23833 249
23834 215
23835 165
23836 205
23837 125
23838 310
23839 188
23840 156
23841 170
23842 194
23843 206
23844 235
23845 219
23846 285
23847 154
23848 174
23849 102
23850 167
23851 155
23852 123
23853 139
23854 185
23855 225
23856 117
23857 181
23858 107
23859 367
23860 310
23861 133
23862 228
23863 109
23864 120
23865 237
23866 169
23867 120
23868 210
23869 231
23870 218
23871 130
23872 118
23873 275
23874 333
23875 213
23876 120
23877 212
23878 160
23879 161
23880 159
23881 185
23882 145
23883 214
23884 180
23885 180
23886 123
23887 180
23888 245
23889 182
23890 35
23891 162
23892 41
23893 339
23894 69
23895 245
23896 160
23897 287
23898 181
23899 148
23900 336
23901 57
23902 85
23903 179
23904 337
23905 252
23906 246
23907 276
23908 145
23909 97
23910 290
23911 96
23912 232
23913 254
23914 166
23915 207
23916 193
23917 256
23918 172
23919 45
23920 31
23921 256
23922 64
23923 181
23924 92
23925 106
23926 194
23927 166
23928 134
23929 154
23930 108
23931 75
23932 98
23933 144
23934 149
23935 221
23936 228
23937 161
23938 214
23939 270
23940 205
23941 167
23942 106
23943 197
23944 212
23945 288
23946 262
23947 159
23948 297
23949 224
23950 157
23951 214
23952 152
23953 107
23954 199
23955 203
23956 51
23957 125
23958 92
23959 175
23960 102
23961 120
23962 228
23963 157
23964 229
23965 247
23966 128
23967 335
23968 170
23969 266
23970 195
23971 299
23972 130
23973 118
23974 297
23975 154
23976 236
23977 68
23978 171
23979 228
23980 374
23981 112
23982 75
23983 246
23984 86
23985 201
23986 331
23987 347
23988 186
23989 238
23990 159
23991 231
23992 225
23993 229
23994 208
23995 334
23996 84
23997 82
23998 105
23999 145
24000 129
24001 136
24002 75
24003 104
24004 187
24005 168
24006 202
24007 183
24008 72
24009 184
24010 127
24011 259
24012 118
24013 169
24014 117
24015 111
24016 156
24017 256
24018 135
24019 110
24020 214
24021 153
24022 179
24023 202
24024 254
24025 170
24026 447
24027 102
24028 99
24029 98
24030 147
24031 130
24032 162
24033 160
24034 125
24035 112
24036 146
24037 260
24038 153
24039 224
24040 390
24041 182
24042 169
24043 269
24044 287
24045 253
24046 162
24047 129
24048 129
24049 255
24050 180
24051 222
24052 278
24053 377
24054 248
24055 247
24056 310
24057 283
24058 243
24059 141
24060 140
24061 26
24062 221
24063 262
24064 138
24065 260
24066 172
24067 269
24068 152
24069 186
24070 253
24071 296
24072 245
24073 144
24074 283
24075 47
24076 91
24077 190
24078 130
24079 60
24080 191
24081 297
24082 275
24083 126
24084 135
24085 224
24086 165
24087 176
24088 128
24089 190
24090 203
24091 172
24092 148
24093 170
24094 212
24095 218
24096 71
24097 96
24098 135
24099 234
24100 248
24101 151
24102 95
24103 258
24104 227
24105 375
24106 241
24107 131
24108 263
24109 217
24110 143
24111 264
24112 61
24113 134
24114 191
24115 33
24116 79
24117 199
24118 112
24119 265
24120 272
24121 177
24122 183
24123 151
24124 435
24125 80
24126 139
24127 172
24128 166
24129 191
24130 312
24131 251
24132 128
24133 422
24134 146
24135 87
24136 319
24137 102
24138 374
24139 181
24140 262
24141 98
24142 145
24143 204
24144 265
24145 251
24146 147
24147 232
24148 245
24149 237
24150 160
24151 177
24152 218
24153 124
24154 43
24155 183
24156 255
24157 455
24158 210
24159 176
24160 99
24161 189
24162 52
24163 260
24164 158
24165 226
24166 310
24167 129
24168 288
24169 128
24170 204
24171 219
24172 153
24173 226
24174 142
24175 117
24176 183
24177 102
24178 206
24179 132
24180 320
24181 57
24182 130
24183 45
24184 107
24185 240
24186 161
24187 140
24188 268
24189 19
24190 142
24191 185
24192 162
24193 305
24194 153
24195 203
24196 218
24197 195
24198 159
24199 125
24200 238
24201 37
24202 154
24203 197
24204 113
24205 285
24206 246
24207 209
24208 185
24209 291
24210 190
24211 70
24212 103
24213 149
24214 170
24215 267
24216 201
24217 238
24218 244
24219 119
24220 134
24221 186
24222 176
24223 142
24224 59
24225 52
24226 306
24227 190
24228 180
24229 178
24230 134
24231 313
24232 219
24233 160
24234 215
24235 173
24236 108
24237 218
24238 263
24239 41
24240 83
24241 212
24242 117
24243 55
24244 189
24245 74
24246 232
24247 139
24248 174
24249 239
24250 272
24251 165
24252 142
24253 218
24254 111
24255 332
24256 70
24257 101
24258 268
24259 84
24260 279
24261 210
24262 46
24263 169
24264 167
24265 280
24266 160
24267 271
24268 200
24269 209
24270 280
24271 54
24272 182
24273 65
24274 171
24275 78
24276 118
24277 437
24278 199
24279 195
24280 163
24281 128
24282 78
24283 133
24284 379
24285 392
24286 168
24287 191
24288 136
24289 247
24290 226
24291 80
24292 60
24293 261
24294 91
24295 113
24296 321
24297 156
24298 85
24299 196
24300 74
24301 245
24302 164
24303 141
24304 176
24305 217
24306 117
24307 105
24308 115
24309 191
24310 100
24311 163
24312 87
24313 41
24314 423
24315 154
24316 150
24317 199
24318 213
24319 102
24320 122
24321 197
24322 288
24323 262
24324 124
24325 156
24326 197
24327 183
24328 166
24329 256
24330 213
24331 180
24332 151
24333 122
24334 50
24335 224
24336 169
24337 152
24338 40
24339 193
24340 162
24341 320
24342 147
24343 379
24344 130
24345 189
24346 184
24347 117
24348 151
24349 175
24350 232
24351 252
24352 310
24353 170
24354 70
24355 207
24356 174
24357 200
24358 151
24359 165
24360 136
24361 130
24362 172
24363 4
24364 95
24365 142
24366 192
24367 202
24368 142
24369 97
24370 218
24371 186
24372 200
24373 231
24374 147
24375 183
24376 190
24377 27
24378 150
24379 96
24380 180
24381 152
24382 183
24383 133
24384 97
24385 147
24386 142
24387 187
24388 274
24389 203
24390 97
24391 441
24392 218
24393 57
24394 195
24395 194
24396 276
24397 212
24398 219
24399 159
24400 117
24401 176
24402 174
24403 162
24404 251
24405 162
24406 80
24407 156
24408 301
24409 93
24410 235
24411 162
24412 231
24413 82
24414 93
24415 126
24416 98
24417 146
24418 118
24419 138
24420 212
24421 97
24422 190
24423 160
24424 75
24425 205
24426 103
24427 317
24428 103
24429 112
24430 118
24431 134
24432 261
24433 176
24434 237
24435 217
24436 90
24437 217
24438 295
24439 145
24440 285
24441 109
24442 199
24443 190
24444 120
24445 180
24446 243
24447 161
24448 117
24449 191
24450 141
24451 151
24452 356
24453 278
24454 162
24455 248
24456 295
24457 138
24458 194
24459 307
24460 231
24461 164
24462 202
24463 203
24464 153
24465 106
24466 122
24467 165
24468 144
24469 161
24470 177
24471 435
24472 132
24473 111
24474 158
24475 155
24476 167
24477 312
24478 114
24479 145
24480 247
24481 247
24482 138
24483 126
24484 247
24485 153
24486 169
24487 181
24488 118
24489 104
24490 153
24491 289
24492 127
24493 174
24494 123
24495 147
24496 184
24497 179
24498 137
24499 265
24500 219
24501 338
24502 142
24503 340
24504 47
24505 260
24506 117
24507 214
24508 221
24509 196
24510 60
24511 232
24512 141
24513 243
24514 176
24515 168
24516 207
24517 70
24518 181
24519 384
24520 228
24521 249
24522 103
24523 215
24524 206
24525 413
24526 336
24527 129
24528 198
24529 352
24530 178
24531 208
24532 253
24533 119
24534 118
24535 378
24536 65
24537 211
24538 133
24539 69
24540 56
24541 179
24542 89
24543 373
24544 136
24545 382
24546 196
24547 109
24548 348
24549 95
24550 248
24551 235
24552 198
24553 357
24554 183
24555 202
24556 108
24557 186
24558 140
24559 124
24560 176
24561 206
24562 82
24563 248
24564 185
24565 289
24566 212
24567 184
24568 100
24569 104
24570 150
24571 128
24572 138
24573 151
24574 113
24575 156
24576 150
24577 384
24578 41
24579 177
24580 211
24581 272
24582 166
24583 181
24584 191
24585 134
24586 102
24587 341
24588 162
24589 220
24590 190
24591 254
24592 228
24593 133
24594 194
24595 168
24596 198
24597 232
24598 152
24599 161
24600 172
24601 163
24602 145
24603 70
24604 159
24605 216
24606 287
24607 250
24608 87
24609 140
24610 250
24611 247
24612 205
24613 175
24614 233
24615 172
24616 232
24617 94
24618 234
24619 353
24620 419
24621 210
24622 156
24623 92
24624 196
24625 144
24626 112
24627 160
24628 229
24629 96
24630 147
24631 214
24632 100
24633 62
24634 405
24635 260
24636 156
24637 326
24638 191
24639 167
24640 205
24641 112
24642 176
24643 184
24644 314
24645 286
24646 76
24647 169
24648 215
24649 113
24650 211
24651 76
24652 141
24653 123
24654 107
24655 267
24656 326
24657 296
24658 179
24659 190
24660 129
24661 284
24662 191
24663 270
24664 70
24665 175
24666 146
24667 202
24668 327
24669 96
24670 141
24671 129
24672 168
24673 150
24674 182
24675 139
24676 90
24677 164
24678 211
24679 113
24680 199
24681 131
24682 195
24683 248
24684 69
24685 52
24686 123
24687 203
24688 182
24689 180
24690 189
24691 161
24692 140
24693 72
24694 213
24695 196
24696 184
24697 109
24698 214
24699 212
24700 286
24701 107
24702 214
24703 329
24704 106
24705 265
24706 216
24707 99
24708 136
24709 212
24710 111
24711 225
24712 198
24713 186
24714 93
24715 49
24716 125
24717 96
24718 217
24719 272
24720 328
24721 245
24722 128
24723 148
24724 243
24725 129
24726 151
24727 158
24728 175
24729 219
24730 183
24731 131
24732 57
24733 181
24734 200
24735 73
24736 152
24737 194
24738 136
24739 168
24740 141
24741 373
24742 264
24743 165
24744 114
24745 177
24746 243
24747 143
24748 137
24749 128
24750 378
24751 161
24752 220
24753 132
24754 223
24755 6
24756 335
24757 199
24758 98
24759 263
24760 207
24761 128
24762 206
24763 241
24764 143
24765 252
24766 111
24767 170
24768 132
24769 285
24770 230
24771 212
24772 212
24773 163
24774 149
24775 139
24776 265
24777 157
24778 113
24779 99
24780 155
24781 146
24782 156
24783 143
24784 115
24785 237
24786 276
24787 139
24788 152
24789 202
24790 150
24791 314
24792 247
24793 119
24794 165
24795 111
24796 88
24797 183
24798 93
24799 122
24800 89
24801 182
24802 159
24803 166
24804 132
24805 239
24806 295
24807 62
24808 365
24809 213
24810 200
24811 107
24812 111
24813 166
24814 203
24815 205
24816 58
24817 129
24818 329
24819 164
24820 102
24821 259
24822 83
24823 196
24824 172
24825 110
24826 204
24827 128
24828 209
24829 141
24830 265
24831 115
24832 133
24833 166
24834 102
24835 322
24836 133
24837 254
24838 131
24839 246
24840 112
24841 238
24842 155
24843 119
24844 246
24845 115
24846 128
24847 158
24848 156
24849 286
24850 47
24851 127
24852 119
24853 45
24854 180
24855 303
24856 115
24857 216
24858 108
24859 243
24860 36
24861 175
24862 265
24863 234
24864 218
24865 188
24866 296
24867 10
24868 272
24869 319
24870 162
24871 139
24872 359
24873 221
24874 177
24875 181
24876 158
24877 119
24878 209
24879 199
24880 246
24881 115
24882 159
24883 202
24884 89
24885 169
24886 281
24887 197
24888 253
24889 141
24890 142
24891 170
24892 182
24893 119
24894 92
24895 154
24896 438
24897 278
24898 172
24899 220
24900 242
24901 168
24902 96
24903 105
24904 78
24905 128
24906 85
24907 27
24908 177
24909 208
24910 136
24911 146
24912 238
24913 105
24914 184
24915 260
24916 158
24917 44
24918 272
24919 334
24920 180
24921 391
24922 114
24923 162
24924 186
24925 102
24926 160
24927 195
24928 179
24929 210
24930 187
24931 136
24932 276
24933 76
24934 142
24935 145
24936 341
24937 188
24938 93
24939 129
24940 100
24941 68
24942 310
24943 98
24944 362
24945 153
24946 212
24947 267
24948 219
24949 362
24950 167
24951 136
24952 140
24953 189
24954 100
24955 140
24956 197
24957 226
24958 252
24959 94
24960 101
24961 222
24962 227
24963 166
24964 197
24965 225
24966 124
24967 124
24968 220
24969 132
24970 281
24971 249
24972 213
24973 149
24974 77
24975 182
24976 244
24977 188
24978 203
24979 232
24980 183
24981 170
24982 164
24983 143
24984 92
24985 170
24986 92
24987 67
24988 220
24989 95
24990 152
24991 153
24992 152
24993 178
24994 313
24995 116
24996 105
24997 94
24998 162
24999 231
25000 151
25001 120
25002 195
25003 169
25004 221
25005 43
25006 203
25007 337
25008 72
25009 236
25010 161
25011 201
25012 213
25013 106
25014 80
25015 220
25016 180
25017 140
25018 61
25019 201
25020 174
25021 120
25022 25
25023 136
25024 142
25025 140
25026 125
25027 106
25028 205
25029 192
25030 146
25031 259
25032 174
25033 356
25034 323
25035 281
25036 172
25037 205
25038 65
25039 142
25040 331
25041 189
25042 120
25043 237
25044 292
25045 139
25046 110
25047 172
25048 153
25049 231
25050 186
25051 192
25052 305
25053 325
25054 61
25055 72
25056 257
25057 250
25058 158
25059 203
25060 192
25061 88
25062 293
25063 231
25064 238
25065 252
25066 270
25067 134
25068 169
25069 239
25070 254
25071 117
25072 331
25073 105
25074 199
25075 108
25076 128
25077 228
25078 316
25079 198
25080 97
25081 180
25082 457
25083 182
25084 121
25085 331
25086 43
25087 209
25088 146
25089 241
25090 78
25091 155
25092 281
25093 371
25094 158
25095 228
25096 184
25097 320
25098 237
25099 109
25100 237
25101 203
25102 287
25103 209
25104 110
25105 122
25106 250
25107 222
25108 184
25109 86
25110 143
25111 121
25112 129
25113 157
25114 53
25115 95
25116 37
25117 161
25118 263
25119 60
25120 268
25121 83
25122 112
25123 135
25124 213
25125 228
25126 186
25127 264
25128 256
25129 129
25130 145
25131 70
25132 167
25133 155
25134 102
25135 203
25136 96
25137 72
25138 97
25139 243
25140 232
25141 435
25142 128
25143 282
25144 147
25145 137
25146 155
25147 71
25148 207
25149 147
25150 120
25151 134
25152 149
25153 116
25154 125
25155 84
25156 164
25157 163
25158 145
25159 217
25160 188
25161 180
25162 157
25163 58
25164 73
25165 148
25166 295
25167 178
25168 281
25169 273
25170 231
25171 137
25172 104
25173 180
25174 257
25175 140
25176 54
25177 186
25178 149
25179 147
25180 157
25181 77
25182 342
25183 205
25184 110
25185 221
25186 76
25187 204
25188 140
25189 194
25190 114
25191 219
25192 180
25193 45
25194 89
25195 161
25196 194
25197 52
25198 146
25199 133
25200 364
25201 117
25202 121
25203 165
25204 272
25205 344
25206 151
25207 104
25208 143
25209 163
25210 131
25211 138
25212 50
25213 6
25214 102
25215 114
25216 395
25217 323
25218 252
25219 160
25220 68
25221 157
25222 137
25223 193
25224 167
25225 4
25226 169
25227 99
25228 133
25229 86
25230 129
25231 122
25232 223
25233 205
25234 123
25235 110
25236 144
25237 214
25238 256
25239 138
25240 130
25241 191
25242 83
25243 141
25244 167
25245 79
25246 159
25247 180
25248 102
25249 177
25250 93
25251 285
25252 185
25253 107
25254 187
25255 228
25256 147
25257 101
25258 297
25259 189
25260 127
25261 184
25262 222
25263 111
25264 159
25265 154
25266 235
25267 143
25268 214
25269 19
25270 229
25271 146
25272 160
25273 120
25274 143
25275 116
25276 136
25277 345
25278 133
25279 196
25280 193
25281 218
25282 222
25283 175
25284 78
25285 262
25286 176
25287 124
25288 329
25289 216
25290 157
25291 168
25292 132
25293 287
25294 143
25295 128
25296 264
25297 166
25298 185
25299 311
25300 120
25301 131
25302 392
25303 211
25304 161
25305 152
25306 128
25307 105
25308 359
25309 367
25310 134
25311 259
25312 170
25313 231
25314 115
25315 183
25316 215
25317 193
25318 84
25319 232
25320 178
25321 136
25322 117
25323 195
25324 295
25325 154
25326 422
25327 171
25328 172
25329 99
25330 233
25331 220
25332 198
25333 103
25334 249
25335 83
25336 153
25337 177
25338 163
25339 143
25340 138
25341 152
25342 93
25343 211
25344 205
25345 247
25346 100
25347 341
25348 121
25349 172
25350 271
25351 188
25352 224
25353 224
25354 164
25355 392
25356 268
25357 144
25358 180
25359 126
25360 174
25361 191
25362 254
25363 41
25364 328
25365 90
25366 210
25367 206
25368 115
25369 341
25370 138
25371 240
25372 323
25373 124
25374 213
25375 160
25376 26
25377 170
25378 194
25379 134
25380 390
25381 221
25382 90
25383 66
25384 147
25385 91
25386 306
25387 174
25388 98
25389 144
25390 248
25391 181
25392 168
25393 129
25394 285
25395 61
25396 234
25397 195
25398 187
25399 277
25400 190
25401 283
25402 225
25403 110
25404 136
25405 321
25406 175
25407 50
25408 73
25409 267
25410 276
25411 203
25412 102
25413 89
25414 183
25415 105
25416 51
25417 136
25418 184
25419 173
25420 217
25421 96
25422 204
25423 126
25424 86
25425 109
25426 39
25427 162
25428 174
25429 203
25430 204
25431 96
25432 210
25433 234
25434 63
25435 144
25436 226
25437 197
25438 179
25439 205
25440 149
25441 222
25442 259
25443 219
25444 114
25445 178
25446 126
25447 92
25448 79
25449 123
25450 171
25451 135
25452 27
25453 279
25454 107
25455 249
25456 159
25457 219
25458 106
25459 126
25460 212
25461 201
25462 144
25463 110
25464 129
25465 179
25466 196
25467 174
25468 94
25469 344
25470 58
25471 162
25472 177
25473 167
25474 257
25475 159
25476 116
25477 50
25478 72
25479 126
25480 134
25481 182
25482 95
25483 119
25484 273
25485 135
25486 172
25487 191
25488 238
25489 170
25490 135
25491 98
25492 187
25493 262
25494 215
25495 139
25496 268
25497 50
25498 139
25499 189
25500 138
25501 125
25502 139
25503 144
25504 147
25505 175
25506 85
25507 165
25508 155
25509 324
25510 217
25511 321
25512 21
25513 161
25514 345
25515 168
25516 142
25517 218
25518 359
25519 188
25520 223
25521 117
25522 125
25523 189
25524 84
25525 38
25526 173
25527 267
25528 338
25529 98
25530 149
25531 197
25532 147
25533 136
25534 152
25535 163
25536 197
25537 61
25538 286
25539 323
25540 103
25541 119
25542 229
25543 149
25544 369
25545 148
25546 148
25547 208
25548 386
25549 230
25550 129
25551 60
25552 95
25553 198
25554 395
25555 234
25556 117
25557 161
25558 124
25559 279
25560 218
25561 192
25562 140
25563 104
25564 159
25565 164
25566 125
25567 156
25568 155
25569 149
25570 235
25571 190
25572 343
25573 220
25574 189
25575 191
25576 107
25577 211
25578 268
25579 238
25580 105
25581 205
25582 184
25583 212
25584 333
25585 173
25586 208
25587 194
25588 127
25589 238
25590 207
25591 323
25592 202
25593 131
25594 134
25595 208
25596 217
25597 86
25598 150
25599 118
25600 200
25601 181
25602 193
25603 237
25604 237
25605 268
25606 214
25607 88
25608 293
25609 253
25610 238
25611 134
25612 172
25613 141
25614 125
25615 145
25616 316
25617 254
25618 319
25619 243
25620 148
25621 128
25622 231
25623 102
25624 198
25625 103
25626 95
25627 214
25628 77
25629 169
25630 158
25631 169
25632 111
25633 206
25634 172
25635 197
25636 287
25637 253
25638 102
25639 224
25640 234
25641 141
25642 262
25643 341
25644 81
25645 118
25646 185
25647 202
25648 181
25649 252
25650 193
25651 157
25652 244
25653 122
25654 110
25655 225
25656 373
25657 238
25658 341
25659 295
25660 156
25661 108
25662 279
25663 65
25664 249
25665 299
25666 153
25667 174
25668 182
25669 128
25670 84
25671 254
25672 380
25673 135
25674 309
25675 179
25676 121
25677 310
25678 263
25679 173
25680 218
25681 389
25682 59
25683 316
25684 183
25685 202
25686 164
25687 58
25688 85
25689 127
25690 214
25691 -9
25692 226
25693 169
25694 173
25695 99
25696 208
25697 297
25698 325
25699 347
25700 131
25701 83
25702 196
25703 49
25704 280
25705 230
25706 147
25707 133
25708 62
25709 298
25710 121
25711 247
25712 229
25713 192
25714 202
25715 140
25716 203
25717 90
25718 191
25719 205
25720 218
25721 231
25722 148
25723 221
25724 269
25725 236
25726 302
25727 149
25728 80
25729 80
25730 329
25731 197
25732 194
25733 175
25734 180
25735 245
25736 69
25737 146
25738 138
25739 73
25740 161
25741 33
25742 225
25743 126
25744 275
25745 106
25746 260
25747 80
25748 225
25749 126
25750 95
25751 270
25752 280
25753 167
25754 205
25755 221
25756 112
25757 117
25758 181
25759 173
25760 298
25761 235
25762 201
25763 269
25764 166
25765 216
25766 87
25767 211
25768 137
25769 220
25770 128
25771 188
25772 284
25773 248
25774 78
25775 390
25776 148
25777 280
25778 191
25779 332
25780 219
25781 151
25782 170
25783 102
25784 42
25785 136
25786 88
25787 47
25788 179
25789 178
25790 195
25791 238
25792 91
25793 165
25794 233
25795 108
25796 135
25797 158
25798 188
25799 141
25800 96
25801 214
25802 139
25803 311
25804 223
25805 167
25806 215
25807 183
25808 131
25809 212
25810 173
25811 119
25812 88
25813 211
25814 150
25815 226
25816 235
25817 124
25818 182
25819 322
25820 209
25821 188
25822 110
25823 200
25824 198
25825 83
25826 105
25827 162
25828 158
25829 198
25830 112
25831 283
25832 131
25833 258
25834 309
25835 150
25836 127
25837 127
25838 84
25839 169
25840 124
25841 130
25842 214
25843 152
25844 231
25845 241
25846 163
25847 87
25848 232
25849 102
25850 137
25851 144
25852 238
25853 277
25854 61
25855 155
25856 137
25857 178
25858 85
25859 132
25860 153
25861 192
25862 120
25863 238
25864 211
25865 127
25866 282
25867 141
25868 0
25869 141
25870 428
25871 123
25872 169
25873 198
25874 146
25875 201
25876 144
25877 288
25878 221
25879 125
25880 232
25881 129
25882 148
25883 308
25884 155
25885 167
25886 90
25887 385
25888 161
25889 52
25890 160
25891 174
25892 63
25893 134
25894 85
25895 109
25896 229
25897 195
25898 172
25899 182
25900 365
25901 186
25902 196
25903 94
25904 278
25905 178
25906 81
25907 310
25908 216
25909 164
25910 123
25911 203
25912 207
25913 218
25914 218
25915 256
25916 333
25917 225
25918 150
25919 195
25920 228
25921 116
25922 214
25923 144
25924 95
25925 128
25926 197
25927 228
25928 172
25929 74
25930 195
25931 101
25932 204
25933 148
25934 190
25935 190
25936 52
25937 110
25938 259
25939 127
25940 272
25941 153
25942 403
25943 196
25944 258
25945 123
25946 190
25947 178
25948 161
25949 56
25950 198
25951 243
25952 145
25953 136
25954 237
25955 147
25956 195
25957 185
25958 81
25959 120
25960 231
25961 130
25962 62
25963 147
25964 81
25965 204
25966 243
25967 311
25968 68
25969 173
25970 91
25971 94
25972 244
25973 137
25974 187
25975 85
25976 195
25977 195
25978 80
25979 27
25980 110
25981 227
25982 70
25983 239
25984 156
25985 111
25986 368
25987 287
25988 225
25989 144
25990 132
25991 408
25992 130
25993 188
25994 156
25995 144
25996 185
25997 253
25998 131
25999 196
26000 108
26001 184
26002 78
26003 136
26004 137
26005 149
26006 184
26007 89
26008 146
26009 191
26010 193
26011 215
26012 548
26013 215
26014 90
26015 139
26016 167
26017 62
26018 134
26019 269
26020 183
26021 141
26022 113
26023 103
26024 160
26025 134
26026 119
26027 210
26028 225
26029 73
26030 202
26031 216
26032 154
26033 206
26034 212
26035 86
26036 103
26037 96
26038 176
26039 162
26040 42
26041 23
26042 268
26043 178
26044 310
26045 100
26046 208
26047 175
26048 257
26049 166
26050 234
26051 68
26052 278
26053 200
26054 167
26055 213
26056 220
26057 86
26058 139
26059 208
26060 406
26061 185
26062 254
26063 138
26064 205
26065 257
26066 21
26067 103
26068 233
26069 76
26070 128
26071 204
26072 227
26073 259
26074 129
26075 129
26076 302
26077 200
26078 91
26079 169
26080 104
26081 125
26082 55
26083 269
26084 209
26085 247
26086 71
26087 304
26088 138
26089 208
26090 232
26091 220
26092 97
26093 131
26094 97
26095 150
26096 41
26097 284
26098 222
26099 209
26100 25
26101 126
26102 221
26103 152
26104 264
26105 356
26106 190
26107 288
26108 203
26109 141
26110 63
26111 234
26112 140
26113 147
26114 207
26115 252
26116 133
26117 167
26118 274
26119 114
26120 126
26121 242
26122 204
26123 302
26124 119
26125 279
26126 102
26127 233
26128 168
26129 106
26130 81
26131 67
26132 118
26133 154
26134 156
26135 123
26136 175
26137 212
26138 150
26139 206
26140 174
26141 305
26142 125
26143 194
26144 165
26145 206
26146 192
26147 107
26148 164
26149 220
26150 177
26151 272
26152 35
26153 208
26154 262
26155 86
26156 213
26157 85
26158 257
26159 118
26160 139
26161 197
26162 193
26163 203
26164 278
26165 170
26166 110
26167 283
26168 155
26169 140
26170 163
26171 174
26172 112
26173 153
26174 168
26175 85
26176 171
26177 264
26178 96
26179 104
26180 224
26181 75
26182 217
26183 174
26184 16
26185 64
26186 182
26187 222
26188 98
26189 184
26190 287
26191 156
26192 113
26193 196
26194 240
26195 241
26196 235
26197 218
26198 161
26199 244
26200 370
26201 91
26202 321
26203 130
26204 171
26205 439
26206 216
26207 193
26208 46
26209 56
26210 344
26211 154
26212 269
26213 141
26214 213
26215 149
26216 211
26217 142
26218 302
26219 147
26220 325
26221 230
26222 230
26223 241
26224 122
26225 204
26226 252
26227 90
26228 175
26229 168
26230 447
26231 230
26232 228
26233 253
26234 140
26235 162
26236 86
26237 369
26238 87
26239 124
26240 150
26241 68
26242 143
26243 276
26244 120
26245 70
26246 257
26247 228
26248 306
26249 114
26250 273
26251 60
26252 305
26253 170
26254 217
26255 127
26256 172
26257 149
26258 270
26259 157
26260 98
26261 98
26262 321
26263 316
26264 149
26265 119
26266 222
26267 172
26268 248
26269 244
26270 229
26271 49
26272 147
26273 346
26274 72
26275 177
26276 400
26277 150
26278 57
26279 224
26280 195
26281 97
26282 178
26283 115
26284 176
26285 252
26286 267
26287 212
26288 105
26289 138
26290 184
26291 306
26292 149
26293 68
26294 245
26295 91
26296 197
26297 136
26298 112
26299 129
26300 178
26301 131
26302 200
26303 315
26304 128
26305 131
26306 168
26307 111
26308 176
26309 98
26310 88
26311 230
26312 219
26313 248
26314 149
26315 197
26316 180
26317 457
26318 116
26319 221
26320 233
26321 93
26322 251
26323 159
26324 226
26325 121
26326 373
26327 150
26328 156
26329 120
26330 134
26331 243
26332 206
26333 147
26334 159
26335 202
26336 121
26337 182
26338 241
26339 137
26340 138
26341 105
26342 72
26343 227
26344 188
26345 225
26346 97
26347 195
26348 192
26349 100
26350 253
26351 175
26352 255
26353 194
26354 137
26355 140
26356 232
26357 201
26358 85
26359 238
26360 219
26361 10
26362 146
26363 265
26364 127
26365 175
26366 257
26367 179
26368 128
26369 242
26370 50
26371 85
26372 116
26373 192
26374 160
26375 377
26376 136
26377 302
26378 187
26379 173
26380 365
26381 119
26382 212
26383 234
26384 66
26385 139
26386 68
26387 180
26388 137
26389 165
26390 176
26391 119
26392 278
26393 216
26394 232
26395 69
26396 177
26397 199
26398 151
26399 98
26400 119
26401 117
26402 156
26403 265
26404 376
26405 222
26406 281
26407 317
26408 146
26409 160
26410 107
26411 140
26412 164
26413 130
26414 206
26415 173
26416 55
26417 134
26418 171
26419 124
26420 104
26421 146
26422 187
26423 181
26424 125
26425 133
26426 170
26427 348
26428 198
26429 143
26430 270
26431 147
26432 109
26433 236
26434 126
26435 121
26436 111
26437 211
26438 101
26439 362
26440 122
26441 243
26442 251
26443 143
26444 243
26445 160
26446 102
26447 118
26448 224
26449 198
26450 239
26451 151
26452 137
26453 407
26454 145
26455 213
26456 166
26457 147
26458 132
26459 179
26460 102
26461 213
26462 167
26463 169
26464 163
26465 103
26466 59
26467 128
26468 256
26469 263
26470 154
26471 199
26472 142
26473 114
26474 342
26475 160
26476 364
26477 237
26478 138
26479 100
26480 163
26481 217
26482 134
26483 118
26484 118
26485 170
26486 101
26487 179
26488 162
26489 213
26490 182
26491 256
26492 144
26493 170
26494 103
26495 240
26496 267
26497 214
26498 164
26499 347
26500 156
26501 128
26502 203
26503 188
26504 246
26505 146
26506 122
26507 253
26508 328
26509 87
26510 136
26511 166
26512 197
26513 165
26514 399
26515 166
26516 139
26517 257
26518 149
26519 238
26520 77
26521 154
26522 175
26523 180
26524 364
26525 324
26526 124
26527 189
26528 221
26529 166
26530 367
26531 206
26532 233
26533 122
26534 76
26535 121
26536 193
26537 171
26538 210
26539 143
26540 191
26541 241
26542 197
26543 112
26544 183
26545 85
26546 152
26547 28
26548 147
26549 37
26550 149
26551 151
26552 163
26553 142
26554 175
26555 95
26556 340
26557 174
26558 164
26559 166
26560 141
26561 196
26562 232
26563 77
26564 373
26565 138
26566 152
26567 232
26568 62
26569 195
26570 231
26571 277
26572 255
26573 145
26574 163
26575 140
26576 202
26577 44
26578 408
26579 316
26580 250
26581 217
26582 97
26583 152
26584 100
26585 148
26586 103
26587 65
26588 122
26589 252
26590 191
26591 207
26592 151
26593 107
26594 157
26595 164
26596 167
26597 138
26598 133
26599 196
26600 54
26601 94
26602 300
26603 429
26604 249
26605 83
26606 180
26607 129
26608 128
26609 262
26610 70
26611 82
26612 282
26613 104
26614 208
26615 139
26616 132
26617 46
26618 272
26619 149
26620 198
26621 0
26622 340
26623 170
26624 289
26625 161
26626 -6
26627 144
26628 269
26629 338
26630 172
26631 183
26632 195
26633 129
26634 133
26635 162
26636 174
26637 246
26638 203
26639 171
26640 144
26641 76
26642 152
26643 153
26644 379
26645 139
26646 55
26647 249
26648 156
26649 179
26650 200
26651 33
26652 178
26653 171
26654 205
26655 210
26656 246
26657 264
26658 113
26659 114
26660 128
26661 157
26662 170
26663 108
26664 115
26665 232
26666 158
26667 114
26668 155
26669 106
26670 70
26671 81
26672 275
26673 132
26674 128
26675 149
26676 155
26677 161
26678 218
26679 221
26680 146
26681 226
26682 113
26683 113
26684 97
26685 142
26686 310
26687 104
26688 216
26689 183
26690 182
26691 283
26692 311
26693 154
26694 127
26695 110
26696 128
26697 270
26698 255
26699 116
26700 242
26701 443
26702 241
26703 151
26704 77
26705 286
26706 125
26707 233
26708 208
26709 184
26710 192
26711 226
26712 341
26713 183
26714 209
26715 268
26716 221
26717 245
26718 208
26719 97
26720 145
26721 173
26722 128
26723 133
26724 204
26725 243
26726 189
26727 120
26728 137
26729 271
26730 73
26731 332
26732 138
26733 187
26734 273
26735 225
26736 132
26737 92
26738 280
26739 226
26740 134
26741 237
26742 434
26743 151
26744 180
26745 196
26746 231
26747 199
26748 141
26749 129
26750 221
26751 205
26752 206
26753 54
26754 64
26755 94
26756 143
26757 231
26758 182
26759 63
26760 88
26761 253
26762 126
26763 125
26764 208
26765 256
26766 141
26767 153
26768 196
26769 201
26770 336
26771 175
26772 108
26773 172
26774 212
26775 145
26776 171
26777 58
26778 109
26779 96
26780 268
26781 185
26782 152
26783 219
26784 171
26785 197
26786 149
26787 171
26788 202
26789 134
26790 269
26791 179
26792 152
26793 170
26794 160
26795 192
26796 185
26797 251
26798 215
26799 174
26800 330
26801 48
26802 52
26803 157
26804 222
26805 140
26806 170
26807 180
26808 316
26809 108
26810 123
26811 181
26812 203
26813 139
26814 117
26815 243
26816 123
26817 267
26818 60
26819 269
26820 109
26821 136
26822 158
26823 150
26824 200
26825 230
26826 123
26827 139
26828 116
26829 187
26830 74
26831 151
26832 251
26833 277
26834 181
26835 114
26836 56
26837 194
26838 190
26839 293
26840 47
26841 159
26842 79
26843 190
26844 183
26845 174
26846 102
26847 163
26848 215
26849 255
26850 103
26851 345
26852 254
26853 146
26854 171
26855 58
26856 325
26857 58
26858 118
26859 161
26860 153
26861 194
26862 190
26863 304
26864 293
26865 137
26866 153
26867 160
26868 166
26869 149
26870 186
26871 198
26872 114
26873 192
26874 232
26875 185
26876 239
26877 151
26878 50
26879 30
26880 260
26881 142
26882 180
26883 224
26884 161
26885 173
26886 162
26887 154
26888 60
26889 166
26890 183
26891 141
26892 315
26893 249
26894 158
26895 307
26896 212
26897 354
26898 244
26899 256
26900 266
26901 213
26902 98
26903 313
26904 188
26905 97
26906 222
26907 121
26908 257
26909 203
26910 228
26911 86
26912 249
26913 155
26914 66
26915 239
26916 221
26917 124
26918 195
26919 71
26920 172
26921 113
26922 159
26923 279
26924 118
26925 51
26926 198
26927 103
26928 68
26929 272
26930 70
26931 112
26932 88
26933 237
26934 75
26935 270
26936 192
26937 137
26938 167
26939 286
26940 102
26941 56
26942 179
26943 116
26944 81
26945 134
26946 105
26947 147
26948 28
26949 262
26950 65
26951 161
26952 149
26953 312
26954 93
26955 208
26956 212
26957 137
26958 119
26959 42
26960 258
26961 134
26962 72
26963 200
26964 270
26965 81
26966 236
26967 126
26968 250
26969 234
26970 233
26971 168
26972 136
26973 176
26974 146
26975 147
26976 133
26977 111
26978 247
26979 258
26980 190
26981 -13
26982 239
26983 283
26984 217
26985 214
26986 105
26987 81
26988 198
26989 269
26990 125
26991 159
26992 161
26993 65
26994 267
26995 144
26996 193
26997 192
26998 270
26999 201
27000 206
27001 82
27002 285
27003 185
27004 177
27005 319
27006 378
27007 217
27008 201
27009 281
27010 178
27011 175
27012 154
27013 307
27014 167
27015 250
27016 161
27017 122
27018 118
27019 84
27020 190
27021 169
27022 145
27023 164
27024 80
27025 125
27026 100
27027 133
27028 119
27029 92
27030 182
27031 167
27032 177
27033 208
27034 85
27035 108
27036 142
27037 126
27038 58
27039 186
27040 158
27041 122
27042 193
27043 173
27044 267
27045 140
27046 202
27047 136
27048 107
27049 185
27050 143
27051 137
27052 194
27053 273
27054 406
27055 126
27056 86
27057 120
27058 152
27059 221
27060 64
27061 393
27062 167
27063 121
27064 226
27065 153
27066 270
27067 35
27068 211
27069 231
27070 260
27071 285
27072 269
27073 93
27074 200
27075 158
27076 90
27077 201
27078 244
27079 221
27080 275
27081 97
27082 315
27083 191
27084 90
27085 216
27086 156
27087 48
27088 114
27089 343
27090 276
27091 113
27092 137
27093 111
27094 291
27095 212
27096 119
27097 132
27098 148
27099 216
27100 154
27101 93
27102 93
27103 297
27104 117
27105 287
27106 78
27107 137
27108 64
27109 184
27110 235
27111 127
27112 224
27113 212
27114 146
27115 273
27116 118
27117 259
27118 222
27119 243
27120 236
27121 101
27122 120
27123 118
27124 229
27125 120
27126 136
27127 127
27128 267
27129 195
27130 138
27131 183
27132 298
27133 136
27134 139
27135 176
27136 231
27137 215
27138 108
27139 135
27140 128
27141 179
27142 228
27143 82
27144 102
27145 201
27146 136
27147 245
27148 179
27149 310
27150 158
27151 204
27152 128
27153 149
27154 126
27155 176
27156 94
27157 179
27158 106
27159 168
27160 169
27161 214
27162 244
27163 118
27164 98
27165 59
27166 184
27167 143
27168 147
27169 196
27170 116
27171 107
27172 73
27173 99
27174 96
27175 330
27176 154
27177 163
27178 94
27179 149
27180 341
27181 195
27182 112
27183 204
27184 103
27185 137
27186 163
27187 221
27188 161
27189 241
27190 147
27191 88
27192 201
27193 291
27194 56
27195 226
27196 318
27197 174
27198 155
27199 196
27200 288
27201 227
27202 173
27203 87
27204 217
27205 153
27206 235
27207 141
27208 162
27209 288
27210 169
27211 116
27212 128
27213 230
27214 361
27215 168
27216 146
27217 131
27218 139
27219 103
27220 123
27221 165
27222 111
27223 119
27224 214
27225 175
27226 139
27227 163
27228 87
27229 266
27230 78
27231 152
27232 85
27233 202
27234 125
27235 74
27236 210
27237 261
27238 116
27239 255
27240 200
27241 134
27242 176
27243 83
27244 243
27245 289
27246 124
27247 173
27248 281
27249 92
27250 134
27251 156
27252 193
27253 105
27254 120
27255 189
27256 167
27257 158
27258 123
27259 264
27260 189
27261 94
27262 144
27263 140
27264 128
27265 226
27266 418
27267 84
27268 224
27269 113
27270 168
27271 256
27272 107
27273 155
27274 409
27275 240
27276 298
27277 162
27278 38
27279 146
27280 303
27281 189
27282 97
27283 128
27284 185
27285 233
27286 149
27287 141
27288 216
27289 171
27290 147
27291 201
27292 105
27293 332
27294 167
27295 326
27296 166
27297 90
27298 272
27299 130
27300 91
27301 206
27302 16
27303 234
27304 130
27305 134
27306 241
27307 138
27308 73
27309 385
27310 270
27311 191
27312 242
27313 104
27314 142
27315 58
27316 84
27317 127
27318 157
27319 4
27320 333
27321 201
27322 296
27323 238
27324 57
27325 156
27326 247
27327 104
27328 391
27329 58
27330 137
27331 206
27332 276
27333 109
27334 163
27335 257
27336 135
27337 110
27338 349
27339 178
27340 189
27341 65
27342 132
27343 82
27344 410
27345 195
27346 191
27347 279
27348 146
27349 130
27350 51
27351 94
27352 90
27353 104
27354 73
27355 63
27356 199
27357 163
27358 191
27359 123
27360 169
27361 306
27362 88
27363 317
27364 191
27365 166
27366 224
27367 133
27368 170
27369 210
27370 144
27371 169
27372 288
27373 224
27374 187
27375 187
27376 104
27377 31
27378 166
27379 203
27380 228
27381 97
27382 78
27383 150
27384 251
27385 38
27386 306
27387 93
27388 144
27389 163
27390 143
27391 53
27392 282
27393 203
27394 179
27395 53
27396 288
27397 104
27398 132
27399 272
27400 385
27401 74
27402 49
27403 59
27404 160
27405 209
27406 73
27407 102
27408 264
27409 285
27410 108
27411 39
27412 360
27413 167
27414 108
27415 85
27416 204
27417 32
27418 341
27419 141
27420 63
27421 205
27422 337
27423 155
27424 134
27425 237
27426 188
27427 197
27428 54
27429 234
27430 57
27431 207
27432 298
27433 110
27434 139
27435 223
27436 263
27437 99
27438 202
27439 155
27440 197
27441 145
27442 150
27443 150
27444 108
27445 85
27446 165
27447 249
27448 174
27449 250
27450 186
27451 196
27452 102
27453 287
27454 176
27455 60
27456 117
27457 152
27458 130
27459 183
27460 154
27461 88
27462 224
27463 114
27464 66
27465 223
27466 297
27467 186
27468 200
27469 212
27470 171
27471 185
27472 263
27473 143
27474 180
27475 213
27476 116
27477 114
27478 242
27479 65
27480 147
27481 226
27482 300
27483 155
27484 377
27485 113
27486 241
27487 104
27488 198
27489 194
27490 206
27491 89
27492 100
27493 217
27494 208
27495 167
27496 161
27497 120
27498 159
27499 183
27500 131
27501 296
27502 155
27503 97
27504 279
27505 75
27506 195
27507 259
27508 191
27509 163
27510 188
27511 177
27512 111
27513 173
27514 205
27515 143
27516 187
27517 167
27518 93
27519 184
27520 157
27521 214
27522 90
27523 188
27524 110
27525 165
27526 96
27527 65
27528 173
27529 166
27530 304
27531 140
27532 246
27533 89
27534 90
27535 339
27536 208
27537 185
27538 31
27539 207
27540 143
27541 187
27542 155
27543 195
27544 264
27545 330
27546 132
27547 179
27548 236
27549 265
27550 136
27551 175
27552 154
27553 267
27554 211
27555 115
27556 54
27557 347
27558 159
27559 119
27560 126
27561 85
27562 206
27563 145
27564 382
27565 161
27566 105
27567 154
27568 58
27569 129
27570 140
27571 278
27572 159
27573 13
27574 74
27575 249
27576 111
27577 194
27578 195
27579 197
27580 224
27581 186
27582 166
27583 82
27584 233
27585 177
27586 120
27587 147
27588 149
27589 149
27590 177
27591 77
27592 62
27593 139
27594 101
27595 179
27596 252
27597 145
27598 295
27599 303
27600 170
27601 272
27602 246
27603 278
27604 191
27605 162
27606 119
27607 201
27608 217
27609 229
27610 56
27611 428
27612 244
27613 151
27614 182
27615 129
27616 99
27617 323
27618 187
27619 165
27620 419
27621 88
27622 170
27623 139
27624 110
27625 105
27626 -4
27627 222
27628 190
27629 194
27630 157
27631 138
27632 265
27633 169
27634 228
27635 202
27636 336
27637 122
27638 233
27639 194
27640 88
27641 90
27642 150
27643 152
27644 73
27645 160
27646 229
27647 85
27648 107
27649 93
27650 133
27651 115
27652 211
27653 156
27654 124
27655 126
27656 129
27657 104
27658 154
27659 84
27660 109
27661 220
27662 111
27663 460
27664 103
27665 461
27666 296
27667 149
27668 302
27669 172
27670 120
27671 225
27672 100
27673 267
27674 269
27675 145
27676 155
27677 103
27678 179
27679 208
27680 288
27681 185
27682 138
27683 152
27684 173
27685 159
27686 344
27687 118
27688 258
27689 294
27690 103
27691 203
27692 80
27693 222
27694 106
27695 87
27696 219
27697 113
27698 185
27699 267
27700 107
27701 136
27702 168
27703 83
27704 221
27705 181
27706 96
27707 186
27708 143
27709 87
27710 123
27711 205
27712 269
27713 120
27714 214
27715 246
27716 227
27717 139
27718 185
27719 278
27720 113
27721 284
27722 228
27723 187
27724 228
27725 219
27726 365
27727 165
27728 109
27729 181
27730 312
27731 176
27732 97
27733 322
27734 151
27735 331
27736 192
27737 180
27738 298
27739 215
27740 178
27741 169
27742 178
27743 164
27744 171
27745 92
27746 119
27747 172
27748 270
27749 192
27750 206
27751 120
27752 209
27753 150
27754 143
27755 109
27756 200
27757 186
27758 358
27759 255
27760 211
27761 165
27762 117
27763 114
27764 157
27765 108
27766 140
27767 272
27768 246
27769 220
27770 174
27771 42
27772 374
27773 154
27774 88
27775 272
27776 20
27777 209
27778 158
27779 271
27780 120
27781 357
27782 217
27783 73
27784 167
27785 105
27786 111
27787 93
27788 64
27789 117
27790 93
27791 379
27792 80
27793 169
27794 126
27795 179
27796 187
27797 155
27798 534
27799 191
27800 248
27801 151
27802 71
27803 104
27804 236
27805 128
27806 153
27807 205
27808 193
27809 194
27810 217
27811 263
27812 112
27813 190
27814 106
27815 101
27816 162
27817 63
27818 245
27819 126
27820 142
27821 264
27822 187
27823 305
27824 172
27825 219
27826 119
27827 -18
27828 129
27829 157
27830 36
27831 195
27832 163
27833 167
27834 165
27835 103
27836 116
27837 179
27838 206
27839 239
27840 328
27841 170
27842 197
27843 355
27844 42
27845 245
27846 227
27847 192
27848 97
27849 98
27850 130
27851 145
27852 82
27853 196
27854 94
27855 128
27856 149
27857 178
27858 167
27859 206
27860 161
27861 259
27862 207
27863 180
27864 173
27865 118
27866 243
27867 401
27868 139
27869 122
27870 75
27871 137
27872 325
27873 155
27874 310
27875 155
27876 241
27877 96
27878 272
27879 209
27880 229
27881 188
27882 154
27883 126
27884 131
27885 184
27886 373
27887 229
27888 122
27889 167
27890 243
27891 201
27892 143
27893 215
27894 143
27895 244
27896 175
27897 96
27898 184
27899 107
27900 165
27901 155
27902 127
27903 133
27904 208
27905 228
27906 221
27907 169
27908 76
27909 132
27910 151
27911 373
27912 138
27913 178
27914 265
27915 94
27916 112
27917 159
27918 113
27919 55
27920 143
27921 122
27922 22
27923 215
27924 202
27925 100
27926 172
27927 125
27928 94
27929 60
27930 125
27931 287
27932 219
27933 149
27934 117
27935 90
27936 207
27937 96
27938 72
27939 155
27940 65
27941 93
27942 117
27943 218
27944 184
27945 164
27946 109
27947 133
27948 206
27949 280
27950 170
27951 148
27952 318
27953 117
27954 190
27955 296
27956 127
27957 191
27958 156
27959 227
27960 205
27961 92
27962 131
27963 172
27964 128
27965 209
27966 112
27967 249
27968 76
27969 163
27970 149
27971 180
27972 122
27973 18
27974 131
27975 212
27976 185
27977 47
27978 164
27979 128
27980 107
27981 123
27982 137
27983 157
27984 102
27985 49
27986 93
27987 155
27988 163
27989 265
27990 403
27991 121
27992 162
27993 269
27994 325
27995 217
27996 214
27997 222
27998 144
27999 145
28000 89
28001 136
28002 128
28003 171
28004 118
28005 151
28006 137
28007 455
28008 85
28009 241
28010 142
28011 74
28012 92
28013 158
28014 95
28015 135
28016 287
28017 166
28018 53
28019 93
28020 177
28021 220
28022 267
28023 154
28024 118
28025 164
28026 134
28027 164
28028 28
28029 228
28030 94
28031 181
28032 119
28033 150
28034 374
28035 348
28036 196
28037 189
28038 190
28039 360
28040 233
28041 157
28042 160
28043 321
28044 210
28045 79
28046 153
28047 162
28048 274
28049 148
28050 176
28051 294
28052 210
28053 280
28054 376
28055 299
28056 301
28057 105
28058 216
28059 179
28060 153
28061 123
28062 194
28063 164
28064 183
28065 410
28066 190
28067 57
28068 101
28069 172
28070 353
28071 284
28072 154
28073 183
28074 167
28075 189
28076 311
28077 181
28078 162
28079 182
28080 116
28081 131
28082 116
28083 180
28084 235
28085 126
28086 140
28087 306
28088 111
28089 134
28090 75
28091 250
28092 166
28093 213
28094 158
28095 133
28096 157
28097 104
28098 297
28099 271
28100 116
28101 108
28102 258
28103 126
28104 174
28105 202
28106 179
28107 152
28108 178
28109 130
28110 209
28111 46
28112 104
28113 147
28114 155
28115 98
28116 352
28117 239
28118 129
28119 150
28120 145
28121 114
28122 117
28123 200
28124 143
28125 104
28126 139
28127 218
28128 140
28129 51
28130 149
28131 130
28132 261
28133 99
28134 157
28135 329
28136 200
28137 243
28138 287
28139 207
28140 286
28141 136
28142 92
28143 65
28144 68
28145 262
28146 127
28147 221
28148 18
28149 110
28150 88
28151 152
28152 249
28153 256
28154 172
28155 128
28156 180
28157 138
28158 190
28159 70
28160 351
28161 147
28162 104
28163 92
28164 103
28165 119
28166 157
28167 70
28168 227
28169 175
28170 206
28171 263
28172 171
28173 424
28174 125
28175 212
28176 145
28177 107
28178 199
28179 238
28180 99
28181 153
28182 110
28183 215
28184 172
28185 76
28186 177
28187 114
28188 119
28189 244
28190 196
28191 88
28192 175
28193 160
28194 79
28195 135
28196 158
28197 69
28198 144
28199 226
28200 99
28201 7
28202 204
28203 183
28204 95
28205 99
28206 194
28207 296
28208 153
28209 161
28210 154
28211 356
28212 185
28213 238
28214 291
28215 87
28216 21
28217 54
28218 217
28219 161
28220 246
28221 297
28222 108
28223 72
28224 224
28225 166
28226 208
28227 121
28228 215
28229 206
28230 446
28231 183
28232 170
28233 351
28234 197
28235 140
28236 298
28237 119
28238 175
28239 201
28240 90
28241 122
28242 312
28243 236
28244 290
28245 168
28246 94
28247 216
28248 243
28249 267
28250 252
28251 201
28252 64
28253 142
28254 204
28255 27
28256 147
28257 143
28258 154
28259 117
28260 181
28261 201
28262 148
28263 164
28264 133
28265 200
28266 75
28267 208
28268 98
28269 113
28270 241
28271 213
28272 263
28273 182
28274 148
28275 263
28276 90
28277 97
28278 316
28279 235
28280 295
28281 175
28282 176
28283 140
28284 184
28285 156
28286 262
28287 62
28288 123
28289 197
28290 374
28291 145
28292 147
28293 100
28294 199
28295 185
28296 207
28297 124
28298 412
28299 138
28300 234
28301 172
28302 278
28303 166
28304 121
28305 106
28306 154
28307 29
28308 122
28309 80
28310 67
28311 228
28312 154
28313 162
28314 213
28315 109
28316 117
28317 192
28318 103
28319 87
28320 95
28321 147
28322 148
28323 185
28324 236
28325 131
28326 113
28327 190
28328 223
28329 190
28330 129
28331 113
28332 283
28333 176
28334 88
28335 67
28336 76
28337 112
28338 140
28339 142
28340 119
28341 220
28342 162
28343 139
28344 176
28345 340
28346 317
28347 95
28348 396
28349 181
28350 208
28351 219
28352 133
28353 270
28354 58
28355 160
28356 141
28357 142
28358 187
28359 206
28360 131
28361 129
28362 111
28363 279
28364 140
28365 133
28366 142
28367 96
28368 129
28369 192
28370 233
28371 165
28372 122
28373 254
28374 100
28375 129
28376 316
28377 234
28378 121
28379 194
28380 167
28381 408
28382 207
28383 170
28384 161
28385 79
28386 229
28387 132
28388 200
28389 113
28390 129
28391 172
28392 77
28393 120
28394 142
28395 140
28396 269
28397 215
28398 239
28399 172
28400 53
28401 128
28402 250
28403 169
28404 191
28405 244
28406 269
28407 211
28408 198
28409 151
28410 366
28411 166
28412 178
28413 192
28414 180
28415 129
28416 169
28417 219
28418 208
28419 344
28420 150
28421 141
28422 155
28423 177
28424 331
28425 275
28426 257
28427 186
28428 109
28429 134
28430 199
28431 68
28432 218
28433 171
28434 114
28435 198
28436 186
28437 228
28438 282
28439 161
28440 254
28441 215
28442 219
28443 138
28444 192
28445 60
28446 100
28447 152
28448 114
28449 165
28450 305
28451 256
28452 144
28453 77
28454 495
28455 170
28456 204
28457 126
28458 80
28459 59
28460 122
28461 258
28462 210
28463 89
28464 120
28465 208
28466 164
28467 210
28468 156
28469 260
28470 122
28471 42
28472 249
28473 335
28474 60
28475 95
28476 169
28477 157
28478 191
28479 238
28480 324
28481 146
28482 132
28483 168
28484 279
28485 110
28486 131
28487 156
28488 223
28489 119
28490 127
28491 11
28492 119
28493 160
28494 207
28495 289
28496 268
28497 194
28498 327
28499 160
28500 256
28501 179
28502 170
28503 197
28504 153
28505 122
28506 168
28507 157
28508 140
28509 90
28510 178
28511 199
28512 94
28513 154
28514 159
28515 202
28516 244
28517 187
28518 158
28519 207
28520 82
28521 103
28522 242
28523 188
28524 119
28525 162
28526 179
28527 121
28528 150
28529 152
28530 97
28531 86
28532 142
28533 180
28534 74
28535 154
28536 159
28537 271
28538 197
28539 104
28540 65
28541 277
28542 184
28543 80
28544 221
28545 173
28546 218
28547 215
28548 232
28549 127
28550 105
28551 221
28552 166
28553 202
28554 193
28555 96
28556 124
28557 76
28558 22
28559 169
28560 57
28561 126
28562 146
28563 251
28564 64
28565 176
28566 262
28567 132
28568 207
28569 295
28570 184
28571 139
28572 161
28573 395
28574 134
28575 96
28576 157
28577 184
28578 168
28579 259
28580 139
28581 254
28582 218
28583 118
28584 117
28585 106
28586 145
28587 224
28588 142
28589 137
28590 87
28591 253
28592 262
28593 232
28594 122
28595 125
28596 138
28597 330
28598 143
28599 122
28600 218
28601 97
28602 183
28603 77
28604 61
28605 161
28606 103
28607 163
28608 182
28609 83
28610 290
28611 24
28612 273
28613 354
28614 140
28615 342
28616 250
28617 215
28618 296
28619 181
28620 192
28621 109
28622 67
28623 108
28624 72
28625 134
28626 139
28627 435
28628 207
28629 185
28630 228
28631 171
28632 130
28633 55
28634 302
28635 208
28636 173
28637 136
28638 84
28639 324
28640 198
28641 183
28642 284
28643 162
28644 27
28645 60
28646 217
28647 101
28648 230
28649 170
28650 204
28651 192
28652 344
28653 52
28654 113
28655 190
28656 120
28657 292
28658 177
28659 113
28660 115
28661 200
28662 121
28663 82
28664 355
28665 212
28666 156
28667 206
28668 210
28669 140
28670 201
28671 234
28672 95
28673 150
28674 152
28675 102
28676 110
28677 247
28678 151
28679 169
28680 181
28681 403
28682 111
28683 92
28684 205
28685 173
28686 302
28687 90
28688 139
28689 121
28690 113
28691 177
28692 287
28693 192
28694 152
28695 76
28696 89
28697 376
28698 174
28699 207
28700 79
28701 94
28702 167
28703 170
28704 145
28705 158
28706 160
28707 149
28708 82
28709 141
28710 145
28711 224
28712 209
28713 159
28714 103
28715 68
28716 215
28717 131
28718 87
28719 271
28720 235
28721 188
28722 216
28723 197
28724 248
28725 78
28726 106
28727 229
28728 154
28729 156
28730 142
28731 166
28732 301
28733 144
28734 103
28735 165
28736 110
28737 185
28738 81
28739 252
28740 174
28741 215
28742 116
28743 176
28744 161
28745 168
28746 149
28747 43
28748 143
28749 192
28750 100
28751 194
28752 252
28753 258
28754 169
28755 163
28756 129
28757 230
28758 111
28759 100
28760 95
28761 289
28762 378
28763 86
28764 188
28765 165
28766 241
28767 90
28768 256
28769 196
28770 68
28771 168
28772 152
28773 202
28774 238
28775 221
28776 205
28777 229
28778 296
28779 73
28780 144
28781 111
28782 72
28783 184
28784 442
28785 178
28786 174
28787 248
28788 121
28789 137
28790 114
28791 119
28792 228
28793 99
28794 122
28795 161
28796 153
28797 110
28798 297
28799 296
28800 238
28801 128
28802 167
28803 166
28804 110
28805 82
28806 248
28807 154
28808 199
28809 213
28810 224
28811 233
28812 237
28813 119
28814 159
28815 88
28816 184
28817 337
28818 189
28819 98
28820 231
28821 342
28822 233
28823 234
28824 193
28825 195
28826 126
28827 85
28828 132
28829 205
28830 136
28831 158
28832 218
28833 66
28834 142
28835 207
28836 66
28837 262
28838 249
28839 360
28840 181
28841 125
28842 112
28843 59
28844 265
28845 98
28846 185
28847 126
28848 117
28849 222
28850 103
28851 148
28852 287
28853 223
28854 155
28855 233
28856 194
28857 268
28858 207
28859 73
28860 290
28861 364
28862 158
28863 95
28864 172
28865 124
28866 101
28867 209
28868 227
28869 65
28870 202
28871 147
28872 80
28873 132
28874 147
28875 137
28876 130
28877 171
28878 220
28879 277
28880 110
28881 273
28882 121
28883 134
28884 90
28885 387
28886 207
28887 152
28888 310
28889 189
28890 58
28891 175
28892 148
28893 253
28894 232
28895 153
28896 222
28897 155
28898 115
28899 48
28900 128
28901 164
28902 209
28903 100
28904 146
28905 183
28906 199
28907 240
28908 70
28909 189
28910 229
28911 145
28912 112
28913 149
28914 150
28915 176
28916 91
28917 407
28918 207
28919 102
28920 96
28921 203
28922 99
28923 246
28924 136
28925 140
28926 267
28927 139
28928 137
28929 130
28930 104
28931 264
28932 90
28933 440
28934 160
28935 161
28936 119
28937 236
28938 147
28939 105
28940 201
28941 88
28942 201
28943 244
28944 141
28945 250
28946 339
28947 113
28948 151
28949 45
28950 226
28951 188
28952 30
28953 265
28954 27
28955 88
28956 221
28957 120
28958 87
28959 244
28960 191
28961 210
28962 446
28963 160
28964 225
28965 136
28966 129
28967 210
28968 118
28969 332
28970 130
28971 130
28972 234
28973 107
28974 98
28975 395
28976 105
28977 105
28978 134
28979 136
28980 126
28981 256
28982 273
28983 177
28984 281
28985 151
28986 351
28987 284
28988 77
28989 135
28990 218
28991 160
28992 232
28993 193
28994 242
28995 183
28996 83
28997 243
28998 144
28999 142
29000 229
29001 410
29002 182
29003 240
29004 191
29005 195
29006 159
29007 136
29008 207
29009 410
29010 140
29011 141
29012 128
29013 123
29014 99
29015 154
29016 189
29017 54
29018 204
29019 175
29020 178
29021 105
29022 101
29023 117
29024 250
29025 181
29026 259
29027 197
29028 224
29029 206
29030 49
29031 139
29032 74
29033 215
29034 226
29035 319
29036 289
29037 194
29038 132
29039 133
29040 112
29041 232
29042 128
29043 141
29044 197
29045 66
29046 273
29047 288
29048 78
29049 162
29050 238
29051 283
29052 251
29053 148
29054 368
29055 122
29056 149
29057 118
29058 187
29059 19
29060 193
29061 124
29062 220
29063 250
29064 149
29065 65
29066 101
29067 105
29068 19
29069 186
29070 127
29071 55
29072 176
29073 106
29074 121
29075 141
29076 152
29077 153
29078 83
29079 63
29080 263
29081 131
29082 109
29083 178
29084 309
29085 179
29086 208
29087 152
29088 230
29089 240
29090 193
29091 95
29092 172
29093 294
29094 229
29095 285
29096 129
29097 28
29098 179
29099 142
29100 264
29101 117
29102 165
29103 160
29104 162
29105 156
29106 165
29107 168
29108 136
29109 145
29110 212
29111 112
29112 103
29113 101
29114 198
29115 117
29116 171
29117 137
29118 254
29119 378
29120 124
29121 17
29122 160
29123 351
29124 99
29125 222
29126 167
29127 179
29128 106
29129 120
29130 189
29131 145
29132 119
29133 189
29134 141
29135 213
29136 31
29137 100
29138 130
29139 156
29140 184
29141 127
29142 197
29143 188
29144 214
29145 193
29146 102
29147 223
29148 147
29149 263
29150 296
29151 208
29152 183
29153 213
29154 287
29155 245
29156 42
29157 37
29158 96
29159 144
29160 180
29161 334
29162 166
29163 189
29164 72
29165 186
29166 369
29167 151
29168 148
29169 127
29170 205
29171 114
29172 139
29173 131
29174 160
29175 175
29176 264
29177 114
29178 134
29179 171
29180 226
29181 144
29182 132
29183 193
29184 227
29185 112
29186 328
29187 88
29188 179
29189 156
29190 166
29191 232
29192 174
29193 200
29194 164
29195 122
29196 115
29197 55
29198 145
29199 146
29200 275
29201 141
29202 126
29203 571
29204 171
29205 197
29206 120
29207 179
29208 53
29209 253
29210 254
29211 240
29212 218
29213 183
29214 263
29215 142
29216 254
29217 179
29218 203
29219 135
29220 126
29221 310
29222 152
29223 142
29224 9
29225 127
29226 239
29227 47
29228 138
29229 178
29230 233
29231 153
29232 219
29233 83
29234 135
29235 100
29236 55
29237 230
29238 107
29239 153
29240 248
29241 242
29242 107
29243 158
29244 156
29245 126
29246 97
29247 130
29248 114
29249 261
29250 150
29251 207
29252 29
29253 114
29254 72
29255 161
29256 103
29257 155
29258 282
29259 26
29260 172
29261 136
29262 63
29263 218
29264 160
29265 129
29266 111
29267 155
29268 207
29269 285
29270 277
29271 108
29272 371
29273 71
29274 203
29275 127
29276 277
29277 164
29278 104
29279 75
29280 174
29281 196
29282 219
29283 103
29284 211
29285 116
29286 199
29287 191
29288 198
29289 212
29290 466
29291 234
29292 224
29293 279
29294 203
29295 193
29296 141
29297 175
29298 318
29299 220
29300 220
29301 153
29302 143
29303 274
29304 142
29305 262
29306 86
29307 181
29308 348
29309 324
29310 96
29311 116
29312 171
29313 280
29314 200
29315 368
29316 227
29317 199
29318 163
29319 209
29320 114
29321 259
29322 177
29323 51
29324 107
29325 88
29326 248
29327 297
29328 292
29329 215
29330 252
29331 195
29332 224
29333 87
29334 172
29335 207
29336 174
29337 279
29338 221
29339 89
29340 119
29341 110
29342 182
29343 145
29344 75
29345 220
29346 120
29347 221
29348 70
29349 388
29350 117
29351 104
29352 156
29353 228
29354 108
29355 225
29356 168
29357 170
29358 203
29359 213
29360 131
29361 140
29362 322
29363 89
29364 161
29365 129
29366 231
29367 50
29368 133
29369 178
29370 203
29371 189
29372 115
29373 183
29374 180
29375 184
29376 103
29377 64
29378 195
29379 185
29380 171
29381 98
29382 132
29383 161
29384 184
29385 95
29386 56
29387 262
29388 244
29389 225
29390 177
29391 475
29392 185
29393 230
29394 175
29395 125
29396 290
29397 213
29398 218
29399 275
29400 184
29401 159
29402 278
29403 196
29404 207
29405 271
29406 119
29407 185
29408 235
29409 168
29410 160
29411 189
29412 133
29413 48
29414 123
29415 109
29416 199
29417 97
29418 88
29419 166
29420 89
29421 325
29422 274
29423 276
29424 63
29425 127
29426 128
29427 186
29428 106
29429 183
29430 125
29431 175
29432 172
29433 175
29434 223
29435 142
29436 141
29437 342
29438 50
29439 81
29440 187
29441 127
29442 237
29443 119
29444 89
29445 239
29446 72
29447 161
29448 265
29449 179
29450 229
29451 198
29452 192
29453 165
29454 133
29455 159
29456 143
29457 190
29458 211
29459 166
29460 368
29461 233
29462 120
29463 212
29464 177
29465 91
29466 201
29467 148
29468 255
29469 127
29470 39
29471 102
29472 132
29473 201
29474 239
29475 237
29476 143
29477 141
29478 90
29479 249
29480 119
29481 226
29482 135
29483 97
29484 49
29485 196
29486 91
29487 120
29488 50
29489 180
29490 234
29491 166
29492 195
29493 131
29494 235
29495 109
29496 115
29497 98
29498 156
29499 262
29500 167
29501 173
29502 252
29503 212
29504 186
29505 92
29506 217
29507 124
29508 152
29509 251
29510 295
29511 153
29512 51
29513 161
29514 236
29515 180
29516 208
29517 161
29518 162
29519 277
29520 202
29521 150
29522 212
29523 173
29524 134
29525 88
29526 189
29527 78
29528 165
29529 179
29530 94
29531 77
29532 286
29533 253
29534 347
29535 241
29536 347
29537 81
29538 167
29539 240
29540 231
29541 131
29542 129
29543 202
29544 161
29545 123
29546 156
29547 178
29548 176
29549 227
29550 200
29551 88
29552 136
29553 148
29554 102
29555 463
29556 207
29557 204
29558 247
29559 224
29560 192
29561 154
29562 143
29563 351
29564 320
29565 204
29566 205
29567 156
29568 78
29569 197
29570 185
29571 397
29572 119
29573 165
29574 176
29575 229
29576 164
29577 170
29578 183
29579 176
29580 216
29581 82
29582 180
29583 222
29584 285
29585 180
29586 129
29587 143
29588 312
29589 255
29590 148
29591 194
29592 141
29593 152
29594 124
29595 333
29596 210
29597 208
29598 73
29599 134
29600 93
29601 172
29602 228
29603 179
29604 210
29605 48
29606 74
29607 163
29608 208
29609 102
29610 195
29611 116
29612 184
29613 380
29614 220
29615 88
29616 147
29617 200
29618 155
29619 246
29620 121
29621 171
29622 113
29623 130
29624 207
29625 220
29626 110
29627 205
29628 235
29629 190
29630 157
29631 59
29632 114
29633 215
29634 216
29635 90
29636 137
29637 261
29638 67
29639 86
29640 92
29641 104
29642 35
29643 99
29644 136
29645 285
29646 143
29647 140
29648 276
29649 202
29650 211
29651 199
29652 104
29653 98
29654 104
29655 205
29656 229
29657 172
29658 129
29659 92
29660 135
29661 200
29662 239
29663 111
29664 164
29665 114
29666 253
29667 155
29668 95
29669 81
29670 194
29671 183
29672 135
29673 204
29674 162
29675 303
29676 238
29677 125
29678 238
29679 151
29680 94
29681 178
29682 115
29683 135
29684 183
29685 314
29686 213
29687 128
29688 191
29689 374
29690 71
29691 187
29692 56
29693 164
29694 142
29695 143
29696 126
29697 226
29698 173
29699 106
29700 111
29701 146
29702 195
29703 85
29704 185
29705 176
29706 246
29707 147
29708 115
29709 147
29710 59
29711 269
29712 110
29713 42
29714 236
29715 186
29716 127
29717 167
29718 211
29719 18
29720 186
29721 129
29722 162
29723 186
29724 253
29725 138
29726 122
29727 98
29728 134
29729 247
29730 134
29731 356
29732 129
29733 144
29734 192
29735 99
29736 155
29737 211
29738 157
29739 231
29740 129
29741 184
29742 165
29743 88
29744 368
29745 215
29746 141
29747 80
29748 194
29749 132
29750 54
29751 150
29752 167
29753 146
29754 99
29755 127
29756 113
29757 178
29758 229
29759 200
29760 237
29761 158
29762 338
29763 174
29764 203
29765 220
29766 135
29767 190
29768 115
29769 84
29770 137
29771 249
29772 163
29773 262
29774 177
29775 167
29776 118
29777 166
29778 55
29779 107
29780 183
29781 224
29782 267
29783 107
29784 260
29785 233
29786 74
29787 126
29788 158
29789 183
29790 149
29791 140
29792 218
29793 303
29794 254
29795 59
29796 252
29797 159
29798 208
29799 181
29800 87
29801 28
29802 146
29803 155
29804 287
29805 74
29806 207
29807 192
29808 107
29809 110
29810 155
29811 144
29812 110
29813 177
29814 309
29815 280
29816 199
29817 108
29818 158
29819 254
29820 149
29821 196
29822 291
29823 251
29824 189
29825 91
29826 425
29827 287
29828 243
29829 102
29830 295
29831 225
29832 116
29833 158
29834 147
29835 202
29836 171
29837 173
29838 97
29839 184
29840 147
29841 203
29842 318
29843 275
29844 145
29845 217
29846 74
29847 108
29848 35
29849 272
29850 101
29851 216
29852 154
29853 99
29854 221
29855 184
29856 223
29857 151
29858 180
29859 116
29860 164
29861 70
29862 210
29863 164
29864 82
29865 173
29866 150
29867 145
29868 120
29869 155
29870 135
29871 245
29872 106
29873 77
29874 104
29875 349
29876 126
29877 123
29878 136
29879 107
29880 252
29881 179
29882 66
29883 240
29884 165
29885 116
29886 196
29887 233
29888 217
29889 170
29890 229
29891 175
29892 68
29893 112
29894 193
29895 180
29896 233
29897 196
29898 123
29899 112
29900 175
29901 75
29902 124
29903 317
29904 74
29905 158
29906 259
29907 57
29908 282
29909 43
29910 301
29911 183
29912 87
29913 211
29914 123
29915 172
29916 32
29917 154
29918 218
29919 127
29920 225
29921 163
29922 478
29923 157
29924 164
29925 190
29926 86
29927 176
29928 135
29929 162
29930 86
29931 152
29932 149
29933 284
29934 249
29935 101
29936 135
29937 121
29938 86
29939 284
29940 152
29941 97
29942 138
29943 87
29944 159
29945 59
29946 71
29947 246
29948 163
29949 141
29950 241
29951 102
29952 125
29953 203
29954 156
29955 66
29956 429
29957 339
29958 199
29959 125
29960 82
29961 288
29962 181
29963 52
29964 235
29965 295
29966 175
29967 231
29968 203
29969 194
29970 178
29971 153
29972 201
29973 181
29974 269
29975 212
29976 154
29977 283
29978 297
29979 162
29980 320
29981 191
29982 264
29983 122
29984 138
29985 281
29986 143
29987 153
29988 135
29989 233
29990 146
29991 244
29992 87
29993 242
29994 257
29995 114
29996 91
29997 113
29998 107
29999 337
30000 327
30001 160
30002 209
30003 171
30004 84
30005 146
30006 162
30007 192
30008 158
30009 143
30010 159
30011 184
30012 174
30013 193
30014 149
30015 318
30016 197
30017 159
30018 224
30019 192
30020 227
30021 138
30022 139
30023 185
30024 171
30025 92
30026 266
30027 224
30028 51
30029 165
30030 190
30031 187
30032 223
30033 257
30034 144
30035 189
30036 169
30037 191
30038 201
30039 119
30040 114
30041 252
30042 134
30043 198
30044 118
30045 146
30046 185
30047 94
30048 178
30049 149
30050 97
30051 236
30052 120
30053 174
30054 219
30055 143
30056 189
30057 197
30058 105
30059 189
30060 195
30061 239
30062 64
30063 244
30064 170
30065 225
30066 327
30067 60
30068 219
30069 160
30070 181
30071 120
30072 186
30073 137
30074 200
30075 100
30076 252
30077 228
30078 208
30079 169
30080 220
30081 172
30082 237
30083 281
30084 181
30085 101
30086 206
30087 185
30088 84
30089 140
30090 120
30091 112
30092 206
30093 166
30094 117
30095 302
30096 184
30097 294
30098 161
30099 187
30100 113
30101 206
30102 221
30103 130
30104 232
30105 298
30106 115
30107 150
30108 38
30109 204
30110 65
30111 221
30112 52
30113 312
30114 181
30115 179
30116 171
30117 222
30118 184
30119 138
30120 99
30121 108
30122 255
30123 179
30124 224
30125 189
30126 57
30127 174
30128 166
30129 298
30130 158
30131 187
30132 80
30133 335
30134 199
30135 188
30136 90
30137 110
30138 244
30139 74
30140 209
30141 207
30142 28
30143 166
30144 165
30145 216
30146 99
30147 249
30148 197
30149 183
30150 100
30151 203
30152 263
30153 230
30154 117
30155 133
30156 442
30157 246
30158 194
30159 333
30160 69
30161 121
30162 238
30163 227
30164 120
30165 194
30166 202
30167 130
30168 218
30169 311
30170 162
30171 3
30172 109
30173 166
30174 161
30175 151
30176 125
30177 166
30178 14
30179 189
30180 122
30181 49
30182 227
30183 140
30184 123
30185 218
30186 144
30187 140
30188 108
30189 148
30190 115
30191 240
30192 155
30193 269
30194 250
30195 335
30196 157
30197 187
30198 101
30199 218
30200 191
30201 140
30202 176
30203 214
30204 75
30205 241
30206 149
30207 170
30208 207
30209 150
30210 223
30211 273
30212 328
30213 234
30214 191
30215 207
30216 182
30217 167
30218 213
30219 124
30220 180
30221 144
30222 164
30223 227
30224 122
30225 57
30226 107
30227 118
30228 209
30229 185
30230 340
30231 251
30232 182
30233 236
30234 352
30235 59
30236 143
30237 79
30238 195
30239 105
30240 133
30241 117
30242 156
30243 274
30244 82
30245 143
30246 141
30247 114
30248 21
30249 147
30250 121
30251 106
30252 184
30253 159
30254 152
30255 195
30256 223
30257 121
30258 188
30259 139
30260 149
30261 168
30262 216
30263 318
30264 238
30265 155
30266 398
30267 105
30268 227
30269 198
30270 322
30271 189
30272 183
30273 80
30274 141
30275 99
30276 340
30277 121
30278 145
30279 160
30280 158
30281 208
30282 125
30283 208
30284 453
30285 125
30286 112
30287 171
30288 178
30289 69
30290 111
30291 163
30292 79
30293 147
30294 129
30295 175
30296 256
30297 117
30298 245
30299 157
30300 218
30301 282
30302 499
30303 55
30304 183
30305 144
30306 219
30307 320
30308 197
30309 173
30310 90
30311 166
30312 218
30313 247
30314 98
30315 133
30316 92
30317 224
30318 91
30319 86
30320 90
30321 132
30322 377
30323 325
30324 76
30325 160
30326 360
30327 133
30328 203
30329 287
30330 183
30331 51
30332 94
30333 171
30334 132
30335 99
30336 161
30337 104
30338 89
30339 69
30340 123
30341 280
30342 106
30343 93
30344 264
30345 346
30346 141
30347 364
30348 231
30349 269
30350 135
30351 107
30352 353
30353 146
30354 85
30355 96
30356 104
30357 51
30358 54
30359 105
30360 84
30361 112
30362 78
30363 176
30364 127
30365 154
30366 168
30367 105
30368 52
30369 258
30370 179
30371 106
30372 134
30373 184
30374 151
30375 215
30376 119
30377 229
30378 192
30379 210
30380 99
30381 236
30382 86
30383 94
30384 101
30385 118
30386 245
30387 158
30388 192
30389 193
30390 187
30391 152
30392 158
30393 75
30394 100
30395 137
30396 131
30397 203
30398 76
30399 143
30400 181
30401 180
30402 207
30403 211
30404 126
30405 37
30406 335
30407 224
30408 92
30409 115
30410 172
30411 195
30412 240
30413 141
30414 99
30415 111
30416 67
30417 260
30418 146
30419 148
30420 116
30421 60
30422 180
30423 270
30424 203
30425 184
30426 246
30427 229
30428 236
30429 103
30430 207
30431 100
30432 280
30433 210
30434 264
30435 218
30436 231
30437 297
30438 129
30439 275
30440 295
30441 224
30442 211
30443 63
30444 190
30445 192
30446 261
30447 110
30448 128
30449 204
30450 88
30451 121
30452 79
30453 259
30454 211
30455 77
30456 159
30457 150
30458 271
30459 201
30460 95
30461 51
30462 105
30463 150
30464 156
30465 124
30466 75
30467 166
30468 133
30469 256
30470 254
30471 164
30472 15
30473 214
30474 164
30475 100
30476 135
30477 244
30478 118
30479 309
30480 226
30481 67
30482 277
30483 191
30484 180
30485 270
30486 27
30487 172
30488 333
30489 114
30490 207
30491 197
30492 102
30493 223
30494 223
30495 229
30496 133
30497 39
30498 264
30499 249
30500 207
30501 184
30502 200
30503 285
30504 126
30505 203
30506 224
30507 202
30508 139
30509 218
30510 134
30511 285
30512 326
30513 38
30514 265
30515 72
30516 262
30517 154
30518 92
30519 130
30520 147
30521 56
30522 172
30523 146
30524 47
30525 205
30526 96
30527 250
30528 236
30529 239
30530 154
30531 213
30532 93
30533 125
30534 183
30535 141
30536 102
30537 198
30538 228
30539 160
30540 223
30541 259
30542 33
30543 136
30544 371
30545 234
30546 183
30547 109
30548 274
30549 250
30550 235
30551 93
30552 113
30553 123
30554 80
30555 401
30556 180
30557 237
30558 389
30559 203
30560 170
30561 340
30562 201
30563 51
30564 125
30565 300
30566 240
30567 175
30568 121
30569 191
30570 200
30571 136
30572 172
30573 105
30574 75
30575 104
30576 315
30577 150
30578 167
30579 163
30580 142
30581 185
30582 73
30583 133
30584 89
30585 194
30586 187
30587 172
30588 183
30589 149
30590 288
30591 273
30592 107
30593 141
30594 150
30595 127
30596 298
30597 244
30598 121
30599 141
30600 181
30601 337
30602 198
30603 213
30604 121
30605 115
30606 257
30607 93
30608 196
30609 311
30610 84
30611 287
30612 153
30613 220
30614 228
30615 180
30616 79
30617 145
30618 151
30619 190
30620 275
30621 328
30622 67
30623 136
30624 289
30625 190
30626 131
30627 156
30628 184
30629 95
30630 30
30631 242
30632 163
30633 152
30634 172
30635 119
30636 32
30637 289
30638 140
30639 51
30640 135
30641 111
30642 187
30643 167
30644 153
30645 134
30646 195
30647 167
30648 341
30649 78
30650 163
30651 192
30652 152
30653 286
30654 124
30655 156
30656 154
30657 64
30658 107
30659 253
30660 113
30661 167
30662 128
30663 95
30664 223
30665 119
30666 222
30667 255
30668 54
30669 108
30670 53
30671 327
30672 117
30673 284
30674 200
30675 198
30676 149
30677 59
30678 165
30679 172
30680 192
30681 226
30682 30
30683 87
30684 190
30685 338
30686 147
30687 149
30688 144
30689 234
30690 93
30691 163
30692 256
30693 159
30694 141
30695 101
30696 5
30697 116
30698 110
30699 136
30700 124
30701 220
30702 294
30703 137
30704 144
30705 164
30706 230
30707 152
30708 68
30709 184
30710 121
30711 134
30712 150
30713 65
30714 252
30715 244
30716 183
30717 36
30718 146
30719 449
30720 175
30721 236
30722 105
30723 185
30724 193
30725 15
30726 104
30727 139
30728 77
30729 177
30730 160
30731 200
30732 109
30733 159
30734 184
30735 162
30736 279
30737 189
30738 228
30739 96
30740 230
30741 83
30742 230
30743 257
30744 170
30745 142
30746 198
30747 136
30748 200
30749 209
30750 147
30751 168
30752 137
30753 157
30754 101
30755 136
30756 191
30757 211
30758 239
30759 226
30760 141
30761 99
30762 259
30763 53
30764 239
30765 285
30766 271
30767 201
30768 442
30769 150
30770 90
30771 148
30772 199
30773 198
30774 167
30775 93
30776 240
30777 166
30778 157
30779 140
30780 55
30781 110
30782 228
30783 118
30784 75
30785 141
30786 277
30787 113
30788 230
30789 147
30790 187
30791 192
30792 204
30793 294
30794 299
30795 136
30796 111
30797 153
30798 82
30799 249
30800 206
30801 183
30802 11
30803 131
30804 155
30805 198
30806 147
30807 151
30808 132
30809 189
30810 223
30811 84
30812 136
30813 117
30814 212
30815 129
30816 119
30817 139
30818 91
30819 146
30820 197
30821 198
30822 96
30823 96
30824 237
30825 271
30826 180
30827 175
30828 162
30829 185
30830 165
30831 242
30832 212
30833 275
30834 241
30835 149
30836 113
30837 120
30838 149
30839 139
30840 167
30841 103
30842 84
30843 270
30844 45
30845 209
30846 240
30847 277
30848 72
30849 319
30850 282
30851 90
30852 171
30853 52
30854 174
30855 173
30856 250
30857 58
30858 177
30859 156
30860 446
30861 120
30862 46
30863 221
30864 155
30865 126
30866 211
30867 234
30868 106
30869 166
30870 174
30871 148
30872 233
30873 516
30874 207
30875 162
30876 227
30877 165
30878 173
30879 148
30880 270
30881 202
30882 90
30883 261
30884 2
30885 244
30886 203
30887 287
30888 107
30889 193
30890 176
30891 151
30892 168
30893 82
30894 149
30895 304
30896 155
30897 92
30898 150
30899 159
30900 260
30901 92
30902 147
30903 198
30904 201
30905 204
30906 122
30907 221
30908 210
30909 75
30910 121
30911 170
30912 115
30913 54
30914 145
30915 171
30916 79
30917 118
30918 185
30919 207
30920 325
30921 279
30922 353
30923 171
30924 190
30925 310
30926 139
30927 164
30928 148
30929 104
30930 244
30931 93
30932 198
30933 171
30934 177
30935 143
30936 112
30937 117
30938 257
30939 403
30940 106
30941 206
30942 363
30943 261
30944 129
30945 222
30946 201
30947 187
30948 148
30949 369
30950 216
30951 160
30952 229
30953 220
30954 172
30955 166
30956 30
30957 128
30958 253
30959 78
30960 42
30961 118
30962 266
30963 160
30964 69
30965 401
30966 342
30967 133
30968 190
30969 188
30970 191
30971 86
30972 181
30973 85
30974 229
30975 288
30976 175
30977 190
30978 156
30979 121
30980 254
30981 144
30982 145
30983 263
30984 162
30985 1
30986 261
30987 399
30988 159
30989 348
30990 216
30991 260
30992 225
30993 210
30994 148
30995 59
30996 143
30997 132
30998 212
30999 219
31000 141
31001 338
31002 164
31003 175
31004 118
31005 139
31006 316
31007 151
31008 131
31009 207
31010 64
31011 225
31012 122
31013 159
31014 153
31015 330
31016 144
31017 309
31018 263
31019 232
31020 156
31021 184
31022 136
31023 214
31024 136
31025 108
31026 112
31027 111
31028 188
31029 256
31030 89
31031 127
31032 227
31033 204
31034 136
31035 33
31036 137
31037 68
31038 284
31039 86
31040 313
31041 143
31042 165
31043 86
31044 191
31045 229
31046 165
31047 86
31048 156
31049 146
31050 328
31051 124
31052 156
31053 215
31054 171
31055 189
31056 100
31057 137
31058 160
31059 231
31060 149
31061 164
31062 216
31063 79
31064 377
31065 127
31066 255
31067 82
31068 193
31069 112
31070 201
31071 201
31072 78
31073 161
31074 213
31075 118
31076 134
31077 328
31078 200
31079 144
31080 229
31081 157
31082 158
31083 150
31084 190
31085 94
31086 113
31087 198
31088 531
31089 171
31090 81
31091 243
31092 35
31093 246
31094 170
31095 163
31096 84
31097 222
31098 173
31099 252
31100 231
31101 136
31102 128
31103 46
31104 198
31105 47
31106 242
31107 231
31108 377
31109 161
31110 242
31111 185
31112 196
31113 148
31114 272
31115 133
31116 161
31117 271
31118 149
31119 152
31120 148
31121 108
31122 157
31123 206
31124 183
31125 99
31126 220
31127 162
31128 211
31129 236
31130 122
31131 184
31132 220
31133 280
31134 54
31135 246
31136 122
31137 170
31138 191
31139 141
31140 144
31141 176
31142 129
31143 86
31144 156
31145 124
31146 81
31147 130
31148 61
31149 107
31150 45
31151 136
31152 123
31153 185
31154 208
31155 61
31156 88
31157 113
31158 278
31159 40
31160 99
31161 85
31162 195
31163 180
31164 101
31165 203
31166 13
31167 271
31168 69
31169 4
31170 178
31171 117
31172 190
31173 130
31174 228
31175 67
31176 444
31177 203
31178 173
31179 80
31180 404
31181 99
31182 228
31183 206
31184 83
31185 122
31186 229
31187 145
31188 93
31189 454
31190 136
31191 125
31192 136
31193 15
31194 166
31195 164
31196 159
31197 192
31198 114
31199 101
31200 371
31201 30
31202 83
31203 128
31204 140
31205 160
31206 162
31207 133
31208 198
31209 111
31210 165
31211 229
31212 260
31213 110
31214 240
31215 227
31216 146
31217 12
31218 104
31219 170
31220 118
31221 133
31222 107
31223 160
31224 148
31225 250
31226 182
31227 134
31228 165
31229 111
31230 131
31231 185
31232 93
31233 300
31234 100
31235 213
31236 158
31237 99
31238 142
31239 159
31240 181
31241 153
31242 133
31243 26
31244 122
31245 197
31246 146
31247 94
31248 124
31249 164
31250 78
31251 188
31252 246
31253 110
31254 61
31255 121
31256 199
31257 167
31258 321
31259 148
31260 99
31261 130
31262 181
31263 183
31264 231
31265 172
31266 251
31267 132
31268 298
31269 197
31270 107
31271 156
31272 105
31273 252
31274 139
31275 81
31276 287
31277 129
31278 119
31279 153
31280 265
31281 94
31282 244
31283 118
31284 150
31285 248
31286 177
31287 139
31288 141
31289 86
31290 158
31291 235
31292 156
31293 174
31294 75
31295 289
31296 108
31297 258
31298 200
31299 145
31300 237
31301 135
31302 122
31303 223
31304 174
31305 89
31306 153
31307 84
31308 119
31309 167
31310 206
31311 181
31312 145
31313 97
31314 235
31315 100
31316 178
31317 201
31318 97
31319 75
31320 200
31321 130
31322 195
31323 105
31324 218
31325 160
31326 87
31327 220
31328 198
31329 129
31330 207
31331 39
31332 181
31333 82
31334 191
31335 105
31336 141
31337 194
31338 100
31339 217
31340 171
31341 271
31342 136
31343 192
31344 136
31345 178
31346 107
31347 215
31348 131
31349 167
31350 217
31351 91
31352 153
31353 131
31354 96
31355 107
31356 58
31357 81
31358 148
31359 234
31360 164
31361 94
31362 282
31363 156
31364 243
31365 110
31366 141
31367 237
31368 172
31369 285
31370 91
31371 93
31372 160
31373 59
31374 228
31375 113
31376 249
31377 232
31378 99
31379 68
31380 133
31381 90
31382 303
31383 175
31384 142
31385 212
31386 214
31387 254
31388 201
31389 200
31390 167
31391 168
31392 175
31393 199
31394 272
31395 220
31396 148
31397 277
31398 263
31399 251
31400 168
31401 224
31402 77
31403 228
31404 279
31405 186
31406 190
31407 18
31408 222
31409 201
31410 58
31411 61
31412 97
31413 306
31414 233
31415 151
31416 139
31417 194
31418 261
31419 269
31420 133
31421 180
31422 139
31423 284
31424 57
31425 70
31426 308
31427 99
31428 173
31429 177
31430 231
31431 177
31432 109
31433 213
31434 327
31435 152
31436 47
31437 155
31438 357
31439 408
31440 21
31441 179
31442 264
31443 139
31444 112
31445 293
31446 101
31447 245
31448 100
31449 366
31450 334
31451 108
31452 93
31453 152
31454 125
31455 141
31456 117
31457 177
31458 262
31459 140
31460 197
31461 342
31462 109
31463 125
31464 93
31465 199
31466 180
31467 210
31468 181
31469 204
31470 226
31471 157
31472 280
31473 213
31474 158
31475 129
31476 130
31477 172
31478 129
31479 186
31480 78
31481 215
31482 357
31483 225
31484 148
31485 195
31486 218
31487 158
31488 207
31489 142
31490 290
31491 215
31492 200
31493 180
31494 158
31495 140
31496 113
31497 409
31498 143
31499 188
31500 175
31501 122
31502 90
31503 109
31504 127
31505 207
31506 121
31507 128
31508 158
31509 67
31510 107
31511 215
31512 242
31513 222
31514 132
31515 120
31516 185
31517 199
31518 63
31519 302
31520 160
31521 249
31522 24
31523 268
31524 172
31525 283
31526 159
31527 195
31528 158
31529 159
31530 150
31531 112
31532 130
31533 183
31534 77
31535 223
31536 63
31537 123
31538 248
31539 161
31540 190
31541 204
31542 143
31543 75
31544 146
31545 212
31546 182
31547 191
31548 226
31549 234
31550 179
31551 149
31552 105
31553 244
31554 214
31555 258
31556 93
31557 107
31558 148
31559 309
31560 64
31561 11
31562 274
31563 245
31564 148
31565 305
31566 163
31567 203
31568 101
31569 162
31570 166
31571 159
31572 95
31573 264
31574 122
31575 121
31576 202
31577 156
31578 297
31579 138
31580 293
31581 194
31582 158
31583 183
31584 196
31585 158
31586 101
31587 154
31588 221
31589 96
31590 319
31591 204
31592 234
31593 136
31594 169
31595 163
31596 133
31597 186
31598 185
31599 104
31600 180
31601 67
31602 110
31603 108
31604 279
31605 152
31606 223
31607 35
31608 99
31609 120
31610 165
31611 188
31612 113
31613 158
31614 151
31615 221
31616 150
31617 125
31618 178
31619 94
31620 68
31621 313
31622 177
31623 137
31624 109
31625 165
31626 228
31627 101
31628 219
31629 228
31630 119
31631 138
31632 211
31633 176
31634 133
31635 252
31636 205
31637 70
31638 206
31639 149
31640 104
31641 187
31642 156
31643 289
31644 104
31645 127
31646 178
31647 172
31648 249
31649 197
31650 159
31651 57
31652 200
31653 163
31654 179
31655 159
31656 88
31657 43
31658 176
31659 169
31660 133
31661 180
31662 87
31663 37
31664 187
31665 95
31666 116
31667 186
31668 127
31669 161
31670 138
31671 151
31672 78
31673 98
31674 209
31675 155
31676 83
31677 300
31678 227
31679 157
31680 161
31681 166
31682 51
31683 53
31684 87
31685 173
31686 129
31687 101
31688 70
31689 306
31690 92
31691 153
31692 144
31693 236
31694 232
31695 243
31696 183
31697 244
31698 48
31699 201
31700 178
31701 42
31702 201
31703 159
31704 134
31705 87
31706 203
31707 209
31708 171
31709 344
31710 64
31711 110
31712 158
31713 146
31714 144
31715 104
31716 207
31717 160
31718 178
31719 146
31720 174
31721 106
31722 177
31723 282
31724 194
31725 195
31726 72
31727 139
31728 119
31729 274
31730 125
31731 118
31732 78
31733 187
31734 280
31735 68
31736 183
31737 197
31738 69
31739 188
31740 128
31741 75
31742 153
31743 97
31744 116
31745 100
31746 208
31747 234
31748 56
31749 154
31750 159
31751 133
31752 207
31753 182
31754 262
31755 181
31756 406
31757 244
31758 36
31759 198
31760 131
31761 208
31762 106
31763 133
31764 111
31765 151
31766 384
31767 142
31768 324
31769 209
31770 265
31771 65
31772 248
31773 171
31774 314
31775 177
31776 210
31777 146
31778 145
31779 314
31780 222
31781 113
31782 99
31783 161
31784 82
31785 198
31786 119
31787 159
31788 185
31789 279
31790 137
31791 24
31792 81
31793 240
31794 188
31795 157
31796 163
31797 187
31798 242
31799 134
31800 170
31801 185
31802 293
31803 126
31804 234
31805 281
31806 202
31807 191
31808 114
31809 244
31810 107
31811 151
31812 199
31813 105
31814 109
31815 239
31816 155
31817 21
31818 106
31819 93
31820 225
31821 123
31822 181
31823 90
31824 267
31825 204
31826 242
31827 196
31828 190
31829 70
31830 176
31831 137
31832 165
31833 274
31834 210
31835 149
31836 157
31837 151
31838 63
31839 202
31840 171
31841 140
31842 106
31843 49
31844 59
31845 92
31846 99
31847 148
31848 136
31849 260
31850 369
31851 208
31852 84
31853 282
31854 249
31855 219
31856 147
31857 358
31858 94
31859 165
31860 162
31861 136
31862 83
31863 164
31864 170
31865 345
31866 191
31867 216
31868 300
31869 198
31870 149
31871 157
31872 124
31873 148
31874 44
31875 254
31876 43
31877 78
31878 36
31879 142
31880 114
31881 274
31882 16
31883 415
31884 209
31885 143
31886 270
31887 178
31888 191
31889 183
31890 134
31891 241
31892 192
31893 183
31894 29
31895 149
31896 165
31897 212
31898 149
31899 140
31900 124
31901 58
31902 55
31903 120
31904 143
31905 46
31906 81
31907 184
31908 104
31909 189
31910 115
31911 59
31912 234
31913 235
31914 168
31915 168
31916 244
31917 220
31918 172
31919 123
31920 109
31921 230
31922 228
31923 74
31924 130
31925 214
31926 197
31927 103
31928 133
31929 121
31930 160
31931 112
31932 323
31933 182
31934 191
31935 120
31936 143
31937 302
31938 82
31939 135
31940 159
31941 166
31942 199
31943 168
31944 129
31945 206
31946 208
31947 171
31948 111
31949 189
31950 197
31951 122
31952 327
31953 220
31954 63
31955 115
31956 122
31957 108
31958 137
31959 248
31960 316
31961 153
31962 189
31963 109
31964 74
31965 198
31966 254
31967 166
31968 160
31969 101
31970 410
31971 186
31972 173
31973 223
31974 166
31975 12
31976 223
31977 64
31978 127
31979 201
31980 158
31981 114
31982 159
31983 111
31984 87
31985 162
31986 208
31987 116
31988 123
31989 155
31990 74
31991 164
31992 144
31993 183
31994 162
31995 109
31996 66
31997 184
31998 184
31999 80
32000 41
32001 249
32002 365
32003 261
32004 151
32005 88
32006 133
32007 268
32008 244
32009 320
32010 174
32011 126
32012 269
32013 127
32014 157
32015 244
32016 219
32017 144
32018 195
32019 107
32020 361
32021 147
32022 78
32023 174
32024 220
32025 124
32026 214
32027 267
32028 151
32029 319
32030 146
32031 132
32032 261
32033 198
32034 35
32035 137
32036 96
32037 155
32038 174
32039 180
32040 147
32041 125
32042 185
32043 180
32044 470
32045 157
32046 189
32047 235
32048 175
32049 283
32050 188
32051 183
32052 151
32053 178
32054 96
32055 256
32056 160
32057 65
32058 226
32059 171
32060 170
32061 203
32062 304
32063 66
32064 207
32065 91
32066 129
32067 259
32068 110
32069 178
32070 183
32071 261
32072 65
32073 135
32074 83
32075 66
32076 200
32077 108
32078 259
32079 270
32080 -11
32081 163
32082 100
32083 199
32084 96
32085 101
32086 154
32087 273
32088 226
32089 116
32090 136
32091 188
32092 97
32093 181
32094 234
32095 160
32096 305
32097 182
32098 230
32099 255
32100 179
32101 86
32102 192
32103 138
32104 193
32105 75
32106 57
32107 143
32108 224
32109 196
32110 195
32111 196
32112 176
32113 92
32114 245
32115 246
32116 262
32117 225
32118 66
32119 170
32120 168
32121 151
32122 110
32123 219
32124 133
32125 258
32126 373
32127 227
32128 183
32129 187
32130 144
32131 166
32132 235
32133 169
32134 25
32135 139
32136 204
32137 202
32138 92
32139 289
32140 406
32141 90
32142 234
32143 137
32144 188
32145 263
32146 174
32147 374
32148 180
32149 91
32150 75
32151 268
32152 218
32153 252
32154 117
32155 229
32156 207
32157 142
32158 111
32159 256
32160 84
32161 285
32162 126
32163 132
32164 190
32165 167
32166 291
32167 139
32168 214
32169 152
32170 131
32171 357
32172 428
32173 224
32174 206
32175 101
32176 197
32177 208
32178 168
32179 274
32180 153
32181 156
32182 167
32183 138
32184 267
32185 161
32186 169
32187 180
32188 165
32189 243
32190 254
32191 208
32192 305
32193 143
32194 103
32195 61
32196 167
32197 343
32198 121
32199 133
32200 178
32201 304
32202 231
32203 158
32204 103
32205 209
32206 225
32207 214
32208 158
32209 133
32210 125
32211 156
32212 43
32213 280
32214 59
32215 186
32216 220
32217 156
32218 140
32219 190
32220 227
32221 130
32222 141
32223 53
32224 245
32225 163
32226 158
32227 57
32228 123
32229 117
32230 306
32231 358
32232 201
32233 110
32234 192
32235 144
32236 -10
32237 176
32238 155
32239 187
32240 263
32241 183
32242 48
32243 80
32244 236
32245 245
32246 177
32247 134
32248 75
32249 212
32250 179
32251 146
32252 126
32253 303
32254 238
32255 140
32256 180
32257 228
32258 225
32259 249
32260 160
32261 150
32262 135
32263 94
32264 94
32265 60
32266 202
32267 165
32268 211
32269 149
32270 132
32271 106
32272 150
32273 164
32274 143
32275 158
32276 109
32277 218
32278 265
32279 206
32280 232
32281 234
32282 219
32283 196
32284 157
32285 228
32286 274
32287 213
32288 223
32289 164
32290 186
32291 140
32292 185
32293 172
32294 113
32295 411
32296 107
32297 165
32298 185
32299 49
32300 252
32301 93
32302 196
32303 142
32304 153
32305 49
32306 141
32307 149
32308 101
32309 45
32310 213
32311 273
32312 38
32313 75
32314 260
32315 316
32316 89
32317 335
32318 182
32319 259
32320 242
32321 145
32322 163
32323 190
32324 133
32325 118
32326 255
32327 251
32328 226
32329 96
32330 392
32331 226
32332 370
32333 230
32334 102
32335 150
32336 225
32337 269
32338 76
32339 198
32340 96
32341 150
32342 259
32343 194
32344 271
32345 163
32346 171
32347 180
32348 111
32349 132
32350 162
32351 51
32352 83
32353 173
32354 168
32355 126
32356 116
32357 182
32358 68
32359 463
32360 172
32361 147
32362 207
32363 156
32364 213
32365 124
32366 201
32367 142
32368 138
32369 181
32370 77
32371 250
32372 188
32373 144
32374 130
32375 292
32376 167
32377 230
32378 158
32379 103
32380 67
32381 266
32382 146
32383 114
32384 253
32385 147
32386 192
32387 219
32388 251
32389 241
32390 246
32391 147
32392 75
32393 148
32394 214
32395 121
32396 183
32397 189
32398 242
32399 138
32400 162
32401 141
32402 91
32403 102
32404 46
32405 102
32406 202
32407 41
32408 120
32409 85
32410 101
32411 184
32412 260
32413 246
32414 218
32415 82
32416 144
32417 108
32418 147
32419 247
32420 88
32421 119
32422 294
32423 69
32424 246
32425 104
32426 113
32427 220
32428 81
32429 296
32430 120
32431 115
32432 166
32433 135
32434 93
32435 128
32436 276
32437 96
32438 210
32439 47
32440 192
32441 143
32442 270
32443 200
32444 97
32445 150
32446 317
32447 193
32448 9
32449 259
32450 257
32451 140
32452 339
32453 200
32454 325
32455 60
32456 102
32457 115
32458 248
32459 208
32460 149
32461 127
32462 140
32463 105
32464 266
32465 97
32466 264
32467 178
32468 196
32469 149
32470 118
32471 109
32472 293
32473 122
32474 149
32475 125
32476 236
32477 130
32478 157
32479 103
32480 117
32481 144
32482 146
32483 67
32484 115
32485 268
32486 141
32487 194
32488 164
32489 93
32490 203
32491 277
32492 42
32493 166
32494 136
32495 173
32496 106
32497 248
32498 134
32499 122
32500 150
32501 300
32502 203
32503 160
32504 122
32505 39
32506 158
32507 144
32508 106
32509 109
32510 238
32511 177
32512 131
32513 239
32514 114
32515 123
32516 167
32517 310
32518 232
32519 103
32520 246
32521 299
32522 131
32523 226
32524 200
32525 116
32526 199
32527 189
32528 98
32529 22
32530 159
32531 340
32532 241
32533 158
32534 79
32535 193
32536 80
32537 211
32538 303
32539 126
32540 70
32541 63
32542 255
32543 162
32544 158
32545 223
32546 127
32547 115
32548 156
32549 289
32550 175
32551 137
32552 140
32553 134
32554 211
32555 132
32556 203
32557 155
32558 156
32559 147
32560 214
32561 205
32562 128
32563 259
32564 42
32565 279
32566 128
32567 135
32568 145
32569 89
32570 187
32571 272
32572 118
32573 142
32574 118
32575 118
32576 242
32577 135
32578 125
32579 214
32580 161
32581 319
32582 189
32583 312
32584 75
32585 90
32586 158
32587 91
32588 151
32589 226
32590 176
32591 136
32592 74
32593 253
32594 110
32595 283
32596 158
32597 88
32598 268
32599 127
32600 106
32601 54
32602 93
32603 138
32604 188
32605 120
32606 99
32607 155
32608 182
32609 128
32610 157
32611 88
32612 166
32613 294
32614 205
32615 230
32616 210
32617 205
32618 163
32619 253
32620 79
32621 313
32622 162
32623 119
32624 197
32625 321
32626 134
32627 172
32628 437
32629 90
32630 169
32631 216
32632 114
32633 216
32634 188
32635 240
32636 135
32637 285
32638 150
32639 142
32640 186
32641 88
32642 414
32643 135
32644 136
32645 220
32646 178
32647 24
32648 96
32649 136
32650 184
32651 114
32652 136
32653 309
32654 127
32655 145
32656 186
32657 111
32658 184
32659 229
32660 342
32661 99
32662 61
32663 89
32664 158
32665 157
32666 187
32667 298
32668 181
32669 198
32670 245
32671 173
32672 110
32673 92
32674 157
32675 83
32676 172
32677 137
32678 136
32679 267
32680 90
32681 244
32682 342
32683 369
32684 183
32685 159
32686 162
32687 181
32688 280
32689 199
32690 208
32691 288
32692 169
32693 118
32694 130
32695 143
32696 129
32697 202
32698 62
32699 35
32700 162
32701 183
32702 82
32703 106
32704 149
32705 154
32706 219
32707 163
32708 278
32709 187
32710 214
32711 136
32712 249
32713 128
32714 250
32715 165
32716 240
32717 50
32718 98
32719 238
32720 66
32721 115
32722 170
32723 46
32724 196
32725 61
32726 199
32727 115
32728 195
32729 110
32730 168
32731 47
32732 249
32733 107
32734 265
32735 160
32736 171
32737 139
32738 268
32739 314
32740 268
32741 203
32742 132
32743 115
32744 221
32745 172
32746 209
32747 61
32748 113
32749 179
32750 186
32751 53
32752 181
32753 110
32754 36
32755 107
32756 243
32757 125
32758 31
32759 252
32760 96
32761 281
32762 169
32763 77
32764 148
32765 56
32766 222
32767 270
32768 135
32769 216
32770 142
32771 193
32772 211
32773 150
32774 192
32775 184
32776 292
32777 184
32778 96
32779 158
32780 157
32781 399
32782 198
32783 348
32784 346
32785 47
32786 242
32787 101
32788 158
32789 78
32790 142
32791 235
32792 96
32793 136
32794 115
32795 241
32796 85
32797 122
32798 174
32799 126
32800 243
32801 153
32802 296
32803 161
32804 104
32805 87
32806 148
32807 209
32808 268
32809 126
32810 110
32811 150
32812 112
32813 108
32814 320
32815 108
32816 147
32817 146
32818 210
32819 212
32820 87
32821 145
32822 166
32823 213
32824 281
32825 331
32826 117
32827 238
32828 87
32829 198
32830 162
32831 218
32832 93
32833 195
32834 148
32835 89
32836 102
32837 161
32838 336
32839 203
32840 171
32841 286
32842 239
32843 148
32844 123
32845 172
32846 205
32847 85
32848 183
32849 173
32850 113
32851 168
32852 200
32853 100
32854 46
32855 185
32856 42
32857 41
32858 166
32859 92
32860 103
32861 190
32862 121
32863 215
32864 148
32865 165
32866 62
32867 141
32868 121
32869 458
32870 189
32871 249
32872 202
32873 277
32874 276
32875 196
32876 57
32877 237
32878 110
32879 167
32880 109
32881 155
32882 129
32883 282
32884 232
32885 193
32886 191
32887 187
32888 188
32889 101
32890 154
32891 285
32892 148
32893 268
32894 171
32895 217
32896 45
32897 236
32898 179
32899 151
32900 284
32901 186
32902 148
32903 331
32904 252
32905 192
32906 267
32907 226
32908 270
32909 287
32910 144
32911 210
32912 107
32913 238
32914 177
32915 172
32916 232
32917 319
32918 197
32919 291
32920 143
32921 97
32922 178
32923 200
32924 183
32925 207
32926 129
32927 66
32928 225
32929 136
32930 354
32931 197
32932 163
32933 135
32934 158
32935 119
32936 166
32937 232
32938 204
32939 97
32940 304
32941 402
32942 201
32943 174
32944 223
32945 182
32946 93
32947 178
32948 144
32949 205
32950 173
32951 127
32952 141
32953 410
32954 226
32955 223
32956 181
32957 157
32958 143
32959 158
32960 119
32961 243
32962 173
32963 84
32964 257
32965 73
32966 216
32967 321
32968 198
32969 186
32970 99
32971 206
32972 191
32973 115
32974 189
32975 212
32976 141
32977 95
32978 136
32979 107
32980 66
32981 171
32982 190
32983 153
32984 183
32985 157
32986 116
32987 206
32988 92
32989 200
32990 167
32991 212
32992 78
32993 81
32994 225
32995 160
32996 87
32997 143
32998 102
32999 267
33000 158
33001 167
33002 209
33003 220
33004 165
33005 124
33006 189
33007 170
33008 75
33009 103
33010 302
33011 61
33012 142
33013 157
33014 133
33015 74
33016 103
33017 95
33018 241
33019 334
33020 208
33021 170
33022 211
33023 113
33024 95
33025 275
33026 85
33027 158
33028 194
33029 288
33030 129
33031 140
33032 110
33033 188
33034 175
33035 21
33036 93
33037 92
33038 100
33039 106
33040 102
33041 224
33042 199
33043 160
33044 164
33045 221
33046 98
33047 76
33048 167
33049 183
33050 214
33051 230
33052 223
33053 144
33054 199
33055 44
33056 140
33057 219
33058 90
33059 207
33060 234
33061 178
33062 283
33063 129
33064 234
33065 82
33066 89
33067 134
33068 138
33069 150
33070 257
33071 143
33072 289
33073 167
33074 100
33075 138
33076 157
33077 139
33078 212
33079 80
33080 218
33081 330
33082 178
33083 207
33084 223
33085 134
33086 189
33087 261
33088 243
33089 272
33090 66
33091 147
33092 160
33093 450
33094 213
33095 79
33096 207
33097 81
33098 125
33099 49
33100 187
33101 125
33102 139
33103 182
33104 214
33105 51
33106 304
33107 223
33108 163
33109 78
33110 169
33111 238
33112 208
33113 114
33114 254
33115 88
33116 194
33117 81
33118 32
33119 80
33120 201
33121 129
33122 261
33123 128
33124 15
33125 245
33126 55
33127 63
33128 81
33129 148
33130 165
33131 173
33132 195
33133 134
33134 300
33135 122
33136 214
33137 201
33138 241
33139 190
33140 98
33141 211
33142 173
33143 125
33144 153
33145 173
33146 280
33147 96
33148 117
33149 145
33150 179
33151 113
33152 395
33153 73
33154 120
33155 150
33156 89
33157 178
33158 210
33159 246
33160 163
33161 126
33162 121
33163 192
33164 99
33165 239
33166 204
33167 135
33168 196
33169 227
33170 76
33171 288
33172 147
33173 147
33174 183
33175 165
33176 106
33177 61
33178 116
33179 110
33180 59
33181 73
33182 199
33183 93
33184 188
33185 172
33186 182
33187 504
33188 214
33189 154
33190 155
33191 125
33192 128
33193 208
33194 123
33195 220
33196 194
33197 132
33198 83
33199 176
33200 240
33201 193
33202 138
33203 180
33204 332
33205 256
33206 336
33207 257
33208 136
33209 156
33210 217
33211 114
33212 58
33213 106
33214 116
33215 167
33216 223
33217 85
33218 179
33219 123
33220 229
33221 244
33222 122
33223 115
33224 193
33225 118
33226 203
33227 117
33228 70
33229 219
33230 183
33231 56
33232 326
33233 88
33234 99
33235 174
33236 196
33237 173
33238 141
33239 113
33240 109
33241 107
33242 252
33243 237
33244 112
33245 134
33246 329
33247 125
33248 208
33249 67
33250 137
33251 199
33252 37
33253 83
33254 218
33255 117
33256 249
33257 141
33258 92
33259 156
33260 210
33261 166
33262 147
33263 218
33264 103
33265 106
33266 125
33267 157
33268 207
33269 155
33270 209
33271 296
33272 218
33273 120
33274 57
33275 120
33276 267
33277 127
33278 165
33279 178
33280 144
33281 214
33282 230
33283 142
33284 90
33285 61
33286 140
33287 119
33288 152
33289 149
33290 212
33291 137
33292 168
33293 136
33294 201
33295 171
33296 413
33297 248
33298 188
33299 205
33300 185
33301 241
33302 113
33303 213
33304 296
33305 134
33306 203
33307 190
33308 225
33309 213
33310 176
33311 137
33312 119
33313 139
33314 157
33315 164
33316 98
33317 169
33318 184
33319 202
33320 109
33321 189
33322 235
33323 133
33324 160
33325 93
33326 175
33327 343
33328 132
33329 130
33330 393
33331 251
33332 99
33333 127
33334 176
33335 59
33336 198
33337 140
33338 203
33339 145
33340 220
33341 86
33342 119
33343 179
33344 223
33345 222
33346 132
33347 119
33348 147
33349 181
33350 144
33351 144
33352 303
33353 97
33354 142
33355 235
33356 191
33357 67
33358 132
33359 254
33360 171
33361 95
33362 136
33363 130
33364 153
33365 225
33366 211
33367 128
33368 228
33369 159
33370 191
33371 243
33372 89
33373 74
33374 135
33375 234
33376 200
33377 84
33378 92
33379 94
33380 203
33381 155
33382 130
33383 127
33384 209
33385 186
33386 168
33387 271
33388 224
33389 158
33390 132
33391 91
33392 174
33393 157
33394 19
33395 119
33396 177
33397 78
33398 161
33399 184
33400 292
33401 92
33402 146
33403 89
33404 269
33405 357
33406 197
33407 164
33408 144
33409 184
33410 230
33411 159
33412 223
33413 56
33414 255
33415 170
33416 143
33417 159
33418 160
33419 158
33420 109
33421 93
33422 31
33423 218
33424 378
33425 156
33426 50
33427 170
33428 183
33429 167
33430 96
33431 110
33432 215
33433 228
33434 186
33435 162
33436 156
33437 186
33438 219
33439 146
33440 198
33441 74
33442 259
33443 92
33444 118
33445 147
33446 149
33447 119
33448 174
33449 90
33450 135
33451 128
33452 165
33453 273
33454 127
33455 283
33456 311
33457 193
33458 234
33459 205
33460 152
33461 123
33462 146
33463 100
33464 223
33465 180
33466 70
33467 186
33468 108
33469 101
33470 89
33471 183
33472 384
33473 95
33474 122
33475 151
33476 190
33477 110
33478 98
33479 175
33480 341
33481 201
33482 106
33483 109
33484 185
33485 109
33486 147
33487 173
33488 175
33489 52
33490 127
33491 162
33492 114
33493 126
33494 261
33495 410
33496 119
33497 98
33498 158
33499 99
33500 257
33501 126
33502 158
33503 152
33504 84
33505 23
33506 163
33507 182
33508 107
33509 178
33510 115
33511 103
33512 192
33513 205
33514 198
33515 144
33516 368
33517 116
33518 184
33519 159
33520 231
33521 264
33522 318
33523 177
33524 185
33525 154
33526 162
33527 112
33528 82
33529 60
33530 126
33531 156
33532 186
33533 220
33534 293
33535 245
33536 104
33537 184
33538 110
33539 172
33540 92
33541 166
33542 139
33543 56
33544 164
33545 184
33546 111
33547 187
33548 197
33549 163
33550 250
33551 338
33552 58
33553 98
33554 190
33555 245
33556 221
33557 190
33558 267
33559 87
33560 87
33561 144
33562 286
33563 60
33564 52
33565 119
33566 313
33567 139
33568 206
33569 106
33570 109
33571 120
33572 203
33573 133
33574 314
33575 103
33576 246
33577 234
33578 175
33579 213
33580 300
33581 137
33582 78
33583 251
33584 198
33585 145
33586 192
33587 101
33588 343
33589 178
33590 204
33591 359
33592 268
33593 160
33594 170
33595 144
33596 136
33597 190
33598 145
33599 103
33600 142
33601 180
33602 170
33603 158
33604 196
33605 192
33606 148
33607 94
33608 125
33609 387
33610 166
33611 176
33612 161
33613 99
33614 336
33615 222
33616 166
33617 205
33618 214
33619 162
33620 162
33621 193
33622 50
33623 62
33624 277
33625 333
33626 182
33627 140
33628 110
33629 181
33630 209
33631 291
33632 224
33633 122
33634 141
33635 273
33636 109
33637 147
33638 133
33639 125
33640 212
33641 365
33642 102
33643 155
33644 335
33645 157
33646 87
33647 116
33648 287
33649 136
33650 261
33651 115
33652 334
33653 209
33654 160
33655 200
33656 80
33657 97
33658 149
33659 216
33660 51
33661 114
33662 120
33663 167
33664 112
33665 203
33666 113
33667 300
33668 218
33669 260
33670 260
33671 172
33672 125
33673 73
33674 180
33675 77
33676 182
33677 180
33678 330
33679 276
33680 169
33681 158
33682 121
33683 113
33684 446
33685 166
33686 125
33687 163
33688 213
33689 229
33690 206
33691 292
33692 231
33693 36
33694 171
33695 141
33696 181
33697 188
33698 138
33699 100
33700 166
33701 131
33702 251
33703 116
33704 179
33705 140
33706 275
33707 165
33708 183
33709 174
33710 176
33711 200
33712 102
33713 112
33714 111
33715 199
33716 267
33717 284
33718 71
33719 385
33720 105
33721 171
33722 193
33723 186
33724 70
33725 32
33726 174
33727 137
33728 135
33729 130
33730 195
33731 444
33732 165
33733 105
33734 218
33735 253
33736 116
33737 323
33738 246
33739 165
33740 384
33741 81
33742 144
33743 84
33744 32
33745 55
33746 47
33747 228
33748 215
33749 125
33750 58
33751 165
33752 138
33753 190
33754 132
33755 103
33756 83
33757 167
33758 203
33759 74
33760 50
33761 284
33762 157
33763 144
33764 241
33765 155
33766 291
33767 129
33768 190
33769 228
33770 286
33771 63
33772 141
33773 94
33774 215
33775 107
33776 28
33777 164
33778 86
33779 180
33780 112
33781 235
33782 182
33783 189
33784 166
33785 144
33786 239
33787 130
33788 109
33789 162
33790 163
33791 196
33792 197
33793 171
33794 34
33795 130
33796 296
33797 204
33798 93
33799 454
33800 117
33801 230
33802 179
33803 121
33804 159
33805 125
33806 171
33807 137
33808 197
33809 86
33810 135
33811 145
33812 200
33813 94
33814 23
33815 172
33816 139
33817 141
33818 156
33819 208
33820 99
33821 158
33822 335
33823 153
33824 253
33825 192
33826 108
33827 251
33828 146
33829 148
33830 61
33831 123
33832 154
33833 278
33834 37
33835 165
33836 158
33837 278
33838 41
33839 171
33840 131
33841 107
33842 129
33843 148
33844 285
33845 215
33846 64
33847 22
33848 191
33849 221
33850 85
33851 284
33852 345
33853 159
33854 217
33855 168
33856 128
33857 231
33858 182
33859 242
33860 230
33861 107
33862 275
33863 87
33864 110
33865 212
33866 105
33867 74
33868 278
33869 65
33870 285
33871 241
33872 161
33873 140
33874 206
33875 84
33876 178
33877 163
33878 157
33879 249
33880 91
33881 137
33882 95
33883 137
33884 106
33885 285
33886 129
33887 170
33888 319
33889 103
33890 187
33891 168
33892 121
33893 153
33894 206
33895 228
33896 75
33897 186
33898 31
33899 208
33900 228
33901 175
33902 77
33903 133
33904 195
33905 210
33906 17
33907 163
33908 140
33909 129
33910 128
33911 262
33912 143
33913 276
33914 173
33915 201
33916 172
33917 61
33918 147
33919 195
33920 307
33921 128
33922 153
33923 148
33924 247
33925 137
33926 178
33927 265
33928 231
33929 172
33930 96
33931 271
33932 163
33933 223
33934 -8
33935 358
33936 222
33937 295
33938 129
33939 186
33940 149
33941 190
33942 219
33943 170
33944 316
33945 189
33946 185
33947 194
33948 204
33949 81
33950 85
33951 179
33952 172
33953 162
33954 117
33955 183
33956 179
33957 318
33958 155
33959 204
33960 153
33961 119
33962 100
33963 118
33964 156
33965 275
33966 196
33967 165
33968 198
33969 223
33970 205
33971 176
33972 36
33973 222
33974 68
33975 172
33976 70
33977 234
33978 110
33979 236
33980 213
33981 250
33982 135
33983 111
33984 147
33985 309
33986 293
33987 318
33988 225
33989 215
33990 206
33991 256
33992 115
33993 278
33994 41
33995 246
33996 209
33997 189
33998 238
33999 190
34000 106
34001 175
34002 224
34003 55
34004 125
34005 212
34006 128
34007 72
34008 224
34009 186
34010 70
34011 164
34012 14
34013 110
34014 64
34015 184
34016 40
34017 193
34018 104
34019 97
34020 71
34021 245
34022 56
34023 127
34024 283
34025 192
34026 346
34027 100
34028 229
34029 221
34030 106
34031 171
34032 407
34033 149
34034 258
34035 129
34036 117
34037 227
34038 87
34039 259
34040 124
34041 157
34042 250
34043 46
34044 157
34045 394
34046 178
34047 137
34048 191
34049 119
34050 117
34051 135
34052 166
34053 18
34054 130
34055 76
34056 158
34057 32
34058 178
34059 146
34060 314
34061 286
34062 169
34063 217
34064 42
34065 182
34066 130
34067 163
34068 174
34069 148
34070 131
34071 147
34072 309
34073 184
34074 175
34075 80
34076 149
34077 184
34078 128
34079 212
34080 230
34081 212
34082 205
34083 260
34084 88
34085 69
34086 122
34087 217
34088 252
34089 46
34090 311
34091 245
34092 174
34093 177
34094 115
34095 135
34096 249
34097 129
34098 87
34099 137
34100 98
34101 227
34102 118
34103 129
34104 250
34105 362
34106 133
34107 201
34108 50
34109 276
34110 122
34111 185
34112 66
34113 130
34114 268
34115 90
34116 163
34117 76
34118 166
34119 97
34120 376
34121 196
34122 7
34123 107
34124 162
34125 178
34126 225
34127 154
34128 98
34129 157
34130 234
34131 125
34132 203
34133 114
34134 214
34135 151
34136 85
34137 86
34138 90
34139 152
34140 139
34141 225
34142 231
34143 388
34144 221
34145 122
34146 144
34147 187
34148 196
34149 169
34150 109
34151 199
34152 164
34153 367
34154 192
34155 136
34156 256
34157 237
34158 131
34159 183
34160 208
34161 134
34162 293
34163 351
34164 145
34165 172
34166 167
34167 362
34168 177
34169 138
34170 107
34171 148
34172 194
34173 108
34174 159
34175 144
34176 169
34177 143
34178 127
34179 96
34180 195
34181 160
34182 158
34183 133
34184 185
34185 41
34186 183
34187 173
34188 37
34189 126
34190 77
34191 112
34192 131
34193 128
34194 253
34195 168
34196 213
34197 174
34198 192
34199 255
34200 134
34201 152
34202 224
34203 176
34204 123
34205 257
34206 52
34207 154
34208 249
34209 327
34210 146
34211 77
34212 233
34213 157
34214 136
34215 147
34216 243
34217 57
34218 214
34219 59
34220 100
34221 196
34222 143
34223 212
34224 140
34225 194
34226 328
34227 115
34228 178
34229 86
34230 319
34231 158
34232 21
34233 243
34234 145
34235 201
34236 308
34237 183
34238 86
34239 114
34240 128
34241 117
34242 174
34243 263
34244 141
34245 112
34246 186
34247 193
34248 87
34249 62
34250 131
34251 112
34252 170
34253 105
34254 70
34255 257
34256 163
34257 120
34258 262
34259 112
34260 156
34261 123
34262 270
34263 262
34264 162
34265 188
34266 198
34267 119
34268 119
34269 133
34270 94
34271 187
34272 114
34273 147
34274 195
34275 55
34276 87
34277 170
34278 52
34279 77
34280 141
34281 242
34282 241
34283 217
34284 119
34285 259
34286 266
34287 199
34288 226
34289 50
34290 279
34291 40
34292 144
34293 140
34294 142
34295 261
34296 194
34297 168
34298 4
34299 152
34300 194
34301 205
34302 259
34303 119
34304 274
34305 116
34306 177
34307 235
34308 191
34309 91
34310 185
34311 235
34312 14
34313 192
34314 184
34315 165
34316 45
34317 173
34318 168
34319 164
34320 153
34321 92
34322 166
34323 161
34324 203
34325 69
34326 255
34327 263
34328 128
34329 155
34330 342
34331 317
34332 254
34333 170
34334 242
34335 116
34336 184
34337 102
34338 102
34339 327
34340 140
34341 143
34342 179
34343 125
34344 176
34345 180
34346 135
34347 131
34348 205
34349 192
34350 224
34351 271
34352 128
34353 153
34354 70
34355 200
34356 178
34357 319
34358 161
34359 185
34360 388
34361 73
34362 206
34363 191
34364 106
34365 164
34366 254
34367 226
34368 193
34369 110
34370 208
34371 136
34372 117
34373 168
34374 222
34375 200
34376 240
34377 183
34378 69
34379 103
34380 119
34381 119
34382 139
34383 236
34384 61
34385 137
34386 191
34387 155
34388 193
34389 184
34390 218
34391 102
34392 57
34393 102
34394 111
34395 184
34396 197
34397 118
34398 193
34399 33
34400 211
34401 297
34402 141
34403 213
34404 273
34405 125
34406 27
34407 224
34408 163
34409 247
34410 135
34411 102
34412 102
34413 227
34414 37
34415 82
34416 207
34417 105
34418 113
34419 296
34420 146
34421 326
34422 117
34423 159
34424 191
34425 132
34426 307
34427 206
34428 198
34429 101
34430 194
34431 77
34432 136
34433 93
34434 103
34435 156
34436 171
34437 86
34438 89
34439 114
34440 174
34441 176
34442 220
34443 104
34444 150
34445 184
34446 145
34447 101
34448 110
34449 161
34450 190
34451 100
34452 216
34453 188
34454 216
34455 131
34456 158
34457 206
34458 162
34459 68
34460 185
34461 98
34462 247
34463 175
34464 273
34465 188
34466 212
34467 206
34468 218
34469 170
34470 87
34471 206
34472 197
34473 119
34474 88
34475 158
34476 143
34477 221
34478 397
34479 177
34480 111
34481 174
34482 230
34483 132
34484 150
34485 153
34486 163
34487 227
34488 96
34489 182
34490 197
34491 71
34492 284
34493 182
34494 180
34495 240
34496 149
34497 57
34498 256
34499 367
34500 189
34501 128
34502 94
34503 143
34504 225
34505 159
34506 133
34507 110
34508 175
34509 101
34510 111
34511 96
34512 92
34513 143
34514 140
34515 181
34516 226
34517 211
34518 216
34519 188
34520 217
34521 203
34522 110
34523 181
34524 130
34525 138
34526 141
34527 135
34528 206
34529 217
34530 238
34531 133
34532 123
34533 417
34534 172
34535 259
34536 168
34537 204
34538 199
34539 215
34540 91
34541 144
34542 69
34543 159
34544 67
34545 129
34546 126
34547 189
34548 72
34549 99
34550 154
34551 137
34552 117
34553 144
34554 351
34555 155
34556 68
34557 140
34558 150
34559 150
34560 297
34561 215
34562 183
34563 174
34564 121
34565 78
34566 127
34567 210
34568 346
34569 114
34570 159
34571 292
34572 88
34573 111
34574 156
34575 84
34576 69
34577 182
34578 134
34579 82
34580 178
34581 154
34582 117
34583 109
34584 225
34585 161
34586 209
34587 238
34588 193
34589 214
34590 147
34591 165
34592 308
34593 133
34594 356
34595 148
34596 120
34597 110
34598 232
34599 111
34600 122
34601 122
34602 467
34603 93
34604 212
34605 71
34606 169
34607 198
34608 65
34609 240
34610 248
34611 196
34612 225
34613 47
34614 92
34615 170
34616 87
34617 164
34618 327
34619 146
34620 199
34621 122
34622 214
34623 227
34624 233
34625 183
34626 20
34627 100
34628 87
34629 107
34630 221
34631 89
34632 84
34633 189
34634 241
34635 81
34636 194
34637 202
34638 126
34639 205
34640 306
34641 212
34642 84
34643 148
34644 51
34645 79
34646 93
34647 165
34648 97
34649 258
34650 148
34651 240
34652 152
34653 132
34654 221
34655 88
34656 140
34657 204
34658 200
34659 149
34660 190
34661 201
34662 78
34663 87
34664 148
34665 172
34666 195
34667 154
34668 44
34669 204
34670 254
34671 124
34672 131
34673 152
34674 409
34675 168
34676 126
34677 198
34678 181
34679 199
34680 159
34681 177
34682 53
34683 210
34684 84
34685 117
34686 178
34687 195
34688 118
34689 219
34690 164
34691 105
34692 131
34693 49
34694 197
34695 222
34696 98
34697 351
34698 194
34699 108
34700 169
34701 143
34702 155
34703 154
34704 222
34705 140
34706 338
34707 130
34708 185
34709 140
34710 154
34711 22
34712 143
34713 138
34714 132
34715 132
34716 119
34717 280
34718 165
34719 109
34720 161
34721 207
34722 41
34723 148
34724 180
34725 206
34726 227
34727 117
34728 111
34729 111
34730 158
34731 362
34732 206
34733 132
34734 64
34735 107
34736 231
34737 145
34738 153
34739 163
34740 87
34741 231
34742 134
34743 187
34744 369
34745 131
34746 133
34747 141
34748 31
34749 143
34750 238
34751 185
34752 227
34753 138
34754 166
34755 57
34756 222
34757 75
34758 114
34759 170
34760 131
34761 266
34762 127
34763 212
34764 180
34765 158
34766 262
34767 257
34768 103
34769 352
34770 341
34771 120
34772 225
34773 112
34774 97
34775 112
34776 64
34777 107
34778 201
34779 192
34780 316
34781 192
34782 225
34783 132
34784 155
34785 229
34786 127
34787 165
34788 124
34789 131
34790 132
34791 129
34792 165
34793 265
34794 205
34795 50
34796 281
34797 203
34798 135
34799 148
34800 297
34801 134
34802 177
34803 176
34804 130
34805 40
34806 115
34807 240
34808 251
34809 98
34810 155
34811 452
34812 130
34813 181
34814 99
34815 163
34816 183
34817 307
34818 90
34819 123
34820 77
34821 136
34822 373
34823 121
34824 218
34825 144
34826 152
34827 165
34828 217
34829 164
34830 177
34831 161
34832 179
34833 290
34834 139
34835 297
34836 138
34837 246
34838 130
34839 81
34840 133
34841 157
34842 115
34843 152
34844 165
34845 132
34846 241
34847 49
34848 158
34849 263
34850 65
34851 344
34852 56
34853 152
34854 103
34855 116
34856 11
34857 114
34858 155
34859 222
34860 227
34861 275
34862 222
34863 115
34864 219
34865 136
34866 121
34867 265
34868 66
34869 314
34870 194
34871 176
34872 123
34873 95
34874 238
34875 110
34876 88
34877 259
34878 216
34879 164
34880 225
34881 117
34882 195
34883 155
34884 81
34885 194
34886 159
34887 214
34888 135
34889 300
34890 95
34891 273
34892 135
34893 120
34894 10
34895 165
34896 106
34897 118
34898 143
34899 166
34900 141
34901 212
34902 338
34903 336
34904 156
34905 262
34906 185
34907 47
34908 140
34909 218
34910 96
34911 175
34912 78
34913 187
34914 188
34915 141
34916 252
34917 230
34918 142
34919 128
34920 185
34921 143
34922 130
34923 214
34924 159
34925 312
34926 157
34927 36
34928 239
34929 97
34930 207
34931 114
34932 181
34933 222
34934 159
34935 230
34936 181
34937 213
34938 200
34939 71
34940 154
34941 182
34942 49
34943 132
34944 197
34945 30
34946 275
34947 131
34948 128
34949 149
34950 165
34951 231
34952 221
34953 46
34954 264
34955 267
34956 82
34957 122
34958 148
34959 305
34960 119
34961 183
34962 382
34963 163
34964 233
34965 118
34966 173
34967 58
34968 209
34969 174
34970 143
34971 187
34972 200
34973 267
34974 120
34975 248
34976 95
34977 238
34978 331
34979 150
34980 151
34981 157
34982 89
34983 189
34984 123
34985 142
34986 167
34987 142
34988 77
34989 127
34990 324
34991 141
34992 64
34993 281
34994 134
34995 303
34996 229
34997 220
34998 107
34999 47
35000 250
35001 101
35002 230
35003 211
35004 127
35005 316
35006 214
35007 243
35008 207
35009 94
35010 208
35011 56
35012 206
35013 87
35014 144
35015 170
35016 290
35017 155
35018 226
35019 216
35020 154
35021 173
35022 175
35023 177
35024 238
35025 122
35026 173
35027 70
35028 86
35029 145
35030 162
35031 171
35032 112
35033 120
35034 119
35035 286
35036 102
35037 292
35038 78
35039 153
35040 165
35041 165
35042 117
35043 160
35044 103
35045 178
35046 117
35047 88
35048 210
35049 146
35050 205
35051 218
35052 170
35053 74
35054 318
35055 117
35056 212
35057 195
35058 138
35059 281
35060 140
35061 107
35062 135
35063 131
35064 199
35065 208
35066 228
35067 269
35068 164
35069 130
35070 268
35071 140
35072 160
35073 101
35074 179
35075 178
35076 199
35077 228
35078 118
35079 87
35080 110
35081 311
35082 140
35083 150
35084 235
35085 165
35086 165
35087 198
35088 165
35089 139
35090 37
35091 239
35092 219
35093 82
35094 157
35095 77
35096 204
35097 128
35098 223
35099 108
35100 116
35101 122
35102 309
35103 88
35104 156
35105 154
35106 210
35107 226
35108 110
35109 217
35110 63
35111 223
35112 238
35113 76
35114 237
35115 95
35116 279
35117 106
35118 116
35119 190
35120 164
35121 114
35122 168
35123 143
35124 134
35125 120
35126 231
35127 179
35128 247
35129 182
35130 214
35131 143
35132 149
35133 102
35134 46
35135 140
35136 75
35137 107
35138 74
35139 201
35140 216
35141 111
35142 107
35143 170
35144 105
35145 138
35146 242
35147 104
35148 158
35149 142
35150 182
35151 126
35152 183
35153 84
35154 141
35155 67
35156 229
35157 156
35158 29
35159 112
35160 193
35161 208
35162 169
35163 144
35164 139
35165 38
35166 143
35167 210
35168 93
35169 81
35170 134
35171 165
35172 181
35173 198
35174 162
35175 233
35176 280
35177 125
35178 163
35179 138
35180 96
35181 84
35182 290
35183 68
35184 272
35185 67
35186 193
35187 135
35188 108
35189 244
35190 182
35191 130
35192 180
35193 306
35194 236
35195 93
35196 214
35197 228
35198 107
35199 181
35200 181
35201 74
35202 224
35203 150
35204 54
35205 165
35206 212
35207 164
35208 47
35209 213
35210 340
35211 252
35212 107
35213 132
35214 347
35215 188
35216 188
35217 106
35218 271
35219 97
35220 151
35221 146
35222 179
35223 88
35224 80
35225 119
35226 220
35227 160
35228 235
35229 173
35230 64
35231 204
35232 137
35233 163
35234 295
35235 154
35236 84
35237 114
35238 151
35239 200
35240 83
35241 174
35242 222
35243 55
35244 187
35245 110
35246 98
35247 408
35248 15
35249 327
35250 280
35251 81
35252 226
35253 78
35254 92
35255 213
35256 94
35257 78
35258 102
35259 114
35260 154
35261 133
35262 218
35263 167
35264 164
35265 147
35266 124
35267 171
35268 167
35269 173
35270 143
35271 117
35272 115
35273 101
35274 90
35275 130
35276 141
35277 206
35278 211
35279 192
35280 239
35281 145
35282 189
35283 229
35284 213
35285 177
35286 77
35287 232
35288 128
35289 165
35290 190
35291 237
35292 50
35293 189
35294 116
35295 130
35296 162
35297 284
35298 245
35299 178
35300 95
35301 176
35302 193
35303 220
35304 75
35305 284
35306 134
35307 199
35308 68
35309 217
35310 140
35311 221
35312 285
35313 154
35314 290
35315 135
35316 214
35317 270
35318 73
35319 186
35320 227
35321 127
35322 160
35323 44
35324 114
35325 254
35326 162
35327 162
35328 229
35329 104
35330 138
35331 177
35332 174
35333 202
35334 312
35335 132
35336 146
35337 59
35338 130
35339 137
35340 211
35341 145
35342 277
35343 2
35344 138
35345 199
35346 -15
35347 222
35348 184
35349 205
35350 228
35351 155
35352 247
35353 60
35354 296
35355 127
35356 250
35357 111
35358 186
35359 170
35360 255
35361 173
35362 199
35363 144
35364 277
35365 136
35366 207
35367 252
35368 150
35369 434
35370 222
35371 87
35372 105
35373 129
35374 317
35375 176
35376 257
35377 8
35378 122
35379 207
35380 106
35381 200
35382 83
35383 228
35384 258
35385 309
35386 366
35387 209
35388 220
35389 141
35390 203
35391 184
35392 311
35393 69
35394 213
35395 261
35396 144
35397 115
35398 106
35399 207
35400 98
35401 113
35402 75
35403 198
35404 74
35405 147
35406 152
35407 173
35408 206
35409 135
35410 199
35411 63
35412 213
35413 315
35414 55
35415 190
35416 139
35417 165
35418 141
35419 193
35420 141
35421 204
35422 193
35423 34
35424 218
35425 128
35426 217
35427 341
35428 136
35429 117
35430 147
35431 77
35432 112
35433 163
35434 163
35435 215
35436 164
35437 91
35438 171
35439 204
35440 136
35441 167
35442 106
35443 149
35444 153
35445 106
35446 217
35447 166
35448 234
35449 157
35450 108
35451 156
35452 118
35453 121
35454 53
35455 228
35456 86
35457 136
35458 218
35459 214
35460 40
35461 38
35462 107
35463 110
35464 78
35465 155
35466 270
35467 165
35468 32
35469 113
35470 203
35471 211
35472 249
35473 139
35474 250
35475 57
35476 116
35477 88
35478 194
35479 142
35480 183
35481 81
35482 239
35483 263
35484 111
35485 129
35486 49
35487 233
35488 187
35489 72
35490 89
35491 141
35492 87
35493 136
35494 279
35495 161
35496 231
35497 147
35498 149
35499 250
35500 222
35501 107
35502 178
35503 213
35504 144
35505 185
35506 168
35507 144
35508 153
35509 181
35510 201
35511 49
35512 179
35513 126
35514 201
35515 128
35516 180
35517 190
35518 347
35519 106
35520 201
35521 37
35522 80
35523 236
35524 115
35525 120
35526 217
35527 146
35528 137
35529 149
35530 199
35531 211
35532 136
35533 160
35534 186
35535 145
35536 367
35537 172
35538 198
35539 100
35540 91
35541 109
35542 176
35543 202
35544 201
35545 94
35546 179
35547 130
35548 87
35549 111
35550 202
35551 168
35552 36
35553 154
35554 172
35555 121
35556 184
35557 127
35558 225
35559 110
35560 96
35561 100
35562 83
35563 64
35564 179
35565 67
35566 186
35567 64
35568 224
35569 66
35570 107
35571 179
35572 121
35573 57
35574 128
35575 228
35576 139
35577 169
35578 224
35579 121
35580 240
35581 140
35582 159
35583 194
35584 159
35585 103
35586 143
35587 345
35588 78
35589 123
35590 77
35591 121
35592 235
35593 188
35594 245
35595 178
35596 211
35597 167
35598 99
35599 144
35600 258
35601 191
35602 167
35603 422
35604 101
35605 234
35606 221
35607 86
35608 164
35609 90
35610 173
35611 283
35612 330
35613 134
35614 271
35615 130
35616 86
35617 98
35618 304
35619 87
35620 95
35621 190
35622 164
35623 134
35624 187
35625 187
35626 198
35627 198
35628 67
35629 172
35630 120
35631 121
35632 89
35633 168
35634 206
35635 134
35636 186
35637 184
35638 160
35639 110
35640 157
35641 249
35642 203
35643 74
35644 191
35645 133
35646 218
35647 272
35648 177
35649 326
35650 70
35651 183
35652 268
35653 103
35654 49
35655 64
35656 185
35657 129
35658 151
35659 134
35660 161
35661 273
35662 206
35663 90
35664 107
35665 94
35666 140
35667 228
35668 189
35669 133
35670 69
35671 264
35672 192
35673 167
35674 321
35675 271
35676 108
35677 108
35678 177
35679 143
35680 65
35681 188
35682 276
35683 64
35684 222
35685 208
35686 192
35687 156
35688 243
35689 157
35690 219
35691 77
35692 85
35693 164
35694 179
35695 250
35696 183
35697 289
35698 257
35699 213
35700 120
35701 177
35702 95
35703 94
35704 248
35705 159
35706 150
35707 156
35708 183
35709 106
35710 184
35711 128
35712 109
35713 108
35714 150
35715 37
35716 154
35717 194
35718 126
35719 132
35720 248
35721 84
35722 229
35723 181
35724 221
35725 194
35726 254
35727 208
35728 202
35729 98
35730 448
35731 159
35732 119
35733 264
35734 241
35735 347
35736 116
35737 159
35738 99
35739 139
35740 164
35741 178
35742 135
35743 194
35744 46
35745 241
35746 175
35747 132
35748 28
35749 143
35750 113
35751 98
35752 184
35753 100
35754 67
35755 104
35756 194
35757 187
35758 119
35759 378
35760 108
35761 267
35762 244
35763 85
35764 161
35765 133
35766 116
35767 162
35768 119
35769 90
35770 153
35771 218
35772 116
35773 209
35774 56
35775 135
35776 126
35777 133
35778 150
35779 235
35780 286
35781 347
35782 287
35783 352
35784 346
35785 176
35786 71
35787 166
35788 248
35789 208
35790 341
35791 128
35792 85
35793 142
35794 70
35795 172
35796 104
35797 164
35798 189
35799 181
35800 218
35801 141
35802 147
35803 145
35804 -4
35805 223
35806 172
35807 324
35808 111
35809 145
35810 143
35811 179
35812 124
35813 157
35814 122
35815 177
35816 212
35817 169
35818 186
35819 69
35820 210
35821 112
35822 244
35823 427
35824 194
35825 102
35826 119
35827 119
35828 103
35829 180
35830 144
35831 103
35832 111
35833 82
35834 140
35835 303
35836 174
35837 75
35838 205
35839 285
35840 207
35841 153
35842 266
35843 116
35844 415
35845 195
35846 186
35847 134
35848 111
35849 209
35850 157
35851 69
35852 82
35853 122
35854 146
35855 78
35856 133
35857 130
35858 201
35859 105
35860 195
35861 103
35862 149
35863 427
35864 123
35865 82
35866 96
35867 192
35868 312
35869 100
35870 254
35871 211
35872 99
35873 122
35874 60
35875 114
35876 124
35877 212
35878 136
35879 157
35880 263
35881 182
35882 118
35883 60
35884 186
35885 216
35886 164
35887 131
35888 81
35889 164
35890 130
35891 112
35892 196
35893 103
35894 111
35895 113
35896 162
35897 265
35898 249
35899 85
35900 116
35901 244
35902 125
35903 2
35904 206
35905 164
35906 95
35907 265
35908 166
35909 86
35910 92
35911 170
35912 161
35913 135
35914 210
35915 154
35916 165
35917 458
35918 136
35919 161
35920 79
35921 183
35922 139
35923 198
35924 147
35925 119
35926 189
35927 232
35928 141
35929 166
35930 173
35931 298
35932 174
35933 155
35934 68
35935 238
35936 61
35937 118
35938 164
35939 248
35940 283
35941 124
35942 202
35943 232
35944 250
35945 172
35946 134
35947 91
35948 170
35949 152
35950 144
35951 190
35952 181
35953 50
35954 249
35955 103
35956 215
35957 177
35958 23
35959 189
35960 96
35961 146
35962 215
35963 139
35964 126
35965 173
35966 174
35967 109
35968 130
35969 59
35970 119
35971 -4
35972 349
35973 146
35974 124
35975 145
35976 266
35977 137
35978 219
35979 203
35980 271
35981 123
35982 209
35983 263
35984 151
35985 239
35986 298
35987 162
35988 192
35989 127
35990 216
35991 231
35992 161
35993 172
35994 198
35995 324
35996 181
35997 134
35998 180
35999 112
36000 178
36001 124
36002 258
36003 243
36004 69
36005 205
36006 70
36007 188
36008 91
36009 153
36010 119
36011 181
36012 107
36013 92
36014 81
36015 103
36016 227
36017 268
36018 177
36019 292
36020 177
36021 136
36022 243
36023 193
36024 106
36025 71
36026 160
36027 164
36028 100
36029 193
36030 100
36031 155
36032 112
36033 93
36034 250
36035 284
36036 46
36037 126
36038 315
36039 72
36040 104
36041 164
36042 133
36043 124
36044 142
36045 111
36046 75
36047 244
36048 121
36049 58
36050 145
36051 75
36052 123
36053 195
36054 72
36055 199
36056 94
36057 206
36058 164
36059 138
36060 201
36061 132
36062 179
36063 148
36064 85
36065 107
36066 296
36067 88
36068 172
36069 439
36070 155
36071 166
36072 188
36073 96
36074 249
36075 168
36076 295
36077 103
36078 169
36079 301
36080 255
36081 168
36082 154
36083 289
36084 99
36085 232
36086 208
36087 207
36088 147
36089 165
36090 133
36091 126
36092 169
36093 232
36094 143
36095 218
36096 99
36097 151
36098 119
36099 103
36100 240
36101 111
36102 190
36103 271
36104 294
36105 121
36106 55
36107 303
36108 132
36109 322
36110 218
36111 182
36112 169
36113 69
36114 1
36115 137
36116 134
36117 162
36118 119
36119 130
36120 244
36121 148
36122 75
36123 246
36124 208
36125 359
36126 6
36127 75
36128 112
36129 107
36130 271
36131 167
36132 81
36133 125
36134 206
36135 161
36136 114
36137 202
36138 191
36139 172
36140 233
36141 279
36142 48
36143 122
36144 105
36145 133
36146 101
36147 227
36148 27
36149 218
36150 111
36151 96
36152 85
36153 213
36154 230
36155 206
36156 112
36157 176
36158 160
36159 83
36160 120
36161 171
36162 236
36163 259
36164 214
36165 137
36166 214
36167 186
36168 138
36169 202
36170 136
36171 127
36172 129
36173 98
36174 212
36175 274
36176 188
36177 28
36178 92
36179 175
36180 142
36181 95
36182 304
36183 82
36184 198
36185 111
36186 267
36187 71
36188 106
36189 283
36190 192
36191 218
36192 104
36193 162
36194 125
36195 157
36196 220
36197 19
36198 164
36199 84
36200 123
36201 158
36202 189
36203 196
36204 187
36205 192
36206 187
36207 106
36208 37
36209 188
36210 150
36211 169
36212 173
36213 123
36214 185
36215 146
36216 115
36217 159
36218 88
36219 93
36220 145
36221 247
36222 158
36223 158
36224 109
36225 135
36226 182
36227 225
36228 160
36229 261
36230 111
36231 148
36232 86
36233 225
36234 149
36235 298
36236 147
36237 70
36238 246
36239 116
36240 141
36241 177
36242 203
36243 112
36244 93
36245 332
36246 219
36247 160
36248 62
36249 94
36250 111
36251 122
36252 158
36253 207
36254 134
36255 275
36256 267
36257 105
36258 161
36259 176
36260 154
36261 95
36262 149
36263 262
36264 227
36265 222
36266 187
36267 306
36268 204
36269 112
36270 335
36271 96
36272 86
36273 147
36274 69
36275 307
36276 192
36277 99
36278 175
36279 157
36280 161
36281 218
36282 87
36283 293
36284 142
36285 91
36286 73
36287 157
36288 234
36289 164
36290 123
36291 136
36292 105
36293 120
36294 157
36295 164
36296 157
36297 98
36298 287
36299 172
36300 150
36301 79
36302 213
36303 10
36304 189
36305 133
36306 199
36307 158
36308 108
36309 207
36310 89
36311 169
36312 59
36313 262
36314 248
36315 107
36316 68
36317 100
36318 155
36319 142
36320 141
36321 368
36322 200
36323 94
36324 165
36325 99
36326 132
36327 143
36328 165
36329 160
36330 358
36331 107
36332 195
36333 191
36334 248
36335 122
36336 85
36337 160
36338 164
36339 181
36340 111
36341 84
36342 122
36343 175
36344 138
36345 223
36346 106
36347 188
36348 173
36349 187
36350 219
36351 68
36352 202
36353 94
36354 134
36355 131
36356 112
36357 144
36358 116
36359 390
36360 145
36361 163
36362 149
36363 276
36364 160
36365 151
36366 250
36367 65
36368 211
36369 242
36370 147
36371 387
36372 144
36373 161
36374 162
36375 270
36376 206
36377 153
36378 239
36379 116
36380 61
36381 362
36382 103
36383 142
36384 3
36385 13
36386 133
36387 64
36388 95
36389 159
36390 177
36391 107
36392 248
36393 56
36394 115
36395 104
36396 160
36397 263
36398 102
36399 216
36400 302
36401 231
36402 186
36403 128
36404 255
36405 288
36406 80
36407 177
36408 223
36409 135
36410 91
36411 83
36412 151
36413 130
36414 182
36415 87
36416 218
36417 201
36418 159
36419 146
36420 163
36421 220
36422 159
36423 201
36424 188
36425 289
36426 168
36427 306
36428 211
36429 107
36430 212
36431 164
36432 29
36433 121
36434 173
36435 99
36436 210
36437 242
36438 170
36439 201
36440 144
36441 91
36442 236
36443 281
36444 124
36445 177
36446 162
36447 113
36448 194
36449 104
36450 45
36451 135
36452 227
36453 162
36454 221
36455 210
36456 282
36457 97
36458 192
36459 100
36460 306
36461 145
36462 180
36463 248
36464 90
36465 164
36466 257
36467 174
36468 183
36469 109
36470 408
36471 123
36472 187
36473 72
36474 182
36475 164
36476 180
36477 57
36478 200
36479 100
36480 108
36481 246
36482 75
36483 194
36484 175
36485 235
36486 179
36487 226
36488 147
36489 142
36490 123
36491 124
36492 231
36493 171
36494 84
36495 177
36496 123
36497 150
36498 60
36499 127
36500 168
36501 202
36502 113
36503 161
36504 404
36505 134
36506 95
36507 108
36508 134
36509 86
36510 111
36511 207
36512 154
36513 92
36514 173
36515 300
36516 201
36517 148
36518 207
36519 179
36520 216
36521 271
36522 68
36523 271
36524 176
36525 95
36526 57
36527 243
36528 274
36529 240
36530 189
36531 299
36532 171
36533 171
36534 230
36535 174
36536 176
36537 37
36538 226
36539 226
36540 102
36541 180
36542 185
36543 244
36544 118
36545 235
36546 104
36547 81
36548 194
36549 115
36550 37
36551 75
36552 205
36553 109
36554 211
36555 202
36556 108
36557 112
36558 170
36559 282
36560 201
36561 76
36562 352
36563 164
36564 150
36565 182
36566 124
36567 221
36568 146
36569 95
36570 111
36571 188
36572 218
36573 152
36574 146
36575 85
36576 149
36577 271
36578 139
36579 213
36580 274
36581 204
36582 69
36583 167
36584 202
36585 244
36586 138
36587 66
36588 71
36589 166
36590 221
36591 235
36592 58
36593 89
36594 116
36595 228
36596 277
36597 186
36598 255
36599 224
36600 124
36601 194
36602 90
36603 179
36604 140
36605 102
36606 193
36607 175
36608 267
36609 147
36610 282
36611 323
36612 210
36613 150
36614 59
36615 92
36616 180
36617 140
36618 157
36619 170
36620 103
36621 220
36622 210
36623 157
36624 95
36625 93
36626 210
36627 83
36628 193
36629 362
36630 203
36631 173
36632 313
36633 131
36634 155
36635 171
36636 145
36637 117
36638 86
36639 143
36640 125
36641 262
36642 277
36643 184
36644 179
36645 231
36646 167
36647 150
36648 146
36649 200
36650 129
36651 221
36652 148
36653 68
36654 161
36655 263
36656 189
36657 251
36658 199
36659 151
36660 149
36661 163
36662 95
36663 204
36664 84
36665 203
36666 161
36667 167
36668 137
36669 118
36670 153
36671 85
36672 93
36673 111
36674 125
36675 46
36676 222
36677 172
36678 300
36679 147
36680 108
36681 213
36682 192
36683 127
36684 123
36685 344
36686 120
36687 171
36688 92
36689 86
36690 128
36691 255
36692 87
36693 149
36694 159
36695 206
36696 217
36697 177
36698 221
36699 155
36700 106
36701 116
36702 73
36703 360
36704 146
36705 162
36706 227
36707 214
36708 247
36709 266
36710 70
36711 397
36712 194
36713 233
36714 146
36715 195
36716 205
36717 69
36718 73
36719 40
36720 171
36721 274
36722 178
36723 62
36724 197
36725 201
36726 148
36727 197
36728 258
36729 184
36730 75
36731 197
36732 203
36733 306
36734 117
36735 174
36736 224
36737 148
36738 190
36739 54
36740 294
36741 159
36742 154
36743 245
36744 95
36745 115
36746 104
36747 144
36748 221
36749 151
36750 197
36751 204
36752 114
36753 261
36754 162
36755 134
36756 207
36757 175
36758 107
36759 172
36760 145
36761 213
36762 366
36763 92
36764 147
36765 136
36766 178
36767 242
36768 208
36769 232
36770 125
36771 204
36772 158
36773 151
36774 157
36775 99
36776 188
36777 191
36778 65
36779 296
36780 109
36781 77
36782 134
36783 144
36784 172
36785 113
36786 65
36787 172
36788 143
36789 141
36790 282
36791 107
36792 54
36793 162
36794 108
36795 159
36796 100
36797 137
36798 110
36799 63
36800 292
36801 267
36802 379
36803 126
36804 250
36805 121
36806 211
36807 142
36808 165
36809 181
36810 149
36811 267
36812 75
36813 162
36814 202
36815 182
36816 253
36817 268
36818 77
36819 300
36820 244
36821 116
36822 171
36823 61
36824 58
36825 108
36826 210
36827 209
36828 211
36829 104
36830 433
36831 175
36832 207
36833 237
36834 116
36835 148
36836 156
36837 90
36838 166
36839 134
36840 124
36841 60
36842 167
36843 161
36844 147
36845 436
36846 240
36847 194
36848 101
36849 133
36850 120
36851 186
36852 209
36853 132
36854 45
36855 47
36856 137
36857 184
36858 177
36859 232
36860 1
36861 124
36862 187
36863 115
36864 305
36865 70
36866 218
36867 136
36868 115
36869 132
36870 200
36871 218
36872 70
36873 152
36874 192
36875 219
36876 218
36877 244
36878 210
36879 99
36880 106
36881 145
36882 159
36883 146
36884 137
36885 72
36886 186
36887 252
36888 150
36889 142
36890 110
36891 251
36892 109
36893 143
36894 97
36895 45
36896 61
36897 85
36898 295
36899 134
36900 145
36901 171
36902 115
36903 119
36904 67
36905 130
36906 386
36907 281
36908 233
36909 122
36910 190
36911 182
36912 218
36913 270
36914 99
36915 131
36916 194
36917 104
36918 186
36919 43
36920 164
36921 237
36922 196
36923 150
36924 200
36925 123
36926 183
36927 151
36928 124
36929 282
36930 115
36931 49
36932 164
36933 163
36934 159
36935 119
36936 63
36937 167
36938 197
36939 156
36940 84
36941 73
36942 190
36943 156
36944 162
36945 296
36946 81
36947 133
36948 197
36949 197
36950 82
36951 179
36952 242
36953 123
36954 143
36955 55
36956 78
36957 210
36958 136
36959 56
36960 105
36961 123
36962 92
36963 110
36964 259
36965 472
36966 171
36967 181
36968 191
36969 135
36970 242
36971 291
36972 84
36973 190
36974 23
36975 66
36976 320
36977 144
36978 92
36979 181
36980 204
36981 152
36982 230
36983 183
36984 171
36985 62
36986 122
36987 133
36988 267
36989 170
36990 140
36991 89
36992 238
36993 242
36994 166
36995 153
36996 273
36997 93
36998 114
36999 184
37000 162
37001 111
37002 106
37003 195
37004 217
37005 159
37006 151
37007 116
37008 189
37009 154
37010 163
37011 165
37012 175
37013 107
37014 111
37015 157
37016 222
37017 212
37018 205
37019 227
37020 259
37021 214
37022 139
37023 192
37024 166
37025 146
37026 125
37027 150
37028 112
37029 106
37030 181
37031 119
37032 146
37033 178
37034 238
37035 194
37036 209
37037 228
37038 170
37039 422
37040 149
37041 177
37042 86
37043 63
37044 176
37045 224
37046 137
37047 99
37048 75
37049 128
37050 141
37051 197
37052 161
37053 216
37054 266
37055 91
37056 86
37057 69
37058 141
37059 186
37060 65
37061 197
37062 73
37063 238
37064 250
37065 137
37066 369
37067 136
37068 179
37069 162
37070 137
37071 99
37072 176
37073 215
37074 94
37075 160
37076 239
37077 302
37078 185
37079 230
37080 236
37081 114
37082 90
37083 148
37084 119
37085 232
37086 152
37087 132
37088 183
37089 62
37090 117
37091 130
37092 93
37093 249
37094 205
37095 128
37096 199
37097 333
37098 133
37099 150
37100 137
37101 8
37102 143
37103 70
37104 204
37105 177
37106 62
37107 170
37108 76
37109 175
37110 137
37111 317
37112 168
37113 37
37114 127
37115 140
37116 171
37117 185
37118 207
37119 143
37120 160
37121 149
37122 76
37123 189
37124 261
37125 40
37126 273
37127 129
37128 135
37129 142
37130 127
37131 151
37132 64
37133 224
37134 168
37135 175
37136 116
37137 198
37138 307
37139 213
37140 188
37141 126
37142 217
37143 240
37144 97
37145 308
37146 165
37147 130
37148 150
37149 173
37150 163
37151 270
37152 190
37153 213
37154 194
37155 96
37156 209
37157 49
37158 152
37159 117
37160 125
37161 78
37162 241
37163 165
37164 215
37165 136
37166 188
37167 236
37168 92
37169 96
37170 93
37171 245
37172 217
37173 135
37174 116
37175 196
37176 76
37177 230
37178 198
37179 21
37180 94
37181 167
37182 105
37183 212
37184 129
37185 146
37186 168
37187 110
37188 125
37189 129
37190 135
37191 244
37192 40
37193 32
37194 140
37195 84
37196 254
37197 105
37198 171
37199 214
37200 16
37201 208
37202 100
37203 121
37204 84
37205 243
37206 46
37207 250
37208 204
37209 98
37210 92
37211 222
37212 121
37213 83
37214 208
37215 178
37216 159
37217 123
37218 87
37219 69
37220 95
37221 295
37222 155
37223 47
37224 188
37225 168
37226 86
37227 150
37228 149
37229 127
37230 309
37231 99
37232 70
37233 88
37234 288
37235 50
37236 226
37237 109
37238 129
37239 228
37240 144
37241 68
37242 126
37243 222
37244 203
37245 94
37246 103
37247 179
37248 133
37249 143
37250 169
37251 130
37252 128
37253 110
37254 170
37255 156
37256 156
37257 104
37258 255
37259 134
37260 165
37261 106
37262 177
37263 185
37264 141
37265 102
37266 140
37267 215
37268 118
37269 176
37270 277
37271 133
37272 153
37273 91
37274 230
37275 135
37276 266
37277 89
37278 95
37279 239
37280 135
37281 80
37282 123
37283 153
37284 167
37285 276
37286 160
37287 202
37288 104
37289 356
37290 62
37291 212
37292 303
37293 134
37294 145
37295 73
37296 353
37297 151
37298 179
37299 124
37300 264
37301 151
37302 151
37303 72
37304 138
37305 218
37306 158
37307 103
37308 194
37309 138
37310 190
37311 149
37312 81
37313 317
37314 92
37315 228
37316 200
37317 88
37318 161
37319 59
37320 153
37321 101
37322 170
37323 151
37324 189
37325 132
37326 113
37327 145
37328 152
37329 95
37330 186
37331 128
37332 123
37333 169
37334 149
37335 346
37336 217
37337 132
37338 195
37339 85
37340 133
37341 324
37342 128
37343 183
37344 133
37345 222
37346 181
37347 229
37348 176
37349 181
37350 97
37351 169
37352 118
37353 191
37354 81
37355 222
37356 107
37357 131
37358 149
37359 239
37360 365
37361 118
37362 46
37363 192
37364 289
37365 92
37366 100
37367 59
37368 138
37369 191
37370 250
37371 169
37372 205
37373 253
37374 168
37375 175
37376 273
37377 180
37378 85
37379 201
37380 171
37381 85
37382 174
37383 259
37384 226
37385 58
37386 70
37387 228
37388 105
37389 91
37390 190
37391 219
37392 134
37393 162
37394 188
37395 123
37396 277
37397 297
37398 158
37399 122
37400 132
37401 241
37402 266
37403 173
37404 131
37405 158
37406 180
37407 20
37408 186
37409 153
37410 116
37411 260
37412 134
37413 188
37414 197
37415 203
37416 251
37417 137
37418 258
37419 69
37420 121
37421 211
37422 200
37423 107
37424 437
37425 204
37426 229
37427 297
37428 189
37429 197
37430 366
37431 115
37432 87
37433 180
37434 91
37435 130
37436 229
37437 164
37438 16
37439 217
37440 210
37441 141
37442 20
37443 159
37444 81
37445 147
37446 160
37447 216
37448 90
37449 167
37450 151
37451 204
37452 301
37453 257
37454 140
37455 161
37456 180
37457 34
37458 203
37459 196
37460 168
37461 116
37462 311
37463 90
37464 176
37465 25
37466 155
37467 82
37468 164
37469 145
37470 247
37471 163
37472 294
37473 226
37474 115
37475 216
37476 106
37477 118
37478 32
37479 274
37480 100
37481 191
37482 150
37483 111
37484 28
37485 104
37486 214
37487 96
37488 156
37489 174
37490 121
37491 247
37492 112
37493 130
37494 132
37495 141
37496 85
37497 231
37498 72
37499 94
37500 108
37501 163
37502 208
37503 203
37504 144
37505 209
37506 224
37507 211
37508 266
37509 182
37510 38
37511 100
37512 63
37513 155
37514 61
37515 206
37516 233
37517 115
37518 210
37519 154
37520 186
37521 186
37522 129
37523 148
37524 117
37525 115
37526 78
37527 201
37528 167
37529 236
37530 166
37531 119
37532 168
37533 178
37534 150
37535 218
37536 144
37537 364
37538 274
37539 54
37540 119
37541 208
37542 145
37543 287
37544 132
37545 173
37546 129
37547 145
37548 230
37549 222
37550 163
37551 197
37552 155
37553 258
37554 191
37555 273
37556 187
37557 163
37558 111
37559 174
37560 152
37561 32
37562 34
37563 216
37564 162
37565 102
37566 361
37567 127
37568 214
37569 139
37570 75
37571 232
37572 184
37573 101
37574 167
37575 219
37576 289
37577 91
37578 116
37579 82
37580 193
37581 312
37582 102
37583 131
37584 225
37585 264
37586 179
37587 124
37588 200
37589 206
37590 161
37591 189
37592 100
37593 206
37594 114
37595 135
37596 224
37597 37
37598 98
37599 214
37600 213
37601 175
37602 305
37603 168
37604 110
37605 264
37606 182
37607 159
37608 117
37609 183
37610 163
37611 369
37612 141
37613 228
37614 408
37615 112
37616 77
37617 111
37618 95
37619 136
37620 113
37621 241
37622 278
37623 237
37624 116
37625 118
37626 194
37627 96
37628 78
37629 117
37630 271
37631 223
37632 182
37633 183
37634 27
37635 109
37636 92
37637 278
37638 298
37639 81
37640 209
37641 146
37642 158
37643 91
37644 138
37645 240
37646 168
37647 213
37648 141
37649 223
37650 117
37651 97
37652 99
37653 171
37654 145
37655 318
37656 214
37657 156
37658 172
37659 119
37660 157
37661 296
37662 178
37663 131
37664 113
37665 117
37666 187
37667 189
37668 123
37669 314
37670 217
37671 209
37672 153
37673 56
37674 281
37675 85
37676 123
37677 196
37678 205
37679 178
37680 141
37681 83
37682 211
37683 147
37684 79
37685 131
37686 289
37687 59
37688 91
37689 175
37690 139
37691 225
37692 145
37693 146
37694 87
37695 128
37696 193
37697 126
37698 132
37699 167
37700 253
37701 127
37702 242
37703 262
37704 196
37705 209
37706 91
37707 100
37708 119
37709 218
37710 355
37711 124
37712 40
37713 162
37714 218
37715 168
37716 170
37717 237
37718 148
37719 89
37720 237
37721 187
37722 220
37723 237
37724 157
37725 190
37726 197
37727 44
37728 168
37729 164
37730 97
37731 215
37732 59
37733 260
37734 131
37735 127
37736 67
37737 95
37738 110
37739 142
37740 194
37741 99
37742 123
37743 180
37744 330
37745 15
37746 152
37747 101
37748 104
37749 184
37750 314
37751 82
37752 169
37753 150
37754 167
37755 97
37756 70
37757 66
37758 193
37759 164
37760 203
37761 264
37762 253
37763 251
37764 238
37765 268
37766 95
37767 244
37768 91
37769 62
37770 16
37771 185
37772 194
37773 83
37774 156
37775 240
37776 263
37777 164
37778 96
37779 151
37780 95
37781 177
37782 235
37783 115
37784 94
37785 119
37786 97
37787 85
37788 147
37789 165
37790 167
37791 189
37792 211
37793 172
37794 137
37795 195
37796 211
37797 164
37798 161
37799 121
37800 205
37801 288
37802 180
37803 156
37804 143
37805 160
37806 207
37807 18
37808 96
37809 206
37810 187
37811 53
37812 163
37813 116
37814 176
37815 133
37816 228
37817 159
37818 96
37819 204
37820 94
37821 166
37822 209
37823 249
37824 196
37825 150
37826 134
37827 204
37828 260
37829 220
37830 40
37831 100
37832 178
37833 198
37834 80
37835 63
37836 114
37837 228
37838 414
37839 164
37840 305
37841 180
37842 204
37843 169
37844 173
37845 319
37846 215
37847 154
37848 40
37849 115
37850 199
37851 61
37852 147
37853 213
37854 162
37855 183
37856 296
37857 181
37858 130
37859 131
37860 83
37861 151
37862 140
37863 142
37864 96
37865 385
37866 150
37867 254
37868 162
37869 130
37870 141
37871 194
37872 272
37873 20
37874 46
37875 140
37876 211
37877 129
37878 57
37879 56
37880 154
37881 128
37882 193
37883 92
37884 96
37885 131
37886 185
37887 81
37888 268
37889 158
37890 101
37891 216
37892 212
37893 124
37894 124
37895 48
37896 236
37897 210
37898 121
37899 222
37900 195
37901 95
37902 240
37903 113
37904 205
37905 174
37906 162
37907 128
37908 187
37909 170
37910 342
37911 215
37912 152
37913 70
37914 112
37915 157
37916 185
37917 115
37918 196
37919 202
37920 60
37921 152
37922 131
37923 249
37924 252
37925 311
37926 180
37927 265
37928 153
37929 147
37930 125
37931 100
37932 110
37933 249
37934 188
37935 434
37936 170
37937 144
37938 162
37939 135
37940 113
37941 111
37942 60
37943 203
37944 134
37945 173
37946 145
37947 249
37948 126
37949 117
37950 199
37951 328
37952 65
37953 153
37954 188
37955 193
37956 258
37957 96
37958 36
37959 66
37960 103
37961 112
37962 212
37963 204
37964 130
37965 107
37966 229
37967 92
37968 132
37969 195
37970 236
37971 278
37972 165
37973 241
37974 88
37975 312
37976 91
37977 200
37978 203
37979 161
37980 201
37981 230
37982 199
37983 117
37984 236
37985 189
37986 209
37987 158
37988 213
37989 118
37990 249
37991 164
37992 156
37993 154
37994 284
37995 111
37996 108
37997 215
37998 155
37999 202
38000 262
38001 184
38002 182
38003 98
38004 131
38005 245
38006 181
38007 97
38008 255
38009 153
38010 116
38011 183
38012 231
38013 457
38014 337
38015 164
38016 84
38017 123
38018 105
38019 73
38020 72
38021 296
38022 193
38023 156
38024 240
38025 286
38026 189
38027 216
38028 209
38029 144
38030 58
38031 176
38032 160
38033 78
38034 121
38035 119
38036 111
38037 198
38038 140
38039 111
38040 50
38041 115
38042 79
38043 267
38044 165
38045 108
38046 108
38047 255
38048 294
38049 45
38050 125
38051 250
38052 342
38053 239
38054 167
38055 167
38056 234
38057 111
38058 187
38059 256
38060 126
38061 274
38062 268
38063 367
38064 129
38065 165
38066 137
38067 87
38068 193
38069 151
38070 189
38071 131
38072 172
38073 122
38074 142
38075 139
38076 250
38077 226
38078 164
38079 205
38080 176
38081 235
38082 205
38083 125
38084 131
38085 202
38086 125
38087 251
38088 124
38089 277
38090 146
38091 167
38092 177
38093 163
38094 114
38095 136
38096 150
38097 84
38098 126
38099 136
38100 143
38101 252
38102 127
38103 60
38104 220
38105 204
38106 147
38107 203
38108 196
38109 98
38110 141
38111 138
38112 117
38113 122
38114 108
38115 449
38116 238
38117 149
38118 168
38119 136
38120 142
38121 210
38122 206
38123 103
38124 258
38125 156
38126 198
38127 135
38128 184
38129 132
38130 123
38131 161
38132 130
38133 109
38134 256
38135 151
38136 84
38137 79
38138 121
38139 139
38140 194
38141 176
38142 52
38143 172
38144 126
38145 178
38146 199
38147 224
38148 127
38149 107
38150 207
38151 156
38152 240
38153 153
38154 94
38155 130
38156 118
38157 220
38158 171
38159 54
38160 55
38161 209
38162 105
38163 82
38164 72
38165 174
38166 133
38167 223
38168 199
38169 152
38170 86
38171 116
38172 59
38173 220
38174 150
38175 110
38176 197
38177 82
38178 126
38179 229
38180 279
38181 295
38182 113
38183 197
38184 260
38185 321
38186 163
38187 179
38188 151
38189 141
38190 112
38191 196
38192 183
38193 85
38194 267
38195 107
38196 76
38197 97
38198 267
38199 152
38200 108
38201 217
38202 111
38203 477
38204 181
38205 150
38206 119
38207 126
38208 109
38209 173
38210 220
38211 73
38212 151
38213 274
38214 99
38215 141
38216 105
38217 160
38218 160
38219 210
38220 124
38221 327
38222 118
38223 149
38224 234
38225 205
38226 126
38227 179
38228 236
38229 128
38230 186
38231 282
38232 166
38233 229
38234 140
38235 85
38236 270
38237 161
38238 296
38239 142
38240 89
38241 93
38242 232
38243 290
38244 75
38245 272
38246 117
38247 289
38248 237
38249 56
38250 153
38251 85
38252 285
38253 237
38254 50
38255 140
38256 203
38257 150
38258 122
38259 61
38260 288
38261 297
38262 99
38263 174
38264 79
38265 166
38266 134
38267 100
38268 138
38269 156
38270 177
38271 175
38272 85
38273 136
38274 43
38275 166
38276 188
38277 105
38278 168
38279 214
38280 181
38281 218
38282 142
38283 133
38284 214
38285 60
38286 146
38287 176
38288 196
38289 131
38290 64
38291 137
38292 218
38293 86
38294 262
38295 120
38296 160
38297 136
38298 107
38299 100
38300 86
38301 105
38302 161
38303 172
38304 51
38305 63
38306 192
38307 68
38308 187
38309 305
38310 122
38311 161
38312 114
38313 102
38314 210
38315 264
38316 210
38317 103
38318 125
38319 126
38320 135
38321 253
38322 187
38323 116
38324 145
38325 174
38326 123
38327 134
38328 127
38329 193
38330 109
38331 196
38332 126
38333 75
38334 94
38335 167
38336 191
38337 273
38338 135
38339 149
38340 228
38341 180
38342 133
38343 45
38344 188
38345 185
38346 164
38347 87
38348 191
38349 72
38350 276
38351 87
38352 103
38353 93
38354 67
38355 253
38356 163
38357 140
38358 332
38359 54
38360 166
38361 144
38362 200
38363 155
38364 222
38365 176
38366 72
38367 135
38368 196
38369 91
38370 189
38371 133
38372 102
38373 127
38374 159
38375 276
38376 129
38377 188
38378 90
38379 284
38380 201
38381 55
38382 67
38383 245
38384 107
38385 192
38386 264
38387 173
38388 119
38389 192
38390 36
38391 230
38392 123
38393 401
38394 73
38395 133
38396 177
38397 66
38398 159
38399 179
38400 135
38401 153
38402 134
38403 200
38404 169
38405 154
38406 140
38407 220
38408 188
38409 281
38410 217
38411 187
38412 265
38413 236
38414 296
38415 178
38416 122
38417 164
38418 133
38419 195
38420 108
38421 53
38422 112
38423 118
38424 153
38425 97
38426 226
38427 94
38428 123
38429 154
38430 119
38431 203
38432 230
38433 190
38434 51
38435 253
38436 97
38437 189
38438 182
38439 202
38440 120
38441 117
38442 93
38443 268
38444 165
38445 175
38446 194
38447 129
38448 57
38449 141
38450 144
38451 259
38452 83
38453 272
38454 13
38455 237
38456 116
38457 137
38458 170
38459 341
38460 304
38461 126
38462 192
38463 213
38464 45
38465 125
38466 116
38467 153
38468 180
38469 111
38470 111
38471 243
38472 132
38473 116
38474 132
38475 168
38476 127
38477 165
38478 286
38479 144
38480 182
38481 32
38482 158
38483 97
38484 147
38485 117
38486 224
38487 90
38488 140
38489 158
38490 241
38491 222
38492 92
38493 205
38494 135
38495 280
38496 133
38497 243
38498 128
38499 113
38500 253
38501 106
38502 211
38503 38
38504 59
38505 167
38506 -1
38507 240
38508 131
38509 194
38510 64
38511 233
38512 195
38513 168
38514 108
38515 125
38516 110
38517 124
38518 134
38519 195
38520 79
38521 210
38522 146
38523 137
38524 167
38525 202
38526 200
38527 110
38528 144
38529 150
38530 156
38531 161
38532 81
38533 100
38534 95
38535 83
38536 175
38537 78
38538 294
38539 241
38540 173
38541 201
38542 88
38543 173
38544 238
38545 111
38546 199
38547 116
38548 38
38549 99
38550 295
38551 94
38552 127
38553 212
38554 59
38555 215
38556 55
38557 358
38558 302
38559 20
38560 130
38561 171
38562 273
38563 121
38564 16
38565 152
38566 213
38567 224
38568 100
38569 152
38570 181
38571 86
38572 96
38573 145
38574 202
38575 146
38576 196
38577 131
38578 159
38579 97
38580 369
38581 108
38582 183
38583 171
38584 118
38585 166
38586 112
38587 97
38588 193
38589 291
38590 95
38591 95
38592 145
38593 298
38594 179
38595 119
38596 244
38597 148
38598 104
38599 130
38600 102
38601 127
38602 282
38603 233
38604 113
38605 122
38606 139
38607 133
38608 56
38609 73
38610 135
38611 72
38612 167
38613 367
38614 102
38615 90
38616 174
38617 174
38618 150
38619 140
38620 338
38621 119
38622 126
38623 96
38624 142
38625 223
38626 143
38627 71
38628 53
38629 180
38630 101
38631 124
38632 103
38633 288
38634 87
38635 190
38636 138
38637 69
38638 278
38639 174
38640 126
38641 205
38642 155
38643 187
38644 164
38645 164
38646 134
38647 114
38648 121
38649 119
38650 118
38651 229
38652 139
38653 185
38654 454
38655 105
38656 105
38657 291
38658 148
38659 112
38660 148
38661 91
38662 155
38663 247
38664 192
38665 118
38666 77
38667 82
38668 278
38669 165
38670 236
38671 116
38672 108
38673 129
38674 130
38675 159
38676 153
38677 320
38678 248
38679 217
38680 99
38681 165
38682 154
38683 138
38684 58
38685 190
38686 354
38687 109
38688 131
38689 198
38690 77
38691 125
38692 185
38693 170
38694 252
38695 230
38696 189
38697 186
38698 92
38699 241
38700 77
38701 179
38702 182
38703 213
38704 233
38705 46
38706 61
38707 140
38708 398
38709 161
38710 319
38711 108
38712 103
38713 107
38714 187
38715 99
38716 100
38717 202
38718 100
38719 193
38720 107
38721 39
38722 171
38723 100
38724 297
38725 133
38726 330
38727 160
38728 260
38729 200
38730 43
38731 217
38732 125
38733 153
38734 77
38735 129
38736 16
38737 197
38738 327
38739 137
38740 173
38741 179
38742 223
38743 337
38744 83
38745 99
38746 262
38747 145
38748 123
38749 298
38750 144
38751 54
38752 94
38753 124
38754 167
38755 141
38756 272
38757 171
38758 299
38759 221
38760 80
38761 101
38762 156
38763 81
38764 64
38765 176
38766 49
38767 77
38768 113
38769 310
38770 95
38771 171
38772 191
38773 406
38774 346
38775 130
38776 175
38777 81
38778 170
38779 147
38780 95
38781 110
38782 50
38783 153
38784 172
38785 120
38786 119
38787 236
38788 215
38789 116
38790 164
38791 265
38792 59
38793 229
38794 224
38795 231
38796 156
38797 152
38798 297
38799 203
38800 192
38801 79
38802 182
38803 123
38804 165
38805 77
38806 151
38807 123
38808 165
38809 141
38810 150
38811 182
38812 114
38813 80
38814 213
38815 297
38816 205
38817 52
38818 162
38819 80
38820 378
38821 163
38822 289
38823 462
38824 125
38825 202
38826 248
38827 124
38828 103
38829 160
38830 96
38831 229
38832 210
38833 131
38834 117
38835 105
38836 217
38837 122
38838 154
38839 254
38840 144
38841 78
38842 296
38843 218
38844 93
38845 122
38846 167
38847 199
38848 80
38849 130
38850 283
38851 144
38852 228
38853 251
38854 143
38855 100
38856 131
38857 174
38858 119
38859 290
38860 102
38861 146
38862 67
38863 187
38864 161
38865 120
38866 143
38867 144
38868 76
38869 237
38870 144
38871 157
38872 284
38873 141
38874 118
38875 257
38876 211
38877 78
38878 349
38879 185
38880 429
38881 48
38882 170
38883 214
38884 113
38885 145
38886 166
38887 191
38888 56
38889 99
38890 264
38891 237
38892 100
38893 135
38894 185
38895 181
38896 78
38897 76
38898 80
38899 115
38900 193
38901 239
38902 127
38903 163
38904 66
38905 185
38906 109
38907 151
38908 229
38909 120
38910 78
38911 180
38912 225
38913 215
38914 45
38915 252
38916 167
38917 156
38918 281
38919 143
38920 234
38921 225
38922 219
38923 138
38924 222
38925 163
38926 96
38927 123
38928 183
38929 198
38930 244
38931 126
38932 175
38933 160
38934 156
38935 174
38936 189
38937 196
38938 163
38939 242
38940 132
38941 138
38942 14
38943 177
38944 138
38945 170
38946 116
38947 194
38948 76
38949 148
38950 162
38951 338
38952 143
38953 151
38954 237
38955 166
38956 164
38957 197
38958 278
38959 173
38960 256
38961 164
38962 367
38963 187
38964 129
38965 89
38966 144
38967 72
38968 165
38969 166
38970 95
38971 105
38972 250
38973 236
38974 151
38975 182
38976 205
38977 126
38978 155
38979 76
38980 92
38981 43
38982 44
38983 107
38984 200
38985 126
38986 126
38987 126
38988 228
38989 166
38990 178
38991 110
38992 53
38993 223
38994 107
38995 252
38996 95
38997 266
38998 177
38999 192
39000 91
39001 234
39002 257
39003 119
39004 219
39005 78
39006 183
39007 146
39008 101
39009 111
39010 72
39011 279
39012 158
39013 83
39014 57
39015 362
39016 242
39017 89
39018 171
39019 216
39020 164
39021 151
39022 106
39023 280
39024 228
39025 107
39026 129
39027 64
39028 109
39029 42
39030 82
39031 85
39032 117
39033 76
39034 229
39035 61
39036 150
39037 258
39038 284
39039 25
39040 102
39041 170
39042 147
39043 359
39044 250
39045 205
39046 257
39047 105
39048 149
39049 141
39050 101
39051 119
39052 257
39053 130
39054 202
39055 126
39056 123
39057 130
39058 52
39059 169
39060 175
39061 81
39062 153
39063 126
39064 99
39065 240
39066 361
39067 105
39068 105
39069 112
39070 51
39071 0
39072 224
39073 349
39074 144
39075 170
39076 96
39077 173
39078 94
39079 152
39080 147
39081 234
39082 171
39083 113
39084 288
39085 244
39086 124
39087 189
39088 191
39089 254
39090 118
39091 154
39092 273
39093 251
39094 107
39095 294
39096 220
39097 303
39098 102
39099 58
39100 123
39101 105
39102 207
39103 12
39104 149
39105 136
39106 329
39107 186
39108 90
39109 177
39110 295
39111 130
39112 252
39113 321
39114 396
39115 281
39116 213
39117 73
39118 203
39119 128
39120 184
39121 237
39122 386
39123 46
39124 118
39125 115
39126 246
39127 173
39128 123
39129 77
39130 201
39131 71
39132 238
39133 188
39134 59
39135 79
39136 171
39137 157
39138 115
39139 295
39140 49
39141 118
39142 205
39143 220
39144 134
39145 175
39146 148
39147 164
39148 201
39149 248
39150 104
39151 110
39152 218
39153 172
39154 113
39155 198
39156 270
39157 28
39158 160
39159 177
39160 191
39161 163
39162 132
39163 226
39164 183
39165 136
39166 86
39167 273
39168 153
39169 134
39170 171
39171 235
39172 3
39173 238
39174 308
39175 304
39176 143
39177 130
39178 131
39179 190
39180 114
39181 260
39182 99
39183 110
39184 107
39185 172
39186 152
39187 59
39188 96
39189 113
39190 116
39191 72
39192 326
39193 147
39194 225
39195 50
39196 151
39197 206
39198 305
39199 327
39200 245
39201 167
39202 244
39203 129
39204 256
39205 111
39206 221
39207 228
39208 68
39209 160
39210 121
39211 284
39212 253
39213 92
39214 126
39215 210
39216 296
39217 81
39218 135
39219 183
39220 132
39221 187
39222 92
39223 108
39224 134
39225 108
39226 95
39227 146
39228 382
39229 158
39230 272
39231 101
39232 144
39233 160
39234 174
39235 167
39236 184
39237 176
39238 82
39239 199
39240 123
39241 186
39242 192
39243 204
39244 157
39245 252
39246 163
39247 79
39248 160
39249 236
39250 130
39251 120
39252 147
39253 198
39254 72
39255 146
39256 114
39257 165
39258 126
39259 124
39260 185
39261 168
39262 222
39263 192
39264 103
39265 201
39266 41
39267 160
39268 198
39269 73
39270 163
39271 119
39272 256
39273 270
39274 105
39275 98
39276 194
39277 96
39278 105
39279 218
39280 156
39281 144
39282 192
39283 108
39284 56
39285 191
39286 254
39287 271
39288 146
39289 253
39290 226
39291 146
39292 269
39293 221
39294 184
39295 124
39296 223
39297 250
39298 135
39299 129
39300 156
39301 137
39302 179
39303 163
39304 134
39305 206
39306 161
39307 169
39308 80
39309 117
39310 157
39311 80
39312 131
39313 81
39314 77
39315 105
39316 168
39317 150
39318 106
39319 242
39320 137
39321 71
39322 140
39323 139
39324 188
39325 38
39326 67
39327 199
39328 176
39329 87
39330 153
39331 115
39332 199
39333 308
39334 182
39335 146
39336 232
39337 64
39338 58
39339 140
39340 128
39341 188
39342 179
39343 141
39344 110
39345 151
39346 180
39347 122
39348 193
39349 235
39350 134
39351 60
39352 176
39353 46
39354 323
39355 194
39356 329
39357 176
39358 295
39359 19
39360 109
39361 349
39362 113
39363 87
39364 388
39365 321
39366 125
39367 54
39368 229
39369 257
39370 201
39371 93
39372 162
39373 118
39374 305
39375 200
39376 236
39377 94
39378 201
39379 374
39380 122
39381 162
39382 97
39383 212
39384 142
39385 230
39386 260
39387 82
39388 141
39389 210
39390 100
39391 141
39392 141
39393 129
39394 99
39395 370
39396 133
39397 118
39398 146
39399 93
39400 62
39401 265
39402 156
39403 102
39404 149
39405 140
39406 276
39407 9
39408 194
39409 59
39410 147
39411 340
39412 122
39413 123
39414 153
39415 164
39416 104
39417 206
39418 41
39419 110
39420 156
39421 118
39422 203
39423 177
39424 332
39425 142
39426 176
39427 107
39428 266
39429 98
39430 152
39431 137
39432 230
39433 -8
39434 333
39435 205
39436 180
39437 129
39438 84
39439 178
39440 100
39441 424
39442 136
39443 184
39444 68
39445 86
39446 110
39447 463
39448 296
39449 167
39450 207
39451 150
39452 203
39453 61
39454 203
39455 238
39456 87
39457 179
39458 125
39459 91
39460 181
39461 91
39462 227
39463 203
39464 88
39465 219
39466 113
39467 182
39468 216
39469 209
39470 167
39471 229
39472 57
39473 96
39474 92
39475 77
39476 414
39477 153
39478 180
39479 111
39480 266
39481 179
39482 133
39483 177
39484 197
39485 156
39486 97
39487 142
39488 81
39489 137
39490 158
39491 94
39492 196
39493 154
39494 179
39495 254
39496 119
39497 308
39498 112
39499 151
39500 211
39501 94
39502 102
39503 103
39504 107
39505 198
39506 164
39507 184
39508 162
39509 313
39510 234
39511 53
39512 248
39513 128
39514 111
39515 157
39516 206
39517 353
39518 122
39519 177
39520 106
39521 117
39522 203
39523 338
39524 67
39525 46
39526 63
39527 101
39528 209
39529 180
39530 164
39531 149
39532 158
39533 36
39534 200
39535 229
39536 171
39537 220
39538 175
39539 207
39540 164
39541 171
39542 81
39543 182
39544 105
39545 121
39546 139
39547 96
39548 169
39549 204
39550 86
39551 111
39552 118
39553 162
39554 189
39555 113
39556 75
39557 167
39558 55
39559 98
39560 128
39561 234
39562 249
39563 114
39564 128
39565 242
39566 202
39567 128
39568 227
39569 139
39570 36
39571 154
39572 141
39573 172
39574 156
39575 103
39576 153
39577 172
39578 60
39579 171
39580 141
39581 189
39582 203
39583 178
39584 197
39585 107
39586 190
39587 316
39588 229
39589 232
39590 150
39591 174
39592 79
39593 320
39594 155
39595 167
39596 103
39597 144
39598 125
39599 68
39600 129
39601 180
39602 199
39603 229
39604 200
39605 164
39606 148
39607 80
39608 153
39609 164
39610 257
39611 282
39612 253
39613 141
39614 177
39615 131
39616 191
39617 7
39618 143
39619 278
39620 269
39621 160
39622 156
39623 204
39624 184
39625 81
39626 141
39627 156
39628 232
39629 152
39630 137
39631 124
39632 164
39633 182
39634 129
39635 228
39636 191
39637 188
39638 115
39639 300
39640 143
39641 135
39642 254
39643 303
39644 128
39645 121
39646 182
39647 112
39648 204
39649 51
39650 225
39651 221
39652 170
39653 106
39654 124
39655 112
39656 250
39657 180
39658 206
39659 102
39660 159
39661 177
39662 397
39663 149
39664 78
39665 213
39666 200
39667 65
39668 71
39669 166
39670 278
39671 155
39672 138
39673 137
39674 100
39675 146
39676 122
39677 116
39678 125
39679 110
39680 140
39681 159
39682 69
39683 265
39684 103
39685 50
39686 182
39687 143
39688 108
39689 218
39690 73
39691 126
39692 146
39693 186
39694 285
39695 140
39696 121
39697 161
39698 199
39699 260
39700 232
39701 432
39702 35
39703 113
39704 71
39705 132
39706 109
39707 186
39708 29
39709 133
39710 135
39711 94
39712 94
39713 137
39714 108
39715 191
39716 70
39717 51
39718 42
39719 229
39720 268
39721 222
39722 96
39723 135
39724 117
39725 277
39726 237
39727 212
39728 208
39729 51
39730 243
39731 196
39732 107
39733 114
39734 142
39735 266
39736 263
39737 155
39738 112
39739 172
39740 66
39741 176
39742 150
39743 167
39744 198
39745 103
39746 274
39747 138
39748 230
39749 169
39750 86
39751 233
39752 178
39753 165
39754 86
39755 119
39756 214
39757 216
39758 165
39759 50
39760 230
39761 113
39762 102
39763 139
39764 113
39765 139
39766 330
39767 222
39768 194
39769 146
39770 118
39771 193
39772 157
39773 116
39774 249
39775 400
39776 127
39777 165
39778 75
39779 131
39780 149
39781 151
39782 374
39783 139
39784 118
39785 264
39786 115
39787 209
39788 79
39789 178
39790 124
39791 148
39792 70
39793 101
39794 171
39795 186
39796 127
39797 212
39798 83
39799 74
39800 169
39801 94
39802 225
39803 118
39804 124
39805 65
39806 286
39807 217
39808 79
39809 46
39810 256
39811 191
39812 211
39813 191
39814 103
39815 293
39816 117
39817 102
39818 154
39819 157
39820 195
39821 359
39822 491
39823 124
39824 188
39825 25
39826 144
39827 148
39828 130
39829 146
39830 212
39831 396
39832 140
39833 162
39834 197
39835 130
39836 178
39837 126
39838 264
39839 263
39840 173
39841 111
39842 224
39843 139
39844 211
39845 155
39846 199
39847 161
39848 95
39849 156
39850 134
39851 90
39852 181
39853 86
39854 272
39855 256
39856 147
39857 126
39858 246
39859 162
39860 114
39861 220
39862 90
39863 67
39864 291
39865 84
39866 147
39867 196
39868 115
39869 105
39870 230
39871 162
39872 251
39873 133
39874 138
39875 195
39876 143
39877 129
39878 166
39879 93
39880 91
39881 186
39882 148
39883 173
39884 124
39885 211
39886 141
39887 223
39888 74
39889 99
39890 136
39891 318
39892 110
39893 199
39894 95
39895 129
39896 82
39897 180
39898 123
39899 174
39900 178
39901 107
39902 200
39903 173
39904 47
39905 86
39906 248
39907 160
39908 102
39909 187
39910 172
39911 131
39912 81
39913 93
39914 174
39915 93
39916 123
39917 215
39918 141
39919 160
39920 120
39921 183
39922 157
39923 153
39924 176
39925 48
39926 109
39927 135
39928 270
39929 213
39930 117
39931 221
39932 84
39933 184
39934 123
39935 182
39936 30
39937 163
39938 160
39939 96
39940 239
39941 151
39942 165
39943 144
39944 78
39945 195
39946 173
39947 104
39948 149
39949 340
39950 59
39951 199
39952 43
39953 159
39954 174
39955 160
39956 96
39957 56
39958 167
39959 126
39960 70
39961 184
39962 154
39963 59
39964 213
39965 133
39966 246
39967 149
39968 188
39969 200
39970 138
39971 223
39972 72
39973 195
39974 134
39975 178
39976 97
39977 170
39978 404
39979 117
39980 177
39981 226
39982 103
39983 180
39984 260
39985 99
39986 85
39987 55
39988 90
39989 156
39990 195
39991 204
39992 119
39993 39
39994 152
39995 257
39996 148
39997 179
39998 105
39999 148
40000 74
40001 220
40002 151
40003 313
40004 103
40005 306
40006 279
40007 141
40008 209
40009 144
40010 77
40011 173
40012 75
40013 141
40014 186
40015 190
40016 186
40017 114
40018 234
40019 148
40020 125
40021 141
40022 164
40023 94
40024 120
40025 134
40026 150
40027 113
40028 91
40029 265
40030 230
40031 219
40032 85
40033 158
40034 194
40035 156
40036 98
40037 210
40038 161
40039 127
40040 110
40041 107
40042 74
40043 255
40044 160
40045 123
40046 124
40047 326
40048 124
40049 87
40050 90
40051 202
40052 147
40053 195
40054 57
40055 220
40056 56
40057 105
40058 36
40059 328
40060 53
40061 66
40062 310
40063 120
40064 17
40065 175
40066 264
40067 305
40068 202
40069 284
40070 155
40071 138
40072 241
40073 163
40074 132
40075 114
40076 16
40077 124
40078 79
40079 76
40080 151
40081 120
40082 124
40083 -1
40084 92
40085 141
40086 221
40087 112
40088 272
40089 130
40090 180
40091 200
40092 297
40093 164
40094 120
40095 145
40096 123
40097 409
40098 235
40099 122
40100 197
40101 153
40102 141
40103 146
40104 125
40105 206
40106 184
40107 192
40108 101
40109 182
40110 184
40111 139
40112 186
40113 128
40114 117
40115 136
40116 73
40117 139
40118 92
40119 233
40120 174
40121 180
40122 202
40123 171
40124 144
40125 268
40126 190
40127 208
40128 116
40129 118
40130 134
40131 185
40132 95
40133 185
40134 370
40135 168
40136 111
40137 79
40138 182
40139 170
40140 101
40141 104
40142 189
40143 57
40144 157
40145 306
40146 234
40147 118
40148 211
40149 71
40150 170
40151 89
40152 299
40153 244
40154 205
40155 226
40156 227
40157 199
40158 134
40159 222
40160 154
40161 214
40162 195
40163 203
40164 264
40165 98
40166 114
40167 180
40168 132
40169 115
40170 173
40171 300
40172 97
40173 103
40174 140
40175 152
40176 76
40177 107
40178 142
40179 204
40180 238
40181 28
40182 99
40183 37
40184 189
40185 143
40186 145
40187 78
40188 181
40189 181
40190 11
40191 82
40192 196
40193 142
40194 186
40195 96
40196 101
40197 110
40198 209
40199 129
40200 335
40201 2
40202 240
40203 205
40204 126
40205 166
40206 110
40207 189
40208 208
40209 135
40210 117
40211 190
40212 220
40213 196
40214 99
40215 169
40216 168
40217 188
40218 125
40219 340
40220 231
40221 146
40222 112
40223 343
40224 50
40225 200
40226 100
40227 194
40228 97
40229 237
40230 105
40231 138
40232 54
40233 243
40234 193
40235 120
40236 90
40237 261
40238 18
40239 101
40240 104
40241 160
40242 416
40243 317
40244 113
40245 140
40246 128
40247 271
40248 186
40249 135
40250 67
40251 184
40252 195
40253 121
40254 224
40255 142
40256 228
40257 205
40258 277
40259 114
40260 68
40261 52
40262 243
40263 92
40264 71
40265 170
40266 90
40267 157
40268 118
40269 66
40270 218
40271 215
40272 152
40273 146
40274 182
40275 84
40276 51
40277 95
40278 61
40279 138
40280 197
40281 157
40282 198
40283 154
40284 164
40285 185
40286 81
40287 322
40288 190
40289 39
40290 184
40291 121
40292 184
40293 330
40294 251
40295 60
40296 244
40297 185
40298 110
40299 107
40300 179
40301 97
40302 159
40303 82
40304 295
40305 164
40306 195
40307 138
40308 265
40309 149
40310 238
40311 122
40312 301
40313 283
40314 189
40315 244
40316 168
40317 122
40318 172
40319 288
40320 245
40321 136
40322 134
40323 60
40324 82
40325 104
40326 261
40327 149
40328 205
40329 122
40330 276
40331 194
40332 116
40333 165
40334 164
40335 62
40336 119
40337 161
40338 124
40339 115
40340 106
40341 191
40342 184
40343 135
40344 216
40345 299
40346 103
40347 142
40348 218
40349 140
40350 201
40351 324
40352 268
40353 100
40354 121
40355 143
40356 169
40357 117
40358 118
40359 245
40360 200
40361 134
40362 157
40363 373
40364 111
40365 168
40366 100
40367 111
40368 96
40369 105
40370 115
40371 173
40372 128
40373 140
40374 123
40375 148
40376 386
40377 66
40378 246
40379 349
40380 146
40381 274
40382 276
40383 170
40384 155
40385 102
40386 103
40387 211
40388 128
40389 234
40390 136
40391 243
40392 146
40393 20
40394 129
40395 96
40396 197
40397 316
40398 213
40399 148
40400 172
40401 123
40402 135
40403 70
40404 117
40405 234
40406 122
40407 94
40408 132
40409 141
40410 174
40411 222
40412 80
40413 338
40414 205
40415 169
40416 170
40417 156
40418 131
40419 237
40420 184
40421 121
40422 121
40423 106
40424 144
40425 134
40426 179
40427 150
40428 146
40429 197
40430 239
40431 160
40432 131
40433 130
40434 259
40435 147
40436 150
40437 144
40438 126
40439 180
40440 172
40441 109
40442 193
40443 107
40444 145
40445 173
40446 170
40447 86
40448 197
40449 142
40450 115
40451 185
40452 158
40453 128
40454 161
40455 110
40456 245
40457 122
40458 110
40459 84
40460 211
40461 185
40462 133
40463 166
40464 155
40465 147
40466 202
40467 123
40468 151
40469 173
40470 174
40471 159
40472 149
40473 153
40474 172
40475 112
40476 486
40477 21
40478 233
40479 220
40480 127
40481 167
40482 82
40483 166
40484 51
40485 221
40486 23
40487 245
40488 113
40489 145
40490 155
40491 215
40492 258
40493 291
40494 26
40495 97
40496 122
40497 166
40498 228
40499 89
40500 189
40501 93
40502 219
40503 149
40504 156
40505 160
40506 86
40507 157
40508 165
40509 179
40510 152
40511 94
40512 229
40513 157
40514 123
40515 155
40516 81
40517 149
40518 168
40519 81
40520 88
40521 212
40522 202
40523 197
40524 150
40525 188
40526 103
40527 178
40528 120
40529 153
40530 144
40531 168
40532 205
40533 34
40534 165
40535 177
40536 126
40537 93
40538 101
40539 215
40540 153
40541 126
40542 164
40543 159
40544 59
40545 152
40546 128
40547 123
40548 67
40549 213
40550 86
40551 108
40552 127
40553 146
40554 165
40555 208
40556 274
40557 120
40558 154
40559 132
40560 121
40561 233
40562 199
40563 95
40564 132
40565 108
40566 170
40567 214
40568 221
40569 183
40570 180
40571 386
40572 169
40573 124
40574 128
40575 149
40576 101
40577 99
40578 136
40579 104
40580 118
40581 141
40582 92
40583 150
40584 147
40585 133
40586 209
40587 221
40588 167
40589 227
40590 190
40591 117
40592 163
40593 107
40594 80
40595 188
40596 65
40597 107
40598 226
40599 89
40600 116
40601 270
40602 205
40603 170
40604 104
40605 161
40606 268
40607 135
40608 193
40609 102
40610 179
40611 182
40612 141
40613 77
40614 103
40615 280
40616 92
40617 252
40618 87
40619 222
40620 188
40621 113
40622 234
40623 218
40624 529
40625 -21
40626 94
40627 158
40628 187
40629 77
40630 159
40631 76
40632 31
40633 82
40634 210
40635 239
40636 137
40637 150
40638 108
40639 192
40640 115
40641 221
40642 244
40643 206
40644 173
40645 98
40646 127
40647 300
40648 126
40649 228
40650 59
40651 176
40652 120
40653 60
40654 80
40655 160
40656 218
40657 163
40658 141
40659 147
40660 143
40661 189
40662 216
40663 175
40664 133
40665 189
40666 10
40667 123
40668 87
40669 70
40670 208
40671 124
40672 109
40673 182
40674 202
40675 359
40676 189
40677 141
40678 123
40679 117
40680 226
40681 102
40682 135
40683 143
40684 128
40685 56
40686 138
40687 118
40688 163
40689 86
40690 107
40691 40
40692 94
40693 121
40694 242
40695 91
40696 242
40697 145
40698 73
40699 214
40700 43
40701 158
40702 207
40703 173
40704 107
40705 105
40706 242
40707 134
40708 243
40709 161
40710 287
40711 131
40712 139
40713 327
40714 287
40715 145
40716 182
40717 230
40718 137
40719 175
40720 247
40721 135
40722 101
40723 158
40724 215
40725 231
40726 167
40727 80
40728 171
40729 67
40730 236
40731 211
40732 119
40733 145
40734 151
40735 204
40736 259
40737 313
40738 162
40739 393
40740 207
40741 149
40742 178
40743 215
40744 177
40745 156
40746 119
40747 117
40748 193
40749 242
40750 128
40751 201
40752 100
40753 94
40754 167
40755 163
40756 136
40757 53
40758 200
40759 214
40760 270
40761 286
40762 105
40763 105
40764 136
40765 181
40766 209
40767 212
40768 146
40769 81
40770 256
40771 184
40772 122
40773 382
40774 171
40775 137
40776 149
40777 370
40778 176
40779 280
40780 71
40781 115
40782 161
40783 225
40784 198
40785 64
40786 258
40787 399
40788 211
40789 204
40790 148
40791 127
40792 97
40793 224
40794 112
40795 448
40796 79
40797 107
40798 150
40799 87
40800 132
40801 99
40802 99
40803 242
40804 189
40805 135
40806 130
40807 114
40808 226
40809 138
40810 99
40811 162
40812 128
40813 169
40814 187
40815 244
40816 125
40817 149
40818 276
40819 99
40820 273
40821 -10
40822 142
40823 254
40824 118
40825 233
40826 137
40827 117
40828 235
40829 176
40830 291
40831 187
40832 197
40833 60
40834 78
40835 78
40836 339
40837 125
40838 91
40839 147
40840 178
40841 161
40842 182
40843 54
40844 105
40845 154
40846 126
40847 63
40848 111
40849 198
40850 113
40851 143
40852 270
40853 117
40854 182
40855 169
40856 165
40857 267
40858 115
40859 290
40860 136
40861 232
40862 153
40863 116
40864 59
40865 131
40866 181
40867 101
40868 212
40869 152
40870 242
40871 124
40872 87
40873 90
40874 163
40875 145
40876 280
40877 175
40878 113
40879 148
40880 350
40881 46
40882 163
40883 177
40884 57
40885 96
40886 347
40887 128
40888 165
40889 182
40890 111
40891 266
40892 99
40893 127
40894 214
40895 127
40896 124
40897 181
40898 197
40899 96
40900 197
40901 298
40902 187
40903 224
40904 114
40905 103
40906 177
40907 212
40908 77
40909 135
40910 135
40911 126
40912 22
40913 178
40914 76
40915 144
40916 144
40917 153
40918 137
40919 75
40920 202
40921 107
40922 152
40923 212
40924 118
40925 312
40926 183
40927 247
40928 173
40929 255
40930 230
40931 99
40932 193
40933 165
40934 259
40935 208
40936 162
40937 266
40938 59
40939 180
40940 236
40941 89
40942 73
40943 239
40944 157
40945 103
40946 93
40947 433
40948 190
40949 81
40950 187
40951 108
40952 149
40953 164
40954 70
40955 242
40956 90
40957 166
40958 167
40959 188
40960 287
40961 171
40962 270
40963 194
40964 213
40965 146
40966 122
40967 213
40968 75
40969 226
40970 117
40971 213
40972 179
40973 246
40974 229
40975 205
40976 154
40977 216
40978 197
40979 178
40980 151
40981 131
40982 204
40983 152
40984 130
40985 87
40986 132
40987 338
40988 119
40989 115
40990 230
40991 137
40992 121
40993 185
40994 98
40995 75
40996 151
40997 56
40998 126
40999 82
41000 75
41001 185
41002 266
41003 142
41004 81
41005 187
41006 110
41007 385
41008 73
41009 180
41010 157
41011 202
41012 217
41013 126
41014 64
41015 166
41016 150
41017 189
41018 87
41019 206
41020 107
41021 214
41022 173
41023 174
41024 109
41025 140
41026 46
41027 53
41028 40
41029 31
41030 160
41031 33
41032 239
41033 157
41034 130
41035 204
41036 76
41037 230
41038 179
41039 63
41040 225
41041 134
41042 179
41043 130
41044 358
41045 86
41046 138
41047 163
41048 139
41049 132
41050 185
41051 175
41052 87
41053 13
41054 137
41055 129
41056 141
41057 205
41058 87
41059 169
41060 171
41061 119
41062 105
41063 111
41064 51
41065 60
41066 188
41067 264
41068 148
41069 217
41070 131
41071 124
41072 252
41073 110
41074 18
41075 235
41076 159
41077 92
41078 253
41079 155
41080 73
41081 290
41082 312
41083 230
41084 306
41085 322
41086 107
41087 209
41088 268
41089 131
41090 159
41091 206
41092 236
41093 160
41094 272
41095 104
41096 230
41097 118
41098 130
41099 175
41100 175
41101 128
41102 77
41103 90
41104 144
41105 144
41106 118
41107 133
41108 159
41109 145
41110 188
41111 176
41112 216
41113 137
41114 156
41115 172
41116 119
41117 190
41118 145
41119 115
41120 91
41121 82
41122 111
41123 94
41124 137
41125 67
41126 228
41127 78
41128 110
41129 180
41130 213
41131 206
41132 63
41133 71
41134 213
41135 141
41136 113
41137 128
41138 150
41139 99
41140 123
41141 147
41142 147
41143 82
41144 140
41145 349
41146 227
41147 133
41148 139
41149 111
41150 155
41151 166
41152 153
41153 151
41154 174
41155 239
41156 211
41157 130
41158 166
41159 115
41160 269
41161 75
41162 121
41163 119
41164 129
41165 128
41166 226
41167 94
41168 93
41169 150
41170 250
41171 159
41172 124
41173 3
41174 165
41175 197
41176 100
41177 118
41178 86
41179 158
41180 339
41181 242
41182 145
41183 193
41184 251
41185 94
41186 270
41187 249
41188 135
41189 167
41190 193
41191 88
41192 119
41193 141
41194 198
41195 116
41196 214
41197 85
41198 142
41199 152
41200 198
41201 125
41202 73
41203 298
41204 94
41205 188
41206 220
41207 163
41208 211
41209 125
41210 114
41211 100
41212 153
41213 87
41214 111
41215 60
41216 132
41217 69
41218 97
41219 172
41220 127
41221 248
41222 72
41223 108
41224 59
41225 134
41226 119
41227 142
41228 125
41229 188
41230 234
41231 273
41232 148
41233 74
41234 182
41235 103
41236 329
41237 206
41238 73
41239 156
41240 84
41241 200
41242 91
41243 171
41244 366
41245 29
41246 407
41247 138
41248 79
41249 236
41250 128
41251 197
41252 133
41253 206
41254 70
41255 303
41256 190
41257 145
41258 238
41259 134
41260 195
41261 80
41262 66
41263 284
41264 110
41265 215
41266 195
41267 201
41268 71
41269 76
41270 222
41271 105
41272 297
41273 152
41274 147
41275 120
41276 90
41277 126
41278 120
41279 63
41280 93
41281 227
41282 109
41283 163
41284 176
41285 395
41286 233
41287 166
41288 38
41289 160
41290 87
41291 249
41292 20
41293 261
41294 139
41295 173
41296 109
41297 137
41298 219
41299 149
41300 311
41301 47
41302 145
41303 138
41304 99
41305 126
41306 283
41307 272
41308 169
41309 137
41310 172
41311 296
41312 161
41313 105
41314 133
41315 102
41316 172
41317 184
41318 160
41319 274
41320 170
41321 199
41322 342
41323 102
41324 28
41325 131
41326 166
41327 161
41328 162
41329 169
41330 208
41331 175
41332 127
41333 213
41334 127
41335 115
41336 117
41337 182
41338 355
41339 128
41340 165
41341 183
41342 112
41343 63
41344 148
41345 164
41346 168
41347 83
41348 141
41349 157
41350 140
41351 137
41352 127
41353 131
41354 214
41355 150
41356 200
41357 106
41358 201
41359 183
41360 101
41361 237
41362 174
41363 145
41364 120
41365 212
41366 286
41367 222
41368 84
41369 84
41370 112
41371 100
41372 152
41373 256
41374 108
41375 198
41376 199
41377 123
41378 234
41379 140
41380 143
41381 216
41382 127
41383 299
41384 166
41385 164
41386 119
41387 168
41388 370
41389 122
41390 105
41391 101
41392 102
41393 159
41394 118
41395 115
41396 246
41397 119
41398 145
41399 169
41400 133
41401 172
41402 159
41403 114
41404 136
41405 162
41406 152
41407 62
41408 129
41409 24
41410 131
41411 195
41412 237
41413 109
41414 151
41415 151
41416 140
41417 189
41418 107
41419 247
41420 120
41421 156
41422 106
41423 86
41424 233
41425 242
41426 93
41427 128
41428 184
41429 114
41430 249
41431 55
41432 101
41433 200
41434 195
41435 145
41436 185
41437 237
41438 183
41439 142
41440 46
41441 126
41442 98
41443 125
41444 126
41445 156
41446 332
41447 7
41448 206
41449 119
41450 111
41451 193
41452 141
41453 137
41454 176
41455 146
41456 154
41457 48
41458 130
41459 179
41460 250
41461 371
41462 234
41463 336
41464 116
41465 123
41466 356
41467 152
41468 260
41469 229
41470 188
41471 329
41472 199
41473 94
41474 209
41475 160
41476 75
41477 175
41478 63
41479 43
41480 288
41481 139
41482 191
41483 187
41484 74
41485 275
41486 108
41487 163
41488 230
41489 146
41490 248
41491 247
41492 273
41493 240
41494 164
41495 165
41496 115
41497 160
41498 164
41499 167
41500 129
41501 325
41502 98
41503 343
41504 160
41505 146
41506 225
41507 390
41508 403
41509 389
41510 89
41511 239
41512 190
41513 101
41514 189
41515 149
41516 222
41517 144
41518 134
41519 121
41520 69
41521 163
41522 211
41523 163
41524 86
41525 197
41526 192
41527 222
41528 101
41529 167
41530 169
41531 166
41532 294
41533 103
41534 122
41535 181
41536 26
41537 141
41538 145
41539 164
41540 135
41541 133
41542 162
41543 258
41544 205
41545 126
41546 131
41547 167
41548 93
41549 354
41550 122
41551 160
41552 173
41553 162
41554 316
41555 147
41556 143
41557 139
41558 415
41559 195
41560 188
41561 45
41562 118
41563 156
41564 173
41565 216
41566 145
41567 76
41568 314
41569 151
41570 156
41571 154
41572 139
41573 79
41574 202
41575 161
41576 190
41577 154
41578 110
41579 125
41580 179
41581 284
41582 189
41583 125
41584 317
41585 142
41586 388
41587 124
41588 158
41589 141
41590 119
41591 174
41592 84
41593 214
41594 138
41595 337
41596 190
41597 40
41598 109
41599 289
41600 79
41601 131
41602 102
41603 75
41604 115
41605 133
41606 445
41607 149
41608 113
41609 150
41610 104
41611 119
41612 106
41613 102
41614 72
41615 209
41616 185
41617 320
41618 127
41619 210
41620 53
41621 157
41622 131
41623 288
41624 240
41625 96
41626 134
41627 124
41628 293
41629 89
41630 75
41631 151
41632 189
41633 190
41634 143
41635 165
41636 184
41637 267
41638 132
41639 210
41640 94
41641 163
41642 143
41643 176
41644 98
41645 138
41646 315
41647 174
41648 272
41649 34
41650 124
41651 146
41652 280
41653 230
41654 138
41655 134
41656 133
41657 98
41658 126
41659 212
41660 67
41661 195
41662 49
41663 197
41664 152
41665 121
41666 112
41667 174
41668 69
41669 128
41670 35
41671 84
41672 140
41673 91
41674 310
41675 194
41676 188
41677 80
41678 161
41679 90
41680 190
41681 132
41682 417
41683 239
41684 160
41685 236
41686 176
41687 196
41688 169
41689 154
41690 125
41691 136
41692 202
41693 117
41694 112
41695 144
41696 190
41697 31
41698 120
41699 188
41700 360
41701 179
41702 109
41703 122
41704 103
41705 153
41706 118
41707 193
41708 77
41709 231
41710 87
41711 183
41712 10
41713 269
41714 199
41715 177
41716 253
41717 219
41718 145
41719 138
41720 186
41721 195
41722 121
41723 53
41724 210
41725 185
41726 266
41727 140
41728 175
41729 131
41730 270
41731 156
41732 249
41733 103
41734 134
41735 83
41736 189
41737 268
41738 113
41739 88
41740 124
41741 72
41742 217
41743 216
41744 49
41745 103
41746 162
41747 147
41748 135
41749 78
41750 188
41751 168
41752 181
41753 126
41754 179
41755 51
41756 89
41757 122
41758 164
41759 104
41760 133
41761 221
41762 232
41763 139
41764 161
41765 156
41766 198
41767 112
41768 204
41769 87
41770 107
41771 138
41772 171
41773 95
41774 128
41775 200
41776 198
41777 246
41778 138
41779 171
41780 54
41781 125
41782 133
41783 194
41784 76
41785 184
41786 172
41787 123
41788 146
41789 318
41790 444
41791 259
41792 168
41793 213
41794 80
41795 147
41796 108
41797 115
41798 232
41799 236
41800 129
41801 57
41802 125
41803 295
41804 256
41805 115
41806 164
41807 52
41808 164
41809 167
41810 131
41811 -9
41812 125
41813 248
41814 31
41815 141
41816 242
41817 199
41818 72
41819 102
41820 70
41821 137
41822 130
41823 151
41824 257
41825 55
41826 84
41827 143
41828 177
41829 151
41830 342
41831 133
41832 96
41833 287
41834 83
41835 102
41836 224
41837 62
41838 126
41839 100
41840 231
41841 136
41842 101
41843 125
41844 326
41845 205
41846 128
41847 16
41848 208
41849 146
41850 302
41851 190
41852 123
41853 230
41854 113
41855 74
41856 118
41857 180
41858 181
41859 153
41860 82
41861 138
41862 172
41863 214
41864 114
41865 162
41866 143
41867 153
41868 112
41869 147
41870 186
41871 100
41872 43
41873 154
41874 70
41875 122
41876 227
41877 323
41878 123
41879 262
41880 120
41881 202
41882 114
41883 178
41884 220
41885 254
41886 75
41887 76
41888 193
41889 150
41890 111
41891 156
41892 97
41893 156
41894 262
41895 121
41896 158
41897 290
41898 140
41899 76
41900 143
41901 104
41902 342
41903 131
41904 200
41905 109
41906 173
41907 71
41908 70
41909 94
41910 184
41911 152
41912 144
41913 162
41914 64
41915 194
41916 219
41917 201
41918 91
41919 181
41920 178
41921 116
41922 112
41923 216
41924 145
41925 155
41926 353
41927 265
41928 143
41929 233
41930 184
41931 164
41932 189
41933 224
41934 120
41935 131
41936 416
41937 80
41938 126
41939 157
41940 197
41941 67
41942 189
41943 112
41944 161
41945 284
41946 219
41947 111
41948 202
41949 134
41950 94
41951 210
41952 162
41953 214
41954 172
41955 90
41956 171
41957 327
41958 187
41959 178
41960 156
41961 158
41962 119
41963 197
41964 103
41965 205
41966 212
41967 195
41968 154
41969 249
41970 188
41971 63
41972 147
41973 146
41974 167
41975 156
41976 392
41977 162
41978 227
41979 184
41980 159
41981 160
41982 183
41983 153
41984 162
41985 151
41986 269
41987 79
41988 209
41989 93
41990 72
41991 173
41992 240
41993 81
41994 151
41995 118
41996 124
41997 104
41998 96
41999 121
42000 86
42001 181
42002 216
42003 88
42004 89
42005 75
42006 214
42007 99
42008 172
42009 256
42010 190
42011 434
42012 168
42013 126
42014 241
42015 241
42016 155
42017 77
42018 41
42019 78
42020 177
42021 117
42022 115
42023 192
42024 132
42025 100
42026 125
42027 164
42028 98
42029 324
42030 147
42031 132
42032 67
42033 117
42034 187
42035 182
42036 3
42037 209
42038 185
42039 199
42040 178
42041 271
42042 248
42043 115
42044 98
42045 128
42046 234
42047 122
42048 169
42049 79
42050 74
42051 153
42052 152
42053 274
42054 110
42055 154
42056 190
42057 224
42058 179
42059 55
42060 178
42061 219
42062 84
42063 151
42064 417
42065 304
42066 98
42067 124
42068 185
42069 201
42070 198
42071 137
42072 168
42073 31
42074 148
42075 117
42076 358
42077 135
42078 284
42079 184
42080 277
42081 135
42082 203
42083 123
42084 324
42085 178
42086 63
42087 156
42088 160
42089 183
42090 52
42091 72
42092 151
42093 145
42094 94
42095 221
42096 291
42097 161
42098 261
42099 206
42100 173
42101 142
42102 269
42103 239
42104 88
42105 100
42106 94
42107 118
42108 133
42109 140
42110 170
42111 188
42112 122
42113 104
42114 49
42115 82
42116 256
42117 127
42118 139
42119 196
42120 183
42121 261
42122 76
42123 125
42124 126
42125 347
42126 193
42127 138
42128 131
42129 135
42130 105
42131 159
42132 60
42133 155
42134 186
42135 51
42136 260
42137 161
42138 136
42139 82
42140 177
42141 83
42142 202
42143 108
42144 277
42145 176
42146 209
42147 147
42148 86
42149 100
42150 57
42151 174
42152 104
42153 333
42154 273
42155 211
42156 169
42157 119
42158 131
42159 227
42160 110
42161 87
42162 277
42163 98
42164 115
42165 167
42166 161
42167 185
42168 214
42169 111
42170 185
42171 113
42172 275
42173 117
42174 150
42175 149
42176 110
42177 163
42178 204
42179 189
42180 212
42181 208
42182 166
42183 182
42184 135
42185 150
42186 89
42187 208
42188 144
42189 125
42190 163
42191 90
42192 156
42193 228
42194 91
42195 191
42196 148
42197 168
42198 93
42199 128
42200 48
42201 282
42202 182
42203 60
42204 168
42205 155
42206 164
42207 380
42208 158
42209 192
42210 113
42211 179
42212 139
42213 218
42214 271
42215 235
42216 172
42217 199
42218 136
42219 157
42220 68
42221 157
42222 174
42223 99
42224 295
42225 128
42226 121
42227 165
42228 142
42229 162
42230 154
42231 138
42232 193
42233 97
42234 112
42235 191
42236 169
42237 150
42238 199
42239 155
42240 160
42241 100
42242 76
42243 100
42244 178
42245 225
42246 143
42247 124
42248 169
42249 147
42250 157
42251 66
42252 263
42253 68
42254 95
42255 194
42256 129
42257 128
42258 136
42259 183
42260 59
42261 137
42262 198
42263 271
42264 154
42265 121
42266 94
42267 150
42268 114
42269 226
42270 169
42271 139
42272 91
42273 94
42274 188
42275 232
42276 71
42277 162
42278 127
42279 164
42280 134
42281 111
42282 131
42283 246
42284 99
42285 212
42286 220
42287 147
42288 117
42289 138
42290 145
42291 242
42292 227
42293 162
42294 72
42295 175
42296 236
42297 111
42298 153
42299 134
42300 78
42301 108
42302 163
42303 128
42304 183
42305 299
42306 91
42307 258
42308 47
42309 73
42310 234
42311 170
42312 101
42313 222
42314 290
42315 220
42316 224
42317 145
42318 230
42319 117
42320 95
42321 121
42322 117
42323 186
42324 56
42325 274
42326 129
42327 256
42328 81
42329 154
42330 176
42331 133
42332 256
42333 166
42334 198
42335 138
42336 109
42337 146
42338 74
42339 227
42340 114
42341 231
42342 41
42343 193
42344 262
42345 177
42346 111
42347 83
42348 100
42349 118
42350 74
42351 168
42352 304
42353 148
42354 281
42355 284
42356 162
42357 119
42358 194
42359 191
42360 104
42361 172
42362 293
42363 150
42364 159
42365 119
42366 108
42367 244
42368 182
42369 267
42370 209
42371 178
42372 254
42373 143
42374 71
42375 74
42376 175
42377 154
42378 79
42379 168
42380 89
42381 158
42382 72
42383 146
42384 1
42385 126
42386 203
42387 85
42388 202
42389 83
42390 161
42391 288
42392 164
42393 181
42394 81
42395 225
42396 156
42397 121
42398 255
42399 158
42400 160
42401 112
42402 58
42403 165
42404 159
42405 138
42406 155
42407 149
42408 227
42409 109
42410 107
42411 84
42412 79
42413 177
42414 373
42415 90
42416 185
42417 180
42418 92
42419 163
42420 185
42421 80
42422 123
42423 92
42424 238
42425 211
42426 215
42427 108
42428 143
42429 335
42430 226
42431 183
42432 152
42433 232
42434 200
42435 125
42436 141
42437 172
42438 251
42439 129
42440 124
42441 17
42442 151
42443 105
42444 168
42445 115
42446 114
42447 95
42448 132
42449 382
42450 157
42451 188
42452 238
42453 216
42454 180
42455 168
42456 185
42457 116
42458 148
42459 117
42460 146
42461 102
42462 164
42463 187
42464 175
42465 243
42466 174
42467 162
42468 146
42469 192
42470 229
42471 202
42472 255
42473 172
42474 288
42475 156
42476 164
42477 199
42478 178
42479 89
42480 230
42481 204
42482 103
42483 135
42484 170
42485 154
42486 80
42487 146
42488 111
42489 102
42490 201
42491 201
42492 426
42493 89
42494 213
42495 169
42496 127
42497 143
42498 60
42499 117
42500 200
42501 186
42502 123
42503 387
42504 113
42505 258
42506 75
42507 151
42508 266
42509 85
42510 172
42511 138
42512 95
42513 152
42514 298
42515 97
42516 163
42517 216
42518 93
42519 183
42520 225
42521 116
42522 151
42523 142
42524 142
42525 166
42526 216
42527 184
42528 63
42529 283
42530 145
42531 205
42532 120
42533 95
42534 88
42535 316
42536 153
42537 381
42538 113
42539 195
42540 36
42541 78
42542 174
42543 217
42544 116
42545 86
42546 265
42547 173
42548 98
42549 185
42550 4
42551 138
42552 264
42553 30
42554 67
42555 91
42556 172
42557 134
42558 140
42559 109
42560 63
42561 149
42562 78
42563 158
42564 414
42565 193
42566 155
42567 143
42568 125
42569 125
42570 137
42571 107
42572 72
42573 98
42574 180
42575 89
42576 70
42577 203
42578 205
42579 129
42580 196
42581 294
42582 96
42583 222
42584 244
42585 160
42586 160
42587 218
42588 111
42589 243
42590 109
42591 165
42592 191
42593 64
42594 161
42595 120
42596 136
42597 158
42598 131
42599 174
42600 87
42601 119
42602 139
42603 159
42604 145
42605 121
42606 135
42607 47
42608 231
42609 133
42610 338
42611 188
42612 252
42613 156
42614 147
42615 123
42616 193
42617 100
42618 258
42619 183
42620 267
42621 60
42622 235
42623 99
42624 44
42625 134
42626 165
42627 183
42628 155
42629 97
42630 131
42631 346
42632 45
42633 205
42634 210
42635 95
42636 132
42637 94
42638 160
42639 181
42640 130
42641 109
42642 146
42643 150
42644 98
42645 226
42646 200
42647 87
42648 126
42649 136
42650 147
42651 103
42652 193
42653 86
42654 107
42655 145
42656 173
42657 162
42658 89
42659 149
42660 164
42661 147
42662 115
42663 72
42664 165
42665 37
42666 25
42667 90
42668 165
42669 28
42670 149
42671 163
42672 107
42673 204
42674 137
42675 159
42676 42
42677 191
42678 204
42679 110
42680 169
42681 49
42682 134
42683 129
42684 78
42685 234
42686 81
42687 171
42688 195
42689 115
42690 396
42691 187
42692 139
42693 176
42694 90
42695 74
42696 144
42697 150
42698 113
42699 216
42700 175
42701 76
42702 42
42703 182
42704 68
42705 102
42706 232
42707 277
42708 274
42709 183
42710 120
42711 71
42712 202
42713 114
42714 148
42715 207
42716 128
42717 212
42718 184
42719 162
42720 111
42721 123
42722 255
42723 128
42724 157
42725 146
42726 59
42727 205
42728 43
42729 162
42730 176
42731 127
42732 90
42733 58
42734 245
42735 204
42736 137
42737 68
42738 196
42739 139
42740 230
42741 190
42742 163
42743 186
42744 150
42745 150
42746 172
42747 129
42748 124
42749 189
42750 113
42751 44
42752 235
42753 154
42754 111
42755 151
42756 224
42757 116
42758 227
42759 229
42760 61
42761 199
42762 104
42763 122
42764 134
42765 143
42766 107
42767 168
42768 220
42769 172
42770 164
42771 144
42772 114
42773 144
42774 209
42775 171
42776 174
42777 77
42778 112
42779 172
42780 82
42781 177
42782 62
42783 171
42784 185
42785 264
42786 149
42787 126
42788 172
42789 88
42790 259
42791 187
42792 150
42793 238
42794 196
42795 67
42796 350
42797 147
42798 193
42799 218
42800 182
42801 250
42802 205
42803 137
42804 295
42805 212
42806 200
42807 90
42808 122
42809 79
42810 284
42811 92
42812 136
42813 185
42814 357
42815 146
42816 104
42817 126
42818 463
42819 42
42820 72
42821 199
42822 158
42823 159
42824 169
42825 394
42826 184
42827 204
42828 141
42829 73
42830 91
42831 188
42832 167
42833 70
42834 183
42835 162
42836 251
42837 76
42838 118
42839 272
42840 143
42841 216
42842 76
42843 241
42844 149
42845 213
42846 158
42847 250
42848 98
42849 231
42850 107
42851 164
42852 185
42853 243
42854 111
42855 288
42856 192
42857 153
42858 17
42859 164
42860 319
42861 233
42862 117
42863 106
42864 239
42865 70
42866 99
42867 185
42868 56
42869 150
42870 117
42871 148
42872 135
42873 127
42874 253
42875 120
42876 126
42877 88
42878 420
42879 255
42880 227
42881 163
42882 104
42883 117
42884 247
42885 128
42886 81
42887 168
42888 173
42889 195
42890 160
42891 203
42892 245
42893 88
42894 143
42895 219
42896 158
42897 72
42898 212
42899 175
42900 134
42901 65
42902 149
42903 263
42904 132
42905 128
42906 155
42907 138
42908 127
42909 182
42910 245
42911 492
42912 203
42913 210
42914 195
42915 169
42916 141
42917 101
42918 55
42919 115
42920 99
42921 279
42922 230
42923 84
42924 159
42925 245
42926 315
42927 198
42928 87
42929 97
42930 378
42931 160
42932 284
42933 198
42934 170
42935 237
42936 207
42937 155
42938 167
42939 269
42940 207
42941 76
42942 173
42943 216
42944 164
42945 156
42946 125
42947 88
42948 143
42949 192
42950 233
42951 93
42952 59
42953 208
42954 124
42955 144
42956 219
42957 82
42958 256
42959 122
42960 128
42961 141
42962 125
42963 165
42964 72
42965 291
42966 103
42967 241
42968 186
42969 143
42970 251
42971 41
42972 224
42973 119
42974 381
42975 106
42976 339
42977 124
42978 120
42979 148
42980 108
42981 137
42982 132
42983 44
42984 146
42985 140
42986 92
42987 174
42988 71
42989 145
42990 218
42991 220
42992 139
42993 120
42994 154
42995 328
42996 251
42997 142
42998 171
42999 199
43000 238
43001 64
43002 214
43003 339
43004 148
43005 149
43006 112
43007 114
43008 47
43009 109
43010 210
43011 111
43012 192
43013 299
43014 218
43015 114
43016 214
43017 162
43018 133
43019 127
43020 25
43021 229
43022 154
43023 227
43024 100
43025 63
43026 231
43027 190
43028 146
43029 69
43030 94
43031 117
43032 302
43033 133
43034 117
43035 82
43036 167
43037 161
43038 87
43039 233
43040 90
43041 207
43042 218
43043 57
43044 81
43045 201
43046 111
43047 141
43048 94
43049 96
43050 48
43051 177
43052 117
43053 77
43054 94
43055 128
43056 168
43057 107
43058 168
43059 132
43060 201
43061 107
43062 98
43063 96
43064 260
43065 168
43066 122
43067 163
43068 239
43069 99
43070 148
43071 125
43072 143
43073 97
43074 124
43075 116
43076 119
43077 191
43078 165
43079 105
43080 180
43081 145
43082 168
43083 137
43084 239
43085 137
43086 52
43087 99
43088 171
43089 122
43090 174
43091 160
43092 176
43093 155
43094 197
43095 141
43096 206
43097 165
43098 110
43099 175
43100 323
43101 179
43102 218
43103 99
43104 209
43105 113
43106 139
43107 159
43108 312
43109 131
43110 294
43111 123
43112 29
43113 148
43114 165
43115 71
43116 160
43117 98
43118 125
43119 184
43120 42
43121 68
43122 105
43123 246
43124 67
43125 186
43126 226
43127 151
43128 182
43129 137
43130 215
43131 184
43132 136
43133 109
43134 120
43135 121
43136 163
43137 93
43138 156
43139 167
43140 134
43141 249
43142 176
43143 276
43144 139
43145 198
43146 56
43147 127
43148 216
43149 128
43150 119
43151 205
43152 184
43153 185
43154 275
43155 219
43156 180
43157 157
43158 108
43159 183
43160 56
43161 142
43162 182
43163 76
43164 67
43165 220
43166 119
43167 138
43168 127
43169 298
43170 304
43171 250
43172 51
43173 169
43174 84
43175 237
43176 179
43177 129
43178 146
43179 177
43180 47
43181 163
43182 126
43183 104
43184 216
43185 319
43186 210
43187 253
43188 135
43189 160
43190 138
43191 149
43192 207
43193 130
43194 188
43195 162
43196 307
43197 193
43198 76
43199 137
43200 106
43201 109
43202 159
43203 92
43204 184
43205 275
43206 415
43207 88
43208 280
43209 256
43210 35
43211 264
43212 151
43213 159
43214 102
43215 143
43216 222
43217 100
43218 182
43219 224
43220 184
43221 174
43222 57
43223 141
43224 324
43225 66
43226 322
43227 66
43228 125
43229 173
43230 103
43231 168
43232 106
43233 169
43234 160
43235 95
43236 137
43237 168
43238 104
43239 111
43240 232
43241 168
43242 154
43243 112
43244 158
43245 121
43246 85
43247 202
43248 237
43249 183
43250 121
43251 133
43252 144
43253 70
43254 133
43255 253
43256 169
43257 129
43258 218
43259 157
43260 151
43261 194
43262 23
43263 98
43264 179
43265 218
43266 206
43267 154
43268 139
43269 108
43270 110
43271 86
43272 104
43273 149
43274 245
43275 151
43276 89
43277 253
43278 114
43279 162
43280 146
43281 306
43282 425
43283 55
43284 214
43285 175
43286 103
43287 167
43288 60
43289 254
43290 159
43291 318
43292 352
43293 243
43294 184
43295 58
43296 143
43297 172
43298 220
43299 40
43300 97
43301 247
43302 109
43303 126
43304 214
43305 152
43306 144
43307 100
43308 453
43309 105
43310 91
43311 103
43312 139
43313 167
43314 63
43315 121
43316 87
43317 167
43318 151
43319 111
43320 227
43321 203
43322 100
43323 122
43324 290
43325 171
43326 55
43327 61
43328 55
43329 195
43330 155
43331 85
43332 350
43333 135
43334 245
43335 142
43336 265
43337 136
43338 281
43339 102
43340 164
43341 121
43342 120
43343 454
43344 217
43345 99
43346 257
43347 182
43348 118
43349 81
43350 204
43351 207
43352 146
43353 224
43354 77
43355 161
43356 184
43357 180
43358 211
43359 204
43360 118
43361 128
43362 150
43363 144
43364 154
43365 134
43366 190
43367 122
43368 264
43369 119
43370 238
43371 113
43372 101
43373 99
43374 162
43375 117
43376 108
43377 125
43378 239
43379 123
43380 188
43381 218
43382 162
43383 62
43384 158
43385 110
43386 179
43387 170
43388 129
43389 119
43390 159
43391 103
43392 175
43393 125
43394 145
43395 54
43396 241
43397 104
43398 150
43399 200
43400 146
43401 217
43402 283
43403 91
43404 116
43405 117
43406 116
43407 95
43408 170
43409 151
43410 99
43411 163
43412 126
43413 144
43414 58
43415 146
43416 352
43417 208
43418 202
43419 76
43420 36
43421 122
43422 143
43423 150
43424 136
43425 203
43426 155
43427 140
43428 82
43429 141
43430 171
43431 164
43432 187
43433 193
43434 173
43435 167
43436 185
43437 59
43438 64
43439 189
43440 53
43441 222
43442 74
43443 145
43444 123
43445 113
43446 238
43447 297
43448 144
43449 172
43450 249
43451 165
43452 126
43453 183
43454 148
43455 97
43456 93
43457 224
43458 2
43459 279
43460 169
43461 133
43462 136
43463 195
43464 253
43465 174
43466 246
43467 30
43468 163
43469 142
43470 178
43471 156
43472 181
43473 110
43474 191
43475 268
43476 96
43477 337
43478 148
43479 145
43480 137
43481 151
43482 144
43483 211
43484 191
43485 140
43486 182
43487 63
43488 156
43489 114
43490 155
43491 164
43492 195
43493 96
43494 149
43495 278
43496 62
43497 186
43498 112
43499 103
43500 173
43501 136
43502 64
43503 118
43504 106
43505 186
43506 148
43507 133
43508 86
43509 167
43510 111
43511 313
43512 115
43513 114
43514 154
43515 217
43516 95
43517 145
43518 163
43519 79
43520 100
43521 211
43522 232
43523 180
43524 236
43525 197
43526 196
43527 177
43528 215
43529 222
43530 69
43531 103
43532 175
43533 202
43534 164
43535 270
43536 132
43537 96
43538 155
43539 97
43540 215
43541 51
43542 53
43543 184
43544 119
43545 232
43546 144
43547 115
43548 233
43549 123
43550 111
43551 84
43552 141
43553 108
43554 161
43555 134
43556 110
43557 185
43558 202
43559 224
43560 162
43561 354
43562 282
43563 204
43564 142
43565 105
43566 192
43567 369
43568 251
43569 260
43570 205
43571 81
43572 260
43573 139
43574 86
43575 80
43576 147
43577 149
43578 417
43579 182
43580 120
43581 135
43582 139
43583 114
43584 150
43585 212
43586 166
43587 118
43588 142
43589 280
43590 205
43591 85
43592 123
43593 146
43594 175
43595 129
43596 122
43597 144
43598 186
43599 105
43600 158
43601 25
43602 198
43603 145
43604 49
43605 207
43606 80
43607 386
43608 103
43609 167
43610 219
43611 111
43612 216
43613 193
43614 271
43615 167
43616 207
43617 156
43618 153
43619 194
43620 191
43621 115
43622 183
43623 119
43624 200
43625 214
43626 104
43627 96
43628 101
43629 70
43630 153
43631 109
43632 200
43633 232
43634 233
43635 60
43636 229
43637 296
43638 62
43639 244
43640 234
43641 192
43642 81
43643 136
43644 216
43645 170
43646 139
43647 122
43648 123
43649 114
43650 125
43651 145
43652 147
43653 115
43654 186
43655 159
43656 58
43657 84
43658 172
43659 245
43660 90
43661 103
43662 45
43663 31
43664 121
43665 89
43666 206
43667 168
43668 240
43669 142
43670 88
43671 188
43672 201
43673 94
43674 169
43675 185
43676 166
43677 179
43678 179
43679 5
43680 106
43681 206
43682 174
43683 398
43684 126
43685 90
43686 227
43687 126
43688 245
43689 132
43690 236
43691 353
43692 251
43693 130
43694 174
43695 59
43696 274
43697 284
43698 104
43699 142
43700 272
43701 208
43702 226
43703 87
43704 121
43705 117
43706 212
43707 292
43708 217
43709 100
43710 118
43711 145
43712 77
43713 234
43714 275
43715 242
43716 272
43717 119
43718 127
43719 137
43720 110
43721 151
43722 135
43723 184
43724 128
43725 115
43726 316
43727 72
43728 233
43729 178
43730 221
43731 212
43732 194
43733 96
43734 135
43735 237
43736 172
43737 191
43738 121
43739 104
43740 177
43741 176
43742 116
43743 251
43744 255
43745 186
43746 203
43747 95
43748 212
43749 130
43750 103
43751 123
43752 254
43753 322
43754 237
43755 96
43756 177
43757 76
43758 186
43759 111
43760 36
43761 227
43762 214
43763 147
43764 146
43765 160
43766 119
43767 357
43768 217
43769 124
43770 196
43771 241
43772 241
43773 331
43774 141
43775 101
43776 129
43777 110
43778 163
43779 151
43780 183
43781 295
43782 145
43783 104
43784 243
43785 239
43786 258
43787 185
43788 234
43789 241
43790 133
43791 197
43792 228
43793 158
43794 45
43795 171
43796 122
43797 53
43798 104
43799 96
43800 103
43801 173
43802 107
43803 119
43804 156
43805 122
43806 101
43807 186
43808 172
43809 160
43810 243
43811 82
43812 166
43813 119
43814 192
43815 241
43816 161
43817 63
43818 184
43819 346
43820 158
43821 136
43822 147
43823 203
43824 37
43825 208
43826 159
43827 375
43828 100
43829 88
43830 112
43831 347
43832 227
43833 126
43834 144
43835 45
43836 110
43837 188
43838 175
43839 142
43840 164
43841 107
43842 187
43843 100
43844 276
43845 88
43846 163
43847 202
43848 59
43849 178
43850 261
43851 123
43852 204
43853 240
43854 242
43855 188
43856 236
43857 167
43858 155
43859 225
43860 138
43861 211
43862 107
43863 103
43864 173
43865 235
43866 250
43867 198
43868 111
43869 18
43870 137
43871 165
43872 257
43873 99
43874 223
43875 226
43876 137
43877 107
43878 200
43879 195
43880 208
43881 259
43882 165
43883 191
43884 130
43885 146
43886 346
43887 196
43888 177
43889 124
43890 91
43891 142
43892 181
43893 157
43894 209
43895 131
43896 259
43897 134
43898 158
43899 223
43900 147
43901 291
43902 40
43903 155
43904 222
43905 121
43906 194
43907 144
43908 65
43909 149
43910 100
43911 176
43912 110
43913 127
43914 173
43915 97
43916 57
43917 145
43918 136
43919 210
43920 93
43921 198
43922 215
43923 45
43924 85
43925 195
43926 162
43927 94
43928 200
43929 147
43930 190
43931 166
43932 233
43933 211
43934 182
43935 155
43936 122
43937 166
43938 152
43939 194
43940 218
43941 50
43942 142
43943 65
43944 50
43945 138
43946 131
43947 89
43948 118
43949 205
43950 38
43951 117
43952 287
43953 183
43954 273
43955 247
43956 89
43957 222
43958 106
43959 128
43960 526
43961 83
43962 192
43963 120
43964 137
43965 315
43966 87
43967 148
43968 265
43969 112
43970 73
43971 238
43972 207
43973 87
43974 207
43975 142
43976 133
43977 96
43978 221
43979 140
43980 200
43981 95
43982 55
43983 204
43984 52
43985 73
43986 153
43987 218
43988 108
43989 226
43990 183
43991 164
43992 214
43993 191
43994 69
43995 168
43996 201
43997 386
43998 133
43999 205
44000 95
44001 132
44002 209
44003 112
44004 245
44005 309
44006 122
44007 111
44008 218
44009 134
44010 168
44011 185
44012 147
44013 175
44014 136
44015 144
44016 97
44017 213
44018 159
44019 135
44020 268
44021 223
44022 165
44023 200
44024 148
44025 82
44026 100
44027 165
44028 177
44029 154
44030 165
44031 184
44032 142
44033 176
44034 183
44035 159
44036 115
44037 247
44038 203
44039 327
44040 116
44041 90
44042 170
44043 162
44044 180
44045 110
44046 235
44047 157
44048 78
44049 162
44050 114
44051 79
44052 69
44053 224
44054 118
44055 245
44056 103
44057 125
44058 97
44059 141
44060 131
44061 33
44062 197
44063 267
44064 125
44065 218
44066 174
44067 139
44068 100
44069 162
44070 173
44071 103
44072 101
44073 177
44074 219
44075 89
44076 317
44077 337
44078 100
44079 282
44080 193
44081 227
44082 137
44083 105
44084 113
44085 247
44086 180
44087 61
44088 168
44089 176
44090 100
44091 117
44092 212
44093 146
44094 112
44095 105
44096 192
44097 153
44098 143
44099 117
44100 131
44101 254
44102 104
44103 95
44104 132
44105 213
44106 109
44107 129
44108 45
44109 174
44110 162
44111 166
44112 221
44113 124
44114 105
44115 136
44116 72
44117 132
44118 185
44119 206
44120 68
44121 60
44122 156
44123 205
44124 106
44125 273
44126 158
44127 125
44128 118
44129 158
44130 147
44131 125
44132 141
44133 219
44134 222
44135 147
44136 135
44137 166
44138 147
44139 251
44140 102
44141 133
44142 408
44143 43
44144 127
44145 195
44146 134
44147 185
44148 334
44149 141
44150 280
44151 187
44152 194
44153 47
44154 89
44155 208
44156 86
44157 161
44158 152
44159 197
44160 176
44161 77
44162 159
44163 206
44164 187
44165 207
44166 84
44167 270
44168 123
44169 179
44170 239
44171 218
44172 74
44173 114
44174 175
44175 116
44176 121
44177 78
44178 130
44179 101
44180 211
44181 170
44182 128
44183 109
44184 139
44185 156
44186 217
44187 137
44188 298
44189 128
44190 163
44191 277
44192 76
44193 63
44194 364
44195 200
44196 127
44197 112
44198 117
44199 152
44200 312
44201 87
44202 101
44203 161
44204 244
44205 151
44206 151
44207 134
44208 155
44209 158
44210 72
44211 150
44212 141
44213 31
44214 155
44215 169
44216 196
44217 131
44218 157
44219 75
44220 120
44221 205
44222 214
44223 78
44224 107
44225 393
44226 228
44227 167
44228 133
44229 212
44230 166
44231 247
44232 95
44233 321
44234 165
44235 127
44236 235
44237 144
44238 105
44239 431
44240 140
44241 115
44242 307
44243 154
44244 214
44245 168
44246 191
44247 52
44248 164
44249 120
44250 190
44251 92
44252 146
44253 140
44254 167
44255 186
44256 167
44257 13
44258 216
44259 112
44260 297
44261 146
44262 138
44263 111
44264 52
44265 105
44266 185
44267 109
44268 144
44269 -9
44270 126
44271 221
44272 58
44273 80
44274 156
44275 60
44276 101
44277 125
44278 103
44279 93
44280 255
44281 124
44282 111
44283 155
44284 168
44285 155
44286 164
44287 148
44288 293
44289 207
44290 142
44291 83
44292 168
44293 134
44294 264
44295 140
44296 81
44297 167
44298 199
44299 134
44300 328
44301 159
44302 224
44303 210
44304 112
44305 228
44306 150
44307 112
44308 256
44309 197
44310 141
44311 77
44312 168
44313 46
44314 145
44315 110
44316 84
44317 198
44318 157
44319 168
44320 142
44321 375
44322 133
44323 190
44324 76
44325 175
44326 246
44327 146
44328 194
44329 235
44330 300
44331 256
44332 123
44333 133
44334 126
44335 109
44336 76
44337 272
44338 105
44339 83
44340 411
44341 154
44342 159
44343 163
44344 220
44345 117
44346 125
44347 150
44348 135
44349 146
44350 294
44351 184
44352 137
44353 176
44354 191
44355 148
44356 87
44357 170
44358 187
44359 176
44360 174
44361 86
44362 60
44363 173
44364 102
44365 51
44366 12
44367 240
44368 41
44369 262
44370 45
44371 250
44372 295
44373 93
44374 198
44375 134
44376 297
44377 116
44378 269
44379 139
44380 113
44381 55
44382 153
44383 182
44384 246
44385 117
44386 62
44387 112
44388 268
44389 201
44390 123
44391 92
44392 134
44393 215
44394 83
44395 126
44396 95
44397 143
44398 95
44399 244
44400 215
44401 175
44402 201
44403 250
44404 156
44405 252
44406 81
44407 107
44408 112
44409 118
44410 125
44411 208
44412 151
44413 218
44414 92
44415 223
44416 46
44417 120
44418 111
44419 163
44420 65
44421 254
44422 0
44423 92
44424 86
44425 162
44426 189
44427 134
44428 96
44429 141
44430 111
44431 128
44432 193
44433 193
44434 185
44435 161
44436 86
44437 123
44438 237
44439 161
44440 70
44441 102
44442 44
44443 158
44444 190
44445 127
44446 88
44447 78
44448 104
44449 122
44450 57
44451 70
44452 70
44453 172
44454 81
44455 168
44456 229
44457 12
44458 44
44459 110
44460 183
44461 111
44462 75
44463 218
44464 169
44465 172
44466 234
44467 155
44468 273
44469 148
44470 225
44471 163
44472 191
44473 83
44474 119
44475 140
44476 244
44477 143
44478 130
44479 135
44480 155
44481 102
44482 -8
44483 224
44484 175
44485 78
44486 107
44487 233
44488 179
44489 145
44490 127
44491 145
44492 129
44493 174
44494 79
44495 225
44496 162
44497 64
44498 209
44499 86
44500 209
44501 134
44502 179
44503 146
44504 131
44505 175
44506 100
44507 98
44508 96
44509 173
44510 124
44511 113
44512 62
44513 31
44514 222
44515 100
44516 177
44517 93
44518 229
44519 191
44520 222
44521 172
44522 228
44523 122
44524 148
44525 150
44526 329
44527 35
44528 194
44529 123
44530 130
44531 205
44532 138
44533 112
44534 317
44535 115
44536 124
44537 217
44538 187
44539 116
44540 144
44541 273
44542 143
44543 67
44544 116
44545 104
44546 142
44547 211
44548 375
44549 236
44550 211
44551 83
44552 118
44553 136
44554 82
44555 126
44556 171
44557 82
44558 107
44559 160
44560 199
44561 132
44562 183
44563 144
44564 182
44565 231
44566 138
44567 150
44568 123
44569 186
44570 185
44571 205
44572 181
44573 180
44574 192
44575 176
44576 148
44577 101
44578 467
44579 157
44580 67
44581 144
44582 100
44583 95
44584 108
44585 126
44586 97
44587 193
44588 132
44589 159
44590 206
44591 170
44592 108
44593 155
44594 189
44595 265
44596 163
44597 170
44598 176
44599 166
44600 89
44601 218
44602 128
44603 120
44604 167
44605 239
44606 202
44607 72
44608 169
44609 58
44610 144
44611 118
44612 125
44613 359
44614 60
44615 156
44616 135
44617 155
44618 150
44619 236
44620 108
44621 202
44622 155
44623 117
44624 208
44625 55
44626 102
44627 173
44628 91
44629 114
44630 163
44631 120
44632 117
44633 251
44634 121
44635 83
44636 203
44637 165
44638 186
44639 142
44640 240
44641 91
44642 178
44643 131
44644 20
44645 96
44646 220
44647 153
44648 171
44649 74
44650 145
44651 201
44652 160
44653 143
44654 162
44655 119
44656 83
44657 155
44658 347
44659 165
44660 403
44661 170
44662 192
44663 118
44664 138
44665 363
44666 81
44667 376
44668 162
44669 171
44670 162
44671 179
44672 170
44673 175
44674 192
44675 233
44676 106
44677 127
44678 231
44679 87
44680 176
44681 193
44682 215
44683 151
44684 149
44685 118
44686 151
44687 99
44688 58
44689 118
44690 160
44691 198
44692 156
44693 209
44694 184
44695 -5
44696 173
44697 123
44698 151
44699 83
44700 208
44701 270
44702 76
44703 168
44704 64
44705 180
44706 257
44707 261
44708 205
44709 178
44710 310
44711 263
44712 101
44713 176
44714 212
44715 40
44716 179
44717 86
44718 121
44719 136
44720 263
44721 63
44722 22
44723 209
44724 199
44725 211
44726 104
44727 138
44728 104
44729 77
44730 74
44731 110
44732 137
44733 87
44734 133
44735 37
44736 74
44737 75
44738 285
44739 81
44740 81
44741 171
44742 141
44743 83
44744 146
44745 178
44746 183
44747 153
44748 106
44749 80
44750 125
44751 181
44752 156
44753 140
44754 63
44755 148
44756 113
44757 95
44758 92
44759 151
44760 132
44761 37
44762 211
44763 151
44764 96
44765 204
44766 158
44767 71
44768 142
44769 113
44770 46
44771 124
44772 262
44773 111
44774 150
44775 191
44776 96
44777 181
44778 143
44779 166
44780 150
44781 101
44782 119
44783 101
44784 173
44785 176
44786 165
44787 198
44788 215
44789 79
44790 248
44791 157
44792 233
44793 181
44794 182
44795 160
44796 259
44797 102
44798 138
44799 170
44800 167
44801 125
44802 261
44803 110
44804 140
44805 163
44806 123
44807 122
44808 154
44809 94
44810 126
44811 94
44812 113
44813 139
44814 223
44815 257
44816 128
44817 108
44818 142
44819 78
44820 193
44821 225
44822 162
44823 229
44824 152
44825 187
44826 140
44827 226
44828 53
44829 150
44830 104
44831 116
44832 161
44833 139
44834 137
44835 127
44836 94
44837 182
44838 27
44839 114
44840 237
44841 90
44842 256
44843 156
44844 225
44845 268
44846 100
44847 132
44848 69
44849 74
44850 92
44851 225
44852 150
44853 109
44854 131
44855 146
44856 297
44857 261
44858 203
44859 234
44860 149
44861 126
44862 89
44863 208
44864 66
44865 140
44866 78
44867 316
44868 112
44869 217
44870 110
44871 67
44872 50
44873 104
44874 198
44875 205
44876 145
44877 168
44878 230
44879 67
44880 88
44881 124
44882 184
44883 245
44884 39
44885 147
44886 197
44887 73
44888 380
44889 63
44890 176
44891 29
44892 117
44893 166
44894 156
44895 184
44896 233
44897 83
44898 235
44899 116
44900 63
44901 197
44902 108
44903 207
44904 87
44905 151
44906 100
44907 161
44908 145
44909 225
44910 135
44911 145
44912 181
44913 197
44914 165
44915 138
44916 140
44917 177
44918 385
44919 -4
44920 117
44921 93
44922 150
44923 42
44924 184
44925 216
44926 211
44927 131
44928 284
44929 87
44930 152
44931 135
44932 122
44933 77
44934 162
44935 255
44936 113
44937 187
44938 108
44939 89
44940 165
44941 98
44942 207
44943 178
44944 213
44945 107
44946 317
44947 199
44948 218
44949 131
44950 93
44951 154
44952 180
44953 161
44954 169
44955 76
44956 214
44957 160
44958 61
44959 140
44960 220
44961 196
44962 180
44963 148
44964 156
44965 243
44966 128
44967 88
44968 226
44969 144
44970 154
44971 179
44972 155
44973 106
44974 67
44975 94
44976 99
44977 119
44978 304
44979 238
44980 110
44981 159
44982 227
44983 87
44984 216
44985 107
44986 294
44987 174
44988 161
44989 172
44990 121
44991 169
44992 149
44993 130
44994 153
44995 120
44996 170
44997 121
44998 115
44999 66
45000 114
45001 244
45002 82
45003 119
45004 247
45005 203
45006 133
45007 157
45008 99
45009 180
45010 212
45011 184
45012 90
45013 113
45014 236
45015 160
45016 180
45017 153
45018 240
45019 219
45020 144
45021 146
45022 120
45023 48
45024 161
45025 284
45026 208
45027 63
45028 159
45029 357
45030 320
45031 164
45032 95
45033 240
45034 113
45035 131
45036 156
45037 54
45038 115
45039 152
45040 246
45041 179
45042 96
45043 98
45044 68
45045 111
45046 44
45047 136
45048 266
45049 108
45050 180
45051 140
45052 91
45053 91
45054 211
45055 74
45056 153
45057 157
45058 204
45059 214
45060 215
45061 241
45062 96
45063 407
45064 127
45065 283
45066 99
45067 183
45068 101
45069 310
45070 209
45071 156
45072 118
45073 230
45074 80
45075 58
45076 143
45077 191
45078 70
45079 109
45080 18
45081 191
45082 111
45083 122
45084 76
45085 163
45086 221
45087 135
45088 109
45089 229
45090 53
45091 166
45092 123
45093 177
45094 176
45095 109
45096 183
45097 192
45098 87
45099 123
45100 254
45101 200
45102 89
45103 153
45104 182
45105 243
45106 167
45107 217
45108 134
45109 177
45110 223
45111 62
45112 93
45113 168
45114 184
45115 97
45116 152
45117 307
45118 182
45119 111
45120 211
45121 176
45122 179
45123 66
45124 309
45125 126
45126 113
45127 107
45128 96
45129 163
45130 66
45131 87
45132 174
45133 93
45134 174
45135 175
45136 158
45137 107
45138 70
45139 119
45140 63
45141 208
45142 115
45143 198
45144 98
45145 233
45146 91
45147 149
45148 196
45149 81
45150 154
45151 196
45152 163
45153 145
45154 242
45155 93
45156 184
45157 233
45158 154
45159 224
45160 200
45161 65
45162 171
45163 65
45164 92
45165 135
45166 122
45167 197
45168 130
45169 147
45170 223
45171 238
45172 262
45173 184
45174 76
45175 133
45176 123
45177 204
45178 146
45179 169
45180 99
45181 163
45182 181
45183 108
45184 173
45185 133
45186 93
45187 91
45188 188
45189 79
45190 171
45191 241
45192 110
45193 76
45194 109
45195 130
45196 280
45197 63
45198 100
45199 178
45200 72
45201 173
45202 168
45203 183
45204 75
45205 137
45206 148
45207 178
45208 217
45209 224
45210 112
45211 228
45212 233
45213 190
45214 125
45215 51
45216 217
45217 43
45218 229
45219 294
45220 189
45221 114
45222 94
45223 319
45224 171
45225 127
45226 101
45227 125
45228 177
45229 140
45230 183
45231 222
45232 191
45233 284
45234 227
45235 119
45236 101
45237 117
45238 178
45239 187
45240 143
45241 228
45242 223
45243 186
45244 47
45245 181
45246 152
45247 131
45248 126
45249 58
45250 95
45251 164
45252 161
45253 88
45254 291
45255 13
45256 67
45257 165
45258 149
45259 218
45260 416
45261 120
45262 227
45263 164
45264 105
45265 106
45266 84
45267 103
45268 172
45269 112
45270 251
45271 82
45272 113
45273 114
45274 6
45275 114
45276 165
45277 190
45278 135
45279 173
45280 265
45281 223
45282 219
45283 335
45284 149
45285 124
45286 167
45287 195
45288 98
45289 106
45290 141
45291 128
45292 133
45293 109
45294 126
45295 112
45296 206
45297 112
45298 141
45299 99
45300 237
45301 90
45302 74
45303 225
45304 148
45305 83
45306 135
45307 132
45308 132
45309 153
45310 149
45311 194
45312 334
45313 96
45314 110
45315 226
45316 208
45317 164
45318 67
45319 136
45320 159
45321 225
45322 283
45323 103
45324 274
45325 175
45326 115
45327 107
45328 374
45329 212
45330 152
45331 129
45332 125
45333 182
45334 143
45335 22
45336 148
45337 182
45338 117
45339 72
45340 143
45341 57
45342 131
45343 137
45344 207
45345 152
45346 118
45347 110
45348 165
45349 198
45350 134
45351 257
45352 224
45353 165
45354 166
45355 174
45356 149
45357 120
45358 126
45359 147
45360 112
45361 100
45362 143
45363 214
45364 143
45365 172
45366 162
45367 77
45368 159
45369 123
45370 176
45371 114
45372 170
45373 238
45374 212
45375 176
45376 242
45377 120
45378 275
45379 230
45380 112
45381 107
45382 216
45383 167
45384 170
45385 40
45386 289
45387 162
45388 92
45389 116
45390 146
45391 170
45392 271
45393 146
45394 97
45395 192
45396 266
45397 96
45398 107
45399 166
45400 236
45401 226
45402 165
45403 213
45404 200
45405 182
45406 33
45407 101
45408 290
45409 112
45410 98
45411 93
45412 112
45413 101
45414 436
45415 97
45416 138
45417 116
45418 124
45419 370
45420 254
45421 258
45422 4
45423 180
45424 129
45425 309
45426 147
45427 376
45428 107
45429 129
45430 107
45431 87
45432 271
45433 168
45434 142
45435 148
45436 95
45437 138
45438 165
45439 200
45440 101
45441 151
45442 101
45443 147
45444 252
45445 285
45446 137
45447 113
45448 110
45449 183
45450 214
45451 87
45452 111
45453 92
45454 160
45455 205
45456 115
45457 201
45458 238
45459 126
45460 240
45461 168
45462 74
45463 210
45464 103
45465 103
45466 102
45467 82
45468 130
45469 142
45470 119
45471 75
45472 252
45473 238
45474 160
45475 47
45476 180
45477 125
45478 175
45479 207
45480 113
45481 200
45482 69
45483 242
45484 164
45485 320
45486 190
45487 96
45488 217
45489 105
45490 180
45491 85
45492 81
45493 124
45494 220
45495 260
45496 106
45497 215
45498 117
45499 164
45500 261
45501 171
45502 129
45503 114
45504 323
45505 118
45506 238
45507 109
45508 135
45509 129
45510 149
45511 98
45512 62
45513 232
45514 154
45515 122
45516 96
45517 182
45518 199
45519 160
45520 9
45521 140
45522 127
45523 103
45524 130
45525 84
45526 97
45527 252
45528 163
45529 126
45530 130
45531 152
45532 152
45533 48
45534 205
45535 141
45536 113
45537 119
45538 153
45539 129
45540 180
45541 174
45542 120
45543 116
45544 181
45545 161
45546 131
45547 185
45548 133
45549 148
45550 182
45551 93
45552 124
45553 122
45554 165
45555 41
45556 109
45557 108
45558 117
45559 195
45560 215
45561 225
45562 112
45563 203
45564 204
45565 104
45566 26
45567 155
45568 75
45569 69
45570 234
45571 188
45572 164
45573 165
45574 195
45575 99
45576 123
45577 64
45578 122
45579 26
45580 194
45581 172
45582 63
45583 93
45584 133
45585 55
45586 156
45587 111
45588 197
45589 180
45590 108
45591 208
45592 143
45593 178
45594 112
45595 227
45596 61
45597 99
45598 161
45599 184
45600 108
45601 443
45602 208
45603 44
45604 114
45605 96
45606 163
45607 118
45608 143
45609 163
45610 255
45611 130
45612 231
45613 186
45614 110
45615 91
45616 200
45617 87
45618 113
45619 170
45620 245
45621 134
45622 138
45623 442
45624 172
45625 100
45626 168
45627 243
45628 162
45629 175
45630 87
45631 144
45632 132
45633 117
45634 164
45635 141
45636 192
45637 118
45638 386
45639 202
45640 138
45641 453
45642 137
45643 210
45644 187
45645 109
45646 287
45647 123
45648 89
45649 112
45650 115
45651 14
45652 154
45653 263
45654 270
45655 197
45656 113
45657 282
45658 226
45659 171
45660 198
45661 222
45662 172
45663 121
45664 135
45665 140
45666 110
45667 193
45668 122
45669 188
45670 124
45671 156
45672 277
45673 95
45674 181
45675 70
45676 187
45677 141
45678 158
45679 238
45680 115
45681 96
45682 187
45683 191
45684 138
45685 147
45686 156
45687 75
45688 199
45689 121
45690 67
45691 84
45692 93
45693 150
45694 174
45695 240
45696 116
45697 140
45698 86
45699 148
45700 179
45701 157
45702 150
45703 181
45704 44
45705 126
45706 84
45707 209
45708 131
45709 198
45710 96
45711 159
45712 123
45713 79
45714 79
45715 147
45716 199
45717 104
45718 102
45719 134
45720 102
45721 50
45722 177
45723 123
45724 150
45725 132
45726 69
45727 213
45728 217
45729 241
45730 155
45731 113
45732 287
45733 181
45734 37
45735 139
45736 291
45737 147
45738 270
45739 136
45740 253
45741 104
45742 280
45743 56
45744 226
45745 350
45746 187
45747 258
45748 92
45749 124
45750 155
45751 130
45752 124
45753 32
45754 149
45755 167
45756 222
45757 140
45758 277
45759 169
45760 218
45761 149
45762 125
45763 163
45764 368
45765 87
45766 114
45767 165
45768 98
45769 127
45770 110
45771 125
45772 110
45773 87
45774 165
45775 133
45776 115
45777 108
45778 30
45779 177
45780 28
45781 153
45782 248
45783 45
45784 157
45785 160
45786 129
45787 199
45788 250
45789 120
45790 279
45791 250
45792 105
45793 258
45794 289
45795 110
45796 294
45797 173
45798 114
45799 200
45800 187
45801 249
45802 59
45803 111
45804 49
45805 221
45806 55
45807 146
45808 185
45809 168
45810 166
45811 60
45812 132
45813 148
45814 129
45815 165
45816 291
45817 306
45818 85
45819 195
45820 88
45821 122
45822 131
45823 80
45824 82
45825 137
45826 92
45827 119
45828 158
45829 180
45830 149
45831 88
45832 127
45833 125
45834 121
45835 89
45836 109
45837 170
45838 75
45839 250
45840 70
45841 156
45842 251
45843 72
45844 120
45845 289
45846 136
45847 106
45848 45
45849 423
45850 266
45851 239
45852 167
45853 106
45854 169
45855 169
45856 94
45857 128
45858 130
45859 79
45860 69
45861 201
45862 151
45863 95
45864 82
45865 123
45866 128
45867 84
45868 127
45869 139
45870 75
45871 86
45872 107
45873 165
45874 224
45875 182
45876 169
45877 120
45878 82
45879 131
45880 304
45881 175
45882 36
45883 205
45884 231
45885 194
45886 109
45887 180
45888 226
45889 113
45890 222
45891 125
45892 216
45893 141
45894 165
45895 152
45896 177
45897 129
45898 125
45899 306
45900 146
45901 142
45902 116
45903 179
45904 125
45905 136
45906 238
45907 94
45908 49
45909 129
45910 160
45911 51
45912 124
45913 166
45914 96
45915 103
45916 136
45917 220
45918 267
45919 209
45920 77
45921 181
45922 108
45923 27
45924 107
45925 115
45926 171
45927 334
45928 234
45929 92
45930 162
45931 73
45932 195
45933 170
45934 125
45935 133
45936 179
45937 160
45938 125
45939 83
45940 110
45941 54
45942 180
45943 131
45944 200
45945 160
45946 115
45947 155
45948 114
45949 135
45950 101
45951 343
45952 84
45953 168
45954 180
45955 122
45956 167
45957 106
45958 231
45959 220
45960 157
45961 116
45962 134
45963 133
45964 174
45965 86
45966 106
45967 154
45968 136
45969 115
45970 166
45971 161
45972 197
45973 229
45974 155
45975 237
45976 234
45977 142
45978 119
45979 116
45980 103
45981 90
45982 206
45983 132
45984 226
45985 100
45986 262
45987 85
45988 102
45989 203
45990 202
45991 166
45992 216
45993 150
45994 235
45995 195
45996 150
45997 79
45998 155
45999 100
46000 88
46001 118
46002 66
46003 108
46004 47
46005 192
46006 98
46007 109
46008 197
46009 91
46010 56
46011 150
46012 142
46013 239
46014 166
46015 93
46016 144
46017 162
46018 95
46019 227
46020 163
46021 112
46022 59
46023 162
46024 190
46025 34
46026 85
46027 124
46028 145
46029 96
46030 77
46031 80
46032 122
46033 86
46034 110
46035 202
46036 123
46037 187
46038 61
46039 203
46040 121
46041 116
46042 277
46043 83
46044 152
46045 119
46046 64
46047 151
46048 8
46049 139
46050 185
46051 150
46052 157
46053 153
46054 104
46055 143
46056 75
46057 132
46058 130
46059 144
46060 79
46061 184
46062 173
46063 171
46064 204
46065 145
46066 32
46067 92
46068 86
46069 97
46070 202
46071 36
46072 168
46073 209
46074 142
46075 131
46076 99
46077 194
46078 392
46079 102
46080 79
46081 101
46082 179
46083 216
46084 216
46085 135
46086 133
46087 79
46088 231
46089 145
46090 167
46091 217
46092 100
46093 147
46094 99
46095 203
46096 60
46097 124
46098 251
46099 108
46100 86
46101 161
46102 130
46103 82
46104 171
46105 174
46106 113
46107 396
46108 162
46109 96
46110 255
46111 140
46112 128
46113 202
46114 348
46115 139
46116 131
46117 142
46118 117
46119 166
46120 111
46121 66
46122 127
46123 132
46124 81
46125 69
46126 76
46127 242
46128 121
46129 162
46130 123
46131 202
46132 107
46133 275
46134 261
46135 117
46136 175
46137 225
46138 221
46139 234
46140 165
46141 166
46142 172
46143 115
46144 135
46145 176
46146 48
46147 145
46148 134
46149 99
46150 167
46151 120
46152 154
46153 158
46154 178
46155 229
46156 347
46157 130
46158 78
46159 279
46160 268
46161 148
46162 118
46163 94
46164 182
46165 476
46166 142
46167 100
46168 255
46169 215
46170 201
46171 262
46172 81
46173 209
46174 111
46175 159
46176 169
46177 169
46178 68
46179 126
46180 107
46181 128
46182 401
46183 133
46184 89
46185 80
46186 153
46187 173
46188 41
46189 381
46190 116
46191 106
46192 158
46193 111
46194 12
46195 142
46196 210
46197 160
46198 287
46199 168
46200 39
46201 169
46202 173
46203 126
46204 160
46205 231
46206 275
46207 154
46208 60
46209 63
46210 113
46211 109
46212 115
46213 121
46214 238
46215 184
46216 254
46217 171
46218 149
46219 185
46220 200
46221 134
46222 171
46223 193
46224 70
46225 156
46226 160
46227 181
46228 168
46229 107
46230 140
46231 189
46232 150
46233 65
46234 112
46235 106
46236 106
46237 123
46238 103
46239 222
46240 64
46241 125
46242 110
46243 209
46244 134
46245 103
46246 134
46247 6
46248 180
46249 148
46250 118
46251 150
46252 84
46253 209
46254 126
46255 154
46256 37
46257 127
46258 135
46259 113
46260 113
46261 138
46262 155
46263 110
46264 232
46265 70
46266 92
46267 204
46268 199
46269 153
46270 65
46271 110
46272 167
46273 212
46274 220
46275 142
46276 208
46277 79
46278 283
46279 221
46280 146
46281 136
46282 97
46283 161
46284 53
46285 304
46286 86
46287 142
46288 162
46289 156
46290 217
46291 179
46292 245
46293 298
46294 226
46295 157
46296 210
46297 76
46298 34
46299 278
46300 192
46301 60
46302 99
46303 264
46304 132
46305 254
46306 118
46307 31
46308 167
46309 82
46310 150
46311 152
46312 90
46313 113
46314 198
46315 216
46316 91
46317 14
46318 312
46319 115
46320 128
46321 92
46322 112
46323 115
46324 150
46325 90
46326 142
46327 134
46328 325
46329 54
46330 190
46331 280
46332 51
46333 176
46334 116
46335 109
46336 120
46337 284
46338 180
46339 120
46340 240
46341 72
46342 272
46343 92
46344 119
46345 61
46346 234
46347 279
46348 132
46349 105
46350 211
46351 206
46352 298
46353 58
46354 274
46355 173
46356 80
46357 99
46358 232
46359 181
46360 137
46361 214
46362 171
46363 202
46364 137
46365 95
46366 229
46367 142
46368 81
46369 213
46370 109
46371 128
46372 117
46373 135
46374 167
46375 139
46376 125
46377 108
46378 153
46379 104
46380 208
46381 179
46382 149
46383 113
46384 57
46385 77
46386 199
46387 178
46388 184
46389 151
46390 115
46391 109
46392 152
46393 102
46394 83
46395 200
46396 86
46397 114
46398 112
46399 168
46400 135
46401 93
46402 37
46403 169
46404 217
46405 189
46406 118
46407 192
46408 67
46409 149
46410 216
46411 81
46412 129
46413 191
46414 188
46415 175
46416 114
46417 164
46418 295
46419 147
46420 96
46421 161
46422 323
46423 16
46424 75
46425 285
46426 162
46427 138
46428 144
46429 373
46430 90
46431 138
46432 175
46433 22
46434 105
46435 107
46436 298
46437 101
46438 233
46439 158
46440 160
46441 116
46442 227
46443 124
46444 152
46445 350
46446 212
46447 245
46448 235
46449 191
46450 33
46451 104
46452 178
46453 91
46454 164
46455 72
46456 142
46457 104
46458 145
46459 179
46460 124
46461 80
46462 155
46463 122
46464 139
46465 226
46466 63
46467 108
46468 119
46469 124
46470 188
46471 171
46472 31
46473 193
46474 78
46475 175
46476 125
46477 210
46478 151
46479 224
46480 226
46481 288
46482 309
46483 159
46484 155
46485 224
46486 168
46487 218
46488 114
46489 34
46490 253
46491 291
46492 116
46493 148
46494 219
46495 104
46496 149
46497 207
46498 164
46499 161
46500 156
46501 127
46502 80
46503 138
46504 136
46505 46
46506 161
46507 176
46508 224
46509 139
46510 156
46511 127
46512 83
46513 217
46514 78
46515 85
46516 89
46517 393
46518 146
46519 94
46520 260
46521 109
46522 116
46523 52
46524 137
46525 165
46526 215
46527 132
46528 41
46529 267
46530 56
46531 84
46532 227
46533 29
46534 136
46535 82
46536 106
46537 265
46538 143
46539 262
46540 57
46541 402
46542 188
46543 218
46544 164
46545 113
46546 130
46547 140
46548 201
46549 202
46550 214
46551 228
46552 114
46553 276
46554 176
46555 119
46556 116
46557 347
46558 128
46559 154
46560 175
46561 89
46562 128
46563 16
46564 79
46565 75
46566 11
46567 101
46568 116
46569 143
46570 152
46571 70
46572 154
46573 138
46574 67
46575 74
46576 196
46577 178
46578 51
46579 154
46580 157
46581 132
46582 134
46583 76
46584 137
46585 120
46586 201
46587 283
46588 95
46589 113
46590 286
46591 82
46592 220
46593 82
46594 281
46595 26
46596 255
46597 184
46598 315
46599 185
46600 235
46601 306
46602 281
46603 253
46604 151
46605 170
46606 138
46607 63
46608 149
46609 82
46610 235
46611 120
46612 128
46613 173
46614 52
46615 113
46616 125
46617 188
46618 57
46619 180
46620 105
46621 142
46622 186
46623 120
46624 166
46625 143
46626 212
46627 169
46628 120
46629 149
46630 125
46631 131
46632 103
46633 15
46634 169
46635 234
46636 78
46637 90
46638 214
46639 159
46640 137
46641 165
46642 139
46643 189
46644 195
46645 215
46646 69
46647 158
46648 169
46649 165
46650 272
46651 194
46652 100
46653 60
46654 43
46655 124
46656 110
46657 212
46658 254
46659 145
46660 260
46661 130
46662 285
46663 48
46664 178
46665 138
46666 51
46667 74
46668 303
46669 136
46670 140
46671 169
46672 51
46673 151
46674 139
46675 68
46676 141
46677 325
46678 151
46679 43
46680 132
46681 163
46682 119
46683 199
46684 45
46685 128
46686 168
46687 98
46688 203
46689 232
46690 51
46691 214
46692 136
46693 138
46694 164
46695 77
46696 162
46697 77
46698 96
46699 117
46700 175
46701 84
46702 243
46703 91
46704 143
46705 129
46706 146
46707 27
46708 124
46709 106
46710 238
46711 187
46712 265
46713 88
46714 136
46715 119
46716 133
46717 144
46718 106
46719 275
46720 156
46721 113
46722 157
46723 192
46724 155
46725 159
46726 16
46727 128
46728 93
46729 159
46730 171
46731 159
46732 292
46733 241
46734 184
46735 149
46736 118
46737 135
46738 17
46739 384
46740 120
46741 149
46742 203
46743 132
46744 187
46745 147
46746 101
46747 83
46748 90
46749 78
46750 133
46751 162
46752 65
46753 128
46754 171
46755 120
46756 117
46757 177
46758 84
46759 197
46760 116
46761 169
46762 172
46763 108
46764 80
46765 138
46766 144
46767 105
46768 186
46769 247
46770 129
46771 205
46772 124
46773 199
46774 239
46775 203
46776 91
46777 172
46778 245
46779 144
46780 147
46781 113
46782 111
46783 115
46784 139
46785 95
46786 233
46787 126
46788 241
46789 123
46790 185
46791 73
46792 166
46793 189
46794 86
46795 74
46796 117
46797 170
46798 209
46799 98
46800 89
46801 67
46802 92
46803 164
46804 295
46805 161
46806 122
46807 122
46808 160
46809 274
46810 256
46811 99
46812 212
46813 89
46814 125
46815 96
46816 149
46817 70
46818 196
46819 44
46820 150
46821 162
46822 187
46823 164
46824 124
46825 250
46826 177
46827 118
46828 221
46829 139
46830 109
46831 141
46832 164
46833 124
46834 252
46835 192
46836 62
46837 99
46838 146
46839 228
46840 163
46841 178
46842 210
46843 108
46844 231
46845 154
46846 138
46847 153
46848 285
46849 156
46850 192
46851 149
46852 324
46853 186
46854 69
46855 198
46856 150
46857 134
46858 152
46859 40
46860 198
46861 149
46862 148
46863 93
46864 122
46865 114
46866 152
46867 97
46868 95
46869 152
46870 150
46871 102
46872 379
46873 88
46874 53
46875 142
46876 75
46877 73
46878 348
46879 104
46880 262
46881 103
46882 103
46883 186
46884 221
46885 153
46886 130
46887 136
46888 139
46889 238
46890 82
46891 90
46892 194
46893 38
46894 385
46895 230
46896 152
46897 132
46898 45
46899 138
46900 152
46901 113
46902 202
46903 129
46904 120
46905 149
46906 245
46907 232
46908 179
46909 146
46910 125
46911 65
46912 99
46913 222
46914 239
46915 126
46916 187
46917 116
46918 324
46919 141
46920 151
46921 25
46922 93
46923 125
46924 159
46925 132
46926 107
46927 152
46928 127
46929 169
46930 108
46931 63
46932 91
46933 138
46934 77
46935 171
46936 185
46937 56
46938 162
46939 98
46940 122
46941 233
46942 194
46943 253
46944 285
46945 38
46946 108
46947 68
46948 202
46949 156
46950 331
46951 172
46952 104
46953 88
46954 110
46955 18
46956 150
46957 190
46958 128
46959 163
46960 47
46961 241
46962 81
46963 238
46964 153
46965 235
46966 167
46967 136
46968 200
46969 139
46970 98
46971 67
46972 124
46973 211
46974 310
46975 116
46976 146
46977 228
46978 88
46979 134
46980 105
46981 145
46982 69
46983 139
46984 185
46985 122
46986 107
46987 193
46988 194
46989 82
46990 112
46991 141
46992 161
46993 255
46994 92
46995 70
46996 118
46997 117
46998 147
46999 151
47000 164
47001 124
47002 243
47003 181
47004 200
47005 119
47006 133
47007 271
47008 201
47009 170
47010 76
47011 160
47012 113
47013 164
47014 122
47015 144
47016 103
47017 181
47018 148
47019 197
47020 148
47021 280
47022 182
47023 28
47024 220
47025 180
47026 185
47027 115
47028 166
47029 140
47030 203
47031 154
47032 158
47033 178
47034 142
47035 265
47036 -19
47037 298
47038 174
47039 126
47040 50
47041 54
47042 161
47043 96
47044 116
47045 168
47046 159
47047 64
47048 310
47049 115
47050 111
47051 221
47052 175
47053 175
47054 257
47055 106
47056 265
47057 318
47058 331
47059 96
47060 177
47061 146
47062 107
47063 136
47064 95
47065 156
47066 168
47067 239
47068 126
47069 186
47070 211
47071 58
47072 107
47073 115
47074 111
47075 269
47076 119
47077 233
47078 133
47079 128
47080 139
47081 195
47082 158
47083 344
47084 92
47085 90
47086 157
47087 248
47088 150
47089 133
47090 115
47091 131
47092 90
47093 156
47094 199
47095 119
47096 106
47097 154
47098 189
47099 191
47100 131
47101 128
47102 125
47103 138
47104 113
47105 149
47106 220
47107 167
47108 144
47109 221
47110 209
47111 171
47112 277
47113 143
47114 255
47115 147
47116 127
47117 171
47118 83
47119 171
47120 152
47121 94
47122 133
47123 207
47124 182
47125 166
47126 126
47127 133
47128 210
47129 11
47130 172
47131 234
47132 177
47133 168
47134 88
47135 119
47136 155
47137 142
47138 144
47139 85
47140 144
47141 148
47142 135
47143 106
47144 378
47145 84
47146 167
47147 61
47148 53
47149 209
47150 163
47151 242
47152 129
47153 91
47154 119
47155 138
47156 101
47157 77
47158 74
47159 93
47160 79
47161 162
47162 201
47163 110
47164 169
47165 155
47166 90
47167 94
47168 176
47169 155
47170 179
47171 164
47172 113
47173 129
47174 157
47175 199
47176 110
47177 132
47178 99
47179 115
47180 344
47181 242
47182 36
47183 56
47184 88
47185 152
47186 100
47187 235
47188 114
47189 130
47190 127
47191 103
47192 67
47193 149
47194 143
47195 111
47196 230
47197 195
47198 150
47199 188
47200 45
47201 53
47202 120
47203 180
47204 105
47205 146
47206 188
47207 186
47208 128
47209 240
47210 99
47211 100
47212 191
47213 336
47214 104
47215 122
47216 58
47217 63
47218 134
47219 125
47220 221
47221 23
47222 82
47223 84
47224 93
47225 303
47226 225
47227 26
47228 187
47229 161
47230 127
47231 42
47232 269
47233 197
47234 194
47235 128
47236 201
47237 108
47238 116
47239 284
47240 83
47241 221
47242 145
47243 206
47244 238
47245 120
47246 92
47247 128
47248 64
47249 99
47250 116
47251 84
47252 115
47253 148
47254 199
47255 159
47256 241
47257 30
47258 197
47259 147
47260 117
47261 189
47262 90
47263 128
47264 235
47265 125
47266 152
47267 108
47268 284
47269 208
47270 118
47271 159
47272 122
47273 102
47274 136
47275 118
47276 159
47277 165
47278 291
47279 140
47280 253
47281 211
47282 151
47283 228
47284 215
47285 222
47286 82
47287 164
47288 71
47289 155
47290 188
47291 228
47292 168
47293 150
47294 202
47295 98
47296 94
47297 94
47298 113
47299 263
47300 98
47301 217
47302 82
47303 296
47304 351
47305 -14
47306 193
47307 137
47308 112
47309 40
47310 226
47311 283
47312 153
47313 25
47314 203
47315 94
47316 24
47317 85
47318 171
47319 398
47320 91
47321 153
47322 181
47323 112
47324 157
47325 176
47326 128
47327 91
47328 215
47329 184
47330 337
47331 100
47332 188
47333 85
47334 219
47335 109
47336 137
47337 156
47338 102
47339 91
47340 169
47341 106
47342 236
47343 396
47344 366
47345 117
47346 113
47347 147
47348 126
47349 91
47350 274
47351 191
47352 194
47353 372
47354 264
47355 128
47356 160
47357 114
47358 130
47359 112
47360 59
47361 229
47362 209
47363 103
47364 142
47365 64
47366 195
47367 143
47368 108
47369 174
47370 171
47371 188
47372 129
47373 136
47374 12
47375 222
47376 162
47377 326
47378 140
47379 191
47380 304
47381 235
47382 80
47383 217
47384 119
47385 227
47386 481
47387 95
47388 51
47389 205
47390 174
47391 221
47392 254
47393 99
47394 154
47395 189
47396 160
47397 179
47398 219
47399 123
47400 126
47401 200
47402 133
47403 129
47404 166
47405 70
47406 151
47407 84
47408 142
47409 79
47410 127
47411 140
47412 56
47413 193
47414 145
47415 156
47416 227
47417 162
47418 74
47419 50
47420 155
47421 120
47422 55
47423 26
47424 89
47425 103
47426 56
47427 101
47428 98
47429 188
47430 214
47431 128
47432 183
47433 178
47434 148
47435 118
47436 327
47437 302
47438 109
47439 238
47440 142
47441 24
47442 127
47443 56
47444 148
47445 224
47446 238
47447 141
47448 108
47449 254
47450 147
47451 99
47452 274
47453 132
47454 117
47455 181
47456 78
47457 72
47458 137
47459 86
47460 165
47461 135
47462 226
47463 96
47464 68
47465 122
47466 157
47467 132
47468 96
47469 100
47470 138
47471 210
47472 184
47473 260
47474 184
47475 79
47476 42
47477 180
47478 152
47479 87
47480 138
47481 57
47482 37
47483 122
47484 145
47485 118
47486 209
47487 177
47488 105
47489 185
47490 105
47491 158
47492 93
47493 210
47494 283
47495 85
47496 121
47497 69
47498 194
47499 115
47500 170
47501 155
47502 121
47503 267
47504 261
47505 89
47506 136
47507 252
47508 390
47509 197
47510 88
47511 171
47512 140
47513 224
47514 62
47515 122
47516 239
47517 270
47518 131
47519 161
47520 177
47521 198
47522 168
47523 215
47524 71
47525 91
47526 203
47527 39
47528 157
47529 91
47530 169
47531 134
47532 85
47533 299
47534 98
47535 175
47536 267
47537 104
47538 169
47539 353
47540 71
47541 96
47542 103
47543 64
47544 140
47545 250
47546 227
47547 107
47548 154
47549 127
47550 157
47551 123
47552 201
47553 204
47554 152
47555 276
47556 246
47557 180
47558 118
47559 190
47560 42
47561 182
47562 189
47563 202
47564 173
47565 124
47566 140
47567 133
47568 83
47569 113
47570 105
47571 179
47572 113
47573 199
47574 109
47575 154
47576 227
47577 51
47578 276
47579 170
47580 118
47581 121
47582 86
47583 249
47584 115
47585 155
47586 162
47587 129
47588 120
47589 393
47590 78
47591 209
47592 134
47593 276
47594 175
47595 94
47596 308
47597 137
47598 163
47599 261
47600 267
47601 195
47602 79
47603 162
47604 50
47605 129
47606 147
47607 204
47608 126
47609 227
47610 176
47611 200
47612 96
47613 135
47614 127
47615 165
47616 105
47617 220
47618 479
47619 112
47620 52
47621 217
47622 214
47623 67
47624 162
47625 119
47626 328
47627 185
47628 168
47629 243
47630 243
47631 96
47632 85
47633 215
47634 181
47635 42
47636 211
47637 127
47638 248
47639 257
47640 174
47641 183
47642 103
47643 158
47644 232
47645 125
47646 67
47647 97
47648 207
47649 71
47650 92
47651 130
47652 110
47653 294
47654 176
47655 212
47656 139
47657 137
47658 177
47659 206
47660 59
47661 129
47662 132
47663 218
47664 168
47665 113
47666 122
47667 213
47668 261
47669 193
47670 262
47671 143
47672 146
47673 92
47674 137
47675 116
47676 227
47677 246
47678 106
47679 178
47680 152
47681 77
47682 118
47683 173
47684 114
47685 276
47686 208
47687 264
47688 221
47689 203
47690 165
47691 111
47692 138
47693 85
47694 145
47695 67
47696 229
47697 91
47698 234
47699 239
47700 183
47701 78
47702 144
47703 155
47704 233
47705 189
47706 148
47707 79
47708 59
47709 195
47710 300
47711 135
47712 150
47713 135
47714 151
47715 161
47716 104
47717 166
47718 157
47719 162
47720 136
47721 185
47722 119
47723 60
47724 239
47725 134
47726 120
47727 151
47728 216
47729 135
47730 89
47731 71
47732 55
47733 184
47734 244
47735 144
47736 177
47737 115
47738 177
47739 130
47740 123
47741 147
47742 204
47743 257
47744 116
47745 100
47746 44
47747 181
47748 319
47749 125
47750 142
47751 148
47752 164
47753 182
47754 203
47755 93
47756 192
47757 138
47758 180
47759 128
47760 132
47761 145
47762 95
47763 209
47764 135
47765 201
47766 173
47767 67
47768 289
47769 113
47770 105
47771 174
47772 90
47773 201
47774 367
47775 276
47776 169
47777 244
47778 137
47779 121
47780 115
47781 214
47782 217
47783 302
47784 120
47785 14
47786 60
47787 65
47788 142
47789 137
47790 39
47791 129
47792 170
47793 114
47794 110
47795 138
47796 194
47797 76
47798 31
47799 309
47800 77
47801 162
47802 121
47803 29
47804 64
47805 160
47806 194
47807 189
47808 101
47809 168
47810 127
47811 123
47812 142
47813 199
47814 131
47815 348
47816 203
47817 146
47818 146
47819 141
47820 173
47821 233
47822 133
47823 152
47824 190
47825 190
47826 147
47827 167
47828 187
47829 65
47830 146
47831 233
47832 128
47833 315
47834 115
47835 219
47836 187
47837 124
47838 247
47839 191
47840 295
47841 66
47842 158
47843 201
47844 192
47845 161
47846 154
47847 235
47848 283
47849 178
47850 169
47851 235
47852 144
47853 75
47854 143
47855 119
47856 136
47857 153
47858 47
47859 164
47860 99
47861 102
47862 60
47863 156
47864 73
47865 109
47866 140
47867 147
47868 124
47869 121
47870 123
47871 56
47872 208
47873 357
47874 154
47875 98
47876 214
47877 120
47878 127
47879 107
47880 131
47881 82
47882 163
47883 28
47884 163
47885 116
47886 124
47887 98
47888 183
47889 146
47890 82
47891 211
47892 196
47893 146
47894 28
47895 175
47896 162
47897 109
47898 86
47899 122
47900 291
47901 91
47902 123
47903 90
47904 187
47905 142
47906 174
47907 49
47908 168
47909 89
47910 169
47911 176
47912 75
47913 185
47914 245
47915 77
47916 230
47917 201
47918 437
47919 170
47920 148
47921 87
47922 206
47923 157
47924 177
47925 158
47926 124
47927 111
47928 216
47929 237
47930 123
47931 121
47932 94
47933 160
47934 162
47935 196
47936 157
47937 176
47938 125
47939 145
47940 158
47941 126
47942 181
47943 88
47944 174
47945 209
47946 133
47947 81
47948 66
47949 97
47950 159
47951 136
47952 85
47953 70
47954 78
47955 238
47956 229
47957 92
47958 113
47959 226
47960 190
47961 215
47962 183
47963 31
47964 111
47965 145
47966 157
47967 75
47968 291
47969 196
47970 180
47971 227
47972 123
47973 175
47974 97
47975 98
47976 346
47977 159
47978 146
47979 118
47980 107
47981 152
47982 134
47983 185
47984 155
47985 36
47986 93
47987 128
47988 128
47989 187
47990 110
47991 79
47992 278
47993 135
47994 227
47995 223
47996 313
47997 168
47998 339
47999 106
48000 110
48001 42
48002 174
48003 224
48004 129
48005 149
48006 70
48007 298
48008 135
48009 130
48010 132
48011 282
48012 147
48013 151
48014 61
48015 142
48016 122
48017 199
48018 111
48019 233
48020 69
48021 122
48022 65
48023 108
48024 111
48025 215
48026 280
48027 234
48028 165
48029 314
48030 152
48031 79
48032 295
48033 110
48034 179
48035 198
48036 296
48037 147
48038 238
48039 78
48040 196
48041 204
48042 132
48043 32
48044 52
48045 123
48046 115
48047 110
48048 111
48049 92
48050 102
48051 123
48052 168
48053 84
48054 125
48055 115
48056 258
48057 169
48058 63
48059 201
48060 71
48061 94
48062 84
48063 238
48064 205
48065 204
48066 70
48067 113
48068 117
48069 118
48070 130
48071 129
48072 283
48073 244
48074 157
48075 106
48076 126
48077 244
48078 144
48079 17
48080 78
48081 173
48082 284
48083 14
48084 92
48085 147
48086 267
48087 200
48088 217
48089 90
48090 121
48091 183
48092 118
48093 145
48094 93
48095 67
48096 44
48097 68
48098 161
48099 80
48100 146
48101 138
48102 142
48103 160
48104 110
48105 80
48106 113
48107 106
48108 150
48109 122
48110 111
48111 106
48112 183
48113 274
48114 120
48115 74
48116 119
48117 131
48118 134
48119 139
48120 188
48121 124
48122 89
48123 146
48124 91
48125 183
48126 88
48127 106
48128 227
48129 86
48130 109
48131 103
48132 175
48133 162
48134 99
48135 163
48136 79
48137 156
48138 194
48139 40
48140 106
48141 179
48142 168
48143 100
48144 263
48145 292
48146 116
48147 98
48148 173
48149 235
48150 127
48151 205
48152 116
48153 100
48154 128
48155 200
48156 34
48157 118
48158 127
48159 50
48160 140
48161 84
48162 321
48163 125
48164 127
48165 362
48166 208
48167 48
48168 111
48169 310
48170 118
48171 101
48172 34
48173 154
48174 203
48175 128
48176 90
48177 107
48178 187
48179 142
48180 195
48181 89
48182 192
48183 192
48184 73
48185 86
48186 163
48187 3
48188 122
48189 54
48190 126
48191 73
48192 200
48193 43
48194 181
48195 119
48196 107
48197 136
48198 58
48199 196
48200 99
48201 58
48202 231
48203 209
48204 149
48205 170
48206 190
48207 131
48208 143
48209 129
48210 137
48211 80
48212 110
48213 182
48214 133
48215 215
48216 139
48217 119
48218 158
48219 151
48220 155
48221 327
48222 205
48223 123
48224 26
48225 146
48226 272
48227 253
48228 298
48229 188
48230 184
48231 219
48232 162
48233 144
48234 160
48235 193
48236 199
48237 80
48238 99
48239 226
48240 201
48241 114
48242 140
48243 340
48244 120
48245 152
48246 97
48247 166
48248 168
48249 173
48250 91
48251 163
48252 196
48253 284
48254 242
48255 185
48256 283
48257 70
48258 130
48259 172
48260 137
48261 188
48262 146
48263 198
48264 202
48265 135
48266 165
48267 101
48268 209
48269 116
48270 173
48271 105
48272 86
48273 150
48274 151
48275 77
48276 122
48277 148
48278 209
48279 158
48280 93
48281 102
48282 140
48283 162
48284 187
48285 118
48286 155
48287 120
48288 86
48289 66
48290 182
48291 109
48292 271
48293 124
48294 190
48295 271
48296 117
48297 134
48298 97
48299 90
48300 82
48301 236
48302 103
48303 394
48304 156
48305 102
48306 170
48307 58
48308 75
48309 326
48310 345
48311 130
48312 90
48313 249
48314 192
48315 272
48316 65
48317 152
48318 142
48319 82
48320 156
48321 142
48322 129
48323 189
48324 210
48325 344
48326 216
48327 67
48328 76
48329 50
48330 352
48331 68
48332 284
48333 84
48334 134
48335 271
48336 137
48337 121
48338 130
48339 112
48340 144
48341 108
48342 243
48343 159
48344 163
48345 136
48346 111
48347 166
48348 66
48349 94
48350 152
48351 115
48352 185
48353 206
48354 96
48355 134
48356 50
48357 79
48358 145
48359 59
48360 170
48361 36
48362 180
48363 154
48364 49
48365 114
48366 96
48367 120
48368 106
48369 131
48370 204
48371 64
48372 31
48373 97
48374 163
48375 175
48376 74
48377 184
48378 83
48379 95
48380 198
48381 58
48382 190
48383 122
48384 203
48385 188
48386 74
48387 142
48388 189
48389 195
48390 91
48391 82
48392 178
48393 187
48394 171
48395 52
48396 189
48397 175
48398 216
48399 159
48400 173
48401 234
48402 232
48403 181
48404 100
48405 254
48406 87
48407 111
48408 165
48409 37
48410 63
48411 135
48412 156
48413 86
48414 180
48415 144
48416 187
48417 116
48418 340
48419 159
48420 86
48421 350
48422 124
48423 136
48424 82
48425 34
48426 80
48427 219
48428 121
48429 203
48430 138
48431 231
48432 229
48433 191
48434 84
48435 106
48436 241
48437 206
48438 97
48439 81
48440 95
48441 126
48442 146
48443 240
48444 164
48445 120
48446 293
48447 146
48448 188
48449 180
48450 159
48451 64
48452 234
48453 169
48454 103
48455 220
48456 235
48457 176
48458 292
48459 158
48460 157
48461 67
48462 414
48463 83
48464 309
48465 66
48466 123
48467 38
48468 142
48469 253
48470 138
48471 152
48472 28
48473 47
48474 169
48475 109
48476 185
48477 222
48478 143
48479 144
48480 92
48481 154
48482 60
48483 160
48484 108
48485 226
48486 243
48487 23
48488 285
48489 76
48490 82
48491 217
48492 100
48493 175
48494 35
48495 151
48496 167
48497 133
48498 44
48499 202
48500 229
48501 146
48502 192
48503 124
48504 127
48505 117
48506 110
48507 82
48508 138
48509 119
48510 188
48511 99
48512 116
48513 311
48514 64
48515 155
48516 139
48517 193
48518 181
48519 215
48520 204
48521 145
48522 164
48523 122
48524 74
48525 137
48526 38
48527 187
48528 142
48529 179
48530 196
48531 178
48532 220
48533 242
48534 169
48535 160
48536 36
48537 124
48538 190
48539 165
48540 240
48541 177
48542 147
48543 219
48544 177
48545 96
48546 155
48547 176
48548 88
48549 34
48550 127
48551 65
48552 92
48553 231
48554 124
48555 184
48556 186
48557 268
48558 94
48559 174
48560 156
48561 52
48562 101
48563 92
48564 147
48565 136
48566 235
48567 25
48568 153
48569 144
48570 225
48571 113
48572 122
48573 86
48574 228
48575 119
48576 40
48577 184
48578 148
48579 137
48580 174
48581 152
48582 226
48583 114
48584 205
48585 284
48586 131
48587 124
48588 139
48589 132
48590 142
48591 251
48592 165
48593 92
48594 191
48595 90
48596 76
48597 202
48598 145
48599 111
48600 151
48601 139
48602 136
48603 191
48604 242
48605 142
48606 94
48607 145
48608 146
48609 367
48610 113
48611 155
48612 326
48613 132
48614 79
48615 184
48616 145
48617 109
48618 66
48619 126
48620 34
48621 414
48622 168
48623 70
48624 106
48625 63
48626 124
48627 166
48628 75
48629 136
48630 153
48631 125
48632 170
48633 17
48634 286
48635 142
48636 110
48637 138
48638 74
48639 192
48640 80
48641 110
48642 327
48643 78
48644 239
48645 285
48646 213
48647 169
48648 200
48649 33
48650 156
48651 149
48652 83
48653 158
48654 311
48655 110
48656 122
48657 127
48658 166
48659 216
48660 131
48661 134
48662 108
48663 173
48664 96
48665 155
48666 200
48667 173
48668 178
48669 43
48670 116
48671 161
48672 167
48673 183
48674 137
48675 111
48676 108
48677 156
48678 210
48679 301
48680 174
48681 143
48682 139
48683 123
48684 -2
48685 196
48686 111
48687 82
48688 220
48689 75
48690 194
48691 129
48692 162
48693 131
48694 367
48695 140
48696 275
48697 69
48698 42
48699 79
48700 215
48701 267
48702 163
48703 85
48704 78
48705 179
48706 121
48707 152
48708 161
48709 289
48710 114
48711 327
48712 103
48713 123
48714 214
48715 71
48716 178
48717 147
48718 209
48719 157
48720 47
48721 60
48722 94
48723 141
48724 328
48725 294
48726 163
48727 88
48728 165
48729 152
48730 152
48731 223
48732 135
48733 116
48734 114
48735 214
48736 141
48737 95
48738 151
48739 113
48740 54
48741 63
48742 163
48743 122
48744 187
48745 50
48746 111
48747 287
48748 133
48749 207
48750 238
48751 167
48752 144
48753 167
48754 243
48755 145
48756 164
48757 204
48758 115
48759 169
48760 427
48761 120
48762 206
48763 177
48764 251
48765 185
48766 157
48767 96
48768 76
48769 53
48770 185
48771 103
48772 149
48773 306
48774 111
48775 259
48776 99
48777 118
48778 38
48779 81
48780 160
48781 170
48782 78
48783 203
48784 190
48785 126
48786 175
48787 102
48788 220
48789 104
48790 67
48791 135
48792 178
48793 185
48794 90
48795 29
48796 211
48797 207
48798 109
48799 67
48800 162
48801 117
48802 155
48803 115
48804 129
48805 255
48806 146
48807 63
48808 115
48809 123
48810 146
48811 180
48812 56
48813 89
48814 32
48815 191
48816 104
48817 219
48818 156
48819 188
48820 158
48821 199
48822 84
48823 235
48824 202
48825 152
48826 164
48827 149
48828 107
48829 157
48830 128
48831 48
48832 88
48833 128
48834 169
48835 216
48836 102
48837 106
48838 112
48839 107
48840 190
48841 142
48842 146
48843 236
48844 112
48845 146
48846 31
48847 173
48848 139
48849 275
48850 110
48851 147
48852 59
48853 153
48854 152
48855 166
48856 181
48857 165
48858 298
48859 80
48860 120
48861 151
48862 72
48863 75
48864 111
48865 209
48866 187
48867 174
48868 308
48869 234
48870 162
48871 182
48872 187
48873 101
48874 96
48875 94
48876 113
48877 146
48878 136
48879 106
48880 170
48881 234
48882 156
48883 118
48884 102
48885 218
48886 182
48887 170
48888 136
48889 102
48890 181
48891 228
48892 147
48893 70
48894 147
48895 321
48896 118
48897 140
48898 212
48899 143
48900 136
48901 4
48902 56
48903 207
48904 136
48905 110
48906 153
48907 235
48908 205
48909 138
48910 141
48911 147
48912 89
48913 236
48914 51
48915 178
48916 110
48917 176
48918 73
48919 161
48920 53
48921 167
48922 201
48923 284
48924 100
48925 182
48926 151
48927 150
48928 203
48929 216
48930 112
48931 106
48932 161
48933 309
48934 136
48935 393
48936 180
48937 126
48938 189
48939 77
48940 125
48941 183
48942 148
48943 183
48944 149
48945 114
48946 108
48947 106
48948 137
48949 139
48950 91
48951 83
48952 192
48953 110
48954 214
48955 157
48956 99
48957 167
48958 188
48959 75
48960 223
48961 139
48962 130
48963 117
48964 48
48965 136
48966 168
48967 130
48968 258
48969 224
48970 72
48971 188
48972 158
48973 171
48974 113
48975 145
48976 93
48977 101
48978 63
48979 120
48980 95
48981 172
48982 109
48983 261
48984 117
48985 276
48986 71
48987 70
48988 288
48989 197
48990 211
48991 144
48992 202
48993 67
48994 115
48995 93
48996 147
48997 99
48998 120
48999 196
49000 205
49001 72
49002 99
49003 117
49004 185
49005 244
49006 196
49007 119
49008 218
49009 105
49010 90
49011 73
49012 294
49013 113
49014 221
49015 98
49016 142
49017 130
49018 331
49019 165
49020 264
49021 132
49022 143
49023 83
49024 141
49025 126
49026 148
49027 195
49028 35
49029 106
49030 132
49031 222
49032 130
49033 165
49034 37
49035 110
49036 48
49037 168
49038 139
49039 142
49040 144
49041 71
49042 189
49043 235
49044 187
49045 156
49046 305
49047 166
49048 178
49049 225
49050 150
49051 116
49052 139
49053 63
49054 119
49055 159
49056 90
49057 95
49058 107
49059 72
49060 140
49061 165
49062 91
49063 202
49064 291
49065 131
49066 233
49067 186
49068 249
49069 73
49070 169
49071 137
49072 202
49073 169
49074 54
49075 128
49076 36
49077 93
49078 230
49079 149
49080 196
49081 136
49082 269
49083 189
49084 59
49085 212
49086 94
49087 155
49088 76
49089 110
49090 171
49091 126
49092 134
49093 141
49094 196
49095 177
49096 135
49097 156
49098 92
49099 138
49100 74
49101 88
49102 179
49103 78
49104 79
49105 152
49106 143
49107 75
49108 153
49109 146
49110 129
49111 52
49112 138
49113 203
49114 174
49115 247
49116 152
49117 131
49118 286
49119 389
49120 296
49121 206
49122 169
49123 122
49124 122
49125 68
49126 112
49127 216
49128 131
49129 143
49130 226
49131 228
49132 178
49133 114
49134 38
49135 135
49136 59
49137 95
49138 238
49139 112
49140 118
49141 292
49142 322
49143 223
49144 418
49145 106
49146 251
49147 167
49148 195
49149 95
49150 25
49151 140
49152 147
49153 221
49154 125
49155 225
49156 142
49157 158
49158 126
49159 235
49160 188
49161 31
49162 55
49163 161
49164 172
49165 242
49166 151
49167 232
49168 86
49169 115
49170 38
49171 68
49172 98
49173 141
49174 212
49175 120
49176 171
49177 192
49178 8
49179 98
49180 112
49181 72
49182 309
49183 188
49184 165
49185 130
49186 177
49187 192
49188 101
49189 215
49190 165
49191 127
49192 167
49193 141
49194 219
49195 224
49196 166
49197 172
49198 77
49199 171
49200 316
49201 176
49202 110
49203 117
49204 190
49205 134
49206 159
49207 138
49208 155
49209 139
49210 248
49211 135
49212 154
49213 135
49214 213
49215 130
49216 195
49217 199
49218 200
49219 244
49220 258
49221 105
49222 86
49223 160
49224 46
49225 153
49226 142
49227 199
49228 238
49229 93
49230 44
49231 102
49232 211
49233 89
49234 304
49235 160
49236 158
49237 182
49238 163
49239 80
49240 178
49241 161
49242 111
49243 129
49244 188
49245 45
49246 126
49247 92
49248 83
49249 150
49250 35
49251 109
49252 180
49253 134
49254 188
49255 230
49256 133
49257 87
49258 266
49259 161
49260 92
49261 161
49262 231
49263 185
49264 75
49265 184
49266 149
49267 165
49268 202
49269 83
49270 -4
49271 75
49272 76
49273 131
49274 98
49275 73
49276 331
49277 93
49278 71
49279 174
49280 352
49281 209
49282 195
49283 130
49284 147
49285 186
49286 200
49287 235
49288 143
49289 131
49290 103
49291 65
49292 169
49293 98
49294 75
49295 154
49296 96
49297 197
49298 187
49299 213
49300 131
49301 60
49302 147
49303 205
49304 56
49305 172
49306 224
49307 119
49308 279
49309 171
49310 340
49311 301
49312 274
49313 100
49314 152
49315 219
49316 186
49317 141
49318 38
49319 188
49320 186
49321 189
49322 199
49323 199
49324 211
49325 165
49326 58
49327 183
49328 156
49329 201
49330 171
49331 271
49332 102
49333 157
49334 165
49335 154
49336 232
49337 143
49338 144
49339 112
49340 215
49341 182
49342 112
49343 73
49344 158
49345 149
49346 112
49347 116
49348 205
49349 121
49350 207
49351 79
49352 190
49353 145
49354 169
49355 115
49356 118
49357 50
49358 177
49359 46
49360 85
49361 143
49362 222
49363 104
49364 117
49365 179
49366 174
49367 174
49368 101
49369 153
49370 253
49371 74
49372 95
49373 69
49374 124
49375 246
49376 136
49377 192
49378 127
49379 163
49380 163
49381 189
49382 29
49383 231
49384 106
49385 182
49386 103
49387 299
49388 216
49389 180
49390 222
49391 259
49392 166
49393 38
49394 133
49395 67
49396 115
49397 255
49398 25
49399 112
49400 179
49401 155
49402 135
49403 232
49404 168
49405 141
49406 114
49407 212
49408 79
49409 109
49410 136
49411 91
49412 53
49413 120
49414 112
49415 225
49416 82
49417 116
49418 152
49419 185
49420 154
49421 88
49422 306
49423 62
49424 175
49425 94
49426 129
49427 142
49428 197
49429 144
49430 161
49431 94
49432 122
49433 115
49434 224
49435 135
49436 179
49437 81
49438 187
49439 96
49440 218
49441 89
49442 142
49443 140
49444 168
49445 58
49446 111
49447 234
49448 131
49449 185
49450 100
49451 88
49452 225
49453 30
49454 214
49455 161
49456 51
49457 85
49458 135
49459 106
49460 176
49461 106
49462 97
49463 127
49464 123
49465 78
49466 192
49467 132
49468 64
49469 132
49470 138
49471 72
49472 198
49473 47
49474 189
49475 100
49476 68
49477 101
49478 179
49479 171
49480 4
49481 169
49482 196
49483 161
49484 116
49485 115
49486 152
49487 184
49488 148
49489 297
49490 167
49491 108
49492 129
49493 99
49494 172
49495 194
49496 111
49497 144
49498 311
49499 116
49500 49
49501 179
49502 159
49503 144
49504 151
49505 151
49506 153
49507 67
49508 110
49509 84
49510 88
49511 126
49512 127
49513 98
49514 124
49515 67
49516 166
49517 78
49518 140
49519 212
49520 182
49521 132
49522 126
49523 167
49524 123
49525 252
49526 150
49527 83
49528 138
49529 144
49530 172
49531 188
49532 147
49533 134
49534 199
49535 251
49536 172
49537 161
49538 38
49539 190
49540 175
49541 139
49542 204
49543 162
49544 112
49545 193
49546 47
49547 145
49548 50
49549 82
49550 51
49551 205
49552 76
49553 131
49554 254
49555 292
49556 210
49557 190
49558 172
49559 233
49560 43
49561 112
49562 61
49563 41
49564 177
49565 207
49566 179
49567 289
49568 162
49569 177
49570 321
49571 118
49572 362
49573 287
49574 211
49575 115
49576 123
49577 150
49578 144
49579 114
49580 136
49581 221
49582 73
49583 163
49584 160
49585 78
49586 102
49587 154
49588 103
49589 102
49590 142
49591 162
49592 228
49593 120
49594 150
49595 152
49596 128
49597 50
49598 174
49599 120
49600 201
49601 138
49602 190
49603 377
49604 176
49605 388
49606 108
49607 169
49608 69
49609 113
49610 205
49611 100
49612 130
49613 104
49614 144
49615 187
49616 206
49617 200
49618 111
49619 120
49620 59
49621 201
49622 157
49623 128
49624 122
49625 145
49626 123
49627 153
49628 90
49629 194
49630 108
49631 265
49632 169
49633 190
49634 165
49635 163
49636 173
49637 160
49638 144
49639 177
49640 133
49641 165
49642 247
49643 426
49644 130
49645 273
49646 138
49647 120
49648 245
49649 64
49650 66
49651 115
49652 100
49653 342
49654 152
49655 146
49656 121
49657 64
49658 102
49659 148
49660 184
49661 152
49662 101
49663 198
49664 119
49665 216
49666 236
49667 102
49668 171
49669 124
49670 136
49671 97
49672 103
49673 51
49674 116
49675 133
49676 119
49677 162
49678 346
49679 73
49680 82
49681 254
49682 211
49683 173
49684 191
49685 -9
49686 86
49687 97
49688 78
49689 199
49690 100
49691 57
49692 81
49693 155
49694 186
49695 97
49696 131
49697 149
49698 66
49699 179
49700 130
49701 236
49702 201
49703 103
49704 179
49705 30
49706 104
49707 185
49708 208
49709 62
49710 114
49711 175
49712 137
49713 212
49714 171
49715 138
49716 78
49717 169
49718 49
49719 239
49720 182
49721 184
49722 80
49723 85
49724 108
49725 163
49726 172
49727 149
49728 131
49729 230
49730 134
49731 50
49732 168
49733 118
49734 148
49735 134
49736 107
49737 61
49738 160
49739 117
49740 170
49741 123
49742 154
49743 119
49744 111
49745 252
49746 214
49747 152
49748 82
49749 38
49750 66
49751 193
49752 149
49753 163
49754 142
49755 209
49756 71
49757 81
49758 392
49759 240
49760 138
49761 125
49762 137
49763 176
49764 224
49765 157
49766 91
49767 243
49768 168
49769 51
49770 179
49771 91
49772 125
49773 151
49774 120
49775 125
49776 132
49777 122
49778 273
49779 65
49780 113
49781 81
49782 208
49783 144
49784 110
49785 85
49786 208
49787 159
49788 126
49789 155
49790 126
49791 166
49792 130
49793 67
49794 225
49795 183
49796 46
49797 160
49798 84
49799 256
49800 205
49801 86
49802 213
49803 134
49804 116
49805 99
49806 113
49807 131
49808 142
49809 38
49810 136
49811 160
49812 145
49813 157
49814 107
49815 146
49816 39
49817 118
49818 214
49819 113
49820 206
49821 65
49822 162
49823 137
49824 249
49825 221
49826 106
49827 164
49828 126
49829 143
49830 237
49831 108
49832 249
49833 115
49834 95
49835 276
49836 122
49837 149
49838 176
49839 22
49840 100
49841 224
49842 139
49843 100
49844 91
49845 136
49846 148
49847 393
49848 81
49849 89
49850 56
49851 109
49852 146
49853 164
49854 152
49855 112
49856 71
49857 176
49858 276
49859 213
49860 72
49861 134
49862 102
49863 144
49864 335
49865 88
49866 97
49867 155
49868 86
49869 106
49870 217
49871 105
49872 288
49873 276
49874 134
49875 148
49876 118
49877 116
49878 107
49879 198
49880 150
49881 22
49882 128
49883 178
49884 133
49885 163
49886 362
49887 226
49888 138
49889 130
49890 267
49891 190
49892 62
49893 149
49894 221
49895 102
49896 133
49897 91
49898 158
49899 115
49900 78
49901 130
49902 99
49903 332
49904 311
49905 167
49906 123
49907 183
49908 120
49909 92
49910 165
49911 189
49912 80
49913 118
49914 62
49915 71
49916 224
49917 122
49918 167
49919 51
49920 180
49921 146
49922 128
49923 292
49924 96
49925 181
49926 115
49927 97
49928 122
49929 144
49930 176
49931 138
49932 146
49933 206
49934 152
49935 219
49936 136
49937 186
49938 184
49939 180
49940 126
49941 117
49942 99
49943 87
49944 138
49945 202
49946 88
49947 143
49948 186
49949 161
49950 177
49951 39
49952 55
49953 157
49954 143
49955 94
49956 118
49957 105
49958 51
49959 194
49960 165
49961 126
49962 90
49963 252
49964 276
49965 217
49966 369
49967 137
49968 212
49969 143
49970 112
49971 94
49972 88
49973 84
49974 127
49975 310
49976 48
49977 88
49978 160
49979 259
49980 144
49981 186
49982 119
49983 208
49984 151
49985 122
49986 106
49987 180
49988 110
49989 79
49990 54
49991 279
49992 191
49993 157
49994 230
49995 245
49996 237
49997 128
49998 144
49999 227
50000 214
50001 143
50002 193
50003 233
50004 248
50005 239
50006 317
50007 216
50008 254
50009 89
50010 105
50011 114
50012 71
50013 112
50014 129
50015 156
50016 166
50017 132
50018 124
50019 43
50020 65
50021 4
50022 79
50023 126
50024 278
50025 178
50026 172
50027 191
50028 244
50029 151
50030 235
50031 130
50032 124
50033 127
50034 192
50035 177
50036 223
50037 86
50038 243
50039 113
50040 94
50041 58
50042 96
50043 137
50044 109
50045 133
50046 214
50047 221
50048 375
50049 203
50050 194
50051 264
50052 95
50053 103
50054 164
50055 55
50056 160
50057 103
50058 181
50059 146
50060 121
50061 99
50062 107
50063 196
50064 93
50065 155
50066 180
50067 174
50068 130
50069 139
50070 109
50071 190
50072 264
50073 203
50074 198
50075 70
50076 132
50077 127
50078 189
50079 172
50080 91
50081 58
50082 230
50083 79
50084 162
50085 107
50086 79
50087 130
50088 64
50089 105
50090 141
50091 134
50092 158
50093 161
50094 156
50095 80
50096 205
50097 186
50098 28
50099 91
50100 175
50101 321
50102 176
50103 191
50104 134
50105 157
50106 118
50107 260
50108 273
50109 125
50110 253
50111 130
50112 148
50113 136
50114 100
50115 101
50116 44
50117 88
50118 67
50119 36
50120 95
50121 158
50122 117
50123 99
50124 124
50125 118
50126 175
50127 102
50128 120
50129 149
50130 208
50131 99
50132 362
50133 204
50134 249
50135 99
50136 74
50137 157
50138 35
50139 126
50140 108
50141 212
50142 167
50143 67
50144 237
50145 124
50146 -9
50147 245
50148 178
50149 183
50150 135
50151 41
50152 137
50153 131
50154 116
50155 166
50156 197
50157 88
50158 56
50159 148
50160 202
50161 205
50162 159
50163 245
50164 182
50165 101
50166 193
50167 174
50168 164
50169 90
50170 367
50171 404
50172 187
50173 126
50174 149
50175 128
50176 96
50177 84
50178 154
50179 136
50180 57
50181 104
50182 201
50183 121
50184 47
50185 282
50186 167
50187 271
50188 85
50189 73
50190 121
50191 167
50192 143
50193 98
50194 130
50195 63
50196 123
50197 138
50198 83
50199 81
50200 189
50201 233
50202 73
50203 119
50204 196
50205 139
50206 218
50207 80
50208 130
50209 395
50210 138
50211 211
50212 155
50213 77
50214 135
50215 185
50216 138
50217 186
50218 74
50219 123
50220 76
50221 116
50222 61
50223 81
50224 148
50225 221
50226 75
50227 171
50228 406
50229 111
50230 79
50231 92
50232 164
50233 135
50234 175
50235 168
50236 150
50237 163
50238 51
50239 193
50240 158
50241 117
50242 134
50243 179
50244 159
50245 32
50246 87
50247 138
50248 95
50249 195
50250 144
50251 110
50252 54
50253 142
50254 90
50255 127
50256 123
50257 106
50258 30
50259 151
50260 202
50261 122
50262 126
50263 251
50264 71
50265 131
50266 82
50267 82
50268 94
50269 169
50270 114
50271 98
50272 165
50273 187
50274 129
50275 78
50276 176
50277 46
50278 165
50279 155
50280 117
50281 215
50282 71
50283 162
50284 165
50285 27
50286 167
50287 199
50288 182
50289 55
50290 217
50291 159
50292 126
50293 176
50294 122
50295 156
50296 194
50297 181
50298 87
50299 176
50300 9
50301 153
50302 201
50303 62
50304 139
50305 206
50306 182
50307 142
50308 123
50309 166
50310 97
50311 148
50312 143
50313 86
50314 155
50315 221
50316 59
50317 135
50318 212
50319 80
50320 267
50321 167
50322 200
50323 96
50324 130
50325 124
50326 107
50327 220
50328 118
50329 197
50330 138
50331 115
50332 98
50333 214
50334 200
50335 96
50336 65
50337 277
50338 281
50339 176
50340 74
50341 168
50342 172
50343 311
50344 110
50345 113
50346 199
50347 179
50348 101
50349 131
50350 217
50351 178
50352 133
50353 213
50354 141
50355 176
50356 151
50357 122
50358 168
50359 181
50360 315
50361 304
50362 66
50363 221
50364 142
50365 187
50366 129
50367 120
50368 132
50369 99
50370 113
50371 100
50372 144
50373 67
50374 207
50375 100
50376 90
50377 114
50378 187
50379 216
50380 84
50381 207
50382 157
50383 137
50384 157
50385 95
50386 133
50387 143
50388 102
50389 113
50390 265
50391 133
50392 154
50393 50
50394 84
50395 126
50396 63
50397 125
50398 193
50399 134
50400 147
50401 88
50402 150
50403 102
50404 246
50405 85
50406 38
50407 83
50408 242
50409 231
50410 163
50411 64
50412 292
50413 227
50414 182
50415 58
50416 126
50417 80
50418 149
50419 133
50420 209
50421 204
50422 118
50423 192
50424 143
50425 191
50426 169
50427 150
50428 190
50429 111
50430 88
50431 107
50432 164
50433 117
50434 91
50435 37
50436 83
50437 162
50438 93
50439 343
50440 234
50441 145
50442 249
50443 187
50444 175
50445 105
50446 186
50447 86
50448 131
50449 28
50450 180
50451 75
50452 104
50453 247
50454 191
50455 115
50456 243
50457 151
50458 154
50459 2
50460 161
50461 3
50462 161
50463 99
50464 112
50465 88
50466 151
50467 138
50468 129
50469 185
50470 195
50471 113
50472 428
50473 104
50474 126
50475 135
50476 92
50477 80
50478 155
50479 156
50480 275
50481 208
50482 205
50483 125
50484 224
50485 330
50486 168
50487 132
50488 130
50489 150
50490 173
50491 126
50492 125
50493 246
50494 71
50495 168
50496 207
50497 226
50498 168
50499 498
50500 389
50501 191
50502 133
50503 33
50504 173
50505 62
50506 139
50507 173
50508 164
50509 84
50510 212
50511 171
50512 84
50513 134
50514 139
50515 165
50516 -5
50517 196
50518 154
50519 13
50520 114
50521 164
50522 58
50523 209
50524 121
50525 225
50526 73
50527 87
50528 131
50529 203
50530 50
50531 313
50532 74
50533 147
50534 106
50535 128
50536 176
50537 90
50538 110
50539 111
50540 245
50541 233
50542 84
50543 230
50544 172
50545 111
50546 113
50547 52
50548 101
50549 134
50550 85
50551 116
50552 183
50553 285
50554 97
50555 286
50556 68
50557 54
50558 121
50559 328
50560 153
50561 245
50562 234
50563 200
50564 92
50565 127
50566 118
50567 129
50568 82
50569 138
50570 108
50571 128
50572 197
50573 81
50574 137
50575 90
50576 138
50577 92
50578 166
50579 91
50580 41
50581 178
50582 37
50583 388
50584 154
50585 101
50586 172
50587 197
50588 163
50589 97
50590 178
50591 225
50592 220
50593 69
50594 156
50595 65
50596 266
50597 178
50598 188
50599 109
50600 216
50601 165
50602 178
50603 367
50604 155
50605 161
50606 232
50607 163
50608 70
50609 223
50610 182
50611 102
50612 250
50613 193
50614 134
50615 109
50616 134
50617 117
50618 160
50619 108
50620 85
50621 143
50622 121
50623 44
50624 171
50625 111
50626 309
50627 114
50628 81
50629 97
50630 144
50631 147
50632 152
50633 53
50634 122
50635 142
50636 122
50637 141
50638 89
50639 118
50640 87
50641 88
50642 128
50643 31
50644 242
50645 135
50646 142
50647 95
50648 132
50649 51
50650 143
50651 180
50652 106
50653 103
50654 234
50655 81
50656 81
50657 94
50658 152
50659 131
50660 131
50661 168
50662 35
50663 134
50664 78
50665 167
50666 167
50667 121
50668 178
50669 141
50670 245
50671 6
50672 91
50673 183
50674 307
50675 123
50676 189
50677 178
50678 121
50679 177
50680 82
50681 127
50682 109
50683 133
50684 155
50685 201
50686 116
50687 264
50688 163
50689 82
50690 62
50691 88
50692 136
50693 108
50694 91
50695 89
50696 257
50697 149
50698 99
50699 148
50700 78
50701 73
50702 190
50703 217
50704 227
50705 82
50706 184
50707 323
50708 88
50709 112
50710 180
50711 148
50712 126
50713 243
50714 117
50715 133
50716 189
50717 98
50718 51
50719 107
50720 143
50721 189
50722 148
50723 170
50724 220
50725 53
50726 276
50727 95
50728 160
50729 131
50730 137
50731 158
50732 150
50733 187
50734 180
50735 152
50736 169
50737 264
50738 169
50739 191
50740 88
50741 162
50742 270
50743 263
50744 76
50745 43
50746 109
50747 164
50748 318
50749 117
50750 133
50751 130
50752 358
50753 196
50754 153
50755 91
50756 41
50757 55
50758 152
50759 94
50760 128
50761 226
50762 140
50763 134
50764 112
50765 109
50766 106
50767 93
50768 173
50769 104
50770 140
50771 147
50772 57
50773 123
50774 103
50775 175
50776 217
50777 132
50778 88
50779 177
50780 200
50781 195
50782 137
50783 85
50784 105
50785 120
50786 205
50787 322
50788 197
50789 121
50790 162
50791 108
50792 121
50793 166
50794 89
50795 88
50796 183
50797 148
50798 151
50799 75
50800 338
50801 150
50802 192
50803 165
50804 78
50805 108
50806 92
50807 69
50808 322
50809 118
50810 114
50811 135
50812 10
50813 177
50814 225
50815 119
50816 37
50817 180
50818 350
50819 131
50820 80
50821 164
50822 180
50823 75
50824 132
50825 120
50826 166
50827 218
50828 128
50829 121
50830 123
50831 55
50832 81
50833 229
50834 189
50835 252
50836 229
50837 196
50838 182
50839 73
50840 202
50841 295
50842 137
50843 184
50844 188
50845 168
50846 150
50847 103
50848 87
50849 183
50850 116
50851 90
50852 371
50853 19
50854 175
50855 133
50856 68
50857 234
50858 125
50859 267
50860 120
50861 87
50862 122
50863 62
50864 76
50865 71
50866 74
50867 127
50868 110
50869 108
50870 56
50871 114
50872 179
50873 51
50874 84
50875 99
50876 134
50877 131
50878 170
50879 169
50880 156
50881 153
50882 235
50883 92
50884 87
50885 120
50886 333
50887 251
50888 164
50889 241
50890 169
50891 207
50892 91
50893 116
50894 230
50895 166
50896 127
50897 123
50898 56
50899 320
50900 211
50901 173
50902 93
50903 212
50904 169
50905 192
50906 85
50907 194
50908 249
50909 76
50910 87
50911 132
50912 139
50913 231
50914 115
50915 112
50916 196
50917 169
50918 56
50919 82
50920 93
50921 96
50922 118
50923 277
50924 102
50925 220
50926 205
50927 98
50928 64
50929 104
50930 211
50931 105
50932 112
50933 193
50934 80
50935 170
50936 26
50937 155
50938 182
50939 187
50940 189
50941 143
50942 34
50943 228
50944 170
50945 179
50946 133
50947 141
50948 169
50949 218
50950 147
50951 96
50952 56
50953 161
50954 126
50955 222
50956 121
50957 100
50958 95
50959 186
50960 41
50961 89
50962 108
50963 157
50964 253
50965 181
50966 185
50967 166
50968 142
50969 159
50970 165
50971 106
50972 144
50973 231
50974 183
50975 117
50976 90
50977 193
50978 210
50979 147
50980 119
50981 131
50982 113
50983 139
50984 147
50985 81
50986 115
50987 78
50988 86
50989 277
50990 216
50991 191
50992 178
50993 190
50994 47
50995 43
50996 141
50997 66
50998 86
50999 83
51000 130
51001 110
51002 147
51003 113
51004 75
51005 156
51006 71
51007 180
51008 153
51009 213
51010 360
51011 112
51012 165
51013 152
51014 128
51015 159
51016 151
51017 130
51018 182
51019 257
51020 62
51021 79
51022 209
51023 80
51024 98
51025 121
51026 159
51027 350
51028 117
51029 100
51030 113
51031 112
51032 67
51033 69
51034 97
51035 174
51036 211
51037 98
51038 72
51039 85
51040 96
51041 211
51042 260
51043 376
51044 181
51045 153
51046 81
51047 68
51048 261
51049 59
51050 221
51051 231
51052 78
51053 144
51054 70
51055 388
51056 161
51057 169
51058 155
51059 148
51060 155
51061 140
51062 147
51063 74
51064 115
51065 104
51066 163
51067 133
51068 69
51069 100
51070 188
51071 159
51072 136
51073 75
51074 143
51075 141
51076 112
51077 148
51078 48
51079 111
51080 121
51081 197
51082 213
51083 154
51084 147
51085 64
51086 41
51087 228
51088 120
51089 163
51090 218
51091 225
51092 146
51093 125
51094 161
51095 155
51096 172
51097 100
51098 112
51099 469
51100 92
51101 178
51102 95
51103 188
51104 145
51105 75
51106 98
51107 215
51108 133
51109 58
51110 160
51111 223
51112 38
51113 89
51114 202
51115 192
51116 157
51117 126
51118 148
51119 96
51120 115
51121 208
51122 169
51123 163
51124 156
51125 150
51126 170
51127 305
51128 41
51129 317
51130 161
51131 182
51132 181
51133 183
51134 170
51135 106
51136 195
51137 124
51138 293
51139 173
51140 111
51141 264
51142 250
51143 149
51144 195
51145 106
51146 219
51147 93
51148 214
51149 187
51150 265
51151 164
51152 234
51153 168
51154 178
51155 145
51156 168
51157 113
51158 199
51159 185
51160 243
51161 137
51162 159
51163 246
51164 115
51165 161
51166 192
51167 85
51168 169
51169 162
51170 194
51171 75
51172 257
51173 151
51174 101
51175 130
51176 274
51177 183
51178 108
51179 149
51180 65
51181 18
51182 102
51183 89
51184 259
51185 189
51186 94
51187 136
51188 66
51189 100
51190 227
51191 166
51192 233
51193 151
51194 120
51195 144
51196 116
51197 249
51198 50
51199 212
51200 120
51201 136
51202 118
51203 255
51204 157
51205 105
51206 154
51207 207
51208 95
51209 183
51210 183
51211 144
51212 198
51213 71
51214 172
51215 146
51216 129
51217 112
51218 169
51219 332
51220 65
51221 280
51222 136
51223 238
51224 176
51225 50
51226 13
51227 191
51228 223
51229 115
51230 118
51231 177
51232 111
51233 162
51234 191
51235 118
51236 250
51237 90
51238 92
51239 126
51240 97
51241 115
51242 143
51243 177
51244 208
51245 117
51246 169
51247 27
51248 109
51249 149
51250 86
51251 113
51252 127
51253 106
51254 63
51255 112
51256 103
51257 150
51258 193
51259 120
51260 138
51261 139
51262 188
51263 138
51264 159
51265 225
51266 195
51267 63
51268 155
51269 118
51270 153
51271 124
51272 95
51273 224
51274 137
51275 94
51276 133
51277 110
51278 38
51279 75
51280 86
51281 244
51282 170
51283 101
51284 82
51285 123
51286 93
51287 243
51288 70
51289 121
51290 94
51291 138
51292 175
51293 184
51294 63
51295 163
51296 197
51297 68
51298 97
51299 189
51300 96
51301 223
51302 84
51303 160
51304 158
51305 145
51306 237
51307 161
51308 234
51309 109
51310 143
51311 113
51312 394
51313 131
51314 146
51315 -12
51316 164
51317 167
51318 147
51319 43
51320 138
51321 64
51322 223
51323 193
51324 225
51325 103
51326 238
51327 59
51328 131
51329 95
51330 136
51331 121
51332 151
51333 109
51334 311
51335 121
51336 225
51337 104
51338 120
51339 128
51340 171
51341 180
51342 199
51343 144
51344 103
51345 172
51346 97
51347 133
51348 203
51349 132
51350 119
51351 201
51352 64
51353 195
51354 224
51355 197
51356 236
51357 90
51358 205
51359 139
51360 150
51361 195
51362 148
51363 111
51364 18
51365 129
51366 107
51367 178
51368 125
51369 201
51370 99
51371 28
51372 163
51373 113
51374 139
51375 94
51376 122
51377 93
51378 103
51379 143
51380 148
51381 121
51382 77
51383 217
51384 99
51385 137
51386 257
51387 205
51388 151
51389 234
51390 181
51391 107
51392 112
51393 64
51394 93
51395 311
51396 98
51397 172
51398 111
51399 50
51400 226
51401 78
51402 420
51403 52
51404 161
51405 126
51406 74
51407 23
51408 144
51409 201
51410 77
51411 153
51412 104
51413 127
51414 215
51415 198
51416 98
51417 113
51418 84
51419 165
51420 114
51421 127
51422 118
51423 39
51424 118
51425 195
51426 120
51427 123
51428 130
51429 138
51430 55
51431 205
51432 10
51433 207
51434 188
51435 156
51436 111
51437 188
51438 95
51439 123
51440 140
51441 98
51442 158
51443 13
51444 148
51445 124
51446 192
51447 183
51448 69
51449 308
51450 292
51451 120
51452 175
51453 205
51454 103
51455 158
51456 81
51457 164
51458 61
51459 159
51460 133
51461 140
51462 135
51463 146
51464 39
51465 69
51466 191
51467 53
51468 131
51469 254
51470 53
51471 144
51472 170
51473 176
51474 103
51475 113
51476 99
51477 101
51478 186
51479 174
51480 183
51481 112
51482 198
51483 183
51484 150
51485 210
51486 129
51487 183
51488 174
51489 146
51490 166
51491 156
51492 89
51493 99
51494 127
51495 58
51496 89
51497 111
51498 113
51499 239
51500 212
51501 165
51502 204
51503 203
51504 148
51505 104
51506 140
51507 192
51508 58
51509 209
51510 163
51511 152
51512 140
51513 75
51514 144
51515 184
51516 60
51517 191
51518 49
51519 192
51520 106
51521 120
51522 141
51523 109
51524 217
51525 131
51526 180
51527 159
51528 91
51529 93
51530 229
51531 110
51532 131
51533 106
51534 258
51535 188
51536 151
51537 134
51538 165
51539 177
51540 186
51541 92
51542 112
51543 96
51544 82
51545 194
51546 172
51547 213
51548 49
51549 204
51550 104
51551 146
51552 94
51553 183
51554 205
51555 181
51556 161
51557 176
51558 210
51559 209
51560 178
51561 65
51562 156
51563 167
51564 175
51565 146
51566 182
51567 73
51568 162
51569 120
51570 158
51571 181
51572 135
51573 90
51574 199
51575 120
51576 65
51577 124
51578 199
51579 135
51580 136
51581 86
51582 144
51583 58
51584 73
51585 113
51586 274
51587 78
51588 178
51589 86
51590 38
51591 127
51592 116
51593 93
51594 72
51595 160
51596 179
51597 134
51598 170
51599 256
51600 111
51601 198
51602 90
51603 142
51604 110
51605 68
51606 111
51607 202
51608 117
51609 95
51610 93
51611 142
51612 119
51613 41
51614 142
51615 174
51616 122
51617 139
51618 164
51619 146
51620 207
51621 39
51622 3
51623 39
51624 133
51625 153
51626 221
51627 116
51628 266
51629 62
51630 120
51631 166
51632 286
51633 163
51634 120
51635 76
51636 126
51637 145
51638 62
51639 181
51640 213
51641 135
51642 67
51643 57
51644 239
51645 125
51646 203
51647 191
51648 130
51649 70
51650 96
51651 203
51652 161
51653 199
51654 84
51655 112
51656 186
51657 107
51658 199
51659 66
51660 139
51661 191
51662 199
51663 285
51664 95
51665 44
51666 203
51667 197
51668 98
51669 185
51670 87
51671 100
51672 154
51673 173
51674 196
51675 127
51676 112
51677 168
51678 169
51679 130
51680 129
51681 52
51682 146
51683 240
51684 149
51685 218
51686 96
51687 144
51688 90
51689 92
51690 158
51691 200
51692 284
51693 68
51694 31
51695 95
51696 230
51697 202
51698 110
51699 68
51700 55
51701 220
51702 124
51703 154
51704 189
51705 150
51706 154
51707 151
51708 237
51709 377
51710 98
51711 349
51712 187
51713 127
51714 133
51715 227
51716 139
51717 224
51718 100
51719 203
51720 133
51721 134
51722 171
51723 133
51724 109
51725 20
51726 51
51727 127
51728 200
51729 172
51730 134
51731 169
51732 106
51733 207
51734 192
51735 226
51736 150
51737 264
51738 203
51739 223
51740 191
51741 109
51742 118
51743 155
51744 126
51745 137
51746 110
51747 84
51748 131
51749 121
51750 85
51751 86
51752 145
51753 135
51754 118
51755 208
51756 185
51757 310
51758 92
51759 196
51760 198
51761 103
51762 167
51763 76
51764 146
51765 177
51766 192
51767 208
51768 172
51769 87
51770 351
51771 149
51772 165
51773 150
51774 110
51775 135
51776 79
51777 49
51778 125
51779 138
51780 49
51781 107
51782 186
51783 77
51784 121
51785 198
51786 70
51787 178
51788 119
51789 66
51790 128
51791 114
51792 126
51793 80
51794 91
51795 136
51796 130
51797 147
51798 133
51799 21
51800 65
51801 204
51802 158
51803 133
51804 187
51805 127
51806 102
51807 79
51808 157
51809 130
51810 123
51811 41
51812 74
51813 122
51814 415
51815 152
51816 132
51817 152
51818 137
51819 217
51820 105
51821 239
51822 203
51823 120
51824 38
51825 74
51826 253
51827 109
51828 152
51829 120
51830 222
51831 101
51832 187
51833 135
51834 165
51835 92
51836 191
51837 67
51838 151
51839 65
51840 128
51841 68
51842 193
51843 150
51844 201
51845 139
51846 148
51847 82
51848 171
51849 96
51850 228
51851 195
51852 195
51853 83
51854 141
51855 154
51856 82
51857 259
51858 63
51859 166
51860 81
51861 89
51862 149
51863 216
51864 180
51865 289
51866 79
51867 28
51868 103
51869 39
51870 153
51871 191
51872 276
51873 50
51874 219
51875 142
51876 114
51877 323
51878 51
51879 138
51880 211
51881 117
51882 185
51883 90
51884 76
51885 101
51886 221
51887 94
51888 206
51889 132
51890 99
51891 94
51892 127
51893 141
51894 98
51895 187
51896 154
51897 222
51898 113
51899 372
51900 52
51901 88
51902 89
51903 134
51904 270
51905 119
51906 114
51907 92
51908 149
51909 161
51910 267
51911 173
51912 75
51913 143
51914 91
51915 177
51916 121
51917 96
51918 85
51919 157
51920 151
51921 81
51922 258
51923 138
51924 151
51925 -7
51926 156
51927 168
51928 65
51929 100
51930 179
51931 127
51932 69
51933 192
51934 109
51935 177
51936 171
51937 192
51938 65
51939 185
51940 102
51941 134
51942 75
51943 124
51944 66
51945 82
51946 172
51947 146
51948 62
51949 176
51950 80
51951 92
51952 180
51953 144
51954 111
51955 121
51956 148
51957 200
51958 356
51959 96
51960 169
51961 254
51962 208
51963 228
51964 126
51965 24
51966 273
51967 258
51968 236
51969 185
51970 157
51971 76
51972 180
51973 175
51974 164
51975 317
51976 168
51977 97
51978 142
51979 112
51980 55
51981 205
51982 147
51983 83
51984 149
51985 95
51986 124
51987 162
51988 186
51989 106
51990 143
51991 97
51992 105
51993 179
51994 182
51995 195
51996 153
51997 141
51998 123
51999 129
52000 150
52001 106
52002 128
52003 42
52004 195
52005 95
52006 73
52007 136
52008 139
52009 119
52010 186
52011 163
52012 153
52013 191
52014 150
52015 103
52016 147
52017 180
52018 71
52019 83
52020 129
52021 87
52022 112
52023 132
52024 100
52025 136
52026 81
52027 123
52028 147
52029 80
52030 142
52031 178
52032 242
52033 78
52034 138
52035 80
52036 158
52037 117
52038 187
52039 94
52040 127
52041 255
52042 171
52043 71
52044 75
52045 96
52046 433
52047 156
52048 290
52049 152
52050 259
52051 177
52052 234
52053 196
52054 140
52055 41
52056 50
52057 137
52058 156
52059 184
52060 116
52061 208
52062 113
52063 51
52064 174
52065 154
52066 136
52067 85
52068 74
52069 305
52070 139
52071 84
52072 224
52073 137
52074 111
52075 72
52076 96
52077 126
52078 127
52079 105
52080 66
52081 89
52082 134
52083 103
52084 150
52085 96
52086 127
52087 148
52088 8
52089 119
52090 140
52091 114
52092 107
52093 120
52094 309
52095 73
52096 178
52097 201
52098 88
52099 235
52100 132
52101 169
52102 120
52103 150
52104 302
52105 103
52106 125
52107 172
52108 190
52109 219
52110 264
52111 122
52112 93
52113 285
52114 196
52115 150
52116 50
52117 131
52118 100
52119 158
52120 136
52121 173
52122 182
52123 124
52124 220
52125 216
52126 148
52127 130
52128 137
52129 108
52130 200
52131 168
52132 116
52133 92
52134 69
52135 95
52136 102
52137 191
52138 176
52139 26
52140 54
52141 291
52142 160
52143 83
52144 280
52145 122
52146 211
52147 83
52148 73
52149 221
52150 63
52151 130
52152 178
52153 149
52154 171
52155 153
52156 86
52157 188
52158 167
52159 186
52160 88
52161 75
52162 101
52163 277
52164 230
52165 95
52166 155
52167 101
52168 244
52169 141
52170 33
52171 122
52172 83
52173 138
52174 91
52175 102
52176 150
52177 165
52178 91
52179 120
52180 176
52181 130
52182 91
52183 133
52184 198
52185 101
52186 87
52187 152
52188 169
52189 121
52190 288
52191 76
52192 173
52193 228
52194 134
52195 109
52196 158
52197 276
52198 322
52199 127
52200 145
52201 97
52202 172
52203 59
52204 234
52205 101
52206 134
52207 127
52208 188
52209 95
52210 148
52211 209
52212 64
52213 216
52214 97
52215 144
52216 59
52217 119
52218 289
52219 153
52220 154
52221 133
52222 233
52223 175
52224 191
52225 38
52226 98
52227 150
52228 88
52229 94
52230 109
52231 69
52232 137
52233 172
52234 171
52235 167
52236 142
52237 116
52238 141
52239 51
52240 179
52241 116
52242 129
52243 113
52244 85
52245 123
52246 124
52247 160
52248 101
52249 66
52250 388
52251 212
52252 116
52253 121
52254 141
52255 131
52256 43
52257 187
52258 131
52259 29
52260 152
52261 252
52262 317
52263 260
52264 136
52265 97
52266 104
52267 28
52268 184
52269 142
52270 137
52271 182
52272 164
52273 154
52274 177
52275 113
52276 101
52277 191
52278 119
52279 75
52280 170
52281 157
52282 41
52283 124
52284 167
52285 111
52286 105
52287 211
52288 189
52289 118
52290 153
52291 158
52292 190
52293 230
52294 122
52295 129
52296 117
52297 117
52298 136
52299 145
52300 66
52301 182
52302 251
52303 26
52304 103
52305 54
52306 272
52307 95
52308 98
52309 148
52310 159
52311 197
52312 235
52313 135
52314 164
52315 210
52316 146
52317 83
52318 203
52319 99
52320 39
52321 137
52322 147
52323 127
52324 68
52325 220
52326 85
52327 218
52328 198
52329 140
52330 157
52331 146
52332 296
52333 122
52334 283
52335 114
52336 71
52337 119
52338 200
52339 178
52340 114
52341 184
52342 242
52343 126
52344 154
52345 195
52346 92
52347 50
52348 60
52349 81
52350 149
52351 42
52352 142
52353 196
52354 135
52355 36
52356 125
52357 129
52358 383
52359 157
52360 103
52361 134
52362 202
52363 170
52364 58
52365 158
52366 121
52367 112
52368 167
52369 264
52370 285
52371 146
52372 28
52373 113
52374 100
52375 118
52376 225
52377 146
52378 126
52379 127
52380 78
52381 136
52382 151
52383 129
52384 93
52385 212
52386 84
52387 112
52388 162
52389 107
52390 161
52391 155
52392 85
52393 257
52394 145
52395 318
52396 200
52397 149
52398 217
52399 161
52400 188
52401 141
52402 54
52403 182
52404 163
52405 152
52406 182
52407 170
52408 110
52409 115
52410 141
52411 16
52412 30
52413 242
52414 73
52415 170
52416 51
52417 127
52418 193
52419 199
52420 75
52421 136
52422 198
52423 126
52424 88
52425 129
52426 69
52427 228
52428 95
52429 100
52430 127
52431 148
52432 108
52433 146
52434 65
52435 119
52436 170
52437 187
52438 120
52439 67
52440 162
52441 196
52442 245
52443 74
52444 98
52445 288
52446 98
52447 218
52448 20
52449 134
52450 110
52451 171
52452 181
52453 176
52454 117
52455 42
52456 61
52457 128
52458 68
52459 130
52460 223
52461 78
52462 291
52463 179
52464 164
52465 134
52466 309
52467 101
52468 151
52469 188
52470 95
52471 158
52472 174
52473 105
52474 193
52475 254
52476 152
52477 71
52478 150
52479 114
52480 166
52481 291
52482 119
52483 269
52484 50
52485 238
52486 77
52487 246
52488 145
52489 73
52490 154
52491 137
52492 170
52493 98
52494 93
52495 332
52496 205
52497 312
52498 52
52499 103
52500 223
52501 123
52502 247
52503 108
52504 187
52505 179
52506 82
52507 172
52508 31
52509 167
52510 128
52511 150
52512 162
52513 185
52514 97
52515 355
52516 135
52517 219
52518 80
52519 107
52520 89
52521 441
52522 162
52523 54
52524 81
52525 136
52526 133
52527 196
52528 86
52529 112
52530 131
52531 162
52532 157
52533 146
52534 179
52535 130
52536 284
52537 128
52538 144
52539 198
52540 170
52541 63
52542 79
52543 118
52544 92
52545 56
52546 97
52547 71
52548 127
52549 80
52550 79
52551 49
52552 173
52553 141
52554 214
52555 132
52556 167
52557 85
52558 89
52559 78
52560 43
52561 95
52562 124
52563 190
52564 176
52565 97
52566 244
52567 249
52568 175
52569 159
52570 254
52571 125
52572 108
52573 156
52574 208
52575 240
52576 115
52577 65
52578 141
52579 154
52580 145
52581 201
52582 109
52583 203
52584 67
52585 153
52586 136
52587 159
52588 81
52589 289
52590 123
52591 233
52592 218
52593 188
52594 129
52595 -8
52596 88
52597 65
52598 138
52599 134
52600 170
52601 89
52602 173
52603 188
52604 191
52605 196
52606 123
52607 102
52608 151
52609 101
52610 88
52611 112
52612 242
52613 101
52614 143
52615 170
52616 86
52617 181
52618 45
52619 87
52620 160
52621 266
52622 90
52623 84
52624 165
52625 54
52626 143
52627 195
52628 299
52629 118
52630 235
52631 73
52632 249
52633 104
52634 129
52635 166
52636 223
52637 114
52638 204
52639 227
52640 147
52641 172
52642 72
52643 83
52644 144
52645 162
52646 122
52647 163
52648 170
52649 238
52650 244
52651 127
52652 170
52653 66
52654 273
52655 96
52656 28
52657 192
52658 46
52659 118
52660 191
52661 156
52662 60
52663 186
52664 71
52665 102
52666 265
52667 202
52668 135
52669 93
52670 104
52671 54
52672 68
52673 137
52674 125
52675 174
52676 127
52677 99
52678 161
52679 164
52680 318
52681 180
52682 364
52683 84
52684 15
52685 104
52686 113
52687 79
52688 85
52689 30
52690 127
52691 137
52692 183
52693 112
52694 108
52695 94
52696 254
52697 190
52698 300
52699 276
52700 290
52701 62
52702 221
52703 89
52704 8
52705 90
52706 149
52707 76
52708 167
52709 100
52710 191
52711 77
52712 108
52713 109
52714 143
52715 142
52716 54
52717 167
52718 170
52719 183
52720 159
52721 117
52722 250
52723 39
52724 228
52725 100
52726 122
52727 132
52728 263
52729 143
52730 346
52731 148
52732 146
52733 141
52734 140
52735 254
52736 55
52737 117
52738 143
52739 72
52740 130
52741 62
52742 134
52743 201
52744 79
52745 151
52746 85
52747 312
52748 85
52749 197
52750 52
52751 138
52752 383
52753 123
52754 97
52755 253
52756 141
52757 146
52758 166
52759 119
52760 106
52761 92
52762 116
52763 80
52764 127
52765 107
52766 120
52767 56
52768 150
52769 60
52770 43
52771 113
52772 179
52773 128
52774 71
52775 79
52776 127
52777 171
52778 99
52779 134
52780 84
52781 213
52782 112
52783 138
52784 47
52785 134
52786 279
52787 94
52788 85
52789 144
52790 163
52791 92
52792 189
52793 169
52794 109
52795 120
52796 66
52797 161
52798 148
52799 131
52800 79
52801 199
52802 269
52803 138
52804 175
52805 112
52806 59
52807 120
52808 153
52809 125
52810 179
52811 210
52812 77
52813 80
52814 143
52815 91
52816 189
52817 72
52818 151
52819 136
52820 126
52821 128
52822 152
52823 153
52824 118
52825 89
52826 168
52827 199
52828 96
52829 82
52830 171
52831 174
52832 54
52833 129
52834 79
52835 114
52836 184
52837 26
52838 172
52839 124
52840 214
52841 137
52842 181
52843 155
52844 263
52845 170
52846 148
52847 118
52848 134
52849 64
52850 190
52851 239
52852 37
52853 190
52854 74
52855 212
52856 109
52857 255
52858 209
52859 126
52860 224
52861 58
52862 251
52863 181
52864 180
52865 137
52866 188
52867 79
52868 67
52869 218
52870 120
52871 163
52872 74
52873 143
52874 203
52875 58
52876 160
52877 158
52878 65
52879 122
52880 111
52881 263
52882 111
52883 248
52884 165
52885 137
52886 119
52887 166
52888 128
52889 143
52890 158
52891 46
52892 171
52893 92
52894 76
52895 160
52896 119
52897 193
52898 184
52899 196
52900 197
52901 149
52902 211
52903 153
52904 149
52905 114
52906 196
52907 161
52908 135
52909 136
52910 187
52911 106
52912 103
52913 159
52914 123
52915 515
52916 85
52917 136
52918 120
52919 193
52920 174
52921 159
52922 111
52923 137
52924 116
52925 145
52926 150
52927 161
52928 177
52929 139
52930 173
52931 113
52932 141
52933 86
52934 118
52935 155
52936 123
52937 218
52938 169
52939 150
52940 105
52941 223
52942 125
52943 126
52944 236
52945 90
52946 157
52947 122
52948 69
52949 96
52950 84
52951 38
52952 163
52953 60
52954 129
52955 221
52956 103
52957 145
52958 197
52959 150
52960 86
52961 83
52962 139
52963 201
52964 186
52965 203
52966 135
52967 177
52968 251
52969 148
52970 369
52971 106
52972 32
52973 49
52974 125
52975 212
52976 333
52977 121
52978 123
52979 145
52980 133
52981 139
52982 84
52983 148
52984 131
52985 163
52986 200
52987 398
52988 81
52989 157
52990 124
52991 283
52992 192
52993 97
52994 134
52995 176
52996 150
52997 86
52998 64
52999 191
53000 197
53001 137
53002 149
53003 237
53004 151
53005 168
53006 122
53007 115
53008 109
53009 139
53010 170
53011 262
53012 131
53013 118
53014 153
53015 85
53016 138
53017 145
53018 226
53019 158
53020 129
53021 55
53022 185
53023 268
53024 117
53025 164
53026 300
53027 261
53028 112
53029 185
53030 117
53031 191
53032 77
53033 132
53034 107
53035 158
53036 145
53037 126
53038 89
53039 123
53040 145
53041 106
53042 25
53043 77
53044 161
53045 27
53046 94
53047 146
53048 138
53049 195
53050 177
53051 205
53052 89
53053 163
53054 104
53055 113
53056 232
53057 127
53058 165
53059 131
53060 130
53061 281
53062 124
53063 194
53064 241
53065 73
53066 48
53067 78
53068 116
53069 102
53070 106
53071 77
53072 312
53073 200
53074 111
53075 214
53076 102
53077 64
53078 120
53079 73
53080 34
53081 36
53082 342
53083 257
53084 234
53085 143
53086 162
53087 50
53088 137
53089 105
53090 243
53091 103
53092 137
53093 184
53094 162
53095 137
53096 116
53097 87
53098 175
53099 140
53100 153
53101 135
53102 124
53103 -2
53104 167
53105 171
53106 209
53107 173
53108 205
53109 166
53110 104
53111 170
53112 174
53113 62
53114 176
53115 186
53116 183
53117 85
53118 66
53119 122
53120 142
53121 228
53122 135
53123 129
53124 204
53125 107
53126 193
53127 94
53128 144
53129 144
53130 152
53131 163
53132 269
53133 82
53134 126
53135 3
53136 96
53137 142
53138 98
53139 241
53140 171
53141 150
53142 104
53143 95
53144 100
53145 182
53146 153
53147 182
53148 165
53149 87
53150 138
53151 162
53152 185
53153 166
53154 127
53155 116
53156 145
53157 87
53158 146
53159 167
53160 110
53161 150
53162 58
53163 251
53164 160
53165 176
53166 137
53167 158
53168 144
53169 151
53170 146
53171 117
53172 130
53173 86
53174 197
53175 129
53176 98
53177 192
53178 179
53179 171
53180 139
53181 29
53182 214
53183 79
53184 91
53185 156
53186 157
53187 184
53188 168
53189 117
53190 111
53191 300
53192 103
53193 150
53194 131
53195 145
53196 117
53197 201
53198 384
53199 81
53200 244
53201 266
53202 138
53203 132
53204 120
53205 260
53206 224
53207 107
53208 46
53209 120
53210 200
53211 40
53212 127
53213 39
53214 106
53215 67
53216 99
53217 187
53218 140
53219 247
53220 83
53221 42
53222 150
53223 75
53224 144
53225 151
53226 294
53227 152
53228 108
53229 142
53230 66
53231 122
53232 59
53233 175
53234 119
53235 36
53236 95
53237 85
53238 118
53239 174
53240 130
53241 75
53242 110
53243 97
53244 153
53245 93
53246 146
53247 122
53248 205
53249 439
53250 65
53251 207
53252 92
53253 74
53254 268
53255 123
53256 130
53257 113
53258 207
53259 76
53260 136
53261 10
53262 133
53263 242
53264 103
53265 127
53266 143
53267 125
53268 186
53269 178
53270 113
53271 121
53272 154
53273 117
53274 67
53275 101
53276 149
53277 121
53278 119
53279 182
53280 153
53281 205
53282 197
53283 120
53284 166
53285 105
53286 136
53287 203
53288 22
53289 95
53290 167
53291 128
53292 242
53293 195
53294 124
53295 157
53296 114
53297 257
53298 214
53299 72
53300 144
53301 207
53302 117
53303 224
53304 177
53305 113
53306 97
53307 107
53308 126
53309 132
53310 172
53311 115
53312 50
53313 59
53314 181
53315 109
53316 152
53317 64
53318 169
53319 137
53320 96
53321 97
53322 170
53323 95
53324 141
53325 223
53326 128
53327 141
53328 96
53329 192
53330 178
53331 120
53332 210
53333 87
53334 80
53335 168
53336 116
53337 185
53338 210
53339 274
53340 102
53341 140
53342 143
53343 224
53344 169
53345 90
53346 66
53347 213
53348 99
53349 124
53350 131
53351 123
53352 83
53353 117
53354 149
53355 281
53356 169
53357 141
53358 108
53359 157
53360 242
53361 218
53362 158
53363 115
53364 203
53365 194
53366 23
53367 162
53368 94
53369 141
53370 161
53371 252
53372 174
53373 251
53374 132
53375 95
53376 171
53377 198
53378 176
53379 113
53380 101
53381 308
53382 167
53383 293
53384 141
53385 196
53386 136
53387 175
53388 155
53389 168
53390 185
53391 127
53392 79
53393 259
53394 125
53395 134
53396 122
53397 237
53398 170
53399 193
53400 88
53401 156
53402 62
53403 189
53404 61
53405 161
53406 102
53407 116
53408 149
53409 137
53410 87
53411 86
53412 74
53413 158
53414 157
53415 94
53416 59
53417 125
53418 121
53419 89
53420 115
53421 212
53422 81
53423 75
53424 115
53425 144
53426 136
53427 213
53428 100
53429 113
53430 42
53431 104
53432 111
53433 157
53434 51
53435 103
53436 190
53437 207
53438 113
53439 205
53440 213
53441 70
53442 247
53443 80
53444 169
53445 162
53446 265
53447 172
53448 87
53449 334
53450 117
53451 77
53452 355
53453 184
53454 107
53455 90
53456 89
53457 132
53458 125
53459 206
53460 200
53461 36
53462 139
53463 100
53464 52
53465 118
53466 272
53467 138
53468 83
53469 194
53470 79
53471 51
53472 89
53473 125
53474 256
53475 107
53476 77
53477 111
53478 160
53479 125
53480 109
53481 130
53482 66
53483 98
53484 169
53485 166
53486 95
53487 139
53488 148
53489 152
53490 172
53491 139
53492 96
53493 202
53494 141
53495 88
53496 85
53497 135
53498 214
53499 248
53500 60
53501 98
53502 149
53503 135
53504 67
53505 108
53506 156
53507 116
53508 122
53509 65
53510 117
53511 134
53512 84
53513 157
53514 273
53515 249
53516 156
53517 223
53518 153
53519 130
53520 141
53521 270
53522 202
53523 105
53524 187
53525 152
53526 238
53527 90
53528 142
53529 51
53530 164
53531 109
53532 167
53533 151
53534 84
53535 128
53536 35
53537 123
53538 140
53539 80
53540 194
53541 65
53542 171
53543 164
53544 178
53545 109
53546 109
53547 105
53548 88
53549 101
53550 125
53551 159
53552 107
53553 105
53554 132
53555 167
53556 157
53557 139
53558 136
53559 80
53560 98
53561 159
53562 228
53563 109
53564 140
53565 76
53566 203
53567 101
53568 136
53569 113
53570 229
53571 175
53572 170
53573 179
53574 166
53575 355
53576 130
53577 90
53578 380
53579 27
53580 190
53581 208
53582 68
53583 42
53584 111
53585 106
53586 67
53587 130
53588 144
53589 164
53590 72
53591 142
53592 138
53593 120
53594 70
53595 151
53596 188
53597 223
53598 129
53599 153
53600 242
53601 86
53602 196
53603 138
53604 225
53605 158
53606 101
53607 113
53608 128
53609 277
53610 80
53611 182
53612 107
53613 166
53614 241
53615 70
53616 101
53617 32
53618 122
53619 72
53620 145
53621 119
53622 130
53623 134
53624 68
53625 202
53626 42
53627 90
53628 104
53629 150
53630 109
53631 160
53632 219
53633 177
53634 109
53635 92
53636 29
53637 110
53638 62
53639 65
53640 223
53641 224
53642 203
53643 129
53644 218
53645 77
53646 138
53647 193
53648 197
53649 -7
53650 157
53651 17
53652 94
53653 97
53654 159
53655 113
53656 136
53657 114
53658 143
53659 99
53660 132
53661 99
53662 84
53663 156
53664 191
53665 129
53666 120
53667 442
53668 175
53669 162
53670 177
53671 167
53672 140
53673 124
53674 122
53675 172
53676 323
53677 379
53678 113
53679 82
53680 112
53681 130
53682 104
53683 112
53684 269
53685 170
53686 165
53687 136
53688 94
53689 99
53690 139
53691 183
53692 211
53693 122
53694 183
53695 193
53696 108
53697 7
53698 152
53699 67
53700 197
53701 58
53702 136
53703 157
53704 133
53705 214
53706 83
53707 241
53708 176
53709 151
53710 99
53711 111
53712 150
53713 76
53714 148
53715 247
53716 136
53717 195
53718 159
53719 187
53720 133
53721 199
53722 145
53723 213
53724 216
53725 134
53726 41
53727 37
53728 154
53729 58
53730 171
53731 322
53732 142
53733 64
53734 197
53735 84
53736 110
53737 96
53738 153
53739 63
53740 74
53741 162
53742 110
53743 93
53744 133
53745 222
53746 158
53747 260
53748 160
53749 105
53750 167
53751 46
53752 60
53753 107
53754 193
53755 109
53756 109
53757 132
53758 162
53759 132
53760 86
53761 174
53762 105
53763 89
53764 167
53765 121
53766 125
53767 99
53768 142
53769 153
53770 98
53771 136
53772 299
53773 234
53774 114
53775 162
53776 131
53777 121
53778 175
53779 192
53780 193
53781 120
53782 238
53783 124
53784 167
53785 33
53786 193
53787 129
53788 113
53789 86
53790 114
53791 120
53792 184
53793 155
53794 254
53795 396
53796 181
53797 113
53798 190
53799 104
53800 175
53801 208
53802 89
53803 180
53804 134
53805 179
53806 222
53807 171
53808 176
53809 151
53810 152
53811 89
53812 176
53813 125
53814 125
53815 104
53816 170
53817 31
53818 146
53819 52
53820 291
53821 193
53822 152
53823 159
53824 189
53825 157
53826 135
53827 103
53828 115
53829 103
53830 208
53831 251
53832 230
53833 117
53834 147
53835 141
53836 347
53837 174
53838 186
53839 216
53840 197
53841 148
53842 101
53843 163
53844 198
53845 288
53846 230
53847 193
53848 173
53849 103
53850 340
53851 113
53852 205
53853 91
53854 191
53855 235
53856 136
53857 67
53858 205
53859 188
53860 199
53861 238
53862 94
53863 147
53864 57
53865 125
53866 164
53867 29
53868 93
53869 114
53870 149
53871 259
53872 159
53873 147
53874 160
53875 120
53876 233
53877 192
53878 137
53879 223
53880 186
53881 112
53882 110
53883 112
53884 133
53885 196
53886 173
53887 116
53888 141
53889 138
53890 192
53891 88
53892 257
53893 246
53894 191
53895 145
53896 107
53897 185
53898 138
53899 144
53900 109
53901 239
53902 250
53903 169
53904 122
53905 142
53906 101
53907 114
53908 59
53909 245
53910 164
53911 187
53912 106
53913 239
53914 102
53915 217
53916 148
53917 117
53918 163
53919 141
53920 200
53921 62
53922 163
53923 118
53924 217
53925 147
53926 167
53927 61
53928 302
53929 184
53930 41
53931 67
53932 176
53933 34
53934 36
53935 176
53936 123
53937 100
53938 174
53939 167
53940 215
53941 178
53942 159
53943 114
53944 132
53945 268
53946 91
53947 112
53948 254
53949 95
53950 205
53951 9
53952 28
53953 95
53954 204
53955 165
53956 47
53957 77
53958 164
53959 177
53960 201
53961 158
53962 142
53963 125
53964 149
53965 67
53966 169
53967 115
53968 71
53969 17
53970 131
53971 246
53972 97
53973 137
53974 218
53975 200
53976 175
53977 108
53978 129
53979 221
53980 2
53981 169
53982 78
53983 476
53984 126
53985 138
53986 159
53987 122
53988 118
53989 237
53990 213
53991 152
53992 164
53993 115
53994 190
53995 118
53996 156
53997 213
53998 127
53999 323
54000 128
54001 170
54002 89
54003 99
54004 109
54005 155
54006 107
54007 92
54008 196
54009 118
54010 80
54011 131
54012 232
54013 77
54014 19
54015 134
54016 119
54017 141
54018 157
54019 143
54020 85
54021 130
54022 137
54023 346
54024 155
54025 140
54026 85
54027 174
54028 124
54029 241
54030 111
54031 145
54032 247
54033 201
54034 148
54035 103
54036 160
54037 162
54038 111
54039 224
54040 184
54041 134
54042 123
54043 74
54044 88
54045 141
54046 138
54047 130
54048 176
54049 91
54050 180
54051 99
54052 192
54053 169
54054 143
54055 76
54056 130
54057 113
54058 161
54059 437
54060 74
54061 150
54062 70
54063 211
54064 205
54065 50
54066 126
54067 191
54068 98
54069 225
54070 191
54071 154
54072 213
54073 92
54074 48
54075 197
54076 155
54077 104
54078 144
54079 63
54080 451
54081 194
54082 109
54083 135
54084 112
54085 94
54086 136
54087 106
54088 115
54089 114
54090 208
54091 237
54092 144
54093 114
54094 134
54095 133
54096 256
54097 178
54098 70
54099 98
54100 159
54101 136
54102 110
54103 167
54104 117
54105 141
54106 174
54107 56
54108 190
54109 114
54110 269
54111 124
54112 193
54113 121
54114 153
54115 154
54116 198
54117 141
54118 119
54119 127
54120 118
54121 191
54122 114
54123 221
54124 188
54125 235
54126 188
54127 74
54128 26
54129 83
54130 99
54131 337
54132 85
54133 153
54134 197
54135 292
54136 133
54137 76
54138 230
54139 58
54140 78
54141 128
54142 144
54143 380
54144 145
54145 196
54146 143
54147 159
54148 163
54149 168
54150 74
54151 112
54152 95
54153 241
54154 123
54155 74
54156 139
54157 122
54158 136
54159 140
54160 176
54161 57
54162 166
54163 87
54164 134
54165 201
54166 189
54167 149
54168 315
54169 78
54170 77
54171 152
54172 157
54173 164
54174 84
54175 201
54176 230
54177 120
54178 90
54179 141
54180 134
54181 237
54182 199
54183 328
54184 111
54185 304
54186 202
54187 195
54188 100
54189 215
54190 141
54191 133
54192 176
54193 158
54194 84
54195 56
54196 87
54197 326
54198 178
54199 81
54200 152
54201 310
54202 13
54203 226
54204 93
54205 72
54206 46
54207 180
54208 142
54209 117
54210 347
54211 115
54212 106
54213 80
54214 122
54215 142
54216 109
54217 142
54218 162
54219 238
54220 108
54221 207
54222 122
54223 181
54224 112
54225 326
54226 156
54227 197
54228 115
54229 116
54230 157
54231 202
54232 93
54233 132
54234 172
54235 165
54236 350
54237 140
54238 102
54239 66
54240 96
54241 261
54242 333
54243 190
54244 135
54245 158
54246 106
54247 103
54248 105
54249 106
54250 110
54251 125
54252 144
54253 102
54254 117
54255 65
54256 113
54257 170
54258 289
54259 232
54260 70
54261 163
54262 225
54263 78
54264 77
54265 106
54266 238
54267 134
54268 171
54269 285
54270 172
54271 125
54272 209
54273 201
54274 216
54275 194
54276 141
54277 58
54278 136
54279 201
54280 134
54281 211
54282 140
54283 143
54284 61
54285 115
54286 120
54287 83
54288 124
54289 78
54290 141
54291 151
54292 72
54293 144
54294 110
54295 160
54296 170
54297 292
54298 122
54299 152
54300 190
54301 37
54302 83
54303 96
54304 89
54305 102
54306 95
54307 154
54308 137
54309 205
54310 77
54311 41
54312 142
54313 151
54314 58
54315 295
54316 89
54317 72
54318 83
54319 168
54320 174
54321 207
54322 75
54323 84
54324 120
54325 187
54326 64
54327 87
54328 208
54329 89
54330 267
54331 129
54332 44
54333 217
54334 52
54335 67
54336 161
54337 109
54338 122
54339 151
54340 171
54341 140
54342 143
54343 153
54344 129
54345 124
54346 113
54347 109
54348 158
54349 127
54350 239
54351 212
54352 38
54353 64
54354 94
54355 94
54356 126
54357 182
54358 112
54359 44
54360 242
54361 88
54362 124
54363 131
54364 139
54365 214
54366 72
54367 171
54368 49
54369 21
54370 305
54371 122
54372 126
54373 148
54374 139
54375 145
54376 152
54377 143
54378 103
54379 177
54380 222
54381 307
54382 149
54383 139
54384 92
54385 118
54386 129
54387 162
54388 137
54389 117
54390 127
54391 118
54392 116
54393 237
54394 105
54395 153
54396 129
54397 128
54398 283
54399 213
54400 118
54401 124
54402 93
54403 133
54404 204
54405 80
54406 159
54407 103
54408 75
54409 142
54410 236
54411 96
54412 199
54413 135
54414 212
54415 137
54416 139
54417 193
54418 175
54419 163
54420 100
54421 189
54422 193
54423 111
54424 151
54425 105
54426 147
54427 145
54428 139
54429 84
54430 199
54431 63
54432 110
54433 21
54434 76
54435 77
54436 163
54437 96
54438 74
54439 120
54440 102
54441 138
54442 78
54443 149
54444 238
54445 124
54446 185
54447 91
54448 103
54449 175
54450 62
54451 147
54452 127
54453 105
54454 139
54455 103
54456 137
54457 78
54458 155
54459 198
54460 131
54461 155
54462 180
54463 111
54464 201
54465 142
54466 114
54467 85
54468 90
54469 95
54470 -2
54471 176
54472 228
54473 92
54474 92
54475 333
54476 150
54477 118
54478 130
54479 145
54480 129
54481 119
54482 84
54483 77
54484 101
54485 163
54486 236
54487 154
54488 187
54489 40
54490 115
54491 334
54492 154
54493 74
54494 173
54495 314
54496 212
54497 75
54498 178
54499 305
54500 197
54501 142
54502 99
54503 129
54504 124
54505 204
54506 176
54507 81
54508 63
54509 167
54510 167
54511 180
54512 133
54513 157
54514 76
54515 107
54516 86
54517 100
54518 76
54519 123
54520 116
54521 214
54522 255
54523 123
54524 138
54525 59
54526 186
54527 154
54528 135
54529 93
54530 170
54531 161
54532 83
54533 279
54534 121
54535 115
54536 127
54537 141
54538 125
54539 98
54540 136
54541 117
54542 136
54543 162
54544 123
54545 165
54546 190
54547 92
54548 171
54549 114
54550 157
54551 101
54552 126
54553 101
54554 181
54555 87
54556 345
54557 254
54558 126
54559 71
54560 98
54561 186
54562 100
54563 47
54564 118
54565 233
54566 162
54567 154
54568 118
54569 101
54570 125
54571 133
54572 84
54573 183
54574 188
54575 146
54576 201
54577 271
54578 117
54579 126
54580 169
54581 168
54582 106
54583 97
54584 215
54585 126
54586 203
54587 95
54588 163
54589 94
54590 119
54591 129
54592 65
54593 74
54594 75
54595 105
54596 138
54597 89
54598 284
54599 247
54600 264
54601 202
54602 334
54603 150
54604 152
54605 133
54606 92
54607 79
54608 158
54609 171
54610 150
54611 127
54612 131
54613 110
54614 205
54615 145
54616 205
54617 160
54618 148
54619 99
54620 48
54621 133
54622 135
54623 110
54624 123
54625 201
54626 150
54627 130
54628 51
54629 112
54630 51
54631 212
54632 179
54633 197
54634 60
54635 152
54636 89
54637 118
54638 157
54639 99
54640 47
54641 162
54642 152
54643 207
54644 135
54645 96
54646 171
54647 184
54648 220
54649 182
54650 159
54651 129
54652 252
54653 119
54654 204
54655 214
54656 140
54657 122
54658 137
54659 124
54660 100
54661 148
54662 235
54663 144
54664 138
54665 82
54666 160
54667 131
54668 106
54669 68
54670 133
54671 145
54672 226
54673 198
54674 51
54675 176
54676 105
54677 137
54678 168
54679 95
54680 129
54681 117
54682 63
54683 69
54684 90
54685 190
54686 100
54687 95
54688 170
54689 92
54690 83
54691 48
54692 141
54693 132
54694 177
54695 148
54696 201
54697 149
54698 211
54699 79
54700 134
54701 169
54702 70
54703 127
54704 318
54705 29
54706 87
54707 125
54708 159
54709 122
54710 126
54711 159
54712 126
54713 126
54714 193
54715 118
54716 159
54717 162
54718 130
54719 185
54720 63
54721 198
54722 96
54723 126
54724 244
54725 27
54726 135
54727 94
54728 119
54729 162
54730 129
54731 155
54732 58
54733 32
54734 136
54735 47
54736 89
54737 209
54738 248
54739 94
54740 139
54741 148
54742 301
54743 176
54744 100
54745 133
54746 96
54747 312
54748 58
54749 98
54750 54
54751 99
54752 121
54753 328
54754 106
54755 133
54756 75
54757 205
54758 48
54759 90
54760 197
54761 202
54762 140
54763 169
54764 173
54765 272
54766 81
54767 126
54768 115
54769 88
54770 216
54771 58
54772 129
54773 96
54774 80
54775 117
54776 202
54777 177
54778 158
54779 79
54780 208
54781 230
54782 47
54783 72
54784 240
54785 127
54786 231
54787 209
54788 142
54789 40
54790 182
54791 280
54792 176
54793 127
54794 115
54795 204
54796 178
54797 205
54798 163
54799 161
54800 82
54801 75
54802 192
54803 111
54804 186
54805 116
54806 82
54807 172
54808 245
54809 132
54810 141
54811 124
54812 132
54813 122
54814 134
54815 185
54816 137
54817 183
54818 95
54819 97
54820 78
54821 105
54822 145
54823 269
54824 105
54825 165
54826 176
54827 102
54828 177
54829 40
54830 124
54831 51
54832 179
54833 163
54834 243
54835 166
54836 247
54837 85
54838 198
54839 156
54840 223
54841 233
54842 119
54843 154
54844 228
54845 141
54846 220
54847 435
54848 125
54849 117
54850 58
54851 136
54852 201
54853 218
54854 182
54855 148
54856 128
54857 71
54858 91
54859 187
54860 195
54861 111
54862 148
54863 73
54864 89
54865 80
54866 192
54867 299
54868 99
54869 160
54870 145
54871 116
54872 154
54873 171
54874 83
54875 130
54876 134
54877 221
54878 93
54879 123
54880 104
54881 136
54882 84
54883 106
54884 64
54885 241
54886 89
54887 124
54888 230
54889 125
54890 150
54891 136
54892 147
54893 142
54894 147
54895 230
54896 200
54897 98
54898 178
54899 127
54900 171
54901 148
54902 141
54903 247
54904 90
54905 187
54906 60
54907 89
54908 204
54909 106
54910 145
54911 127
54912 105
54913 92
54914 182
54915 157
54916 202
54917 121
54918 217
54919 77
54920 87
54921 301
54922 172
54923 263
54924 223
54925 178
54926 149
54927 92
54928 176
54929 188
54930 88
54931 95
54932 444
54933 29
54934 127
54935 97
54936 80
54937 104
54938 255
54939 77
54940 163
54941 129
54942 119
54943 164
54944 263
54945 108
54946 114
54947 116
54948 162
54949 168
54950 198
54951 83
54952 219
54953 203
54954 214
54955 107
54956 173
54957 161
54958 142
54959 202
54960 245
54961 135
54962 194
54963 53
54964 201
54965 119
54966 159
54967 195
54968 147
54969 84
54970 226
54971 111
54972 186
54973 136
54974 129
54975 131
54976 175
54977 113
54978 85
54979 80
54980 29
54981 105
54982 132
54983 75
54984 147
54985 139
54986 126
54987 147
54988 188
54989 321
54990 143
54991 161
54992 159
54993 140
54994 171
54995 86
54996 99
54997 137
54998 130
54999 172
55000 314
55001 155
55002 155
55003 54
55004 129
55005 106
55006 266
55007 185
55008 69
55009 151
55010 152
55011 117
55012 152
55013 165
55014 67
55015 202
55016 113
55017 62
55018 82
55019 129
55020 104
55021 133
55022 189
55023 78
55024 165
55025 148
55026 126
55027 44
55028 117
55029 155
55030 136
55031 145
55032 134
55033 35
55034 138
55035 92
55036 156
55037 313
55038 242
55039 204
55040 178
55041 271
55042 133
55043 164
55044 168
55045 130
55046 65
55047 149
55048 73
55049 139
55050 126
55051 154
55052 137
55053 100
55054 143
55055 184
55056 202
55057 124
55058 149
55059 238
55060 104
55061 272
55062 197
55063 180
55064 149
55065 96
55066 152
55067 264
55068 181
55069 129
55070 209
55071 131
55072 122
55073 30
55074 60
55075 103
55076 112
55077 123
55078 99
55079 134
55080 72
55081 188
55082 140
55083 244
55084 240
55085 58
55086 89
55087 129
55088 297
55089 80
55090 141
55091 75
55092 28
55093 157
55094 166
55095 196
55096 158
55097 118
55098 67
55099 103
55100 106
55101 191
55102 97
55103 154
55104 154
55105 112
55106 97
55107 226
55108 143
55109 69
55110 156
55111 111
55112 66
55113 51
55114 223
55115 173
55116 151
55117 132
55118 159
55119 49
55120 165
55121 177
55122 96
55123 213
55124 184
55125 67
55126 147
55127 146
55128 205
55129 134
55130 101
55131 97
55132 154
55133 207
55134 157
55135 97
55136 149
55137 128
55138 85
55139 251
55140 67
55141 76
55142 127
55143 121
55144 158
55145 182
55146 22
55147 66
55148 151
55149 73
55150 130
55151 64
55152 78
55153 128
55154 107
55155 278
55156 117
55157 256
55158 157
55159 162
55160 149
55161 227
55162 136
55163 165
55164 143
55165 142
55166 211
55167 135
55168 245
55169 72
55170 155
55171 197
55172 150
55173 263
55174 127
55175 139
55176 76
55177 126
55178 166
55179 82
55180 147
55181 290
55182 242
55183 149
55184 268
55185 51
55186 155
55187 158
55188 378
55189 155
55190 115
55191 182
55192 297
55193 181
55194 108
55195 45
55196 102
55197 69
55198 116
55199 83
55200 50
55201 416
55202 230
55203 114
55204 389
55205 95
55206 66
55207 116
55208 104
55209 200
55210 60
55211 147
55212 99
55213 195
55214 137
55215 91
55216 208
55217 160
55218 127
55219 27
55220 89
55221 169
55222 156
55223 133
55224 42
55225 132
55226 105
55227 56
55228 58
55229 152
55230 105
55231 131
55232 95
55233 156
55234 89
55235 108
55236 180
55237 58
55238 107
55239 166
55240 147
55241 119
55242 92
55243 235
55244 162
55245 123
55246 104
55247 105
55248 60
55249 85
55250 325
55251 275
55252 189
55253 75
55254 267
55255 222
55256 57
55257 154
55258 95
55259 167
55260 213
55261 135
55262 112
55263 126
55264 120
55265 120
55266 116
55267 118
55268 71
55269 165
55270 76
55271 138
55272 143
55273 134
55274 108
55275 119
55276 371
55277 106
55278 394
55279 215
55280 125
55281 143
55282 147
55283 230
55284 231
55285 109
55286 219
55287 151
55288 143
55289 29
55290 148
55291 259
55292 107
55293 115
55294 157
55295 106
55296 268
55297 164
55298 93
55299 197
55300 112
55301 66
55302 81
55303 180
55304 138
55305 83
55306 114
55307 145
55308 215
55309 161
55310 183
55311 165
55312 127
55313 109
55314 94
55315 230
55316 151
55317 113
55318 137
55319 264
55320 115
55321 150
55322 93
55323 121
55324 160
55325 180
55326 56
55327 163
55328 79
55329 191
55330 187
55331 132
55332 189
55333 107
55334 129
55335 178
55336 99
55337 153
55338 82
55339 123
55340 110
55341 160
55342 233
55343 94
55344 165
55345 48
55346 101
55347 122
55348 114
55349 219
55350 129
55351 238
55352 208
55353 53
55354 41
55355 92
55356 143
55357 197
55358 174
55359 177
55360 293
55361 22
55362 177
55363 82
55364 190
55365 181
55366 170
55367 102
55368 198
55369 89
55370 166
55371 193
55372 141
55373 265
55374 152
55375 180
55376 70
55377 110
55378 83
55379 206
55380 179
55381 298
55382 129
55383 140
55384 115
55385 166
55386 132
55387 64
55388 105
55389 58
55390 112
55391 92
55392 84
55393 108
55394 168
55395 112
55396 103
55397 105
55398 180
55399 56
55400 116
55401 123
55402 238
55403 94
55404 195
55405 118
55406 118
55407 140
55408 98
55409 121
55410 204
55411 177
55412 143
55413 100
55414 169
55415 62
55416 181
55417 80
55418 205
55419 57
55420 116
55421 208
55422 63
55423 156
55424 70
55425 80
55426 40
55427 233
55428 49
55429 75
55430 132
55431 158
55432 128
55433 265
55434 128
55435 193
55436 184
55437 157
55438 115
55439 238
55440 142
55441 154
55442 51
55443 116
55444 244
55445 134
55446 127
55447 93
55448 118
55449 136
55450 92
55451 245
55452 164
55453 119
55454 154
55455 122
55456 99
55457 144
55458 70
55459 215
55460 233
55461 120
55462 109
55463 147
55464 132
55465 72
55466 139
55467 230
55468 75
55469 207
55470 121
55471 100
55472 133
55473 102
55474 144
55475 124
55476 111
55477 166
55478 69
55479 84
55480 62
55481 91
55482 175
55483 143
55484 133
55485 162
55486 196
55487 158
55488 166
55489 114
55490 112
55491 196
55492 147
55493 135
55494 79
55495 127
55496 189
55497 132
55498 132
55499 125
55500 196
55501 178
55502 202
55503 105
55504 126
55505 150
55506 161
55507 164
55508 196
55509 148
55510 209
55511 84
55512 144
55513 172
55514 235
55515 109
55516 152
55517 99
55518 147
55519 142
55520 97
55521 233
55522 237
55523 79
55524 84
55525 31
55526 51
55527 68
55528 153
55529 84
55530 284
55531 97
55532 159
55533 136
55534 113
55535 -15
55536 105
55537 153
55538 132
55539 95
55540 160
55541 134
55542 118
55543 83
55544 177
55545 170
55546 100
55547 272
55548 246
55549 113
55550 171
55551 167
55552 97
55553 119
55554 96
55555 123
55556 76
55557 275
55558 262
55559 120
55560 127
55561 39
55562 102
55563 227
55564 156
55565 139
55566 107
55567 285
55568 161
55569 81
55570 130
55571 96
55572 74
55573 169
55574 77
55575 115
55576 211
55577 111
55578 207
55579 58
55580 68
55581 143
55582 133
55583 183
55584 210
55585 104
55586 18
55587 110
55588 72
55589 237
55590 98
55591 127
55592 211
55593 176
55594 112
55595 172
55596 134
55597 85
55598 67
55599 56
55600 150
55601 95
55602 115
55603 163
55604 244
55605 155
55606 163
55607 120
55608 106
55609 111
55610 99
55611 270
55612 91
55613 108
55614 190
55615 159
55616 60
55617 110
55618 128
55619 187
55620 200
55621 229
55622 198
55623 97
55624 57
55625 145
55626 211
55627 107
55628 163
55629 225
55630 141
55631 148
55632 241
55633 92
55634 43
55635 126
55636 135
55637 169
55638 106
55639 118
55640 86
55641 244
55642 144
55643 126
55644 204
55645 108
55646 94
55647 224
55648 61
55649 54
55650 105
55651 138
55652 160
55653 140
55654 401
55655 91
55656 80
55657 78
55658 126
55659 210
55660 52
55661 173
55662 157
55663 152
55664 100
55665 262
55666 240
55667 94
55668 145
55669 273
55670 217
55671 166
55672 67
55673 427
55674 178
55675 181
55676 78
55677 171
55678 240
55679 129
55680 149
55681 185
55682 63
55683 123
55684 155
55685 54
55686 216
55687 169
55688 136
55689 143
55690 81
55691 148
55692 230
55693 133
55694 142
55695 102
55696 128
55697 169
55698 145
55699 45
55700 76
55701 143
55702 78
55703 144
55704 143
55705 145
55706 198
55707 57
55708 50
55709 106
55710 180
55711 59
55712 228
55713 202
55714 247
55715 99
55716 104
55717 136
55718 142
55719 140
55720 95
55721 111
55722 108
55723 96
55724 119
55725 165
55726 129
55727 164
55728 0
55729 80
55730 80
55731 56
55732 457
55733 76
55734 237
55735 159
55736 151
55737 143
55738 91
55739 443
55740 150
55741 138
55742 186
55743 170
55744 229
55745 187
55746 66
55747 101
55748 237
55749 204
55750 173
55751 128
55752 86
55753 148
55754 53
55755 294
55756 168
55757 121
55758 101
55759 88
55760 245
55761 99
55762 124
55763 212
55764 98
55765 157
55766 88
55767 171
55768 73
55769 88
55770 127
55771 111
55772 139
55773 89
55774 160
55775 84
55776 81
55777 56
55778 114
55779 169
55780 57
55781 201
55782 228
55783 69
55784 63
55785 124
55786 151
55787 130
55788 359
55789 105
55790 195
55791 124
55792 26
55793 129
55794 108
55795 174
55796 117
55797 262
55798 115
55799 137
55800 61
55801 112
55802 87
55803 34
55804 83
55805 154
55806 200
55807 237
55808 57
55809 249
55810 41
55811 118
55812 98
55813 42
55814 149
55815 130
55816 118
55817 114
55818 76
55819 219
55820 147
55821 79
55822 169
55823 46
55824 111
55825 211
55826 86
55827 139
55828 178
55829 96
55830 47
55831 182
55832 222
55833 365
55834 269
55835 145
55836 200
55837 169
55838 172
55839 120
55840 171
55841 76
55842 48
55843 175
55844 86
55845 108
55846 149
55847 176
55848 150
55849 384
55850 112
55851 193
55852 145
55853 140
55854 130
55855 234
55856 65
55857 80
55858 168
55859 194
55860 91
55861 200
55862 220
55863 109
55864 180
55865 140
55866 91
55867 327
55868 106
55869 77
55870 152
55871 164
55872 127
55873 104
55874 90
55875 312
55876 44
55877 123
55878 138
55879 123
55880 226
55881 241
55882 203
55883 170
55884 171
55885 115
55886 253
55887 129
55888 97
55889 154
55890 70
55891 68
55892 154
55893 166
55894 170
55895 112
55896 182
55897 143
55898 140
55899 103
55900 62
55901 175
55902 123
55903 123
55904 83
55905 133
55906 141
55907 132
55908 113
55909 74
55910 107
55911 139
55912 160
55913 115
55914 147
55915 103
55916 84
55917 130
55918 127
55919 127
55920 155
55921 136
55922 44
55923 198
55924 149
55925 147
55926 123
55927 306
55928 229
55929 151
55930 57
55931 68
55932 192
55933 158
55934 108
55935 130
55936 144
55937 213
55938 103
55939 178
55940 102
55941 145
55942 121
55943 228
55944 301
55945 233
55946 191
55947 218
55948 199
55949 141
55950 155
55951 179
55952 111
55953 187
55954 235
55955 147
55956 134
55957 129
55958 65
55959 340
55960 148
55961 102
55962 59
55963 86
55964 189
55965 83
55966 123
55967 15
55968 121
55969 146
55970 101
55971 153
55972 247
55973 155
55974 181
55975 82
55976 110
55977 114
55978 83
55979 90
55980 52
55981 153
55982 56
55983 114
55984 150
55985 117
55986 129
55987 169
55988 145
55989 152
55990 232
55991 79
55992 108
55993 121
55994 238
55995 68
55996 121
55997 232
55998 92
55999 137
56000 69
56001 61
56002 80
56003 218
56004 104
56005 183
56006 72
56007 140
56008 71
56009 113
56010 96
56011 147
56012 94
56013 201
56014 145
56015 133
56016 77
56017 133
56018 159
56019 125
56020 236
56021 61
56022 230
56023 332
56024 163
56025 109
56026 299
56027 147
56028 42
56029 96
56030 87
56031 207
56032 196
56033 199
56034 65
56035 116
56036 114
56037 64
56038 144
56039 83
56040 359
56041 117
56042 278
56043 161
56044 93
56045 73
56046 189
56047 75
56048 106
56049 93
56050 128
56051 109
56052 126
56053 147
56054 64
56055 94
56056 122
56057 69
56058 184
56059 63
56060 245
56061 122
56062 10
56063 45
56064 141
56065 101
56066 98
56067 86
56068 131
56069 79
56070 122
56071 138
56072 34
56073 135
56074 100
56075 177
56076 244
56077 229
56078 133
56079 187
56080 132
56081 140
56082 37
56083 201
56084 151
56085 151
56086 73
56087 201
56088 132
56089 159
56090 110
56091 28
56092 190
56093 195
56094 127
56095 259
56096 145
56097 132
56098 209
56099 201
56100 94
56101 164
56102 112
56103 142
56104 73
56105 54
56106 113
56107 179
56108 20
56109 66
56110 71
56111 151
56112 123
56113 143
56114 71
56115 26
56116 125
56117 117
56118 184
56119 137
56120 79
56121 66
56122 75
56123 72
56124 256
56125 123
56126 137
56127 106
56128 173
56129 115
56130 157
56131 241
56132 130
56133 99
56134 56
56135 100
56136 215
56137 52
56138 394
56139 102
56140 86
56141 21
56142 196
56143 59
56144 51
56145 171
56146 120
56147 126
56148 95
56149 150
56150 139
56151 49
56152 116
56153 64
56154 103
56155 181
56156 78
56157 128
56158 145
56159 97
56160 100
56161 133
56162 79
56163 109
56164 123
56165 84
56166 190
56167 95
56168 336
56169 200
56170 85
56171 107
56172 222
56173 129
56174 130
56175 58
56176 88
56177 104
56178 191
56179 198
56180 142
56181 357
56182 173
56183 145
56184 137
56185 70
56186 157
56187 123
56188 69
56189 139
56190 220
56191 221
56192 96
56193 139
56194 51
56195 139
56196 220
56197 248
56198 88
56199 171
56200 229
56201 121
56202 92
56203 51
56204 125
56205 86
56206 178
56207 242
56208 245
56209 166
56210 302
56211 157
56212 227
56213 109
56214 177
56215 126
56216 87
56217 257
56218 156
56219 57
56220 134
56221 204
56222 129
56223 316
56224 10
56225 169
56226 157
56227 238
56228 202
56229 54
56230 161
56231 53
56232 128
56233 249
56234 266
56235 124
56236 174
56237 174
56238 39
56239 155
56240 59
56241 170
56242 42
56243 147
56244 94
56245 97
56246 50
56247 238
56248 94
56249 175
56250 166
56251 130
56252 90
56253 204
56254 158
56255 221
56256 164
56257 134
56258 233
56259 179
56260 108
56261 226
56262 105
56263 206
56264 220
56265 102
56266 293
56267 99
56268 56
56269 149
56270 88
56271 84
56272 236
56273 199
56274 170
56275 88
56276 145
56277 129
56278 276
56279 157
56280 153
56281 101
56282 125
56283 105
56284 130
56285 156
56286 138
56287 131
56288 107
56289 293
56290 135
56291 119
56292 91
56293 135
56294 174
56295 87
56296 147
56297 202
56298 -4
56299 137
56300 183
56301 214
56302 135
56303 12
56304 104
56305 148
56306 219
56307 90
56308 142
56309 152
56310 92
56311 238
56312 132
56313 182
56314 168
56315 121
56316 451
56317 266
56318 145
56319 170
56320 132
56321 82
56322 160
56323 159
56324 99
56325 184
56326 146
56327 129
56328 115
56329 176
56330 79
56331 176
56332 2
56333 219
56334 121
56335 73
56336 108
56337 151
56338 76
56339 296
56340 115
56341 107
56342 120
56343 217
56344 227
56345 64
56346 122
56347 101
56348 139
56349 86
56350 90
56351 124
56352 169
56353 219
56354 129
56355 104
56356 18
56357 31
56358 116
56359 143
56360 138
56361 104
56362 177
56363 165
56364 415
56365 132
56366 171
56367 15
56368 217
56369 95
56370 146
56371 106
56372 98
56373 127
56374 157
56375 151
56376 190
56377 230
56378 96
56379 192
56380 152
56381 139
56382 159
56383 236
56384 205
56385 120
56386 175
56387 73
56388 179
56389 115
56390 137
56391 181
56392 168
56393 143
56394 358
56395 86
56396 132
56397 155
56398 93
56399 18
56400 80
56401 179
56402 72
56403 128
56404 136
56405 92
56406 153
56407 95
56408 7
56409 134
56410 97
56411 115
56412 79
56413 156
56414 144
56415 238
56416 125
56417 126
56418 52
56419 245
56420 110
56421 41
56422 103
56423 119
56424 184
56425 148
56426 209
56427 71
56428 180
56429 260
56430 138
56431 113
56432 112
56433 101
56434 157
56435 133
56436 146
56437 61
56438 97
56439 134
56440 75
56441 99
56442 193
56443 174
56444 99
56445 130
56446 128
56447 193
56448 132
56449 180
56450 121
56451 144
56452 104
56453 81
56454 132
56455 146
56456 141
56457 108
56458 43
56459 186
56460 239
56461 58
56462 164
56463 124
56464 90
56465 57
56466 44
56467 127
56468 105
56469 114
56470 117
56471 164
56472 188
56473 329
56474 147
56475 87
56476 208
56477 93
56478 12
56479 60
56480 68
56481 119
56482 229
56483 135
56484 139
56485 207
56486 119
56487 80
56488 187
56489 141
56490 84
56491 122
56492 201
56493 185
56494 247
56495 102
56496 200
56497 208
56498 233
56499 137
56500 136
56501 282
56502 57
56503 144
56504 165
56505 149
56506 162
56507 75
56508 148
56509 63
56510 193
56511 80
56512 160
56513 114
56514 64
56515 186
56516 205
56517 250
56518 161
56519 126
56520 174
56521 185
56522 78
56523 193
56524 165
56525 130
56526 117
56527 87
56528 196
56529 172
56530 125
56531 61
56532 118
56533 80
56534 121
56535 98
56536 51
56537 137
56538 138
56539 137
56540 249
56541 72
56542 117
56543 90
56544 127
56545 85
56546 138
56547 106
56548 119
56549 367
56550 196
56551 166
56552 132
56553 103
56554 90
56555 182
56556 75
56557 131
56558 90
56559 203
56560 49
56561 296
56562 333
56563 242
56564 213
56565 118
56566 184
56567 88
56568 211
56569 175
56570 17
56571 149
56572 166
56573 140
56574 92
56575 81
56576 172
56577 98
56578 115
56579 189
56580 142
56581 114
56582 103
56583 95
56584 200
56585 62
56586 114
56587 145
56588 240
56589 81
56590 111
56591 133
56592 193
56593 117
56594 164
56595 370
56596 176
56597 132
56598 370
56599 54
56600 187
56601 102
56602 115
56603 106
56604 214
56605 173
56606 150
56607 91
56608 226
56609 208
56610 208
56611 197
56612 202
56613 151
56614 59
56615 180
56616 182
56617 127
56618 338
56619 144
56620 128
56621 141
56622 132
56623 175
56624 207
56625 26
56626 201
56627 174
56628 174
56629 107
56630 175
56631 132
56632 93
56633 6
56634 160
56635 117
56636 128
56637 54
56638 100
56639 115
56640 73
56641 133
56642 142
56643 130
56644 183
56645 102
56646 305
56647 177
56648 54
56649 140
56650 62
56651 217
56652 118
56653 55
56654 167
56655 107
56656 86
56657 235
56658 87
56659 143
56660 155
56661 100
56662 82
56663 164
56664 191
56665 286
56666 163
56667 147
56668 131
56669 217
56670 54
56671 253
56672 77
56673 113
56674 244
56675 191
56676 187
56677 116
56678 141
56679 88
56680 97
56681 175
56682 62
56683 240
56684 159
56685 126
56686 30
56687 140
56688 189
56689 271
56690 110
56691 100
56692 177
56693 99
56694 161
56695 129
56696 133
56697 122
56698 228
56699 97
56700 120
56701 238
56702 93
56703 119
56704 120
56705 146
56706 124
56707 64
56708 117
56709 137
56710 236
56711 100
56712 140
56713 130
56714 80
56715 127
56716 118
56717 413
56718 82
56719 171
56720 154
56721 89
56722 91
56723 159
56724 205
56725 168
56726 86
56727 136
56728 99
56729 54
56730 98
56731 94
56732 109
56733 241
56734 174
56735 178
56736 116
56737 125
56738 79
56739 105
56740 148
56741 128
56742 104
56743 201
56744 223
56745 122
56746 108
56747 193
56748 373
56749 306
56750 191
56751 142
56752 142
56753 163
56754 110
56755 177
56756 96
56757 310
56758 139
56759 138
56760 147
56761 109
56762 173
56763 173
56764 164
56765 41
56766 59
56767 94
56768 156
56769 106
56770 163
56771 137
56772 175
56773 164
56774 167
56775 134
56776 74
56777 139
56778 58
56779 104
56780 332
56781 132
56782 95
56783 250
56784 191
56785 200
56786 94
56787 77
56788 155
56789 208
56790 93
56791 97
56792 58
56793 139
56794 58
56795 176
56796 167
56797 130
56798 164
56799 175
56800 138
56801 -9
56802 171
56803 179
56804 198
56805 158
56806 90
56807 143
56808 116
56809 154
56810 82
56811 83
56812 119
56813 119
56814 97
56815 231
56816 119
56817 75
56818 204
56819 157
56820 143
56821 61
56822 175
56823 114
56824 128
56825 133
56826 86
56827 73
56828 92
56829 29
56830 163
56831 74
56832 48
56833 440
56834 71
56835 125
56836 153
56837 176
56838 173
56839 156
56840 91
56841 83
56842 68
56843 132
56844 165
56845 151
56846 193
56847 186
56848 180
56849 89
56850 118
56851 178
56852 167
56853 48
56854 136
56855 231
56856 91
56857 222
56858 133
56859 95
56860 135
56861 179
56862 93
56863 -2
56864 111
56865 92
56866 120
56867 128
56868 72
56869 89
56870 78
56871 266
56872 169
56873 225
56874 126
56875 134
56876 119
56877 72
56878 260
56879 46
56880 101
56881 150
56882 143
56883 138
56884 140
56885 62
56886 132
56887 168
56888 44
56889 82
56890 217
56891 212
56892 99
56893 104
56894 125
56895 67
56896 153
56897 211
56898 250
56899 112
56900 84
56901 192
56902 113
56903 115
56904 272
56905 32
56906 105
56907 145
56908 186
56909 125
56910 360
56911 7
56912 136
56913 194
56914 94
56915 132
56916 138
56917 147
56918 140
56919 104
56920 143
56921 117
56922 89
56923 101
56924 172
56925 317
56926 77
56927 187
56928 114
56929 169
56930 105
56931 135
56932 251
56933 70
56934 42
56935 127
56936 357
56937 361
56938 82
56939 183
56940 141
56941 145
56942 112
56943 190
56944 197
56945 137
56946 114
56947 60
56948 98
56949 124
56950 158
56951 61
56952 85
56953 92
56954 84
56955 78
56956 299
56957 259
56958 114
56959 103
56960 119
56961 134
56962 142
56963 114
56964 173
56965 121
56966 140
56967 177
56968 251
56969 157
56970 268
56971 41
56972 57
56973 42
56974 337
56975 102
56976 246
56977 176
56978 207
56979 108
56980 172
56981 138
56982 160
56983 147
56984 85
56985 84
56986 58
56987 141
56988 158
56989 89
56990 99
56991 105
56992 123
56993 154
56994 126
56995 128
56996 124
56997 141
56998 99
56999 172
57000 103
57001 230
57002 160
57003 226
57004 149
57005 235
57006 171
57007 205
57008 372
57009 82
57010 126
57011 223
57012 11
57013 202
57014 317
57015 183
57016 174
57017 48
57018 82
57019 172
57020 106
57021 100
57022 99
57023 204
57024 129
57025 147
57026 87
57027 53
57028 179
57029 38
57030 112
57031 383
57032 172
57033 223
57034 185
57035 2
57036 105
57037 232
57038 258
57039 103
57040 90
57041 212
57042 138
57043 73
57044 135
57045 178
57046 208
57047 113
57048 77
57049 127
57050 129
57051 248
57052 247
57053 117
57054 67
57055 186
57056 96
57057 102
57058 83
57059 130
57060 161
57061 197
57062 193
57063 83
57064 54
57065 90
57066 117
57067 199
57068 135
57069 80
57070 132
57071 123
57072 87
57073 -1
57074 94
57075 196
57076 169
57077 114
57078 126
57079 35
57080 119
57081 187
57082 148
57083 96
57084 -5
57085 140
57086 145
57087 126
57088 137
57089 141
57090 117
57091 203
57092 205
57093 162
57094 146
57095 138
57096 5
57097 156
57098 64
57099 40
57100 146
57101 133
57102 91
57103 120
57104 102
57105 101
57106 180
57107 364
57108 138
57109 222
57110 108
57111 140
57112 113
57113 287
57114 205
57115 239
57116 87
57117 104
57118 145
57119 152
57120 164
57121 67
57122 202
57123 308
57124 112
57125 88
57126 205
57127 151
57128 115
57129 222
57130 81
57131 39
57132 101
57133 119
57134 164
57135 191
57136 195
57137 181
57138 75
57139 163
57140 98
57141 125
57142 107
57143 236
57144 102
57145 66
57146 93
57147 194
57148 129
57149 98
57150 88
57151 72
57152 214
57153 168
57154 144
57155 160
57156 102
57157 229
57158 95
57159 115
57160 224
57161 249
57162 82
57163 109
57164 88
57165 167
57166 113
57167 236
57168 102
57169 100
57170 132
57171 74
57172 138
57173 326
57174 167
57175 152
57176 128
57177 123
57178 118
57179 154
57180 208
57181 132
57182 176
57183 1
57184 88
57185 96
57186 168
57187 123
57188 222
57189 166
57190 153
57191 250
57192 147
57193 104
57194 87
57195 220
57196 207
57197 130
57198 125
57199 24
57200 70
57201 183
57202 195
57203 48
57204 93
57205 27
57206 139
57207 147
57208 109
57209 114
57210 142
57211 164
57212 203
57213 75
57214 140
57215 114
57216 168
57217 166
57218 218
57219 120
57220 225
57221 129
57222 141
57223 127
57224 280
57225 129
57226 166
57227 132
57228 248
57229 174
57230 184
57231 79
57232 164
57233 136
57234 91
57235 132
57236 99
57237 87
57238 65
57239 143
57240 80
57241 110
57242 159
57243 189
57244 184
57245 176
57246 97
57247 168
57248 124
57249 129
57250 191
57251 212
57252 41
57253 147
57254 194
57255 141
57256 112
57257 192
57258 130
57259 146
57260 242
57261 104
57262 133
57263 7
57264 221
57265 212
57266 280
57267 232
57268 91
57269 112
57270 185
57271 124
57272 178
57273 199
57274 141
57275 125
57276 308
57277 157
57278 73
57279 149
57280 96
57281 158
57282 97
57283 11
57284 77
57285 158
57286 47
57287 104
57288 131
57289 84
57290 113
57291 246
57292 136
57293 142
57294 92
57295 99
57296 247
57297 235
57298 164
57299 108
57300 149
57301 286
57302 252
57303 108
57304 106
57305 98
57306 236
57307 75
57308 167
57309 138
57310 86
57311 96
57312 283
57313 82
57314 111
57315 124
57316 159
57317 118
57318 126
57319 95
57320 147
57321 199
57322 103
57323 75
57324 210
57325 199
57326 83
57327 108
57328 167
57329 80
57330 72
57331 155
57332 206
57333 79
57334 282
57335 65
57336 129
57337 91
57338 141
57339 112
57340 122
57341 119
57342 147
57343 137
57344 67
57345 128
57346 191
57347 121
57348 92
57349 176
57350 79
57351 87
57352 177
57353 199
57354 123
57355 187
57356 57
57357 144
57358 97
57359 222
57360 129
57361 164
57362 144
57363 175
57364 93
57365 172
57366 390
57367 182
57368 87
57369 129
57370 143
57371 128
57372 191
57373 113
57374 73
57375 79
57376 125
57377 97
57378 255
57379 92
57380 186
57381 237
57382 87
57383 132
57384 130
57385 125
57386 97
57387 166
57388 58
57389 22
57390 79
57391 83
57392 103
57393 261
57394 113
57395 150
57396 141
57397 164
57398 149
57399 220
57400 129
57401 192
57402 154
57403 19
57404 142
57405 77
57406 104
57407 228
57408 77
57409 114
57410 129
57411 137
57412 248
57413 135
57414 58
57415 103
57416 144
57417 139
57418 193
57419 150
57420 108
57421 149
57422 54
57423 132
57424 111
57425 68
57426 111
57427 154
57428 160
57429 101
57430 56
57431 189
57432 140
57433 163
57434 179
57435 172
57436 188
57437 195
57438 122
57439 152
57440 168
57441 188
57442 140
57443 216
57444 117
57445 116
57446 103
57447 91
57448 56
57449 146
57450 140
57451 77
57452 116
57453 163
57454 159
57455 262
57456 69
57457 153
57458 376
57459 247
57460 58
57461 136
57462 105
57463 173
57464 37
57465 58
57466 32
57467 126
57468 142
57469 117
57470 138
57471 201
57472 130
57473 181
57474 172
57475 156
57476 139
57477 90
57478 140
57479 164
57480 46
57481 169
57482 188
57483 167
57484 111
57485 166
57486 147
57487 161
57488 178
57489 290
57490 205
57491 174
57492 133
57493 187
57494 153
57495 165
57496 84
57497 44
57498 148
57499 96
57500 269
57501 28
57502 169
57503 130
57504 186
57505 50
57506 92
57507 110
57508 90
57509 98
57510 227
57511 149
57512 129
57513 82
57514 130
57515 129
57516 123
57517 73
57518 105
57519 141
57520 120
57521 129
57522 151
57523 97
57524 155
57525 121
57526 148
57527 282
57528 184
57529 120
57530 67
57531 95
57532 119
57533 157
57534 90
57535 61
57536 2
57537 138
57538 157
57539 71
57540 144
57541 12
57542 256
57543 120
57544 119
57545 107
57546 152
57547 246
57548 157
57549 146
57550 96
57551 202
57552 90
57553 117
57554 127
57555 44
57556 137
57557 142
57558 115
57559 99
57560 100
57561 182
57562 129
57563 243
57564 142
57565 139
57566 109
57567 96
57568 126
57569 124
57570 55
57571 131
57572 175
57573 196
57574 129
57575 198
57576 169
57577 128
57578 76
57579 91
57580 36
57581 53
57582 159
57583 178
57584 114
57585 139
57586 135
57587 72
57588 135
57589 18
57590 146
57591 128
57592 95
57593 152
57594 68
57595 102
57596 95
57597 116
57598 99
57599 14
57600 124
57601 173
57602 249
57603 125
57604 198
57605 119
57606 140
57607 69
57608 108
57609 116
57610 200
57611 95
57612 141
57613 170
57614 138
57615 414
57616 134
57617 271
57618 125
57619 145
57620 125
57621 407
57622 220
57623 231
57624 200
57625 177
57626 113
57627 226
57628 172
57629 165
57630 261
57631 151
57632 171
57633 362
57634 133
57635 80
57636 138
57637 120
57638 121
57639 203
57640 44
57641 122
57642 57
57643 66
57644 121
57645 85
57646 97
57647 135
57648 149
57649 75
57650 145
57651 168
57652 83
57653 147
57654 320
57655 317
57656 148
57657 202
57658 101
57659 184
57660 151
57661 115
57662 172
57663 130
57664 194
57665 73
57666 30
57667 353
57668 87
57669 142
57670 148
57671 94
57672 104
57673 290
57674 107
57675 207
57676 56
57677 162
57678 113
57679 232
57680 92
57681 78
57682 142
57683 60
57684 139
57685 131
57686 136
57687 115
57688 118
57689 111
57690 120
57691 78
57692 168
57693 203
57694 186
57695 144
57696 141
57697 221
57698 144
57699 252
57700 211
57701 105
57702 60
57703 166
57704 65
57705 4
57706 97
57707 87
57708 129
57709 158
57710 67
57711 204
57712 111
57713 54
57714 87
57715 162
57716 220
57717 71
57718 112
57719 48
57720 193
57721 110
57722 196
57723 75
57724 173
57725 60
57726 209
57727 176
57728 121
57729 44
57730 192
57731 160
57732 67
57733 129
57734 144
57735 95
57736 137
57737 176
57738 25
57739 144
57740 76
57741 92
57742 84
57743 220
57744 112
57745 79
57746 96
57747 265
57748 99
57749 130
57750 174
57751 198
57752 96
57753 203
57754 94
57755 130
57756 105
57757 161
57758 78
57759 105
57760 116
57761 41
57762 170
57763 80
57764 72
57765 146
57766 83
57767 101
57768 120
57769 227
57770 156
57771 139
57772 110
57773 170
57774 100
57775 122
57776 183
57777 181
57778 114
57779 108
57780 64
57781 101
57782 118
57783 169
57784 148
57785 133
57786 85
57787 122
57788 145
57789 52
57790 203
57791 117
57792 219
57793 153
57794 150
57795 180
57796 147
57797 33
57798 98
57799 75
57800 190
57801 102
57802 62
57803 228
57804 191
57805 167
57806 116
57807 202
57808 107
57809 242
57810 82
57811 78
57812 122
57813 68
57814 129
57815 151
57816 130
57817 263
57818 103
57819 111
57820 81
57821 320
57822 158
57823 126
57824 67
57825 172
57826 200
57827 109
57828 92
57829 48
57830 177
57831 4
57832 90
57833 110
57834 29
57835 147
57836 40
57837 255
57838 136
57839 141
57840 96
57841 161
57842 141
57843 162
57844 238
57845 195
57846 153
57847 173
57848 214
57849 101
57850 118
57851 123
57852 150
57853 144
57854 124
57855 95
57856 72
57857 83
57858 83
57859 123
57860 136
57861 141
57862 120
57863 187
57864 179
57865 52
57866 111
57867 110
57868 208
57869 289
57870 119
57871 153
57872 238
57873 184
57874 156
57875 140
57876 113
57877 70
57878 235
57879 83
57880 70
57881 51
57882 73
57883 206
57884 36
57885 122
57886 105
57887 67
57888 125
57889 145
57890 152
57891 53
57892 139
57893 155
57894 70
57895 134
57896 206
57897 81
57898 71
57899 176
57900 140
57901 89
57902 238
57903 126
57904 240
57905 125
57906 115
57907 138
57908 75
57909 233
57910 97
57911 149
57912 124
57913 75
57914 177
57915 222
57916 145
57917 171
57918 138
57919 71
57920 122
57921 125
57922 268
57923 142
57924 220
57925 183
57926 174
57927 115
57928 97
57929 97
57930 305
57931 165
57932 152
57933 138
57934 177
57935 86
57936 93
57937 93
57938 202
57939 96
57940 80
57941 111
57942 96
57943 149
57944 147
57945 87
57946 139
57947 81
57948 124
57949 184
57950 106
57951 259
57952 150
57953 347
57954 136
57955 85
57956 98
57957 90
57958 155
57959 110
57960 202
57961 142
57962 232
57963 76
57964 88
57965 102
57966 129
57967 122
57968 47
57969 215
57970 150
57971 246
57972 293
57973 136
57974 84
57975 339
57976 194
57977 187
57978 193
57979 57
57980 169
57981 139
57982 114
57983 101
57984 140
57985 190
57986 116
57987 161
57988 162
57989 133
57990 86
57991 232
57992 123
57993 183
57994 181
57995 51
57996 168
57997 135
57998 166
57999 133
58000 180
58001 48
58002 157
58003 174
58004 116
58005 187
58006 110
58007 84
58008 131
58009 69
58010 85
58011 100
58012 116
58013 153
58014 190
58015 98
58016 68
58017 126
58018 93
58019 132
58020 145
58021 132
58022 89
58023 114
58024 133
58025 98
58026 190
58027 130
58028 160
58029 77
58030 75
58031 258
58032 96
58033 122
58034 150
58035 110
58036 132
58037 73
58038 222
58039 60
58040 164
58041 147
58042 179
58043 104
58044 103
58045 207
58046 20
58047 97
58048 113
58049 91
58050 170
58051 141
58052 111
58053 221
58054 176
58055 197
58056 112
58057 93
58058 104
58059 184
58060 78
58061 196
58062 144
58063 130
58064 114
58065 183
58066 128
58067 157
58068 189
58069 90
58070 161
58071 124
58072 135
58073 150
58074 304
58075 54
58076 190
58077 171
58078 89
58079 168
58080 53
58081 205
58082 56
58083 122
58084 43
58085 127
58086 104
58087 178
58088 169
58089 99
58090 148
58091 138
58092 176
58093 119
58094 143
58095 119
58096 173
58097 48
58098 83
58099 125
58100 96
58101 58
58102 175
58103 109
58104 81
58105 102
58106 120
58107 100
58108 90
58109 89
58110 102
58111 119
58112 78
58113 351
58114 107
58115 125
58116 74
58117 105
58118 64
58119 182
58120 42
58121 296
58122 37
58123 210
58124 235
58125 153
58126 201
58127 101
58128 135
58129 66
58130 197
58131 110
58132 92
58133 125
58134 231
58135 82
58136 142
58137 165
58138 164
58139 139
58140 153
58141 47
58142 152
58143 143
58144 190
58145 95
58146 98
58147 200
58148 144
58149 82
58150 178
58151 189
58152 144
58153 148
58154 239
58155 60
58156 175
58157 165
58158 186
58159 161
58160 140
58161 164
58162 119
58163 154
58164 111
58165 58
58166 133
58167 100
58168 40
58169 95
58170 242
58171 134
58172 99
58173 185
58174 121
58175 83
58176 26
58177 51
58178 90
58179 122
58180 164
58181 214
58182 89
58183 186
58184 234
58185 217
58186 192
58187 46
58188 117
58189 102
58190 93
58191 248
58192 219
58193 85
58194 211
58195 90
58196 164
58197 37
58198 188
58199 183
58200 168
58201 96
58202 57
58203 129
58204 129
58205 97
58206 198
58207 180
58208 89
58209 153
58210 227
58211 129
58212 106
58213 79
58214 83
58215 197
58216 142
58217 187
58218 175
58219 50
58220 263
58221 185
58222 111
58223 81
58224 138
58225 97
58226 90
58227 176
58228 109
58229 127
58230 188
58231 252
58232 119
58233 32
58234 109
58235 104
58236 266
58237 192
58238 141
58239 226
58240 176
58241 123
58242 191
58243 93
58244 139
58245 43
58246 14
58247 122
58248 177
58249 171
58250 166
58251 150
58252 244
58253 316
58254 117
58255 55
58256 123
58257 84
58258 59
58259 98
58260 126
58261 172
58262 126
58263 180
58264 96
58265 168
58266 191
58267 228
58268 57
58269 179
58270 107
58271 69
58272 122
58273 112
58274 72
58275 100
58276 69
58277 106
58278 26
58279 141
58280 155
58281 139
58282 79
58283 134
58284 310
58285 123
58286 184
58287 167
58288 135
58289 63
58290 128
58291 128
58292 103
58293 130
58294 284
58295 137
58296 83
58297 159
58298 108
58299 69
58300 90
58301 296
58302 101
58303 130
58304 130
58305 109
58306 102
58307 257
58308 145
58309 201
58310 57
58311 178
58312 83
58313 214
58314 142
58315 37
58316 175
58317 90
58318 159
58319 117
58320 223
58321 118
58322 203
58323 84
58324 208
58325 146
58326 118
58327 144
58328 133
58329 82
58330 219
58331 195
58332 171
58333 96
58334 63
58335 121
58336 222
58337 81
58338 93
58339 183
58340 147
58341 164
58342 77
58343 148
58344 105
58345 114
58346 114
58347 194
58348 108
58349 181
58350 256
58351 174
58352 139
58353 160
58354 87
58355 229
58356 150
58357 217
58358 171
58359 241
58360 63
58361 191
58362 214
58363 124
58364 150
58365 150
58366 123
58367 134
58368 91
58369 219
58370 122
58371 143
58372 108
58373 131
58374 77
58375 94
58376 103
58377 102
58378 199
58379 48
58380 190
58381 216
58382 142
58383 282
58384 160
58385 107
58386 100
58387 128
58388 131
58389 125
58390 126
58391 210
58392 132
58393 200
58394 239
58395 127
58396 153
58397 138
58398 97
58399 202
58400 199
58401 96
58402 118
58403 153
58404 142
58405 145
58406 226
58407 172
58408 84
58409 124
58410 98
58411 72
58412 158
58413 138
58414 138
58415 107
58416 119
58417 132
58418 113
58419 125
58420 169
58421 292
58422 22
58423 144
58424 68
58425 225
58426 140
58427 120
58428 144
58429 92
58430 228
58431 175
58432 150
58433 164
58434 194
58435 153
58436 221
58437 128
58438 171
58439 170
58440 58
58441 128
58442 136
58443 131
58444 66
58445 106
58446 172
58447 215
58448 204
58449 157
58450 72
58451 189
58452 176
58453 35
58454 97
58455 164
58456 141
58457 280
58458 112
58459 138
58460 133
58461 71
58462 92
58463 45
58464 121
58465 64
58466 134
58467 148
58468 154
58469 142
58470 145
58471 141
58472 205
58473 140
58474 114
58475 102
58476 153
58477 187
58478 159
58479 101
58480 235
58481 201
58482 51
58483 201
58484 184
58485 158
58486 67
58487 82
58488 271
58489 109
58490 79
58491 14
58492 118
58493 129
58494 112
58495 212
58496 195
58497 312
58498 190
58499 133
58500 64
58501 144
58502 198
58503 235
58504 110
58505 179
58506 270
58507 35
58508 414
58509 110
58510 39
58511 180
58512 149
58513 144
58514 115
58515 172
58516 94
58517 99
58518 181
58519 200
58520 42
58521 197
58522 54
58523 230
58524 124
58525 233
58526 226
58527 78
58528 108
58529 202
58530 114
58531 150
58532 31
58533 110
58534 170
58535 343
58536 126
58537 103
58538 53
58539 77
58540 257
58541 111
58542 48
58543 125
58544 318
58545 138
58546 97
58547 102
58548 108
58549 266
58550 110
58551 123
58552 89
58553 185
58554 138
58555 234
58556 57
58557 89
58558 140
58559 68
58560 231
58561 168
58562 166
58563 109
58564 186
58565 207
58566 69
58567 229
58568 146
58569 159
58570 99
58571 116
58572 30
58573 101
58574 83
58575 158
58576 105
58577 84
58578 115
58579 210
58580 240
58581 103
58582 147
58583 199
58584 163
58585 146
58586 109
58587 132
58588 210
58589 24
58590 172
58591 123
58592 20
58593 211
58594 176
58595 115
58596 75
58597 166
58598 149
58599 56
58600 55
58601 104
58602 160
58603 129
58604 128
58605 187
58606 94
58607 203
58608 170
58609 76
58610 156
58611 56
58612 188
58613 194
58614 298
58615 263
58616 93
58617 94
58618 141
58619 128
58620 72
58621 29
58622 133
58623 38
58624 86
58625 224
58626 149
58627 121
58628 51
58629 174
58630 109
58631 115
58632 15
58633 85
58634 183
58635 88
58636 119
58637 71
58638 256
58639 128
58640 20
58641 148
58642 150
58643 131
58644 131
58645 79
58646 136
58647 46
58648 193
58649 113
58650 91
58651 93
58652 134
58653 175
58654 112
58655 122
58656 85
58657 136
58658 177
58659 103
58660 192
58661 262
58662 248
58663 89
58664 162
58665 208
58666 123
58667 150
58668 73
58669 124
58670 293
58671 81
58672 232
58673 112
58674 109
58675 91
58676 117
58677 103
58678 147
58679 234
58680 160
58681 114
58682 131
58683 205
58684 197
58685 239
58686 125
58687 112
58688 184
58689 50
58690 94
58691 275
58692 144
58693 237
58694 37
58695 166
58696 77
58697 78
58698 237
58699 199
58700 45
58701 162
58702 76
58703 134
58704 197
58705 168
58706 137
58707 113
58708 41
58709 206
58710 119
58711 175
58712 114
58713 119
58714 168
58715 154
58716 109
58717 108
58718 163
58719 155
58720 224
58721 97
58722 193
58723 140
58724 158
58725 173
58726 160
58727 165
58728 77
58729 132
58730 103
58731 100
58732 93
58733 51
58734 92
58735 115
58736 151
58737 105
58738 149
58739 139
58740 164
58741 122
58742 89
58743 112
58744 73
58745 206
58746 139
58747 127
58748 127
58749 67
58750 113
58751 27
58752 133
58753 220
58754 108
58755 105
58756 68
58757 177
58758 43
58759 88
58760 67
58761 50
58762 87
58763 163
58764 94
58765 196
58766 123
58767 28
58768 131
58769 89
58770 90
58771 156
58772 145
58773 82
58774 137
58775 170
58776 100
58777 72
58778 211
58779 163
58780 136
58781 96
58782 191
58783 216
58784 118
58785 104
58786 118
58787 99
58788 171
58789 75
58790 177
58791 165
58792 153
58793 121
58794 179
58795 152
58796 129
58797 153
58798 59
58799 209
58800 220
58801 93
58802 57
58803 109
58804 230
58805 86
58806 142
58807 41
58808 95
58809 103
58810 68
58811 42
58812 147
58813 77
58814 72
58815 105
58816 252
58817 164
58818 127
58819 175
58820 155
58821 97
58822 219
58823 184
58824 122
58825 225
58826 189
58827 96
58828 134
58829 82
58830 165
58831 162
58832 105
58833 138
58834 47
58835 132
58836 208
58837 126
58838 161
58839 267
58840 131
58841 167
58842 33
58843 256
58844 9
58845 58
58846 58
58847 178
58848 218
58849 174
58850 212
58851 271
58852 201
58853 147
58854 146
58855 145
58856 92
58857 128
58858 198
58859 177
58860 128
58861 185
58862 126
58863 162
58864 211
58865 168
58866 179
58867 172
58868 148
58869 149
58870 192
58871 138
58872 48
58873 115
58874 183
58875 155
58876 146
58877 220
58878 146
58879 57
58880 138
58881 61
58882 194
58883 101
58884 70
58885 256
58886 205
58887 139
58888 98
58889 167
58890 106
58891 218
58892 82
58893 211
58894 179
58895 84
58896 48
58897 206
58898 120
58899 100
58900 129
58901 202
58902 171
58903 42
58904 -13
58905 67
58906 133
58907 73
58908 64
58909 152
58910 46
58911 156
58912 128
58913 128
58914 207
58915 100
58916 124
58917 110
58918 216
58919 91
58920 181
58921 126
58922 249
58923 325
58924 48
58925 224
58926 119
58927 196
58928 108
58929 62
58930 82
58931 213
58932 179
58933 128
58934 134
58935 193
58936 97
58937 111
58938 126
58939 181
58940 116
58941 19
58942 80
58943 202
58944 236
58945 90
58946 154
58947 222
58948 196
58949 92
58950 122
58951 111
58952 124
58953 204
58954 47
58955 183
58956 181
58957 99
58958 157
58959 86
58960 143
58961 172
58962 250
58963 51
58964 93
58965 220
58966 366
58967 304
58968 76
58969 58
58970 160
58971 178
58972 53
58973 182
58974 111
58975 171
58976 103
58977 67
58978 71
58979 155
58980 216
58981 126
58982 34
58983 76
58984 144
58985 122
58986 110
58987 202
58988 152
58989 172
58990 189
58991 240
58992 91
58993 150
58994 158
58995 132
58996 292
58997 205
58998 114
58999 193
59000 86
59001 223
59002 139
59003 20
59004 75
59005 86
59006 144
59007 158
59008 123
59009 108
59010 62
59011 119
59012 180
59013 90
59014 163
59015 39
59016 169
59017 197
59018 58
59019 176
59020 134
59021 127
59022 160
59023 188
59024 207
59025 121
59026 130
59027 163
59028 83
59029 207
59030 143
59031 52
59032 252
59033 30
59034 87
59035 215
59036 77
59037 90
59038 162
59039 114
59040 386
59041 122
59042 102
59043 273
59044 132
59045 95
59046 206
59047 41
59048 181
59049 213
59050 221
59051 43
59052 115
59053 181
59054 163
59055 84
59056 62
59057 60
59058 181
59059 115
59060 165
59061 183
59062 94
59063 109
59064 103
59065 156
59066 125
59067 124
59068 56
59069 140
59070 173
59071 101
59072 110
59073 92
59074 73
59075 88
59076 118
59077 212
59078 144
59079 110
59080 185
59081 234
59082 89
59083 139
59084 166
59085 172
59086 185
59087 118
59088 147
59089 81
59090 80
59091 282
59092 164
59093 77
59094 98
59095 84
59096 147
59097 150
59098 145
59099 35
59100 161
59101 351
59102 144
59103 178
59104 173
59105 88
59106 227
59107 310
59108 139
59109 154
59110 91
59111 168
59112 88
59113 338
59114 184
59115 89
59116 178
59117 60
59118 39
59119 -12
59120 137
59121 200
59122 148
59123 110
59124 88
59125 162
59126 107
59127 139
59128 186
59129 125
59130 139
59131 76
59132 218
59133 143
59134 164
59135 155
59136 203
59137 88
59138 48
59139 181
59140 229
59141 128
59142 71
59143 128
59144 196
59145 62
59146 103
59147 167
59148 115
59149 188
59150 217
59151 158
59152 99
59153 241
59154 24
59155 82
59156 230
59157 175
59158 174
59159 107
59160 103
59161 252
59162 204
59163 253
59164 140
59165 138
59166 144
59167 153
59168 143
59169 372
59170 81
59171 119
59172 206
59173 124
59174 84
59175 75
59176 125
59177 96
59178 130
59179 201
59180 114
59181 153
59182 171
59183 153
59184 74
59185 152
59186 28
59187 62
59188 57
59189 103
59190 90
59191 83
59192 98
59193 162
59194 119
59195 95
59196 35
59197 286
59198 155
59199 215
59200 83
59201 117
59202 96
59203 158
59204 195
59205 135
59206 187
59207 152
59208 149
59209 134
59210 66
59211 67
59212 86
59213 114
59214 153
59215 145
59216 153
59217 103
59218 15
59219 93
59220 145
59221 68
59222 94
59223 255
59224 34
59225 71
59226 171
59227 123
59228 95
59229 139
59230 81
59231 183
59232 158
59233 207
59234 122
59235 9
59236 59
59237 99
59238 106
59239 192
59240 84
59241 244
59242 161
59243 187
59244 140
59245 268
59246 149
59247 105
59248 67
59249 253
59250 129
59251 162
59252 172
59253 149
59254 19
59255 106
59256 97
59257 107
59258 103
59259 85
59260 185
59261 311
59262 141
59263 132
59264 154
59265 145
59266 97
59267 124
59268 210
59269 164
59270 169
59271 317
59272 138
59273 83
59274 61
59275 131
59276 163
59277 86
59278 188
59279 115
59280 143
59281 67
59282 233
59283 106
59284 55
59285 208
59286 152
59287 222
59288 48
59289 38
59290 119
59291 186
59292 120
59293 119
59294 108
59295 151
59296 118
59297 83
59298 161
59299 153
59300 113
59301 45
59302 161
59303 165
59304 133
59305 172
59306 135
59307 121
59308 127
59309 123
59310 106
59311 313
59312 147
59313 114
59314 147
59315 129
59316 193
59317 88
59318 58
59319 78
59320 21
59321 220
59322 216
59323 149
59324 99
59325 122
59326 161
59327 76
59328 50
59329 139
59330 103
59331 153
59332 93
59333 143
59334 234
59335 276
59336 111
59337 132
59338 171
59339 98
59340 222
59341 197
59342 62
59343 189
59344 167
59345 109
59346 234
59347 72
59348 154
59349 104
59350 228
59351 88
59352 180
59353 133
59354 132
59355 137
59356 277
59357 61
59358 203
59359 144
59360 121
59361 151
59362 228
59363 158
59364 152
59365 220
59366 192
59367 104
59368 113
59369 115
59370 149
59371 41
59372 66
59373 98
59374 142
59375 74
59376 51
59377 104
59378 120
59379 248
59380 199
59381 120
59382 73
59383 386
59384 138
59385 127
59386 206
59387 284
59388 -11
59389 217
59390 215
59391 92
59392 62
59393 209
59394 136
59395 172
59396 116
59397 287
59398 55
59399 26
59400 164
59401 115
59402 152
59403 145
59404 158
59405 79
59406 170
59407 201
59408 147
59409 233
59410 112
59411 122
59412 154
59413 104
59414 156
59415 120
59416 137
59417 135
59418 167
59419 112
59420 93
59421 146
59422 113
59423 84
59424 82
59425 35
59426 133
59427 226
59428 180
59429 168
59430 109
59431 57
59432 143
59433 369
59434 138
59435 91
59436 167
59437 256
59438 143
59439 175
59440 105
59441 83
59442 91
59443 73
59444 138
59445 173
59446 77
59447 117
59448 76
59449 128
59450 78
59451 171
59452 167
59453 76
59454 201
59455 155
59456 109
59457 215
59458 98
59459 114
59460 121
59461 162
59462 105
59463 235
59464 179
59465 114
59466 69
59467 97
59468 94
59469 89
59470 100
59471 140
59472 134
59473 40
59474 -5
59475 211
59476 149
59477 90
59478 176
59479 26
59480 153
59481 230
59482 18
59483 103
59484 115
59485 112
59486 185
59487 84
59488 142
59489 163
59490 145
59491 86
59492 158
59493 125
59494 170
59495 118
59496 167
59497 163
59498 136
59499 105
59500 156
59501 74
59502 171
59503 131
59504 130
59505 85
59506 162
59507 139
59508 119
59509 189
59510 116
59511 147
59512 84
59513 124
59514 98
59515 131
59516 108
59517 60
59518 43
59519 145
59520 127
59521 152
59522 104
59523 124
59524 125
59525 168
59526 178
59527 233
59528 145
59529 117
59530 156
59531 166
59532 122
59533 136
59534 71
59535 182
59536 102
59537 162
59538 169
59539 123
59540 59
59541 149
59542 103
59543 148
59544 112
59545 123
59546 74
59547 103
59548 51
59549 134
59550 112
59551 177
59552 124
59553 205
59554 64
59555 142
59556 63
59557 56
59558 177
59559 160
59560 190
59561 63
59562 96
59563 98
59564 135
59565 182
59566 68
59567 183
59568 265
59569 102
59570 210
59571 112
59572 134
59573 91
59574 51
59575 106
59576 224
59577 170
59578 106
59579 79
59580 152
59581 423
59582 132
59583 106
59584 163
59585 188
59586 103
59587 158
59588 113
59589 168
59590 137
59591 124
59592 144
59593 266
59594 82
59595 107
59596 136
59597 114
59598 92
59599 112
59600 184
59601 240
59602 116
59603 162
59604 110
59605 148
59606 73
59607 141
59608 301
59609 100
59610 128
59611 220
59612 96
59613 87
59614 106
59615 252
59616 115
59617 220
59618 263
59619 125
59620 101
59621 158
59622 144
59623 84
59624 185
59625 88
59626 125
59627 211
59628 126
59629 132
59630 174
59631 193
59632 190
59633 99
59634 59
59635 294
59636 90
59637 78
59638 102
59639 143
59640 123
59641 183
59642 202
59643 108
59644 162
59645 208
59646 165
59647 99
59648 84
59649 207
59650 125
59651 155
59652 129
59653 226
59654 150
59655 179
59656 77
59657 103
59658 129
59659 239
59660 73
59661 204
59662 58
59663 233
59664 37
59665 116
59666 163
59667 145
59668 110
59669 129
59670 101
59671 87
59672 67
59673 174
59674 159
59675 310
59676 101
59677 190
59678 122
59679 108
59680 159
59681 110
59682 15
59683 104
59684 161
59685 46
59686 123
59687 101
59688 270
59689 80
59690 64
59691 160
59692 203
59693 235
59694 165
59695 204
59696 204
59697 139
59698 71
59699 79
59700 146
59701 134
59702 31
59703 183
59704 78
59705 117
59706 121
59707 0
59708 46
59709 215
59710 9
59711 124
59712 72
59713 241
59714 152
59715 166
59716 120
59717 129
59718 113
59719 127
59720 155
59721 112
59722 215
59723 76
59724 127
59725 152
59726 49
59727 108
59728 156
59729 99
59730 60
59731 112
59732 103
59733 125
59734 50
59735 118
59736 181
59737 119
59738 94
59739 15
59740 121
59741 129
59742 132
59743 173
59744 162
59745 89
59746 107
59747 103
59748 63
59749 151
59750 126
59751 96
59752 164
59753 140
59754 63
59755 99
59756 212
59757 200
59758 100
59759 186
59760 123
59761 101
59762 194
59763 80
59764 96
59765 129
59766 205
59767 117
59768 138
59769 85
59770 192
59771 188
59772 144
59773 122
59774 175
59775 139
59776 166
59777 125
59778 102
59779 235
59780 152
59781 166
59782 144
59783 104
59784 87
59785 153
59786 89
59787 168
59788 93
59789 209
59790 141
59791 133
59792 115
59793 139
59794 110
59795 49
59796 89
59797 131
59798 112
59799 109
59800 134
59801 78
59802 51
59803 175
59804 50
59805 149
59806 217
59807 82
59808 133
59809 72
59810 116
59811 150
59812 164
59813 131
59814 127
59815 215
59816 98
59817 178
59818 179
59819 153
59820 91
59821 164
59822 142
59823 127
59824 165
59825 168
59826 127
59827 124
59828 95
59829 94
59830 103
59831 165
59832 95
59833 111
59834 156
59835 105
59836 190
59837 99
59838 156
59839 311
59840 89
59841 45
59842 147
59843 102
59844 172
59845 102
59846 126
59847 65
59848 109
59849 183
59850 125
59851 132
59852 74
59853 191
59854 105
59855 181
59856 123
59857 95
59858 47
59859 265
59860 119
59861 135
59862 50
59863 137
59864 95
59865 233
59866 139
59867 179
59868 115
59869 168
59870 372
59871 135
59872 101
59873 81
59874 144
59875 85
59876 189
59877 13
59878 111
59879 126
59880 154
59881 135
59882 134
59883 202
59884 97
59885 169
59886 126
59887 110
59888 72
59889 148
59890 131
59891 147
59892 68
59893 140
59894 30
59895 154
59896 11
59897 256
59898 163
59899 65
59900 92
59901 60
59902 117
59903 125
59904 176
59905 129
59906 247
59907 183
59908 117
59909 192
59910 77
59911 175
59912 81
59913 165
59914 88
59915 98
59916 152
59917 69
59918 43
59919 100
59920 240
59921 160
59922 141
59923 132
59924 210
59925 271
59926 64
59927 256
59928 153
59929 125
59930 99
59931 115
59932 150
59933 103
59934 121
59935 139
59936 126
59937 109
59938 184
59939 188
59940 167
59941 269
59942 121
59943 180
59944 400
59945 182
59946 130
59947 231
59948 46
59949 162
59950 140
59951 132
59952 164
59953 103
59954 131
59955 190
59956 137
59957 161
59958 75
59959 164
59960 213
59961 35
59962 83
59963 75
59964 137
59965 151
59966 192
59967 110
59968 184
59969 129
59970 58
59971 145
59972 26
59973 205
59974 156
59975 128
59976 153
59977 98
59978 173
59979 170
59980 147
59981 100
59982 181
59983 143
59984 195
59985 104
59986 134
59987 100
59988 182
59989 70
59990 400
59991 121
59992 209
59993 123
59994 185
59995 319
59996 209
59997 229
59998 162
59999 96
60000 186
60001 370
60002 53
60003 164
60004 133
60005 108
60006 82
60007 105
60008 175
60009 129
60010 66
60011 57
60012 128
60013 139
60014 170
60015 30
60016 62
60017 97
60018 112
60019 175
60020 126
60021 64
60022 93
60023 153
60024 110
60025 110
60026 146
60027 131
60028 76
60029 55
60030 86
60031 152
60032 81
60033 171
60034 44
60035 162
60036 63
60037 89
60038 99
60039 134
60040 107
60041 175
60042 150
60043 112
60044 33
60045 126
60046 26
60047 102
60048 145
60049 120
60050 177
60051 120
60052 128
60053 191
60054 209
60055 283
60056 127
60057 139
60058 96
60059 196
60060 149
60061 186
60062 170
60063 149
60064 172
60065 126
60066 70
60067 119
60068 89
60069 158
60070 58
60071 157
60072 171
60073 134
60074 108
60075 134
60076 215
60077 117
60078 194
60079 48
60080 90
60081 82
60082 102
60083 137
60084 90
60085 147
60086 229
60087 152
60088 167
60089 215
60090 95
60091 70
60092 87
60093 113
60094 145
60095 137
60096 65
60097 162
60098 129
60099 121
60100 41
60101 180
60102 189
60103 274
60104 94
60105 109
60106 114
60107 150
60108 122
60109 160
60110 119
60111 183
60112 87
60113 116
60114 224
60115 200
60116 103
60117 437
60118 226
60119 117
60120 127
60121 121
60122 139
60123 141
60124 134
60125 45
60126 92
60127 198
60128 54
60129 43
60130 176
60131 163
60132 166
60133 182
60134 130
60135 217
60136 136
60137 135
60138 119
60139 144
60140 22
60141 121
60142 145
60143 175
60144 119
60145 192
60146 177
60147 137
60148 171
60149 30
60150 139
60151 130
60152 111
60153 67
60154 77
60155 99
60156 174
60157 171
60158 106
60159 121
60160 121
60161 152
60162 167
60163 131
60164 132
60165 129
60166 37
60167 97
60168 176
60169 131
60170 62
60171 89
60172 83
60173 111
60174 148
60175 248
60176 184
60177 210
60178 207
60179 106
60180 149
60181 126
60182 106
60183 230
60184 152
60185 310
60186 151
60187 107
60188 184
60189 156
60190 104
60191 138
60192 85
60193 159
60194 108
60195 66
60196 234
60197 106
60198 245
60199 76
60200 193
60201 117
60202 94
60203 222
60204 107
60205 214
60206 178
60207 102
60208 100
60209 183
60210 152
60211 215
60212 213
60213 100
60214 114
60215 81
60216 27
60217 159
60218 93
60219 262
60220 237
60221 240
60222 221
60223 53
60224 76
60225 167
60226 174
60227 144
60228 162
60229 123
60230 134
60231 59
60232 146
60233 82
60234 166
60235 109
60236 134
60237 177
60238 125
60239 245
60240 178
60241 350
60242 180
60243 76
60244 148
60245 75
60246 91
60247 94
60248 233
60249 144
60250 111
60251 90
60252 128
60253 355
60254 159
60255 118
60256 174
60257 161
60258 167
60259 85
60260 146
60261 60
60262 52
60263 278
60264 109
60265 123
60266 131
60267 146
60268 199
60269 302
60270 157
60271 140
60272 105
60273 194
60274 209
60275 81
60276 112
60277 164
60278 147
60279 130
60280 112
60281 133
60282 116
60283 150
60284 229
60285 196
60286 95
60287 114
60288 163
60289 144
60290 155
60291 152
60292 225
60293 121
60294 178
60295 239
60296 276
60297 174
60298 69
60299 462
60300 83
60301 79
60302 300
60303 120
60304 125
60305 142
60306 110
60307 89
60308 265
60309 120
60310 185
60311 146
60312 103
60313 393
60314 99
60315 116
60316 206
60317 168
60318 190
60319 132
60320 139
60321 161
60322 152
60323 110
60324 247
60325 81
60326 105
60327 136
60328 42
60329 94
60330 240
60331 12
60332 66
60333 78
60334 84
60335 96
60336 146
60337 83
60338 148
60339 91
60340 107
60341 109
60342 144
60343 73
60344 50
60345 98
60346 44
60347 76
60348 91
60349 222
60350 142
60351 77
60352 194
60353 39
60354 50
60355 46
60356 49
60357 147
60358 117
60359 174
60360 180
60361 36
60362 117
60363 111
60364 187
60365 146
60366 132
60367 118
60368 259
60369 253
60370 157
60371 165
60372 136
60373 146
60374 156
60375 189
60376 235
60377 182
60378 100
60379 137
60380 135
60381 118
60382 95
60383 209
60384 119
60385 179
60386 197
60387 152
60388 56
60389 486
60390 179
60391 199
60392 29
60393 453
60394 147
60395 19
60396 74
60397 93
60398 123
60399 100
60400 88
60401 115
60402 75
60403 250
60404 155
60405 131
60406 76
60407 137
60408 95
60409 120
60410 83
60411 129
60412 79
60413 99
60414 36
60415 -7
60416 141
60417 45
60418 241
60419 98
60420 133
60421 101
60422 229
60423 103
60424 149
60425 46
60426 72
60427 64
60428 181
60429 70
60430 88
60431 114
60432 142
60433 179
60434 174
60435 130
60436 83
60437 187
60438 97
60439 184
60440 199
60441 68
60442 145
60443 145
60444 150
60445 103
60446 176
60447 148
60448 103
60449 92
60450 204
60451 147
60452 145
60453 139
60454 134
60455 88
60456 63
60457 177
60458 213
60459 286
60460 106
60461 89
60462 197
60463 134
60464 140
60465 173
60466 86
60467 116
60468 165
60469 200
60470 165
60471 169
60472 129
60473 93
60474 81
60475 113
60476 97
60477 162
60478 172
60479 55
60480 44
60481 125
60482 90
60483 158
60484 101
60485 122
60486 155
60487 162
60488 90
60489 27
60490 140
60491 173
60492 107
60493 131
60494 258
60495 92
60496 115
60497 192
60498 93
60499 113
60500 150
60501 130
60502 119
60503 292
60504 85
60505 111
60506 97
60507 111
60508 129
60509 66
60510 154
60511 69
60512 143
60513 116
60514 97
60515 202
60516 188
60517 133
60518 118
60519 100
60520 159
60521 129
60522 149
60523 54
60524 107
60525 114
60526 123
60527 86
60528 236
60529 240
60530 115
60531 134
60532 122
60533 208
60534 240
60535 153
60536 46
60537 84
60538 118
60539 84
60540 160
60541 285
60542 89
60543 135
60544 45
60545 108
60546 129
60547 99
60548 140
60549 152
60550 165
60551 130
60552 157
60553 390
60554 67
60555 84
60556 156
60557 73
60558 302
60559 135
60560 100
60561 135
60562 228
60563 76
60564 125
60565 114
60566 159
60567 85
60568 359
60569 107
60570 107
60571 114
60572 172
60573 64
60574 120
60575 182
60576 152
60577 141
60578 124
60579 144
60580 259
60581 126
60582 155
60583 172
60584 118
60585 160
60586 76
60587 153
60588 49
60589 130
60590 118
60591 66
60592 151
60593 150
60594 168
60595 68
60596 248
60597 84
60598 41
60599 205
60600 133
60601 205
60602 171
60603 197
60604 128
60605 235
60606 217
60607 111
60608 123
60609 110
60610 277
60611 357
60612 136
60613 115
60614 106
60615 155
60616 141
60617 390
60618 166
60619 72
60620 177
60621 287
60622 103
60623 201
60624 117
60625 119
60626 160
60627 132
60628 116
60629 114
60630 140
60631 83
60632 144
60633 157
60634 192
60635 146
60636 146
60637 122
60638 69
60639 158
60640 123
60641 55
60642 147
60643 224
60644 129
60645 137
60646 119
60647 58
60648 45
60649 88
60650 61
60651 98
60652 240
60653 165
60654 99
60655 14
60656 130
60657 63
60658 138
60659 151
60660 225
60661 254
60662 125
60663 145
60664 239
60665 100
60666 141
60667 117
60668 91
60669 336
60670 130
60671 182
60672 42
60673 132
60674 160
60675 154
60676 183
60677 134
60678 78
60679 2
60680 169
60681 30
60682 143
60683 34
60684 147
60685 116
60686 194
60687 222
60688 81
60689 176
60690 114
60691 103
60692 189
60693 71
60694 248
60695 137
60696 114
60697 111
60698 162
60699 153
60700 141
60701 283
60702 164
60703 233
60704 303
60705 211
60706 176
60707 171
60708 108
60709 149
60710 112
60711 113
60712 118
60713 193
60714 64
60715 132
60716 96
60717 107
60718 123
60719 134
60720 78
60721 165
60722 171
60723 102
60724 113
60725 31
60726 137
60727 335
60728 115
60729 115
60730 104
60731 68
60732 180
60733 99
60734 40
60735 103
60736 219
60737 122
60738 166
60739 204
60740 138
60741 153
60742 92
60743 148
60744 197
60745 251
60746 94
60747 106
60748 166
60749 127
60750 246
60751 175
60752 143
60753 166
60754 132
60755 346
60756 53
60757 156
60758 169
60759 144
60760 73
60761 138
60762 145
60763 86
60764 42
60765 106
60766 56
60767 97
60768 340
60769 79
60770 123
60771 134
60772 180
60773 148
60774 121
60775 93
60776 141
60777 137
60778 140
60779 45
60780 88
60781 169
60782 46
60783 169
60784 98
60785 138
60786 110
60787 122
60788 148
60789 179
60790 157
60791 66
60792 64
60793 107
60794 137
60795 114
60796 114
60797 260
60798 154
60799 224
60800 194
60801 88
60802 120
60803 140
60804 157
60805 161
60806 134
60807 147
60808 123
60809 70
60810 81
60811 93
60812 152
60813 135
60814 147
60815 86
60816 143
60817 166
60818 40
60819 233
60820 109
60821 165
60822 243
60823 130
60824 169
60825 113
60826 121
60827 87
60828 137
60829 424
60830 107
60831 62
60832 74
60833 178
60834 238
60835 120
60836 129
60837 229
60838 186
60839 55
60840 144
60841 131
60842 140
60843 155
60844 110
60845 59
60846 87
60847 114
60848 194
60849 163
60850 127
60851 46
60852 131
60853 75
60854 80
60855 159
60856 104
60857 118
60858 233
60859 135
60860 67
60861 170
60862 127
60863 176
60864 136
60865 68
60866 70
60867 167
60868 50
60869 42
60870 117
60871 112
60872 101
60873 115
60874 69
60875 312
60876 143
60877 99
60878 138
60879 205
60880 99
60881 159
60882 133
60883 103
60884 167
60885 162
60886 141
60887 143
60888 188
60889 179
60890 87
60891 157
60892 164
60893 64
60894 48
60895 86
60896 160
60897 156
60898 220
60899 143
60900 166
60901 81
60902 241
60903 129
60904 25
60905 147
60906 96
60907 143
60908 56
60909 124
60910 192
60911 90
60912 77
60913 87
60914 212
60915 136
60916 190
60917 75
60918 116
60919 144
60920 131
60921 50
60922 50
60923 79
60924 194
60925 59
60926 117
60927 137
60928 83
60929 137
60930 253
60931 17
60932 99
60933 138
60934 147
60935 143
60936 132
60937 78
60938 97
60939 120
60940 164
60941 143
60942 147
60943 205
60944 95
60945 45
60946 146
60947 219
60948 161
60949 263
60950 155
60951 372
60952 93
60953 106
60954 110
60955 346
60956 246
60957 72
60958 120
60959 85
60960 100
60961 121
60962 93
60963 96
60964 167
60965 110
60966 400
60967 139
60968 152
60969 26
60970 135
60971 99
60972 131
60973 128
60974 85
60975 214
60976 105
60977 136
60978 158
60979 74
60980 114
60981 174
60982 132
60983 173
60984 142
60985 115
60986 140
60987 168
60988 188
60989 139
60990 82
60991 155
60992 123
60993 257
60994 126
60995 70
60996 284
60997 135
60998 96
60999 213
61000 90
61001 112
61002 122
61003 170
61004 48
61005 111
61006 134
61007 166
61008 110
61009 267
61010 94
61011 210
61012 232
61013 133
61014 109
61015 82
61016 154
61017 148
61018 216
61019 125
61020 70
61021 181
61022 88
61023 134
61024 182
61025 50
61026 129
61027 156
61028 145
61029 126
61030 285
61031 58
61032 148
61033 108
61034 167
61035 132
61036 155
61037 65
61038 190
61039 196
61040 150
61041 206
61042 36
61043 154
61044 168
61045 177
61046 169
61047 174
61048 230
61049 185
61050 63
61051 115
61052 129
61053 71
61054 71
61055 140
61056 85
61057 95
61058 55
61059 140
61060 137
61061 60
61062 186
61063 190
61064 61
61065 192
61066 64
61067 340
61068 122
61069 116
61070 127
61071 417
61072 140
61073 53
61074 141
61075 172
61076 135
61077 201
61078 225
61079 132
61080 97
61081 152
61082 92
61083 106
61084 194
61085 119
61086 121
61087 167
61088 63
61089 150
61090 140
61091 105
61092 114
61093 93
61094 74
61095 92
61096 59
61097 156
61098 99
61099 282
61100 84
61101 82
61102 113
61103 38
61104 179
61105 63
61106 161
61107 131
61108 165
61109 106
61110 69
61111 156
61112 104
61113 48
61114 47
61115 112
61116 74
61117 111
61118 127
61119 122
61120 179
61121 69
61122 114
61123 100
61124 119
61125 31
61126 67
61127 141
61128 166
61129 82
61130 180
61131 179
61132 150
61133 94
61134 133
61135 244
61136 109
61137 75
61138 96
61139 79
61140 191
61141 195
61142 256
61143 -2
61144 127
61145 155
61146 338
61147 164
61148 65
61149 186
61150 69
61151 134
61152 76
61153 77
61154 137
61155 111
61156 153
61157 161
61158 183
61159 170
61160 241
61161 89
61162 146
61163 155
61164 117
61165 142
61166 112
61167 128
61168 117
61169 91
61170 159
61171 109
61172 176
61173 132
61174 171
61175 171
61176 75
61177 143
61178 177
61179 43
61180 168
61181 280
61182 111
61183 120
61184 176
61185 114
61186 81
61187 331
61188 83
61189 189
61190 218
61191 185
61192 165
61193 104
61194 150
61195 114
61196 87
61197 81
61198 125
61199 161
61200 42
61201 85
61202 121
61203 90
61204 89
61205 90
61206 60
61207 224
61208 132
61209 138
61210 190
61211 164
61212 72
61213 180
61214 96
61215 158
61216 141
61217 143
61218 120
61219 182
61220 222
61221 143
61222 143
61223 135
61224 108
61225 88
61226 136
61227 128
61228 184
61229 125
61230 61
61231 165
61232 161
61233 108
61234 174
61235 127
61236 70
61237 40
61238 189
61239 274
61240 86
61241 79
61242 102
61243 68
61244 85
61245 78
61246 175
61247 189
61248 135
61249 115
61250 122
61251 117
61252 112
61253 91
61254 137
61255 121
61256 47
61257 80
61258 124
61259 133
61260 105
61261 189
61262 302
61263 61
61264 142
61265 153
61266 61
61267 228
61268 98
61269 184
61270 131
61271 200
61272 120
61273 162
61274 97
61275 93
61276 141
61277 101
61278 39
61279 146
61280 306
61281 152
61282 82
61283 265
61284 175
61285 117
61286 81
61287 113
61288 117
61289 113
61290 183
61291 134
61292 160
61293 151
61294 217
61295 173
61296 165
61297 185
61298 28
61299 119
61300 145
61301 144
61302 177
61303 129
61304 97
61305 81
61306 78
61307 252
61308 61
61309 164
61310 156
61311 129
61312 194
61313 177
61314 190
61315 282
61316 215
61317 121
61318 74
61319 251
61320 98
61321 10
61322 119
61323 206
61324 36
61325 152
61326 96
61327 153
61328 121
61329 116
61330 293
61331 138
61332 104
61333 156
61334 121
61335 58
61336 38
61337 111
61338 47
61339 128
61340 124
61341 98
61342 55
61343 75
61344 147
61345 141
61346 83
61347 88
61348 115
61349 95
61350 165
61351 109
61352 134
61353 106
61354 162
61355 164
61356 158
61357 89
61358 126
61359 75
61360 160
61361 221
61362 110
61363 185
61364 155
61365 150
61366 193
61367 140
61368 230
61369 59
61370 117
61371 105
61372 68
61373 137
61374 71
61375 152
61376 48
61377 68
61378 100
61379 148
61380 85
61381 248
61382 273
61383 64
61384 118
61385 71
61386 9
61387 169
61388 214
61389 150
61390 287
61391 69
61392 381
61393 149
61394 109
61395 161
61396 161
61397 75
61398 133
61399 175
61400 140
61401 110
61402 167
61403 176
61404 118
61405 129
61406 88
61407 32
61408 102
61409 168
61410 128
61411 131
61412 136
61413 167
61414 47
61415 48
61416 224
61417 34
61418 108
61419 78
61420 179
61421 62
61422 146
61423 110
61424 124
61425 70
61426 57
61427 29
61428 176
61429 261
61430 84
61431 42
61432 73
61433 84
61434 122
61435 210
61436 179
61437 172
61438 175
61439 132
61440 122
61441 206
61442 120
61443 83
61444 283
61445 104
61446 82
61447 130
61448 67
61449 87
61450 130
61451 109
61452 76
61453 97
61454 126
61455 167
61456 131
61457 114
61458 182
61459 109
61460 146
61461 78
61462 124
61463 60
61464 104
61465 19
61466 166
61467 173
61468 189
61469 208
61470 72
61471 140
61472 52
61473 134
61474 46
61475 127
61476 116
61477 36
61478 67
61479 131
61480 110
61481 171
61482 101
61483 54
61484 140
61485 103
61486 69
61487 107
61488 266
61489 203
61490 71
61491 120
61492 113
61493 105
61494 119
61495 80
61496 208
61497 127
61498 217
61499 197
61500 143
61501 127
61502 99
61503 336
61504 135
61505 181
61506 154
61507 108
61508 55
61509 138
61510 114
61511 84
61512 76
61513 84
61514 91
61515 203
61516 111
61517 101
61518 217
61519 94
61520 184
61521 55
61522 80
61523 195
61524 62
61525 33
61526 114
61527 93
61528 135
61529 133
61530 28
61531 160
61532 190
61533 416
61534 93
61535 158
61536 115
61537 207
61538 142
61539 84
61540 182
61541 153
61542 200
61543 161
61544 139
61545 207
61546 167
61547 42
61548 36
61549 117
61550 140
61551 87
61552 199
61553 151
61554 136
61555 181
61556 175
61557 58
61558 61
61559 157
61560 63
61561 15
61562 81
61563 202
61564 87
61565 87
61566 214
61567 293
61568 53
61569 146
61570 86
61571 84
61572 319
61573 99
61574 136
61575 98
61576 145
61577 170
61578 186
61579 81
61580 70
61581 74
61582 9
61583 150
61584 184
61585 140
61586 173
61587 92
61588 33
61589 152
61590 202
61591 101
61592 111
61593 82
61594 79
61595 130
61596 116
61597 131
61598 314
61599 43
61600 42
61601 160
61602 88
61603 182
61604 216
61605 88
61606 219
61607 114
61608 100
61609 168
61610 193
61611 94
61612 113
61613 140
61614 99
61615 69
61616 126
61617 32
61618 165
61619 82
61620 157
61621 154
61622 45
61623 120
61624 90
61625 82
61626 52
61627 227
61628 129
61629 62
61630 203
61631 127
61632 102
61633 86
61634 72
61635 180
61636 139
61637 86
61638 150
61639 124
61640 139
61641 162
61642 148
61643 124
61644 69
61645 99
61646 98
61647 115
61648 128
61649 102
61650 69
61651 105
61652 93
61653 252
61654 95
61655 174
61656 98
61657 67
61658 99
61659 92
61660 82
61661 263
61662 129
61663 82
61664 259
61665 152
61666 103
61667 81
61668 33
61669 120
61670 117
61671 123
61672 227
61673 231
61674 104
61675 174
61676 131
61677 175
61678 71
61679 108
61680 201
61681 115
61682 70
61683 107
61684 102
61685 152
61686 159
61687 79
61688 47
61689 167
61690 66
61691 87
61692 63
61693 98
61694 158
61695 138
61696 99
61697 153
61698 51
61699 88
61700 60
61701 204
61702 110
61703 206
61704 135
61705 154
61706 33
61707 158
61708 109
61709 116
61710 120
61711 128
61712 207
61713 144
61714 272
61715 148
61716 184
61717 146
61718 110
61719 120
61720 183
61721 101
61722 90
61723 105
61724 44
61725 76
61726 161
61727 89
61728 181
61729 25
61730 145
61731 119
61732 84
61733 140
61734 89
61735 180
61736 252
61737 127
61738 262
61739 71
61740 129
61741 156
61742 88
61743 98
61744 241
61745 187
61746 164
61747 122
61748 129
61749 76
61750 40
61751 88
61752 125
61753 184
61754 271
61755 206
61756 180
61757 20
61758 204
61759 113
61760 86
61761 92
61762 137
61763 70
61764 56
61765 272
61766 153
61767 101
61768 201
61769 118
61770 75
61771 132
61772 147
61773 92
61774 48
61775 188
61776 110
61777 152
61778 276
61779 127
61780 175
61781 199
61782 70
61783 176
61784 178
61785 142
61786 133
61787 66
61788 75
61789 82
61790 171
61791 99
61792 100
61793 51
61794 99
61795 255
61796 101
61797 168
61798 96
61799 36
61800 127
61801 206
61802 118
61803 222
61804 245
61805 84
61806 143
61807 97
61808 136
61809 222
61810 128
61811 63
61812 148
61813 136
61814 123
61815 189
61816 127
61817 139
61818 123
61819 153
61820 126
61821 161
61822 193
61823 119
61824 164
61825 191
61826 152
61827 66
61828 158
61829 93
61830 120
61831 151
61832 172
61833 148
61834 6
61835 124
61836 144
61837 217
61838 116
61839 72
61840 153
61841 292
61842 144
61843 51
61844 121
61845 122
61846 77
61847 153
61848 202
61849 136
61850 169
61851 165
61852 49
61853 131
61854 95
61855 124
61856 149
61857 120
61858 84
61859 156
61860 164
61861 75
61862 237
61863 68
61864 148
61865 69
61866 29
61867 139
61868 236
61869 66
61870 130
61871 374
61872 265
61873 91
61874 129
61875 96
61876 341
61877 94
61878 157
61879 71
61880 104
61881 137
61882 92
61883 147
61884 46
61885 188
61886 201
61887 214
61888 175
61889 163
61890 102
61891 141
61892 187
61893 62
61894 211
61895 153
61896 114
61897 67
61898 118
61899 141
61900 78
61901 139
61902 194
61903 191
61904 98
61905 143
61906 83
61907 151
61908 46
61909 111
61910 39
61911 203
61912 101
61913 97
61914 117
61915 120
61916 98
61917 110
61918 195
61919 124
61920 103
61921 184
61922 98
61923 182
61924 138
61925 47
61926 121
61927 87
61928 130
61929 179
61930 24
61931 87
61932 175
61933 178
61934 170
61935 170
61936 106
61937 293
61938 109
61939 76
61940 33
61941 97
61942 132
61943 148
61944 186
61945 59
61946 59
61947 181
61948 60
61949 139
61950 179
61951 169
61952 151
61953 42
61954 189
61955 165
61956 130
61957 60
61958 97
61959 157
61960 164
61961 88
61962 70
61963 108
61964 170
61965 161
61966 210
61967 179
61968 148
61969 90
61970 69
61971 134
61972 140
61973 101
61974 38
61975 38
61976 69
61977 336
61978 71
61979 86
61980 206
61981 154
61982 143
61983 133
61984 116
61985 146
61986 155
61987 119
61988 129
61989 180
61990 194
61991 155
61992 202
61993 211
61994 76
61995 246
61996 123
61997 153
61998 36
61999 134
62000 121
62001 136
62002 182
62003 212
62004 213
62005 127
62006 212
62007 75
62008 186
62009 172
62010 106
62011 208
62012 41
62013 169
62014 83
62015 267
62016 82
62017 203
62018 66
62019 219
62020 179
62021 162
62022 147
62023 38
62024 125
62025 155
62026 144
62027 106
62028 19
62029 175
62030 153
62031 162
62032 24
62033 73
62034 86
62035 217
62036 147
62037 48
62038 67
62039 71
62040 108
62041 123
62042 80
62043 68
62044 162
62045 143
62046 137
62047 18
62048 224
62049 92
62050 169
62051 31
62052 93
62053 -10
62054 125
62055 78
62056 100
62057 52
62058 106
62059 108
62060 78
62061 196
62062 13
62063 97
62064 98
62065 204
62066 296
62067 273
62068 89
62069 230
62070 111
62071 122
62072 141
62073 329
62074 85
62075 96
62076 186
62077 112
62078 119
62079 137
62080 205
62081 154
62082 128
62083 69
62084 138
62085 238
62086 106
62087 99
62088 70
62089 177
62090 101
62091 143
62092 127
62093 126
62094 125
62095 143
62096 183
62097 101
62098 116
62099 146
62100 100
62101 98
62102 447
62103 75
62104 106
62105 87
62106 300
62107 201
62108 188
62109 104
62110 116
62111 123
62112 80
62113 286
62114 184
62115 60
62116 53
62117 55
62118 128
62119 106
62120 168
62121 150
62122 112
62123 165
62124 143
62125 176
62126 81
62127 109
62128 103
62129 68
62130 167
62131 141
62132 68
62133 161
62134 130
62135 158
62136 74
62137 139
62138 147
62139 144
62140 185
62141 52
62142 1
62143 33
62144 87
62145 139
62146 145
62147 162
62148 88
62149 64
62150 101
62151 108
62152 95
62153 58
62154 81
62155 100
62156 211
62157 130
62158 84
62159 133
62160 99
62161 87
62162 88
62163 107
62164 64
62165 102
62166 121
62167 194
62168 77
62169 77
62170 48
62171 65
62172 10
62173 82
62174 246
62175 118
62176 271
62177 136
62178 68
62179 115
62180 131
62181 196
62182 117
62183 185
62184 118
62185 142
62186 47
62187 131
62188 121
62189 103
62190 119
62191 165
62192 111
62193 75
62194 170
62195 64
62196 143
62197 88
62198 215
62199 142
62200 142
62201 116
62202 174
62203 189
62204 114
62205 62
62206 52
62207 94
62208 141
62209 168
62210 91
62211 107
62212 136
62213 211
62214 77
62215 250
62216 151
62217 140
62218 117
62219 131
62220 220
62221 93
62222 63
62223 59
62224 153
62225 175
62226 133
62227 69
62228 185
62229 108
62230 120
62231 100
62232 137
62233 198
62234 368
62235 104
62236 169
62237 167
62238 123
62239 116
62240 130
62241 100
62242 97
62243 64
62244 152
62245 -10
62246 160
62247 58
62248 35
62249 88
62250 156
62251 136
62252 133
62253 176
62254 158
62255 109
62256 68
62257 96
62258 235
62259 109
62260 131
62261 109
62262 154
62263 146
62264 176
62265 210
62266 112
62267 104
62268 153
62269 117
62270 152
62271 144
62272 173
62273 159
62274 111
62275 266
62276 129
62277 132
62278 118
62279 238
62280 76
62281 332
62282 87
62283 149
62284 131
62285 325
62286 121
62287 124
62288 47
62289 167
62290 54
62291 189
62292 110
62293 113
62294 128
62295 181
62296 259
62297 131
62298 213
62299 107
62300 162
62301 77
62302 100
62303 148
62304 165
62305 62
62306 129
62307 128
62308 90
62309 226
62310 53
62311 193
62312 102
62313 136
62314 97
62315 21
62316 67
62317 53
62318 197
62319 148
62320 275
62321 110
62322 132
62323 29
62324 158
62325 49
62326 75
62327 78
62328 158
62329 149
62330 114
62331 61
62332 108
62333 85
62334 108
62335 141
62336 115
62337 90
62338 131
62339 57
62340 215
62341 57
62342 73
62343 128
62344 56
62345 139
62346 100
62347 103
62348 180
62349 133
62350 117
62351 173
62352 155
62353 114
62354 109
62355 105
62356 79
62357 88
62358 204
62359 159
62360 163
62361 112
62362 98
62363 36
62364 112
62365 221
62366 148
62367 157
62368 139
62369 157
62370 84
62371 74
62372 101
62373 60
62374 98
62375 93
62376 204
62377 59
62378 171
62379 110
62380 162
62381 117
62382 86
62383 125
62384 110
62385 200
62386 137
62387 168
62388 262
62389 186
62390 121
62391 61
62392 158
62393 192
62394 146
62395 60
62396 167
62397 117
62398 175
62399 107
62400 110
62401 123
62402 51
62403 88
62404 99
62405 187
62406 70
62407 383
62408 101
62409 134
62410 146
62411 228
62412 186
62413 143
62414 197
62415 96
62416 104
62417 115
62418 68
62419 136
62420 64
62421 62
62422 88
62423 52
62424 70
62425 106
62426 60
62427 183
62428 107
62429 180
62430 202
62431 198
62432 111
62433 100
62434 56
62435 154
62436 161
62437 108
62438 77
62439 209
62440 179
62441 104
62442 69
62443 280
62444 174
62445 343
62446 133
62447 148
62448 163
62449 296
62450 80
62451 123
62452 157
62453 145
62454 95
62455 93
62456 173
62457 131
62458 32
62459 169
62460 72
62461 118
62462 106
62463 45
62464 143
62465 76
62466 127
62467 52
62468 161
62469 26
62470 77
62471 37
62472 167
62473 175
62474 168
62475 111
62476 135
62477 47
62478 119
62479 191
62480 140
62481 93
62482 124
62483 144
62484 199
62485 172
62486 88
62487 101
62488 83
62489 107
62490 56
62491 133
62492 93
62493 102
62494 257
62495 84
62496 97
62497 73
62498 154
62499 173
62500 100
62501 192
62502 101
62503 110
62504 149
62505 112
62506 122
62507 229
62508 128
62509 144
62510 116
62511 205
62512 230
62513 207
62514 154
62515 85
62516 69
62517 203
62518 55
62519 156
62520 144
62521 99
62522 90
62523 267
62524 172
62525 97
62526 121
62527 40
62528 43
62529 38
62530 50
62531 115
62532 212
62533 79
62534 103
62535 168
62536 126
62537 150
62538 121
62539 151
62540 113
62541 129
62542 145
62543 101
62544 82
62545 112
62546 76
62547 181
62548 163
62549 131
62550 199
62551 95
62552 71
62553 204
62554 51
62555 98
62556 135
62557 101
62558 182
62559 117
62560 152
62561 110
62562 200
62563 55
62564 87
62565 132
62566 105
62567 136
62568 146
62569 144
62570 98
62571 184
62572 38
62573 189
62574 116
62575 79
62576 59
62577 136
62578 97
62579 166
62580 195
62581 61
62582 124
62583 70
62584 119
62585 124
62586 126
62587 228
62588 83
62589 152
62590 142
62591 85
62592 140
62593 73
62594 210
62595 179
62596 193
62597 89
62598 233
62599 114
62600 126
62601 111
62602 163
62603 19
62604 97
62605 158
62606 157
62607 119
62608 285
62609 111
62610 83
62611 130
62612 148
62613 113
62614 132
62615 124
62616 94
62617 133
62618 134
62619 148
62620 169
62621 155
62622 114
62623 120
62624 81
62625 190
62626 119
62627 146
62628 172
62629 86
62630 127
62631 62
62632 204
62633 172
62634 115
62635 69
62636 178
62637 145
62638 133
62639 203
62640 165
62641 126
62642 88
62643 162
62644 155
62645 173
62646 169
62647 108
62648 119
62649 113
62650 137
62651 228
62652 136
62653 120
62654 97
62655 200
62656 113
62657 172
62658 225
62659 174
62660 49
62661 170
62662 144
62663 87
62664 138
62665 95
62666 73
62667 124
62668 134
62669 117
62670 126
62671 299
62672 121
62673 195
62674 173
62675 84
62676 52
62677 95
62678 233
62679 158
62680 163
62681 72
62682 153
62683 46
62684 152
62685 151
62686 72
62687 199
62688 124
62689 77
62690 214
62691 149
62692 49
62693 147
62694 118
62695 89
62696 160
62697 104
62698 123
62699 279
62700 134
62701 132
62702 161
62703 161
62704 156
62705 144
62706 63
62707 83
62708 145
62709 160
62710 133
62711 208
62712 103
62713 135
62714 151
62715 83
62716 108
62717 174
62718 216
62719 86
62720 113
62721 84
62722 92
62723 90
62724 174
62725 102
62726 129
62727 140
62728 110
62729 143
62730 224
62731 109
62732 172
62733 169
62734 70
62735 179
62736 -4
62737 94
62738 147
62739 118
62740 156
62741 62
62742 22
62743 155
62744 76
62745 74
62746 158
62747 199
62748 102
62749 108
62750 78
62751 64
62752 156
62753 108
62754 200
62755 101
62756 270
62757 135
62758 190
62759 104
62760 133
62761 128
62762 106
62763 109
62764 207
62765 86
62766 200
62767 98
62768 73
62769 77
62770 107
62771 129
62772 112
62773 124
62774 52
62775 171
62776 161
62777 151
62778 168
62779 99
62780 160
62781 106
62782 127
62783 125
62784 122
62785 148
62786 130
62787 30
62788 296
62789 170
62790 126
62791 82
62792 342
62793 187
62794 127
62795 155
62796 73
62797 112
62798 153
62799 62
62800 151
62801 128
62802 103
62803 139
62804 146
62805 76
62806 88
62807 191
62808 187
62809 167
62810 123
62811 162
62812 172
62813 128
62814 37
62815 119
62816 225
62817 106
62818 80
62819 147
62820 108
62821 226
62822 155
62823 99
62824 74
62825 245
62826 84
62827 201
62828 80
62829 150
62830 82
62831 35
62832 210
62833 124
62834 69
62835 123
62836 136
62837 172
62838 170
62839 97
62840 92
62841 141
62842 131
62843 335
62844 102
62845 270
62846 121
62847 126
62848 91
62849 184
62850 138
62851 129
62852 147
62853 109
62854 106
62855 93
62856 104
62857 175
62858 116
62859 53
62860 196
62861 140
62862 300
62863 193
62864 100
62865 65
62866 149
62867 130
62868 41
62869 122
62870 157
62871 77
62872 93
62873 156
62874 42
62875 202
62876 148
62877 188
62878 117
62879 194
62880 119
62881 93
62882 86
62883 172
62884 105
62885 97
62886 183
62887 157
62888 128
62889 87
62890 82
62891 243
62892 166
62893 138
62894 57
62895 78
62896 120
62897 153
62898 114
62899 326
62900 155
62901 143
62902 47
62903 82
62904 172
62905 95
62906 136
62907 47
62908 67
62909 58
62910 98
62911 180
62912 127
62913 137
62914 77
62915 100
62916 187
62917 170
62918 141
62919 141
62920 174
62921 169
62922 142
62923 102
62924 62
62925 57
62926 116
62927 138
62928 165
62929 140
62930 126
62931 104
62932 91
62933 100
62934 154
62935 192
62936 78
62937 106
62938 96
62939 57
62940 87
62941 116
62942 111
62943 96
62944 99
62945 160
62946 56
62947 108
62948 222
62949 150
62950 126
62951 63
62952 117
62953 84
62954 88
62955 163
62956 167
62957 122
62958 85
62959 130
62960 28
62961 63
62962 180
62963 156
62964 165
62965 94
62966 81
62967 80
62968 77
62969 123
62970 94
62971 213
62972 292
62973 126
62974 176
62975 61
62976 87
62977 117
62978 154
62979 94
62980 115
62981 113
62982 110
62983 141
62984 215
62985 41
62986 63
62987 209
62988 220
62989 113
62990 113
62991 73
62992 160
62993 148
62994 146
62995 127
62996 93
62997 173
62998 66
62999 121
63000 161
63001 197
63002 126
63003 109
63004 186
63005 109
63006 197
63007 177
63008 170
63009 110
63010 216
63011 76
63012 115
63013 165
63014 69
63015 222
63016 93
63017 99
63018 208
63019 259
63020 108
63021 79
63022 128
63023 144
63024 305
63025 205
63026 145
63027 165
63028 273
63029 117
63030 71
63031 146
63032 183
63033 47
63034 71
63035 64
63036 93
63037 157
63038 122
63039 178
63040 67
63041 121
63042 80
63043 137
63044 164
63045 81
63046 111
63047 92
63048 213
63049 158
63050 147
63051 46
63052 125
63053 129
63054 144
63055 114
63056 78
63057 156
63058 136
63059 54
63060 17
63061 132
63062 165
63063 120
63064 45
63065 198
63066 202
63067 20
63068 110
63069 180
63070 116
63071 91
63072 123
63073 186
63074 118
63075 49
63076 179
63077 172
63078 161
63079 159
63080 160
63081 138
63082 232
63083 221
63084 203
63085 171
63086 186
63087 94
63088 158
63089 160
63090 215
63091 142
63092 162
63093 165
63094 151
63095 247
63096 121
63097 227
63098 127
63099 171
63100 119
63101 167
63102 39
63103 171
63104 143
63105 149
63106 90
63107 134
63108 113
63109 170
63110 170
63111 183
63112 181
63113 168
63114 140
63115 139
63116 96
63117 176
63118 150
63119 183
63120 55
63121 99
63122 171
63123 155
63124 91
63125 160
63126 42
63127 208
63128 101
63129 146
63130 122
63131 96
63132 125
63133 122
63134 165
63135 246
63136 154
63137 168
63138 160
63139 115
63140 93
63141 103
63142 269
63143 72
63144 76
63145 168
63146 140
63147 143
63148 187
63149 170
63150 89
63151 159
63152 200
63153 111
63154 180
63155 178
63156 102
63157 105
63158 109
63159 76
63160 206
63161 105
63162 117
63163 154
63164 89
63165 349
63166 136
63167 191
63168 65
63169 166
63170 141
63171 131
63172 306
63173 115
63174 132
63175 109
63176 97
63177 141
63178 43
63179 99
63180 195
63181 212
63182 132
63183 115
63184 95
63185 214
63186 110
63187 201
63188 158
63189 123
63190 53
63191 105
63192 142
63193 87
63194 124
63195 100
63196 164
63197 81
63198 101
63199 124
63200 103
63201 90
63202 112
63203 116
63204 87
63205 107
63206 196
63207 93
63208 127
63209 100
63210 121
63211 127
63212 135
63213 93
63214 81
63215 167
63216 193
63217 90
63218 201
63219 117
63220 170
63221 49
63222 120
63223 96
63224 117
63225 227
63226 79
63227 81
63228 87
63229 116
63230 184
63231 76
63232 82
63233 153
63234 171
63235 127
63236 121
63237 19
63238 165
63239 214
63240 204
63241 117
63242 174
63243 190
63244 149
63245 18
63246 110
63247 59
63248 132
63249 145
63250 149
63251 106
63252 101
63253 198
63254 88
63255 141
63256 112
63257 88
63258 67
63259 114
63260 115
63261 179
63262 73
63263 97
63264 141
63265 69
63266 84
63267 96
63268 96
63269 138
63270 104
63271 128
63272 110
63273 137
63274 140
63275 73
63276 230
63277 135
63278 179
63279 190
63280 252
63281 73
63282 184
63283 112
63284 123
63285 89
63286 61
63287 187
63288 81
63289 84
63290 206
63291 129
63292 82
63293 123
63294 148
63295 77
63296 137
63297 117
63298 277
63299 231
63300 127
63301 162
63302 44
63303 113
63304 139
63305 119
63306 75
63307 128
63308 119
63309 98
63310 221
63311 141
63312 73
63313 218
63314 128
63315 105
63316 89
63317 145
63318 128
63319 169
63320 87
63321 171
63322 275
63323 142
63324 33
63325 150
63326 97
63327 119
63328 207
63329 118
63330 165
63331 167
63332 55
63333 62
63334 36
63335 111
63336 159
63337 134
63338 125
63339 202
63340 85
63341 64
63342 42
63343 111
63344 224
63345 114
63346 199
63347 167
63348 161
63349 154
63350 80
63351 39
63352 149
63353 17
63354 196
63355 138
63356 123
63357 188
63358 310
63359 112
63360 39
63361 381
63362 113
63363 158
63364 172
63365 79
63366 133
63367 156
63368 100
63369 123
63370 211
63371 146
63372 159
63373 204
63374 114
63375 148
63376 109
63377 230
63378 85
63379 175
63380 120
63381 173
63382 221
63383 26
63384 79
63385 49
63386 252
63387 208
63388 120
63389 194
63390 112
63391 81
63392 112
63393 162
63394 143
63395 98
63396 146
63397 66
63398 156
63399 107
63400 65
63401 98
63402 332
63403 199
63404 150
63405 205
63406 178
63407 92
63408 193
63409 97
63410 72
63411 103
63412 297
63413 144
63414 164
63415 48
63416 41
63417 74
63418 94
63419 88
63420 99
63421 79
63422 178
63423 47
63424 116
63425 57
63426 132
63427 108
63428 181
63429 176
63430 112
63431 115
63432 178
63433 127
63434 157
63435 130
63436 147
63437 102
63438 179
63439 116
63440 141
63441 85
63442 185
63443 91
63444 159
63445 55
63446 97
63447 178
63448 50
63449 69
63450 126
63451 158
63452 52
63453 149
63454 229
63455 88
63456 140
63457 75
63458 96
63459 87
63460 68
63461 64
63462 323
63463 122
63464 106
63465 127
63466 74
63467 158
63468 132
63469 27
63470 48
63471 87
63472 162
63473 188
63474 71
63475 233
63476 205
63477 63
63478 145
63479 13
63480 68
63481 158
63482 87
63483 264
63484 131
63485 207
63486 72
63487 206
63488 135
63489 161
63490 187
63491 84
63492 135
63493 173
63494 161
63495 214
63496 143
63497 130
63498 124
63499 41
63500 127
63501 111
63502 204
63503 120
63504 198
63505 46
63506 182
63507 171
63508 65
63509 128
63510 171
63511 368
63512 97
63513 95
63514 141
63515 169
63516 170
63517 170
63518 140
63519 144
63520 135
63521 129
63522 170
63523 117
63524 55
63525 151
63526 61
63527 85
63528 131
63529 178
63530 153
63531 74
63532 124
63533 54
63534 31
63535 82
63536 82
63537 106
63538 115
63539 120
63540 136
63541 88
63542 262
63543 105
63544 45
63545 260
63546 137
63547 156
63548 154
63549 293
63550 115
63551 148
63552 169
63553 133
63554 56
63555 221
63556 148
63557 158
63558 253
63559 122
63560 76
63561 79
63562 198
63563 203
63564 150
63565 87
63566 218
63567 106
63568 151
63569 173
63570 125
63571 189
63572 172
63573 105
63574 203
63575 100
63576 126
63577 210
63578 121
63579 368
63580 170
63581 116
63582 156
63583 74
63584 104
63585 206
63586 158
63587 395
63588 41
63589 103
63590 116
63591 145
63592 78
63593 165
63594 180
63595 31
63596 377
63597 166
63598 92
63599 169
63600 68
63601 126
63602 165
63603 102
63604 176
63605 86
63606 158
63607 162
63608 217
63609 68
63610 100
63611 98
63612 235
63613 125
63614 117
63615 87
63616 107
63617 134
63618 138
63619 130
63620 131
63621 51
63622 140
63623 86
63624 130
63625 150
63626 90
63627 69
63628 81
63629 82
63630 159
63631 110
63632 34
63633 197
63634 125
63635 17
63636 126
63637 114
63638 136
63639 155
63640 192
63641 104
63642 125
63643 45
63644 140
63645 151
63646 206
63647 49
63648 157
63649 140
63650 148
63651 90
63652 113
63653 175
63654 75
63655 187
63656 273
63657 109
63658 142
63659 131
63660 101
63661 235
63662 67
63663 70
63664 71
63665 112
63666 120
63667 95
63668 56
63669 109
63670 261
63671 183
63672 90
63673 67
63674 107
63675 110
63676 165
63677 127
63678 110
63679 84
63680 206
63681 123
63682 174
63683 106
63684 120
63685 159
63686 178
63687 137
63688 138
63689 173
63690 160
63691 140
63692 118
63693 238
63694 240
63695 142
63696 82
63697 185
63698 129
63699 169
63700 110
63701 118
63702 172
63703 142
63704 78
63705 173
63706 201
63707 101
63708 226
63709 88
63710 90
63711 83
63712 112
63713 49
63714 214
63715 157
63716 156
63717 169
63718 132
63719 206
63720 143
63721 -27
63722 161
63723 95
63724 169
63725 219
63726 58
63727 171
63728 144
63729 100
63730 86
63731 154
63732 210
63733 148
63734 81
63735 155
63736 231
63737 80
63738 135
63739 209
63740 66
63741 131
63742 128
63743 74
63744 85
63745 76
63746 98
63747 77
63748 251
63749 136
63750 122
63751 54
63752 33
63753 134
63754 55
63755 86
63756 171
63757 148
63758 211
63759 163
63760 187
63761 69
63762 76
63763 61
63764 121
63765 85
63766 190
63767 62
63768 62
63769 97
63770 148
63771 100
63772 97
63773 63
63774 139
63775 76
63776 117
63777 129
63778 93
63779 83
63780 114
63781 131
63782 201
63783 20
63784 121
63785 323
63786 79
63787 101
63788 178
63789 89
63790 105
63791 71
63792 136
63793 284
63794 136
63795 148
63796 122
63797 194
63798 157
63799 164
63800 116
63801 223
63802 209
63803 182
63804 144
63805 178
63806 140
63807 67
63808 99
63809 135
63810 144
63811 115
63812 137
63813 101
63814 101
63815 168
63816 189
63817 193
63818 180
63819 74
63820 123
63821 164
63822 93
63823 122
63824 153
63825 113
63826 69
63827 286
63828 22
63829 72
63830 141
63831 117
63832 59
63833 108
63834 169
63835 111
63836 105
63837 81
63838 216
63839 237
63840 138
63841 99
63842 40
63843 114
63844 170
63845 127
63846 242
63847 142
63848 206
63849 169
63850 115
63851 144
63852 238
63853 53
63854 112
63855 159
63856 108
63857 161
63858 172
63859 98
63860 157
63861 315
63862 125
63863 157
63864 65
63865 170
63866 175
63867 110
63868 86
63869 200
63870 122
63871 177
63872 150
63873 135
63874 96
63875 155
63876 119
63877 242
63878 175
63879 57
63880 150
63881 111
63882 31
63883 29
63884 151
63885 82
63886 118
63887 136
63888 168
63889 137
63890 131
63891 129
63892 112
63893 154
63894 131
63895 241
63896 110
63897 259
63898 116
63899 95
63900 136
63901 155
63902 165
63903 79
63904 275
63905 278
63906 217
63907 204
63908 192
63909 66
63910 229
63911 116
63912 173
63913 177
63914 162
63915 147
63916 187
63917 110
63918 95
63919 62
63920 118
63921 13
63922 116
63923 132
63924 191
63925 134
63926 80
63927 114
63928 69
63929 95
63930 77
63931 116
63932 158
63933 76
63934 146
63935 131
63936 230
63937 199
63938 21
63939 192
63940 118
63941 183
63942 209
63943 110
63944 222
63945 36
63946 89
63947 167
63948 75
63949 91
63950 125
63951 64
63952 118
63953 38
63954 190
63955 155
63956 124
63957 151
63958 159
63959 108
63960 218
63961 171
63962 148
63963 184
63964 45
63965 86
63966 58
63967 265
63968 149
63969 82
63970 165
63971 66
63972 113
63973 108
63974 47
63975 79
63976 189
63977 144
63978 108
63979 127
63980 100
63981 472
63982 85
63983 175
63984 125
63985 189
63986 121
63987 152
63988 170
63989 71
63990 148
63991 50
63992 112
63993 104
63994 105
63995 107
63996 136
63997 143
63998 161
63999 124
64000 81
64001 94
64002 27
64003 88
64004 157
64005 53
64006 155
64007 184
64008 77
64009 58
64010 70
64011 196
64012 149
64013 151
64014 124
64015 154
64016 88
64017 49
64018 103
64019 117
64020 191
64021 176
64022 175
64023 83
64024 87
64025 179
64026 48
64027 27
64028 385
64029 5
64030 97
64031 131
64032 169
64033 153
64034 113
64035 189
64036 90
64037 125
64038 117
64039 206
64040 137
64041 158
64042 131
64043 167
64044 81
64045 70
64046 118
64047 92
64048 185
64049 199
64050 46
64051 87
64052 153
64053 103
64054 98
64055 136
64056 138
64057 85
64058 158
64059 44
64060 100
64061 106
64062 169
64063 84
64064 100
64065 100
64066 142
64067 125
64068 55
64069 114
64070 43
64071 169
64072 115
64073 187
64074 361
64075 43
64076 145
64077 181
64078 206
64079 97
64080 187
64081 91
64082 235
64083 138
64084 158
64085 112
64086 89
64087 103
64088 81
64089 170
64090 80
64091 87
64092 128
64093 53
64094 153
64095 63
64096 186
64097 123
64098 129
64099 100
64100 65
64101 55
64102 87
64103 66
64104 107
64105 83
64106 112
64107 104
64108 97
64109 121
64110 64
64111 59
64112 95
64113 180
64114 220
64115 52
64116 133
64117 193
64118 158
64119 38
64120 114
64121 46
64122 118
64123 102
64124 116
64125 55
64126 83
64127 66
64128 126
64129 80
64130 169
64131 181
64132 94
64133 154
64134 118
64135 98
64136 227
64137 69
64138 175
64139 440
64140 125
64141 58
64142 94
64143 88
64144 17
64145 126
64146 237
64147 197
64148 127
64149 98
64150 112
64151 197
64152 180
64153 203
64154 154
64155 112
64156 83
64157 180
64158 44
64159 114
64160 71
64161 143
64162 162
64163 174
64164 97
64165 91
64166 61
64167 76
64168 44
64169 160
64170 118
64171 96
64172 111
64173 216
64174 109
64175 213
64176 304
64177 212
64178 94
64179 91
64180 152
64181 98
64182 101
64183 103
64184 125
64185 147
64186 150
64187 108
64188 66
64189 151
64190 156
64191 36
64192 130
64193 162
64194 76
64195 90
64196 101
64197 233
64198 110
64199 94
64200 17
64201 70
64202 161
64203 82
64204 68
64205 88
64206 153
64207 220
64208 77
64209 245
64210 192
64211 208
64212 87
64213 181
64214 133
64215 77
64216 135
64217 110
64218 26
64219 99
64220 67
64221 116
64222 72
64223 106
64224 153
64225 133
64226 53
64227 135
64228 191
64229 109
64230 54
64231 183
64232 81
64233 153
64234 123
64235 143
64236 36
64237 361
64238 21
64239 129
64240 160
64241 76
64242 160
64243 184
64244 85
64245 183
64246 99
64247 153
64248 156
64249 174
64250 70
64251 120
64252 71
64253 113
64254 106
64255 221
64256 51
64257 157
64258 109
64259 152
64260 153
64261 237
64262 116
64263 161
64264 131
64265 51
64266 175
64267 114
64268 118
64269 6
64270 107
64271 48
64272 62
64273 147
64274 210
64275 146
64276 157
64277 81
64278 143
64279 147
64280 27
64281 78
64282 119
64283 78
64284 120
64285 160
64286 194
64287 144
64288 138
64289 87
64290 171
64291 76
64292 209
64293 84
64294 78
64295 227
64296 163
64297 119
64298 137
64299 93
64300 69
64301 132
64302 86
64303 70
64304 88
64305 138
64306 110
64307 102
64308 45
64309 162
64310 283
64311 115
64312 130
64313 148
64314 231
64315 169
64316 91
64317 157
64318 84
64319 42
64320 130
64321 205
64322 133
64323 109
64324 52
64325 60
64326 56
64327 136
64328 120
64329 119
64330 59
64331 167
64332 63
64333 143
64334 130
64335 111
64336 89
64337 134
64338 201
64339 147
64340 114
64341 135
64342 112
64343 125
64344 93
64345 254
64346 154
64347 92
64348 38
64349 83
64350 155
64351 136
64352 52
64353 116
64354 127
64355 232
64356 203
64357 223
64358 33
64359 137
64360 182
64361 121
64362 132
64363 132
64364 180
64365 149
64366 82
64367 162
64368 148
64369 78
64370 111
64371 129
64372 89
64373 174
64374 123
64375 120
64376 86
64377 155
64378 138
64379 103
64380 145
64381 120
64382 125
64383 102
64384 50
64385 196
64386 85
64387 176
64388 152
64389 91
64390 127
64391 191
64392 202
64393 145
64394 61
64395 139
64396 132
64397 130
64398 94
64399 85
64400 116
64401 118
64402 125
64403 88
64404 147
64405 286
64406 99
64407 122
64408 122
64409 239
64410 232
64411 189
64412 136
64413 147
64414 97
64415 289
64416 105
64417 175
64418 124
64419 80
64420 183
64421 108
64422 144
64423 149
64424 76
64425 150
64426 82
64427 134
64428 78
64429 235
64430 175
64431 159
64432 115
64433 96
64434 116
64435 116
64436 104
64437 32
64438 107
64439 71
64440 68
64441 104
64442 44
64443 237
64444 176
64445 136
64446 178
64447 113
64448 117
64449 91
64450 255
64451 199
64452 86
64453 149
64454 53
64455 118
64456 143
64457 167
64458 211
64459 97
64460 152
64461 84
64462 62
64463 87
64464 61
64465 222
64466 81
64467 134
64468 421
64469 175
64470 170
64471 272
64472 53
64473 137
64474 81
64475 121
64476 95
64477 133
64478 119
64479 113
64480 92
64481 201
64482 134
64483 133
64484 157
64485 54
64486 109
64487 68
64488 173
64489 65
64490 137
64491 176
64492 155
64493 163
64494 44
64495 78
64496 96
64497 205
64498 86
64499 71
64500 128
64501 77
64502 184
64503 63
64504 64
64505 83
64506 73
64507 132
64508 127
64509 115
64510 82
64511 103
64512 179
64513 157
64514 21
64515 139
64516 117
64517 28
64518 87
64519 68
64520 111
64521 114
64522 205
64523 148
64524 159
64525 67
64526 91
64527 153
64528 157
64529 142
64530 12
64531 230
64532 63
64533 106
64534 158
64535 46
64536 184
64537 132
64538 185
64539 144
64540 105
64541 230
64542 94
64543 77
64544 80
64545 112
64546 103
64547 51
64548 68
64549 55
64550 113
64551 146
64552 56
64553 116
64554 160
64555 109
64556 103
64557 108
64558 153
64559 150
64560 170
64561 92
64562 107
64563 112
64564 168
64565 123
64566 80
64567 139
64568 148
64569 117
64570 95
64571 80
64572 100
64573 190
64574 168
64575 124
64576 131
64577 230
64578 78
64579 84
64580 199
64581 43
64582 193
64583 107
64584 65
64585 184
64586 80
64587 69
64588 196
64589 161
64590 105
64591 140
64592 185
64593 65
64594 144
64595 65
64596 137
64597 128
64598 150
64599 110
64600 138
64601 165
64602 170
64603 89
64604 203
64605 91
64606 140
64607 196
64608 118
64609 138
64610 117
64611 85
64612 137
64613 79
64614 98
64615 80
64616 93
64617 207
64618 109
64619 89
64620 126
64621 88
64622 177
64623 49
64624 171
64625 165
64626 136
64627 309
64628 157
64629 118
64630 226
64631 94
64632 150
64633 77
64634 145
64635 83
64636 187
64637 177
64638 20
64639 154
64640 116
64641 113
64642 47
64643 97
64644 148
64645 88
64646 151
64647 125
64648 209
64649 143
64650 25
64651 31
64652 132
64653 115
64654 130
64655 53
64656 210
64657 87
64658 87
64659 94
64660 78
64661 106
64662 134
64663 87
64664 61
64665 190
64666 183
64667 28
64668 148
64669 199
64670 265
64671 258
64672 94
64673 268
64674 200
64675 160
64676 151
64677 79
64678 141
64679 81
64680 72
64681 76
64682 161
64683 165
64684 128
64685 124
64686 232
64687 170
64688 108
64689 202
64690 154
64691 190
64692 239
64693 95
64694 135
64695 135
64696 84
64697 106
64698 75
64699 97
64700 205
64701 96
64702 54
64703 79
64704 171
64705 122
64706 114
64707 129
64708 137
64709 119
64710 213
64711 90
64712 99
64713 114
64714 138
64715 123
64716 95
64717 125
64718 172
64719 156
64720 103
64721 159
64722 191
64723 51
64724 89
64725 135
64726 150
64727 108
64728 39
64729 187
64730 113
64731 112
64732 124
64733 113
64734 81
64735 113
64736 78
64737 161
64738 199
64739 163
64740 201
64741 87
64742 169
64743 0
64744 101
64745 109
64746 47
64747 117
64748 130
64749 98
64750 189
64751 150
64752 200
64753 90
64754 74
64755 143
64756 159
64757 152
64758 136
64759 64
64760 84
64761 117
64762 40
64763 144
64764 89
64765 169
64766 140
64767 142
64768 45
64769 154
64770 112
64771 68
64772 141
64773 123
64774 154
64775 160
64776 186
64777 210
64778 128
64779 89
64780 68
64781 124
64782 241
64783 124
64784 150
64785 67
64786 115
64787 223
64788 73
64789 102
64790 65
64791 142
64792 139
64793 181
64794 139
64795 156
64796 169
64797 176
64798 141
64799 179
64800 107
64801 243
64802 140
64803 139
64804 49
64805 102
64806 121
64807 134
64808 80
64809 90
64810 137
64811 142
64812 62
64813 107
64814 157
64815 121
64816 120
64817 184
64818 113
64819 200
64820 106
64821 115
64822 134
64823 110
64824 103
64825 134
64826 48
64827 186
64828 152
64829 195
64830 135
64831 166
64832 146
64833 88
64834 140
64835 101
64836 91
64837 112
64838 118
64839 187
64840 136
64841 99
64842 139
64843 71
64844 113
64845 104
64846 42
64847 100
64848 148
64849 182
64850 122
64851 163
64852 75
64853 118
64854 26
64855 109
64856 122
64857 118
64858 149
64859 83
64860 110
64861 106
64862 231
64863 159
64864 186
64865 169
64866 118
64867 147
64868 159
64869 110
64870 325
64871 86
64872 179
64873 136
64874 71
64875 62
64876 98
64877 113
64878 112
64879 27
64880 195
64881 125
64882 114
64883 178
64884 130
64885 144
64886 168
64887 105
64888 128
64889 91
64890 156
64891 153
64892 244
64893 149
64894 92
64895 169
64896 191
64897 72
64898 128
64899 274
64900 173
64901 83
64902 105
64903 161
64904 75
64905 51
64906 109
64907 61
64908 139
64909 87
64910 44
64911 137
64912 148
64913 78
64914 113
64915 71
64916 175
64917 161
64918 112
64919 166
64920 138
64921 160
64922 98
64923 217
64924 78
64925 141
64926 186
64927 131
64928 106
64929 107
64930 156
64931 131
64932 30
64933 89
64934 83
64935 124
64936 178
64937 88
64938 137
64939 53
64940 82
64941 131
64942 168
64943 100
64944 139
64945 166
64946 110
64947 148
64948 59
64949 193
64950 134
64951 114
64952 94
64953 105
64954 67
64955 84
64956 233
64957 121
64958 43
64959 77
64960 159
64961 172
64962 92
64963 77
64964 63
64965 73
64966 118
64967 42
64968 122
64969 113
64970 109
64971 101
64972 113
64973 124
64974 235
64975 99
64976 167
64977 180
64978 139
64979 132
64980 144
64981 110
64982 97
64983 102
64984 164
64985 230
64986 125
64987 75
64988 98
64989 75
64990 101
64991 87
64992 129
64993 85
64994 103
64995 329
64996 231
64997 131
64998 159
64999 180
65000 92
65001 120
65002 156
65003 109
65004 105
65005 179
65006 188
65007 136
65008 351
65009 153
65010 101
65011 126
65012 180
65013 75
65014 111
65015 153
65016 201
65017 146
65018 114
65019 271
65020 166
65021 240
65022 121
65023 146
65024 132
65025 248
65026 103
65027 98
65028 96
65029 120
65030 85
65031 95
65032 105
65033 102
65034 56
65035 178
65036 155
65037 119
65038 39
65039 64
65040 207
65041 148
65042 112
65043 53
65044 209
65045 139
65046 50
65047 133
65048 62
65049 147
65050 227
65051 76
65052 145
65053 82
65054 30
65055 215
65056 63
65057 81
65058 74
65059 392
65060 140
65061 77
65062 212
65063 61
65064 84
65065 62
65066 138
65067 125
65068 87
65069 168
65070 311
65071 60
65072 155
65073 95
65074 107
65075 125
65076 99
65077 223
65078 131
65079 84
65080 83
65081 75
65082 214
65083 73
65084 188
65085 234
65086 100
65087 108
65088 109
65089 225
65090 108
65091 124
65092 53
65093 125
65094 119
65095 117
65096 158
65097 172
65098 153
65099 111
65100 227
65101 84
65102 33
65103 158
65104 211
65105 132
65106 150
65107 151
65108 78
65109 116
65110 66
65111 99
65112 94
65113 81
65114 151
65115 185
65116 106
65117 48
65118 172
65119 314
65120 161
65121 112
65122 77
65123 175
65124 96
65125 39
65126 117
65127 124
65128 118
65129 34
65130 106
65131 128
65132 66
65133 162
65134 95
65135 102
65136 168
65137 35
65138 159
65139 105
65140 219
65141 125
65142 170
65143 185
65144 134
65145 131
65146 152
65147 104
65148 73
65149 115
65150 145
65151 106
65152 232
65153 86
65154 240
65155 265
65156 122
65157 125
65158 94
65159 126
65160 145
65161 163
65162 138
65163 137
65164 179
65165 175
65166 112
65167 90
65168 219
65169 88
65170 114
65171 86
65172 180
65173 88
65174 43
65175 161
65176 134
65177 169
65178 93
65179 160
65180 136
65181 65
65182 253
65183 68
65184 161
65185 169
65186 313
65187 83
65188 169
65189 72
65190 127
65191 109
65192 58
65193 136
65194 145
65195 221
65196 153
65197 19
65198 171
65199 62
65200 82
65201 91
65202 69
65203 105
65204 89
65205 68
65206 191
65207 134
65208 140
65209 79
65210 47
65211 191
65212 226
65213 133
65214 140
65215 75
65216 119
65217 26
65218 110
65219 146
65220 135
65221 123
65222 131
65223 131
65224 73
65225 86
65226 -32
65227 120
65228 92
65229 95
65230 314
65231 159
65232 135
65233 66
65234 58
65235 67
65236 98
65237 155
65238 66
65239 87
65240 169
65241 124
65242 322
65243 91
65244 127
65245 133
65246 88
65247 181
65248 157
65249 64
65250 143
65251 163
65252 223
65253 74
65254 167
65255 118
65256 136
65257 104
65258 49
65259 120
65260 125
65261 102
65262 261
65263 74
65264 193
65265 130
65266 357
65267 135
65268 212
65269 194
65270 67
65271 100
65272 155
65273 21
65274 120
65275 159
65276 107
65277 146
65278 177
65279 121
65280 166
65281 131
65282 94
65283 165
65284 157
65285 72
65286 111
65287 172
65288 100
65289 135
65290 168
65291 107
65292 69
65293 109
65294 35
65295 46
65296 164
65297 44
65298 65
65299 129
65300 71
65301 105
65302 211
65303 123
65304 17
65305 93
65306 216
65307 193
65308 131
65309 281
65310 106
65311 115
65312 186
65313 103
65314 183
65315 86
65316 46
65317 112
65318 136
65319 72
65320 218
65321 153
65322 190
65323 102
65324 128
65325 87
65326 90
65327 139
65328 128
65329 92
65330 232
65331 154
65332 115
65333 171
65334 40
65335 230
65336 96
65337 121
65338 142
65339 134
65340 122
65341 71
65342 106
65343 60
65344 176
65345 163
65346 119
65347 167
65348 338
65349 42
65350 92
65351 141
65352 56
65353 71
65354 34
65355 137
65356 134
65357 66
65358 78
65359 76
65360 120
65361 136
65362 116
65363 180
65364 143
65365 47
65366 149
65367 118
65368 145
65369 35
65370 170
65371 95
65372 167
65373 117
65374 119
65375 88
65376 265
65377 84
65378 183
65379 157
65380 123
65381 136
65382 150
65383 109
65384 66
65385 74
65386 119
65387 222
65388 161
65389 130
65390 122
65391 74
65392 140
65393 97
65394 22
65395 166
65396 132
65397 141
65398 162
65399 65
65400 111
65401 82
65402 176
65403 240
65404 155
65405 108
65406 77
65407 42
65408 145
65409 88
65410 170
65411 196
65412 123
65413 137
65414 109
65415 270
65416 13
65417 77
65418 88
65419 80
65420 84
65421 155
65422 75
65423 148
65424 99
65425 127
65426 141
65427 46
65428 106
65429 162
65430 134
65431 132
65432 145
65433 212
65434 122
65435 73
65436 131
65437 98
65438 94
65439 163
65440 175
65441 125
65442 206
65443 115
65444 68
65445 150
65446 77
65447 105
65448 161
65449 181
65450 119
65451 54
65452 160
65453 93
65454 123
65455 281
65456 157
65457 156
65458 82
65459 284
65460 137
65461 120
65462 100
65463 139
65464 88
65465 90
65466 88
65467 97
65468 51
65469 84
65470 91
65471 111
65472 151
65473 124
65474 193
65475 91
65476 205
65477 84
65478 92
65479 87
65480 202
65481 206
65482 123
65483 104
65484 80
65485 79
65486 63
65487 68
65488 135
65489 131
65490 165
65491 149
65492 142
65493 92
65494 100
65495 152
65496 82
65497 136
65498 99
65499 77
65500 68
65501 170
65502 126
65503 184
65504 90
65505 211
65506 76
65507 130
65508 60
65509 178
65510 137
65511 205
65512 89
65513 127
65514 97
65515 115
65516 134
65517 63
65518 64
65519 190
65520 129
65521 80
65522 70
65523 138
65524 80
65525 177
65526 145
65527 194
65528 136
65529 56
65530 503
65531 137
65532 187
65533 225
65534 167
65535 83
65536 3
65537 96
65538 134
65539 174
65540 25
65541 152
65542 183
65543 77
65544 150
65545 86
65546 149
65547 91
65548 187
65549 75
65550 108
65551 43
65552 198
65553 111
65554 146
65555 70
65556 184
65557 88
65558 79
65559 47
65560 151
65561 84
65562 104
65563 210
65564 177
65565 120
65566 69
65567 170
65568 73
65569 224
65570 172
65571 104
65572 180
65573 45
65574 40
65575 116
65576 56
65577 110
65578 136
65579 103
65580 133
65581 60
65582 59
65583 86
65584 92
65585 61
65586 207
65587 67
65588 86
65589 151
65590 223
65591 89
65592 103
65593 114
65594 99
65595 111
65596 294
65597 139
65598 137
65599 143
65600 75
65601 112
65602 178
65603 101
65604 116
65605 127
65606 114
65607 88
65608 259
65609 171
65610 99
65611 134
65612 263
65613 62
65614 287
65615 158
65616 311
65617 120
65618 125
65619 98
65620 116
65621 131
65622 32
65623 74
65624 145
65625 81
65626 79
65627 4
65628 166
65629 159
65630 157
65631 149
65632 192
65633 86
65634 163
65635 81
65636 88
65637 180
65638 94
65639 90
65640 101
65641 115
65642 120
65643 168
65644 28
65645 165
65646 29
65647 14
65648 119
65649 305
65650 54
65651 112
65652 158
65653 154
65654 132
65655 127
65656 189
65657 83
65658 105
65659 57
65660 23
65661 105
65662 94
65663 110
65664 92
65665 89
65666 163
65667 118
65668 73
65669 171
65670 102
65671 196
65672 124
65673 141
65674 343
65675 72
65676 141
65677 84
65678 255
65679 158
65680 137
65681 77
65682 189
65683 166
65684 77
65685 125
65686 136
65687 99
65688 138
65689 100
65690 54
65691 117
65692 117
65693 242
65694 182
65695 115
65696 129
65697 87
65698 121
65699 194
65700 106
65701 126
65702 109
65703 114
65704 84
65705 102
65706 115
65707 116
65708 220
65709 144
65710 192
65711 276
65712 174
65713 156
65714 164
65715 71
65716 222
65717 98
65718 75
65719 181
65720 81
65721 118
65722 189
65723 200
65724 97
65725 202
65726 121
65727 151
65728 184
65729 133
65730 141
65731 261
65732 72
65733 112
65734 152
65735 161
65736 120
65737 101
65738 71
65739 170
65740 128
65741 103
65742 112
65743 252
65744 184
65745 80
65746 153
65747 94
65748 91
65749 64
65750 69
65751 183
65752 171
65753 137
65754 132
65755 140
65756 107
65757 108
65758 105
65759 83
65760 28
65761 14
65762 144
65763 133
65764 110
65765 120
65766 78
65767 33
65768 184
65769 224
65770 75
65771 91
65772 186
65773 49
65774 142
65775 187
65776 130
65777 164
65778 123
65779 59
65780 27
65781 88
65782 195
65783 74
65784 149
65785 150
65786 244
65787 70
65788 127
65789 49
65790 102
65791 128
65792 200
65793 129
65794 140
65795 269
65796 63
65797 275
65798 81
65799 108
65800 138
65801 38
65802 143
65803 148
65804 122
65805 72
65806 93
65807 100
65808 105
65809 179
65810 73
65811 125
65812 56
65813 123
65814 137
65815 145
65816 36
65817 126
65818 113
65819 148
65820 255
65821 119
65822 75
65823 75
65824 111
65825 112
65826 127
65827 97
65828 54
65829 177
65830 103
65831 133
65832 51
65833 101
65834 129
65835 106
65836 108
65837 121
65838 100
65839 139
65840 115
65841 129
65842 110
65843 205
65844 122
65845 137
65846 112
65847 98
65848 145
65849 76
65850 118
65851 52
65852 116
65853 147
65854 132
65855 86
65856 128
65857 106
65858 187
65859 162
65860 209
65861 156
65862 130
65863 130
65864 118
65865 126
65866 92
65867 218
65868 121
65869 76
65870 113
65871 66
65872 118
65873 156
65874 107
65875 130
65876 13
65877 155
65878 105
65879 75
65880 141
65881 144
65882 47
65883 100
65884 72
65885 115
65886 145
65887 244
65888 154
65889 130
65890 74
65891 205
65892 71
65893 32
65894 165
65895 29
65896 46
65897 141
65898 235
65899 38
65900 107
65901 168
65902 73
65903 179
65904 136
65905 144
65906 129
65907 81
65908 159
65909 181
65910 138
65911 121
65912 109
65913 49
65914 158
65915 63
65916 130
65917 183
65918 17
65919 134
65920 183
65921 168
65922 140
65923 222
65924 136
65925 137
65926 96
65927 94
65928 100
65929 140
65930 157
65931 63
65932 178
65933 153
65934 94
65935 77
65936 111
65937 192
65938 143
65939 147
65940 89
65941 101
65942 72
65943 78
65944 87
65945 132
65946 140
65947 94
65948 88
65949 165
65950 22
65951 138
65952 147
65953 114
65954 90
65955 104
65956 138
65957 173
65958 97
65959 157
65960 106
65961 121
65962 114
65963 -8
65964 104
65965 160
65966 63
65967 157
65968 82
65969 62
65970 133
65971 65
65972 158
65973 221
65974 106
65975 80
65976 85
65977 233
65978 33
65979 143
65980 114
65981 106
65982 14
65983 232
65984 111
65985 43
65986 107
65987 70
65988 349
65989 133
65990 187
65991 162
65992 90
65993 98
65994 87
65995 41
65996 168
65997 134
65998 108
65999 153
66000 126
66001 122
66002 133
66003 66
66004 111
66005 98
66006 35
66007 93
66008 65
66009 144
66010 118
66011 79
66012 180
66013 134
66014 124
66015 230
66016 123
66017 37
66018 155
66019 72
66020 84
66021 134
66022 202
66023 105
66024 87
66025 138
66026 147
66027 157
66028 87
66029 282
66030 209
66031 191
66032 147
66033 101
66034 155
66035 148
66036 114
66037 53
66038 67
66039 135
66040 84
66041 114
66042 93
66043 109
66044 79
66045 56
66046 130
66047 102
66048 138
66049 159
66050 178
66051 111
66052 99
66053 130
66054 140
66055 108
66056 175
66057 136
66058 114
66059 92
66060 83
66061 142
66062 106
66063 74
66064 81
66065 109
66066 200
66067 150
66068 207
66069 239
66070 137
66071 97
66072 57
66073 112
66074 229
66075 103
66076 152
66077 177
66078 124
66079 180
66080 140
66081 62
66082 94
66083 94
66084 121
66085 67
66086 95
66087 85
66088 134
66089 96
66090 82
66091 8
66092 130
66093 218
66094 113
66095 66
66096 188
66097 84
66098 47
66099 140
66100 145
66101 330
66102 109
66103 175
66104 183
66105 112
66106 100
66107 126
66108 132
66109 125
66110 144
66111 93
66112 164
66113 142
66114 135
66115 141
66116 87
66117 71
66118 64
66119 88
66120 100
66121 112
66122 102
66123 270
66124 210
66125 220
66126 188
66127 72
66128 102
66129 147
66130 40
66131 77
66132 185
66133 98
66134 132
66135 59
66136 140
66137 41
66138 43
66139 99
66140 89
66141 102
66142 30
66143 149
66144 130
66145 136
66146 106
66147 190
66148 147
66149 114
66150 86
66151 70
66152 57
66153 78
66154 89
66155 56
66156 77
66157 116
66158 125
66159 98
66160 139
66161 15
66162 18
66163 136
66164 117
66165 103
66166 187
66167 126
66168 144
66169 195
66170 104
66171 115
66172 77
66173 86
66174 146
66175 160
66176 135
66177 63
66178 216
66179 103
66180 162
66181 89
66182 74
66183 187
66184 189
66185 158
66186 65
66187 153
66188 90
66189 95
66190 183
66191 205
66192 151
66193 169
66194 45
66195 163
66196 149
66197 84
66198 91
66199 150
66200 108
66201 62
66202 81
66203 116
66204 75
66205 163
66206 161
66207 149
66208 44
66209 54
66210 171
66211 226
66212 90
66213 115
66214 119
66215 70
66216 124
66217 40
66218 139
66219 135
66220 98
66221 155
66222 283
66223 194
66224 115
66225 108
66226 181
66227 48
66228 74
66229 71
66230 166
66231 95
66232 25
66233 114
66234 120
66235 95
66236 109
66237 196
66238 134
66239 117
66240 226
66241 88
66242 129
66243 85
66244 110
66245 118
66246 104
66247 152
66248 83
66249 127
66250 60
66251 109
66252 137
66253 107
66254 35
66255 226
66256 147
66257 117
66258 40
66259 106
66260 298
66261 147
66262 108
66263 33
66264 171
66265 102
66266 136
66267 187
66268 146
66269 85
66270 168
66271 177
66272 145
66273 182
66274 105
66275 81
66276 171
66277 218
66278 82
66279 50
66280 130
66281 110
66282 117
66283 120
66284 120
66285 162
66286 382
66287 118
66288 31
66289 196
66290 165
66291 76
66292 84
66293 134
66294 99
66295 55
66296 128
66297 168
66298 118
66299 133
66300 39
66301 59
66302 142
66303 218
66304 80
66305 60
66306 66
66307 224
66308 126
66309 106
66310 174
66311 167
66312 35
66313 184
66314 116
66315 84
66316 242
66317 79
66318 6
66319 45
66320 81
66321 172
66322 47
66323 159
66324 128
66325 64
66326 273
66327 122
66328 162
66329 65
66330 156
66331 121
66332 175
66333 150
66334 54
66335 124
66336 92
66337 164
66338 45
66339 154
66340 83
66341 71
66342 110
66343 121
66344 130
66345 116
66346 127
66347 30
66348 133
66349 140
66350 148
66351 131
66352 140
66353 132
66354 100
66355 118
66356 97
66357 52
66358 85
66359 138
66360 134
66361 145
66362 133
66363 80
66364 144
66365 105
66366 80
66367 135
66368 119
66369 168
66370 74
66371 262
66372 90
66373 62
66374 99
66375 149
66376 90
66377 272
66378 66
66379 195
66380 113
66381 103
66382 124
66383 70
66384 165
66385 120
66386 167
66387 102
66388 107
66389 256
66390 226
66391 228
66392 122
66393 165
66394 192
66395 74
66396 198
66397 116
66398 129
66399 94
66400 79
66401 91
66402 163
66403 153
66404 120
66405 126
66406 194
66407 115
66408 123
66409 92
66410 44
66411 37
66412 127
66413 65
66414 131
66415 254
66416 144
66417 138
66418 206
66419 146
66420 96
66421 124
66422 73
66423 71
66424 151
66425 75
66426 102
66427 161
66428 137
66429 37
66430 164
66431 112
66432 168
66433 102
66434 106
66435 276
66436 124
66437 90
66438 153
66439 121
66440 90
66441 28
66442 212
66443 148
66444 103
66445 43
66446 109
66447 137
66448 79
66449 87
66450 173
66451 123
66452 -5
66453 152
66454 107
66455 189
66456 107
66457 29
66458 72
66459 119
66460 115
66461 32
66462 61
66463 113
66464 137
66465 285
66466 122
66467 130
66468 111
66469 106
66470 130
66471 108
66472 102
66473 268
66474 26
66475 109
66476 54
66477 129
66478 187
66479 84
66480 183
66481 118
66482 115
66483 85
66484 114
66485 65
66486 76
66487 154
66488 92
66489 100
66490 90
66491 68
66492 100
66493 200
66494 124
66495 121
66496 120
66497 118
66498 113
66499 137
66500 257
66501 375
66502 113
66503 72
66504 123
66505 62
66506 132
66507 144
66508 148
66509 80
66510 125
66511 35
66512 271
66513 166
66514 238
66515 187
66516 106
66517 95
66518 154
66519 57
66520 106
66521 109
66522 80
66523 213
66524 145
66525 88
66526 54
66527 68
66528 135
66529 24
66530 106
66531 58
66532 124
66533 70
66534 159
66535 17
66536 158
66537 93
66538 113
66539 157
66540 187
66541 68
66542 97
66543 121
66544 178
66545 89
66546 176
66547 112
66548 168
66549 63
66550 132
66551 86
66552 120
66553 58
66554 44
66555 137
66556 96
66557 113
66558 66
66559 99
66560 64
66561 154
66562 52
66563 100
66564 177
66565 108
66566 56
66567 141
66568 15
66569 137
66570 60
66571 143
66572 386
66573 177
66574 132
66575 115
66576 12
66577 38
66578 160
66579 302
66580 146
66581 195
66582 59
66583 3
66584 23
66585 234
66586 111
66587 147
66588 116
66589 112
66590 143
66591 110
66592 133
66593 220
66594 105
66595 92
66596 135
66597 289
66598 185
66599 40
66600 250
66601 155
66602 126
66603 74
66604 71
66605 89
66606 183
66607 128
66608 169
66609 163
66610 133
66611 312
66612 140
66613 109
66614 204
66615 141
66616 166
66617 61
66618 142
66619 126
66620 98
66621 127
66622 47
66623 165
66624 89
66625 83
66626 152
66627 168
66628 175
66629 85
66630 111
66631 91
66632 166
66633 160
66634 115
66635 242
66636 80
66637 85
66638 82
66639 139
66640 168
66641 124
66642 82
66643 115
66644 90
66645 302
66646 103
66647 92
66648 250
66649 126
66650 48
66651 74
66652 123
66653 107
66654 63
66655 146
66656 284
66657 68
66658 156
66659 125
66660 85
66661 180
66662 94
66663 77
66664 134
66665 191
66666 90
66667 92
66668 165
66669 137
66670 158
66671 64
66672 100
66673 72
66674 178
66675 120
66676 141
66677 229
66678 114
66679 115
66680 167
66681 164
66682 194
66683 116
66684 157
66685 108
66686 143
66687 195
66688 153
66689 14
66690 199
66691 68
66692 55
66693 112
66694 126
66695 97
66696 138
66697 123
66698 120
66699 134
66700 163
66701 128
66702 78
66703 126
66704 176
66705 103
66706 96
66707 129
66708 132
66709 151
66710 140
66711 185
66712 201
66713 89
66714 133
66715 46
66716 142
66717 178
66718 135
66719 109
66720 111
66721 238
66722 134
66723 71
66724 143
66725 155
66726 49
66727 129
66728 118
66729 124
66730 126
66731 106
66732 116
66733 196
66734 132
66735 66
66736 108
66737 83
66738 115
66739 45
66740 142
66741 158
66742 156
66743 110
66744 111
66745 93
66746 115
66747 158
66748 75
66749 60
66750 263
66751 29
66752 134
66753 111
66754 136
66755 141
66756 74
66757 135
66758 117
66759 165
66760 127
66761 104
66762 83
66763 47
66764 194
66765 104
66766 168
66767 313
66768 102
66769 128
66770 120
66771 86
66772 101
66773 96
66774 191
66775 72
66776 132
66777 110
66778 234
66779 158
66780 117
66781 41
66782 98
66783 159
66784 153
66785 179
66786 110
66787 172
66788 187
66789 38
66790 75
66791 129
66792 68
66793 128
66794 249
66795 136
66796 110
66797 138
66798 138
66799 221
66800 126
66801 109
66802 8
66803 75
66804 188
66805 130
66806 98
66807 53
66808 147
66809 30
66810 247
66811 112
66812 92
66813 140
66814 115
66815 110
66816 107
66817 159
66818 96
66819 129
66820 89
66821 208
66822 114
66823 39
66824 131
66825 42
66826 71
66827 114
66828 126
66829 166
66830 69
66831 54
66832 165
66833 119
66834 89
66835 195
66836 169
66837 112
66838 62
66839 343
66840 43
66841 196
66842 55
66843 182
66844 176
66845 122
66846 146
66847 268
66848 169
66849 185
66850 161
66851 110
66852 194
66853 168
66854 120
66855 119
66856 94
66857 190
66858 124
66859 86
66860 102
66861 170
66862 91
66863 153
66864 181
66865 84
66866 127
66867 146
66868 128
66869 146
66870 132
66871 80
66872 140
66873 118
66874 127
66875 107
66876 42
66877 165
66878 95
66879 160
66880 145
66881 95
66882 131
66883 140
66884 156
66885 140
66886 215
66887 111
66888 91
66889 160
66890 122
66891 48
66892 112
66893 133
66894 104
66895 51
66896 107
66897 141
66898 223
66899 166
66900 126
66901 162
66902 91
66903 50
66904 227
66905 121
66906 195
66907 185
66908 41
66909 124
66910 97
66911 208
66912 157
66913 163
66914 144
66915 54
66916 129
66917 194
66918 98
66919 94
66920 166
66921 176
66922 111
66923 146
66924 85
66925 72
66926 101
66927 90
66928 91
66929 71
66930 163
66931 131
66932 145
66933 133
66934 119
66935 131
66936 147
66937 86
66938 133
66939 130
66940 65
66941 52
66942 116
66943 128
66944 34
66945 160
66946 139
66947 143
66948 61
66949 135
66950 27
66951 41
66952 118
66953 127
66954 165
66955 65
66956 131
66957 90
66958 84
66959 110
66960 125
66961 92
66962 68
66963 171
66964 114
66965 100
66966 112
66967 93
66968 93
66969 95
66970 81
66971 12
66972 59
66973 79
66974 98
66975 124
66976 115
66977 105
66978 160
66979 53
66980 25
66981 288
66982 117
66983 127
66984 118
66985 54
66986 113
66987 257
66988 145
66989 206
66990 113
66991 73
66992 78
66993 105
66994 136
66995 167
66996 138
66997 119
66998 122
66999 97
67000 149
67001 182
67002 76
67003 193
67004 75
67005 59
67006 59
67007 149
67008 133
67009 111
67010 130
67011 93
67012 138
67013 140
67014 70
67015 85
67016 237
67017 103
67018 110
67019 83
67020 39
67021 97
67022 127
67023 109
67024 90
67025 80
67026 107
67027 178
67028 138
67029 142
67030 126
67031 117
67032 169
67033 126
67034 149
67035 39
67036 52
67037 178
67038 126
67039 94
67040 116
67041 117
67042 58
67043 116
67044 57
67045 126
67046 98
67047 199
67048 214
67049 145
67050 47
67051 134
67052 133
67053 70
67054 127
67055 128
67056 117
67057 166
67058 138
67059 150
67060 219
67061 117
67062 54
67063 158
67064 183
67065 87
67066 181
67067 125
67068 184
67069 122
67070 80
67071 83
67072 139
67073 76
67074 145
67075 256
67076 139
67077 148
67078 63
67079 58
67080 70
67081 92
67082 44
67083 183
67084 147
67085 117
67086 126
67087 235
67088 90
67089 107
67090 131
67091 161
67092 121
67093 134
67094 103
67095 119
67096 127
67097 91
67098 184
67099 129
67100 173
67101 50
67102 163
67103 125
67104 211
67105 145
67106 153
67107 185
67108 135
67109 166
67110 196
67111 147
67112 95
67113 106
67114 210
67115 154
67116 105
67117 259
67118 166
67119 143
67120 104
67121 92
67122 185
67123 63
67124 83
67125 78
67126 167
67127 64
67128 186
67129 139
67130 97
67131 168
67132 110
67133 119
67134 123
67135 58
67136 144
67137 73
67138 106
67139 182
67140 93
67141 146
67142 144
67143 171
67144 110
67145 215
67146 139
67147 125
67148 169
67149 118
67150 126
67151 109
67152 50
67153 170
67154 144
67155 159
67156 70
67157 101
67158 94
67159 124
67160 102
67161 104
67162 125
67163 108
67164 147
67165 216
67166 15
67167 113
67168 123
67169 125
67170 127
67171 200
67172 177
67173 119
67174 136
67175 108
67176 76
67177 213
67178 118
67179 156
67180 49
67181 124
67182 139
67183 116
67184 176
67185 324
67186 156
67187 9
67188 99
67189 104
67190 137
67191 96
67192 72
67193 67
67194 101
67195 94
67196 136
67197 92
67198 191
67199 159
67200 130
67201 15
67202 152
67203 198
67204 125
67205 27
67206 81
67207 187
67208 214
67209 156
67210 27
67211 65
67212 59
67213 122
67214 213
67215 180
67216 66
67217 78
67218 136
67219 116
67220 -8
67221 108
67222 102
67223 275
67224 138
67225 144
67226 171
67227 85
67228 114
67229 170
67230 120
67231 96
67232 94
67233 88
67234 75
67235 180
67236 170
67237 86
67238 125
67239 74
67240 97
67241 144
67242 111
67243 151
67244 131
67245 222
67246 108
67247 138
67248 44
67249 153
67250 159
67251 140
67252 117
67253 238
67254 56
67255 159
67256 206
67257 146
67258 108
67259 200
67260 103
67261 99
67262 242
67263 180
67264 131
67265 65
67266 47
67267 163
67268 119
67269 112
67270 215
67271 189
67272 211
67273 80
67274 46
67275 120
67276 420
67277 71
67278 97
67279 107
67280 63
67281 77
67282 75
67283 119
67284 74
67285 120
67286 138
67287 69
67288 70
67289 65
67290 124
67291 136
67292 91
67293 96
67294 175
67295 34
67296 114
67297 111
67298 94
67299 128
67300 155
67301 132
67302 200
67303 151
67304 135
67305 124
67306 154
67307 144
67308 109
67309 62
67310 38
67311 150
67312 190
67313 138
67314 98
67315 115
67316 17
67317 121
67318 166
67319 135
67320 182
67321 76
67322 80
67323 104
67324 109
67325 167
67326 175
67327 150
67328 154
67329 112
67330 143
67331 139
67332 220
67333 189
67334 179
67335 146
67336 206
67337 103
67338 174
67339 153
67340 113
67341 113
67342 144
67343 97
67344 145
67345 103
67346 126
67347 114
67348 180
67349 84
67350 118
67351 144
67352 159
67353 146
67354 105
67355 97
67356 174
67357 126
67358 134
67359 99
67360 98
67361 166
67362 104
67363 145
67364 33
67365 31
67366 108
67367 108
67368 118
67369 178
67370 44
67371 121
67372 72
67373 107
67374 141
67375 155
67376 151
67377 141
67378 158
67379 77
67380 83
67381 90
67382 115
67383 109
67384 126
67385 151
67386 129
67387 248
67388 61
67389 81
67390 169
67391 211
67392 145
67393 153
67394 106
67395 202
67396 42
67397 168
67398 108
67399 196
67400 137
67401 73
67402 91
67403 125
67404 206
67405 23
67406 95
67407 77
67408 51
67409 204
67410 105
67411 76
67412 35
67413 131
67414 200
67415 102
67416 123
67417 103
67418 75
67419 97
67420 106
67421 153
67422 66
67423 66
67424 183
67425 166
67426 96
67427 123
67428 102
67429 87
67430 154
67431 84
67432 115
67433 43
67434 162
67435 137
67436 114
67437 87
67438 156
67439 129
67440 209
67441 136
67442 142
67443 97
67444 142
67445 101
67446 128
67447 171
67448 132
67449 143
67450 54
67451 126
67452 184
67453 102
67454 120
67455 70
67456 237
67457 69
67458 99
67459 125
67460 139
67461 142
67462 155
67463 156
67464 152
67465 63
67466 88
67467 197
67468 121
67469 117
67470 86
67471 89
67472 122
67473 140
67474 79
67475 157
67476 167
67477 103
67478 122
67479 76
67480 116
67481 136
67482 155
67483 135
67484 208
67485 108
67486 92
67487 168
67488 65
67489 69
67490 98
67491 128
67492 231
67493 95
67494 115
67495 221
67496 101
67497 183
67498 85
67499 164
67500 163
67501 18
67502 74
67503 85
67504 146
67505 109
67506 285
67507 111
67508 112
67509 137
67510 31
67511 189
67512 87
67513 81
67514 188
67515 105
67516 93
67517 197
67518 89
67519 136
67520 76
67521 221
67522 80
67523 77
67524 144
67525 119
67526 136
67527 170
67528 231
67529 114
67530 153
67531 93
67532 99
67533 189
67534 189
67535 127
67536 510
67537 235
67538 82
67539 149
67540 172
67541 137
67542 131
67543 137
67544 32
67545 102
67546 212
67547 158
67548 55
67549 111
67550 92
67551 115
67552 78
67553 142
67554 142
67555 121
67556 142
67557 87
67558 77
67559 167
67560 232
67561 91
67562 114
67563 258
67564 126
67565 191
67566 109
67567 98
67568 134
67569 99
67570 190
67571 92
67572 97
67573 171
67574 43
67575 124
67576 114
67577 75
67578 93
67579 134
67580 186
67581 169
67582 91
67583 111
67584 74
67585 154
67586 72
67587 154
67588 144
67589 160
67590 70
67591 162
67592 20
67593 82
67594 100
67595 214
67596 110
67597 95
67598 196
67599 172
67600 104
67601 129
67602 119
67603 127
67604 131
67605 69
67606 79
67607 118
67608 133
67609 210
67610 72
67611 108
67612 116
67613 180
67614 180
67615 121
67616 113
67617 101
67618 84
67619 152
67620 67
67621 66
67622 86
67623 82
67624 200
67625 173
67626 140
67627 309
67628 81
67629 149
67630 107
67631 68
67632 126
67633 151
67634 130
67635 74
67636 184
67637 139
67638 87
67639 241
67640 201
67641 115
67642 168
67643 128
67644 91
67645 121
67646 158
67647 85
67648 72
67649 51
67650 104
67651 83
67652 107
67653 155
67654 171
67655 89
67656 130
67657 105
67658 161
67659 64
67660 109
67661 215
67662 137
67663 109
67664 175
67665 192
67666 166
67667 83
67668 178
67669 81
67670 200
67671 115
67672 108
67673 70
67674 145
67675 110
67676 131
67677 125
67678 147
67679 228
67680 75
67681 111
67682 76
67683 82
67684 162
67685 102
67686 60
67687 222
67688 138
67689 108
67690 173
67691 97
67692 98
67693 217
67694 202
67695 187
67696 156
67697 211
67698 117
67699 124
67700 56
67701 85
67702 69
67703 76
67704 125
67705 27
67706 86
67707 42
67708 98
67709 60
67710 55
67711 70
67712 118
67713 160
67714 79
67715 155
67716 185
67717 150
67718 158
67719 41
67720 96
67721 97
67722 106
67723 125
67724 143
67725 62
67726 60
67727 54
67728 120
67729 139
67730 175
67731 184
67732 148
67733 93
67734 87
67735 115
67736 89
67737 48
67738 150
67739 125
67740 129
67741 139
67742 110
67743 81
67744 118
67745 80
67746 149
67747 146
67748 196
67749 82
67750 124
67751 46
67752 148
67753 177
67754 84
67755 180
67756 170
67757 137
67758 124
67759 170
67760 165
67761 94
67762 117
67763 241
67764 171
67765 72
67766 99
67767 107
67768 72
67769 87
67770 157
67771 142
67772 141
67773 66
67774 44
67775 159
67776 79
67777 177
67778 115
67779 121
67780 268
67781 76
67782 107
67783 164
67784 161
67785 103
67786 109
67787 115
67788 99
67789 137
67790 107
67791 134
67792 138
67793 129
67794 121
67795 120
67796 160
67797 40
67798 15
67799 158
67800 98
67801 165
67802 28
67803 129
67804 114
67805 107
67806 91
67807 104
67808 87
67809 77
67810 60
67811 105
67812 131
67813 219
67814 100
67815 95
67816 175
67817 189
67818 114
67819 133
67820 114
67821 86
67822 111
67823 117
67824 90
67825 123
67826 112
67827 170
67828 125
67829 45
67830 128
67831 79
67832 181
67833 125
67834 171
67835 144
67836 97
67837 135
67838 170
67839 124
67840 266
67841 111
67842 58
67843 96
67844 175
67845 112
67846 265
67847 117
67848 108
67849 42
67850 54
67851 117
67852 112
67853 163
67854 153
67855 239
67856 90
67857 191
67858 199
67859 75
67860 120
67861 25
67862 96
67863 90
67864 141
67865 75
67866 220
67867 117
67868 185
67869 130
67870 95
67871 134
67872 63
67873 99
67874 138
67875 118
67876 217
67877 169
67878 111
67879 209
67880 63
67881 136
67882 68
67883 177
67884 154
67885 187
67886 201
67887 147
67888 204
67889 60
67890 224
67891 66
67892 122
67893 96
67894 133
67895 135
67896 142
67897 104
67898 66
67899 91
67900 136
67901 208
67902 147
67903 172
67904 191
67905 90
67906 76
67907 135
67908 135
67909 117
67910 131
67911 152
67912 109
67913 65
67914 135
67915 82
67916 65
67917 36
67918 92
67919 68
67920 101
67921 21
67922 29
67923 106
67924 198
67925 113
67926 178
67927 91
67928 82
67929 101
67930 94
67931 112
67932 122
67933 165
67934 62
67935 125
67936 98
67937 128
67938 126
67939 29
67940 112
67941 111
67942 137
67943 112
67944 162
67945 59
67946 49
67947 165
67948 110
67949 93
67950 138
67951 158
67952 192
67953 141
67954 100
67955 67
67956 124
67957 101
67958 117
67959 186
67960 136
67961 158
67962 127
67963 79
67964 154
67965 90
67966 163
67967 149
67968 89
67969 72
67970 249
67971 92
67972 92
67973 104
67974 194
67975 96
67976 112
67977 116
67978 110
67979 95
67980 93
67981 55
67982 63
67983 125
67984 151
67985 188
67986 178
67987 59
67988 231
67989 150
67990 78
67991 150
67992 175
67993 70
67994 108
67995 112
67996 163
67997 110
67998 114
67999 183
68000 156
68001 58
68002 93
68003 58
68004 97
68005 162
68006 139
68007 114
68008 134
68009 112
68010 96
68011 129
68012 122
68013 183
68014 152
68015 100
68016 89
68017 113
68018 94
68019 221
68020 120
68021 96
68022 47
68023 80
68024 84
68025 111
68026 106
68027 193
68028 88
68029 138
68030 112
68031 107
68032 177
68033 276
68034 158
68035 195
68036 75
68037 151
68038 30
68039 133
68040 158
68041 195
68042 95
68043 109
68044 83
68045 172
68046 103
68047 114
68048 108
68049 120
68050 226
68051 106
68052 158
68053 133
68054 82
68055 299
68056 190
68057 146
68058 143
68059 157
68060 161
68061 145
68062 87
68063 156
68064 61
68065 124
68066 47
68067 146
68068 76
68069 144
68070 106
68071 150
68072 206
68073 94
68074 113
68075 230
68076 68
68077 236
68078 80
68079 70
68080 110
68081 154
68082 115
68083 159
68084 123
68085 81
68086 197
68087 154
68088 90
68089 125
68090 172
68091 168
68092 81
68093 91
68094 91
68095 147
68096 42
68097 162
68098 120
68099 47
68100 110
68101 95
68102 150
68103 181
68104 137
68105 159
68106 96
68107 312
68108 118
68109 116
68110 147
68111 173
68112 74
68113 194
68114 118
68115 94
68116 268
68117 117
68118 71
68119 228
68120 26
68121 61
68122 94
68123 130
68124 217
68125 100
68126 122
68127 90
68128 125
68129 105
68130 130
68131 100
68132 85
68133 175
68134 266
68135 84
68136 54
68137 184
68138 277
68139 69
68140 80
68141 33
68142 138
68143 178
68144 60
68145 84
68146 116
68147 174
68148 46
68149 104
68150 136
68151 73
68152 49
68153 97
68154 90
68155 123
68156 149
68157 125
68158 162
68159 231
68160 134
68161 28
68162 303
68163 138
68164 132
68165 189
68166 126
68167 53
68168 64
68169 127
68170 150
68171 140
68172 123
68173 95
68174 123
68175 76
68176 34
68177 85
68178 167
68179 119
68180 124
68181 101
68182 150
68183 150
68184 94
68185 234
68186 139
68187 137
68188 85
68189 70
68190 241
68191 87
68192 114
68193 101
68194 123
68195 32
68196 152
68197 145
68198 96
68199 113
68200 76
68201 63
68202 411
68203 8
68204 86
68205 92
68206 145
68207 182
68208 97
68209 163
68210 95
68211 133
68212 90
68213 112
68214 76
68215 151
68216 64
68217 218
68218 220
68219 191
68220 114
68221 124
68222 64
68223 63
68224 139
68225 235
68226 63
68227 59
68228 81
68229 118
68230 115
68231 71
68232 85
68233 120
68234 57
68235 173
68236 42
68237 121
68238 42
68239 159
68240 85
68241 80
68242 124
68243 123
68244 25
68245 22
68246 156
68247 -8
68248 61
68249 126
68250 74
68251 127
68252 96
68253 183
68254 149
68255 98
68256 145
68257 80
68258 84
68259 223
68260 118
68261 205
68262 342
68263 51
68264 56
68265 124
68266 181
68267 99
68268 138
68269 135
68270 103
68271 117
68272 67
68273 164
68274 96
68275 85
68276 87
68277 220
68278 106
68279 73
68280 134
68281 138
68282 193
68283 103
68284 230
68285 117
68286 165
68287 110
68288 164
68289 34
68290 95
68291 251
68292 160
68293 144
68294 105
68295 155
68296 140
68297 223
68298 171
68299 118
68300 92
68301 98
68302 256
68303 71
68304 142
68305 162
68306 149
68307 129
68308 87
68309 120
68310 76
68311 163
68312 42
68313 96
68314 64
68315 72
68316 68
68317 100
68318 145
68319 171
68320 153
68321 99
68322 97
68323 240
68324 121
68325 97
68326 86
68327 234
68328 206
68329 169
68330 232
68331 169
68332 80
68333 37
68334 98
68335 169
68336 91
68337 93
68338 133
68339 72
68340 71
68341 131
68342 65
68343 427
68344 108
68345 197
68346 168
68347 87
68348 137
68349 152
68350 56
68351 120
68352 146
68353 87
68354 111
68355 103
68356 168
68357 172
68358 119
68359 130
68360 137
68361 153
68362 91
68363 163
68364 110
68365 96
68366 81
68367 154
68368 168
68369 158
68370 87
68371 164
68372 96
68373 120
68374 138
68375 93
68376 101
68377 99
68378 166
68379 210
68380 148
68381 131
68382 88
68383 201
68384 85
68385 58
68386 158
68387 94
68388 124
68389 93
68390 146
68391 107
68392 172
68393 162
68394 353
68395 108
68396 50
68397 193
68398 184
68399 149
68400 434
68401 93
68402 107
68403 151
68404 107
68405 81
68406 101
68407 140
68408 128
68409 93
68410 122
68411 133
68412 165
68413 144
68414 144
68415 106
68416 175
68417 152
68418 135
68419 133
68420 140
68421 105
68422 89
68423 199
68424 88
68425 150
68426 159
68427 180
68428 268
68429 172
68430 11
68431 169
68432 70
68433 87
68434 145
68435 196
68436 134
68437 54
68438 71
68439 188
68440 152
68441 238
68442 125
68443 131
68444 120
68445 95
68446 84
68447 62
68448 97
68449 84
68450 48
68451 201
68452 76
68453 132
68454 132
68455 126
68456 107
68457 112
68458 120
68459 63
68460 111
68461 141
68462 73
68463 54
68464 147
68465 162
68466 93
68467 114
68468 239
68469 94
68470 137
68471 70
68472 77
68473 134
68474 68
68475 161
68476 108
68477 43
68478 54
68479 103
68480 61
68481 133
68482 139
68483 101
68484 182
68485 91
68486 487
68487 126
68488 161
68489 135
68490 58
68491 175
68492 98
68493 60
68494 158
68495 197
68496 127
68497 109
68498 132
68499 90
68500 151
68501 81
68502 112
68503 58
68504 200
68505 52
68506 226
68507 85
68508 162
68509 116
68510 201
68511 102
68512 99
68513 40
68514 149
68515 52
68516 314
68517 112
68518 46
68519 75
68520 203
68521 97
68522 86
68523 139
68524 97
68525 200
68526 137
68527 258
68528 165
68529 144
68530 127
68531 90
68532 184
68533 92
68534 99
68535 101
68536 132
68537 114
68538 179
68539 80
68540 134
68541 131
68542 94
68543 43
68544 109
68545 97
68546 172
68547 65
68548 162
68549 147
68550 118
68551 115
68552 136
68553 80
68554 103
68555 166
68556 232
68557 153
68558 118
68559 295
68560 63
68561 100
68562 154
68563 128
68564 38
68565 55
68566 170
68567 116
68568 156
68569 98
68570 65
68571 84
68572 74
68573 111
68574 196
68575 101
68576 106
68577 75
68578 208
68579 128
68580 112
68581 151
68582 95
68583 163
68584 28
68585 59
68586 42
68587 80
68588 84
68589 209
68590 102
68591 178
68592 61
68593 74
68594 158
68595 -3
68596 67
68597 80
68598 175
68599 91
68600 80
68601 197
68602 98
68603 70
68604 135
68605 46
68606 116
68607 112
68608 103
68609 87
68610 115
68611 96
68612 174
68613 114
68614 153
68615 106
68616 119
68617 160
68618 168
68619 116
68620 112
68621 275
68622 94
68623 140
68624 174
68625 108
68626 138
68627 157
68628 79
68629 55
68630 111
68631 206
68632 148
68633 47
68634 124
68635 112
68636 144
68637 128
68638 164
68639 105
68640 98
68641 78
68642 235
68643 54
68644 182
68645 53
68646 194
68647 126
68648 204
68649 52
68650 113
68651 102
68652 94
68653 66
68654 53
68655 190
68656 390
68657 192
68658 96
68659 156
68660 196
68661 183
68662 84
68663 129
68664 66
68665 23
68666 77
68667 96
68668 100
68669 114
68670 191
68671 402
68672 68
68673 183
68674 127
68675 75
68676 160
68677 110
68678 142
68679 197
68680 137
68681 71
68682 58
68683 58
68684 163
68685 53
68686 166
68687 102
68688 120
68689 201
68690 160
68691 148
68692 102
68693 137
68694 179
68695 177
68696 148
68697 99
68698 54
68699 162
68700 99
68701 6
68702 129
68703 163
68704 134
68705 112
68706 38
68707 84
68708 139
68709 92
68710 143
68711 65
68712 212
68713 75
68714 191
68715 82
68716 104
68717 98
68718 156
68719 143
68720 101
68721 146
68722 95
68723 95
68724 84
68725 107
68726 114
68727 149
68728 150
68729 280
68730 240
68731 114
68732 132
68733 50
68734 49
68735 157
68736 224
68737 91
68738 22
68739 91
68740 191
68741 141
68742 130
68743 69
68744 79
68745 110
68746 187
68747 118
68748 162
68749 98
68750 101
68751 108
68752 109
68753 100
68754 50
68755 180
68756 129
68757 67
68758 73
68759 119
68760 178
68761 198
68762 157
68763 140
68764 112
68765 25
68766 181
68767 129
68768 71
68769 114
68770 104
68771 43
68772 70
68773 157
68774 45
68775 104
68776 133
68777 193
68778 134
68779 57
68780 139
68781 148
68782 73
68783 136
68784 149
68785 184
68786 74
68787 161
68788 142
68789 83
68790 113
68791 105
68792 87
68793 -9
68794 85
68795 -6
68796 105
68797 75
68798 120
68799 98
68800 58
68801 152
68802 130
68803 82
68804 110
68805 115
68806 138
68807 140
68808 108
68809 114
68810 93
68811 170
68812 150
68813 71
68814 144
68815 98
68816 190
68817 159
68818 182
68819 140
68820 99
68821 93
68822 126
68823 67
68824 211
68825 136
68826 78
68827 48
68828 173
68829 79
68830 118
68831 106
68832 132
68833 73
68834 97
68835 107
68836 236
68837 65
68838 196
68839 79
68840 71
68841 95
68842 90
68843 132
68844 109
68845 78
68846 137
68847 102
68848 129
68849 164
68850 263
68851 136
68852 139
68853 154
68854 23
68855 127
68856 151
68857 167
68858 106
68859 48
68860 74
68861 130
68862 114
68863 195
68864 93
68865 180
68866 124
68867 120
68868 117
68869 95
68870 162
68871 168
68872 76
68873 125
68874 92
68875 72
68876 131
68877 93
68878 121
68879 190
68880 135
68881 76
68882 119
68883 129
68884 150
68885 154
68886 41
68887 36
68888 42
68889 145
68890 75
68891 139
68892 93
68893 130
68894 86
68895 168
68896 105
68897 130
68898 54
68899 155
68900 74
68901 141
68902 123
68903 155
68904 80
68905 117
68906 88
68907 154
68908 40
68909 113
68910 161
68911 204
68912 142
68913 166
68914 130
68915 125
68916 126
68917 99
68918 129
68919 115
68920 100
68921 218
68922 103
68923 84
68924 143
68925 123
68926 -17
68927 64
68928 88
68929 173
68930 95
68931 104
68932 108
68933 121
68934 180
68935 128
68936 107
68937 77
68938 118
68939 186
68940 134
68941 171
68942 97
68943 128
68944 246
68945 186
68946 115
68947 133
68948 126
68949 121
68950 121
68951 125
68952 123
68953 67
68954 107
68955 164
68956 39
68957 155
68958 155
68959 58
68960 131
68961 45
68962 118
68963 67
68964 94
68965 118
68966 165
68967 167
68968 153
68969 130
68970 107
68971 149
68972 116
68973 111
68974 137
68975 94
68976 269
68977 108
68978 83
68979 59
68980 136
68981 83
68982 130
68983 56
68984 94
68985 87
68986 74
68987 162
68988 133
68989 147
68990 43
68991 158
68992 86
68993 299
68994 103
68995 153
68996 117
68997 159
68998 40
68999 110
69000 69
69001 199
69002 97
69003 128
69004 95
69005 78
69006 136
69007 93
69008 131
69009 127
69010 56
69011 97
69012 34
69013 136
69014 100
69015 78
69016 137
69017 75
69018 78
69019 321
69020 208
69021 108
69022 166
69023 181
69024 126
69025 124
69026 139
69027 306
69028 127
69029 113
69030 97
69031 92
69032 95
69033 91
69034 154
69035 32
69036 150
69037 151
69038 144
69039 200
69040 133
69041 99
69042 69
69043 52
69044 111
69045 151
69046 129
69047 104
69048 110
69049 78
69050 119
69051 149
69052 228
69053 77
69054 51
69055 54
69056 142
69057 106
69058 34
69059 154
69060 161
69061 80
69062 117
69063 205
69064 69
69065 223
69066 65
69067 97
69068 114
69069 72
69070 78
69071 105
69072 196
69073 142
69074 115
69075 130
69076 172
69077 106
69078 120
69079 75
69080 183
69081 68
69082 112
69083 102
69084 53
69085 191
69086 72
69087 114
69088 104
69089 125
69090 100
69091 136
69092 42
69093 143
69094 65
69095 145
69096 81
69097 209
69098 135
69099 129
69100 68
69101 151
69102 166
69103 91
69104 173
69105 187
69106 166
69107 96
69108 87
69109 112
69110 154
69111 150
69112 137
69113 199
69114 55
69115 100
69116 161
69117 72
69118 135
69119 147
69120 88
69121 95
69122 74
69123 68
69124 96
69125 90
69126 112
69127 77
69128 122
69129 90
69130 184
69131 132
69132 55
69133 149
69134 231
69135 112
69136 117
69137 98
69138 162
69139 128
69140 134
69141 190
69142 158
69143 156
69144 32
69145 62
69146 343
69147 130
69148 119
69149 111
69150 241
69151 126
69152 116
69153 201
69154 137
69155 50
69156 22
69157 149
69158 158
69159 134
69160 68
69161 245
69162 95
69163 175
69164 132
69165 63
69166 252
69167 71
69168 156
69169 64
69170 175
69171 77
69172 131
69173 34
69174 130
69175 185
69176 92
69177 148
69178 16
69179 91
69180 156
69181 109
69182 160
69183 396
69184 105
69185 62
69186 72
69187 120
69188 239
69189 182
69190 102
69191 143
69192 106
69193 147
69194 57
69195 71
69196 112
69197 106
69198 90
69199 265
69200 61
69201 210
69202 48
69203 59
69204 140
69205 57
69206 85
69207 189
69208 156
69209 145
69210 51
69211 127
69212 224
69213 179
69214 65
69215 179
69216 154
69217 143
69218 168
69219 142
69220 139
69221 109
69222 115
69223 119
69224 103
69225 104
69226 76
69227 92
69228 40
69229 130
69230 107
69231 98
69232 200
69233 118
69234 189
69235 189
69236 114
69237 30
69238 71
69239 144
69240 138
69241 149
69242 261
69243 134
69244 95
69245 141
69246 156
69247 175
69248 147
69249 113
69250 124
69251 175
69252 128
69253 154
69254 110
69255 116
69256 61
69257 90
69258 116
69259 117
69260 122
69261 255
69262 131
69263 77
69264 137
69265 68
69266 194
69267 284
69268 107
69269 97
69270 126
69271 119
69272 75
69273 61
69274 168
69275 95
69276 59
69277 106
69278 105
69279 64
69280 28
69281 136
69282 193
69283 213
69284 126
69285 135
69286 127
69287 120
69288 150
69289 20
69290 140
69291 128
69292 92
69293 73
69294 280
69295 205
69296 113
69297 75
69298 83
69299 141
69300 127
69301 165
69302 46
69303 191
69304 84
69305 336
69306 127
69307 103
69308 123
69309 88
69310 127
69311 97
69312 181
69313 134
69314 71
69315 123
69316 194
69317 161
69318 166
69319 62
69320 108
69321 74
69322 22
69323 123
69324 128
69325 150
69326 263
69327 98
69328 102
69329 33
69330 63
69331 148
69332 112
69333 123
69334 84
69335 241
69336 89
69337 101
69338 77
69339 245
69340 144
69341 117
69342 101
69343 123
69344 133
69345 194
69346 16
69347 64
69348 168
69349 163
69350 145
69351 26
69352 166
69353 103
69354 172
69355 218
69356 217
69357 116
69358 111
69359 125
69360 172
69361 162
69362 177
69363 95
69364 83
69365 94
69366 104
69367 61
69368 35
69369 125
69370 68
69371 85
69372 121
69373 133
69374 76
69375 108
69376 127
69377 77
69378 47
69379 125
69380 111
69381 191
69382 132
69383 16
69384 169
69385 264
69386 61
69387 49
69388 199
69389 139
69390 69
69391 217
69392 116
69393 85
69394 73
69395 95
69396 110
69397 234
69398 201
69399 173
69400 104
69401 105
69402 164
69403 112
69404 103
69405 132
69406 84
69407 90
69408 104
69409 78
69410 78
69411 164
69412 136
69413 80
69414 146
69415 29
69416 5
69417 244
69418 158
69419 94
69420 152
69421 140
69422 86
69423 131
69424 79
69425 165
69426 333
69427 94
69428 129
69429 52
69430 87
69431 118
69432 127
69433 165
69434 285
69435 52
69436 152
69437 110
69438 71
69439 269
69440 105
69441 150
69442 81
69443 135
69444 113
69445 44
69446 115
69447 107
69448 125
69449 192
69450 151
69451 85
69452 164
69453 151
69454 108
69455 98
69456 143
69457 98
69458 233
69459 332
69460 87
69461 51
69462 121
69463 92
69464 129
69465 7
69466 115
69467 93
69468 118
69469 90
69470 62
69471 122
69472 116
69473 55
69474 107
69475 214
69476 109
69477 150
69478 98
69479 213
69480 131
69481 135
69482 229
69483 127
69484 121
69485 132
69486 143
69487 101
69488 111
69489 108
69490 75
69491 185
69492 92
69493 76
69494 121
69495 177
69496 131
69497 88
69498 159
69499 37
69500 163
69501 147
69502 223
69503 102
69504 123
69505 100
69506 178
69507 150
69508 161
69509 49
69510 84
69511 171
69512 121
69513 104
69514 89
69515 280
69516 113
69517 138
69518 79
69519 125
69520 116
69521 161
69522 172
69523 82
69524 193
69525 46
69526 137
69527 97
69528 55
69529 -3
69530 148
69531 131
69532 142
69533 107
69534 66
69535 112
69536 94
69537 117
69538 82
69539 75
69540 129
69541 86
69542 93
69543 90
69544 95
69545 133
69546 157
69547 162
69548 89
69549 118
69550 146
69551 45
69552 108
69553 154
69554 129
69555 143
69556 114
69557 114
69558 69
69559 154
69560 112
69561 93
69562 96
69563 178
69564 61
69565 103
69566 92
69567 137
69568 254
69569 79
69570 167
69571 147
69572 38
69573 115
69574 160
69575 79
69576 123
69577 96
69578 94
69579 129
69580 201
69581 159
69582 62
69583 87
69584 50
69585 162
69586 98
69587 122
69588 35
69589 156
69590 231
69591 47
69592 118
69593 49
69594 122
69595 233
69596 105
69597 186
69598 163
69599 166
69600 153
69601 150
69602 161
69603 83
69604 177
69605 102
69606 87
69607 143
69608 103
69609 111
69610 122
69611 135
69612 70
69613 112
69614 44
69615 180
69616 141
69617 46
69618 142
69619 127
69620 136
69621 177
69622 73
69623 189
69624 52
69625 78
69626 42
69627 2
69628 59
69629 59
69630 233
69631 110
69632 73
69633 165
69634 316
69635 65
69636 165
69637 99
69638 132
69639 62
69640 161
69641 157
69642 49
69643 113
69644 65
69645 42
69646 81
69647 161
69648 87
69649 150
69650 147
69651 120
69652 230
69653 106
69654 167
69655 52
69656 151
69657 125
69658 92
69659 153
69660 69
69661 117
69662 76
69663 128
69664 140
69665 236
69666 87
69667 110
69668 91
69669 174
69670 389
69671 135
69672 130
69673 56
69674 124
69675 172
69676 236
69677 103
69678 125
69679 94
69680 166
69681 102
69682 169
69683 92
69684 114
69685 258
69686 116
69687 74
69688 70
69689 104
69690 123
69691 185
69692 87
69693 137
69694 155
69695 217
69696 156
69697 69
69698 135
69699 200
69700 104
69701 48
69702 155
69703 74
69704 143
69705 114
69706 77
69707 141
69708 121
69709 79
69710 132
69711 224
69712 51
69713 78
69714 79
69715 181
69716 252
69717 156
69718 171
69719 116
69720 275
69721 110
69722 87
69723 91
69724 1
69725 83
69726 153
69727 146
69728 140
69729 87
69730 128
69731 127
69732 165
69733 205
69734 88
69735 106
69736 162
69737 77
69738 91
69739 84
69740 143
69741 156
69742 110
69743 143
69744 154
69745 68
69746 250
69747 40
69748 96
69749 154
69750 285
69751 133
69752 84
69753 127
69754 125
69755 110
69756 61
69757 107
69758 182
69759 154
69760 126
69761 411
69762 182
69763 87
69764 200
69765 151
69766 103
69767 204
69768 42
69769 97
69770 90
69771 127
69772 129
69773 171
69774 137
69775 45
69776 111
69777 88
69778 44
69779 119
69780 205
69781 167
69782 53
69783 67
69784 89
69785 189
69786 153
69787 102
69788 236
69789 159
69790 43
69791 54
69792 89
69793 119
69794 166
69795 60
69796 243
69797 141
69798 106
69799 131
69800 271
69801 162
69802 141
69803 109
69804 100
69805 38
69806 36
69807 73
69808 156
69809 221
69810 17
69811 131
69812 50
69813 109
69814 104
69815 178
69816 118
69817 140
69818 183
69819 83
69820 159
69821 101
69822 138
69823 118
69824 117
69825 93
69826 201
69827 145
69828 138
69829 84
69830 240
69831 145
69832 4
69833 113
69834 74
69835 54
69836 118
69837 55
69838 94
69839 231
69840 59
69841 77
69842 198
69843 127
69844 34
69845 206
69846 123
69847 66
69848 114
69849 94
69850 154
69851 129
69852 83
69853 158
69854 166
69855 91
69856 66
69857 137
69858 124
69859 131
69860 239
69861 57
69862 99
69863 171
69864 88
69865 175
69866 188
69867 147
69868 92
69869 8
69870 55
69871 160
69872 189
69873 135
69874 131
69875 103
69876 102
69877 190
69878 94
69879 130
69880 137
69881 45
69882 194
69883 127
69884 109
69885 18
69886 117
69887 83
69888 85
69889 128
69890 109
69891 62
69892 80
69893 121
69894 18
69895 161
69896 155
69897 91
69898 140
69899 38
69900 85
69901 157
69902 136
69903 63
69904 114
69905 134
69906 84
69907 49
69908 261
69909 183
69910 70
69911 186
69912 119
69913 177
69914 156
69915 205
69916 121
69917 27
69918 166
69919 71
69920 73
69921 99
69922 80
69923 116
69924 88
69925 73
69926 114
69927 157
69928 125
69929 161
69930 129
69931 94
69932 63
69933 196
69934 139
69935 113
69936 126
69937 138
69938 93
69939 127
69940 152
69941 114
69942 59
69943 157
69944 70
69945 124
69946 121
69947 95
69948 77
69949 133
69950 314
69951 90
69952 115
69953 1
69954 123
69955 80
69956 138
69957 169
69958 142
69959 -12
69960 45
69961 149
69962 49
69963 73
69964 155
69965 93
69966 118
69967 33
69968 80
69969 72
69970 136
69971 117
69972 132
69973 85
69974 140
69975 260
69976 33
69977 145
69978 86
69979 127
69980 145
69981 86
69982 146
69983 97
69984 160
69985 144
69986 82
69987 89
69988 175
69989 134
69990 130
69991 68
69992 108
69993 79
69994 212
69995 94
69996 38
69997 37
69998 76
69999 127
70000 127
70001 110
70002 176
70003 87
70004 124
70005 43
70006 24
70007 80
70008 90
70009 103
70010 105
70011 63
70012 107
70013 129
70014 108
70015 121
70016 58
70017 133
70018 85
70019 143
70020 75
70021 169
70022 232
70023 181
70024 110
70025 199
70026 106
70027 50
70028 218
70029 129
70030 124
70031 111
70032 63
70033 80
70034 172
70035 118
70036 61
70037 205
70038 138
70039 134
70040 152
70041 175
70042 84
70043 67
70044 151
70045 156
70046 42
70047 142
70048 109
70049 121
70050 63
70051 95
70052 126
70053 191
70054 90
70055 38
70056 46
70057 160
70058 164
70059 135
70060 112
70061 112
70062 112
70063 108
70064 34
70065 97
70066 142
70067 104
70068 213
70069 189
70070 192
70071 110
70072 89
70073 53
70074 113
70075 126
70076 111
70077 120
70078 77
70079 88
70080 134
70081 44
70082 87
70083 135
70084 67
70085 146
70086 181
70087 128
70088 71
70089 130
70090 75
70091 198
70092 102
70093 131
70094 90
70095 113
70096 96
70097 54
70098 106
70099 109
70100 109
70101 98
70102 176
70103 111
70104 82
70105 46
70106 12
70107 109
70108 99
70109 133
70110 164
70111 138
70112 95
70113 159
70114 129
70115 35
70116 88
70117 163
70118 120
70119 78
70120 110
70121 106
70122 131
70123 202
70124 105
70125 44
70126 81
70127 158
70128 86
70129 68
70130 62
70131 117
70132 163
70133 73
70134 94
70135 169
70136 130
70137 68
70138 68
70139 142
70140 68
70141 123
70142 74
70143 63
70144 140
70145 67
70146 130
70147 38
70148 163
70149 195
70150 76
70151 27
70152 135
70153 27
70154 157
70155 73
70156 120
70157 257
70158 116
70159 141
70160 199
70161 114
70162 169
70163 82
70164 130
70165 82
70166 82
70167 82
70168 115
70169 70
70170 110
70171 47
70172 58
70173 169
70174 99
70175 17
70176 90
70177 123
70178 104
70179 161
70180 57
70181 127
70182 61
70183 100
70184 84
70185 65
70186 81
70187 117
70188 109
70189 70
70190 86
70191 97
70192 145
70193 65
70194 197
70195 144
70196 142
70197 91
70198 125
70199 91
70200 107
70201 137
70202 219
70203 79
70204 167
70205 129
70206 75
70207 139
70208 226
70209 74
70210 229
70211 54
70212 169
70213 86
70214 132
70215 143
70216 160
70217 156
70218 83
70219 77
70220 120
70221 231
70222 199
70223 97
70224 72
70225 66
70226 112
70227 121
70228 153
70229 99
70230 29
70231 187
70232 74
70233 136
70234 80
70235 131
70236 65
70237 231
70238 140
70239 64
70240 222
70241 131
70242 108
70243 134
70244 27
70245 174
70246 133
70247 146
70248 182
70249 58
70250 151
70251 97
70252 132
70253 170
70254 112
70255 182
70256 178
70257 21
70258 158
70259 160
70260 135
70261 112
70262 198
70263 141
70264 201
70265 256
70266 117
70267 31
70268 133
70269 132
70270 96
70271 93
70272 100
70273 138
70274 82
70275 112
70276 160
70277 113
70278 94
70279 154
70280 113
70281 171
70282 142
70283 94
70284 119
70285 112
70286 146
70287 42
70288 205
70289 129
70290 52
70291 62
70292 175
70293 214
70294 196
70295 176
70296 254
70297 126
70298 82
70299 33
70300 122
70301 138
70302 142
70303 56
70304 103
70305 313
70306 95
70307 221
70308 92
70309 146
70310 128
70311 111
70312 119
70313 49
70314 64
70315 201
70316 92
70317 66
70318 149
70319 122
70320 70
70321 143
70322 136
70323 76
70324 124
70325 128
70326 256
70327 129
70328 131
70329 106
70330 141
70331 103
70332 168
70333 165
70334 109
70335 46
70336 133
70337 82
70338 75
70339 158
70340 60
70341 128
70342 108
70343 84
70344 84
70345 104
70346 46
70347 139
70348 102
70349 111
70350 27
70351 105
70352 81
70353 124
70354 112
70355 143
70356 -20
70357 374
70358 100
70359 192
70360 196
70361 58
70362 77
70363 124
70364 157
70365 116
70366 139
70367 158
70368 134
70369 99
70370 175
70371 92
70372 203
70373 100
70374 90
70375 139
70376 118
70377 248
70378 170
70379 110
70380 203
70381 166
70382 136
70383 185
70384 154
70385 166
70386 85
70387 105
70388 88
70389 123
70390 127
70391 103
70392 111
70393 105
70394 195
70395 137
70396 53
70397 168
70398 151
70399 104
70400 175
70401 121
70402 88
70403 146
70404 110
70405 78
70406 18
70407 98
70408 138
70409 147
70410 110
70411 166
70412 170
70413 108
70414 137
70415 -11
70416 184
70417 100
70418 143
70419 182
70420 121
70421 84
70422 58
70423 114
70424 82
70425 107
70426 89
70427 109
70428 152
70429 79
70430 105
70431 62
70432 92
70433 107
70434 115
70435 125
70436 141
70437 218
70438 156
70439 145
70440 174
70441 64
70442 121
70443 115
70444 84
70445 83
70446 177
70447 156
70448 114
70449 66
70450 101
70451 61
70452 93
70453 80
70454 173
70455 40
70456 81
70457 72
70458 188
70459 120
70460 99
70461 99
70462 140
70463 85
70464 148
70465 131
70466 54
70467 190
70468 97
70469 82
70470 134
70471 118
70472 105
70473 48
70474 164
70475 158
70476 131
70477 105
70478 76
70479 75
70480 110
70481 90
70482 159
70483 87
70484 229
70485 89
70486 193
70487 131
70488 153
70489 94
70490 112
70491 81
70492 120
70493 103
70494 117
70495 89
70496 104
70497 56
70498 110
70499 17
70500 101
70501 71
70502 102
70503 83
70504 107
70505 63
70506 105
70507 188
70508 179
70509 156
70510 96
70511 101
70512 120
70513 131
70514 111
70515 158
70516 53
70517 39
70518 69
70519 187
70520 98
70521 106
70522 116
70523 218
70524 57
70525 115
70526 120
70527 103
70528 119
70529 331
70530 123
70531 146
70532 71
70533 82
70534 149
70535 172
70536 66
70537 199
70538 82
70539 66
70540 177
70541 150
70542 70
70543 111
70544 87
70545 185
70546 161
70547 282
70548 103
70549 77
70550 148
70551 139
70552 84
70553 82
70554 140
70555 47
70556 102
70557 57
70558 125
70559 101
70560 126
70561 91
70562 83
70563 61
70564 128
70565 249
70566 59
70567 74
70568 74
70569 81
70570 71
70571 162
70572 181
70573 145
70574 62
70575 157
70576 135
70577 105
70578 207
70579 102
70580 195
70581 128
70582 121
70583 254
70584 110
70585 138
70586 91
70587 83
70588 96
70589 137
70590 107
70591 79
70592 136
70593 41
70594 114
70595 135
70596 162
70597 95
70598 116
70599 106
70600 71
70601 75
70602 63
70603 53
70604 109
70605 105
70606 201
70607 83
70608 189
70609 168
70610 180
70611 378
70612 237
70613 77
70614 169
70615 134
70616 101
70617 91
70618 64
70619 128
70620 48
70621 164
70622 147
70623 88
70624 110
70625 204
70626 153
70627 181
70628 70
70629 173
70630 122
70631 208
70632 70
70633 168
70634 192
70635 230
70636 87
70637 138
70638 95
70639 152
70640 76
70641 97
70642 196
70643 71
70644 99
70645 66
70646 76
70647 245
70648 102
70649 55
70650 188
70651 109
70652 134
70653 77
70654 42
70655 98
70656 212
70657 119
70658 75
70659 49
70660 53
70661 89
70662 161
70663 23
70664 149
70665 73
70666 202
70667 158
70668 63
70669 90
70670 179
70671 62
70672 73
70673 105
70674 98
70675 172
70676 111
70677 95
70678 112
70679 95
70680 111
70681 156
70682 152
70683 125
70684 135
70685 177
70686 127
70687 139
70688 106
70689 173
70690 148
70691 53
70692 90
70693 111
70694 109
70695 39
70696 295
70697 125
70698 139
70699 167
70700 113
70701 118
70702 110
70703 97
70704 124
70705 92
70706 73
70707 107
70708 184
70709 61
70710 51
70711 102
70712 76
70713 108
70714 122
70715 82
70716 96
70717 74
70718 161
70719 99
70720 74
70721 150
70722 89
70723 75
70724 111
70725 166
70726 123
70727 47
70728 88
70729 176
70730 123
70731 20
70732 39
70733 48
70734 47
70735 81
70736 75
70737 106
70738 114
70739 110
70740 80
70741 177
70742 63
70743 102
70744 104
70745 135
70746 205
70747 98
70748 95
70749 328
70750 71
70751 105
70752 161
70753 191
70754 79
70755 67
70756 107
70757 176
70758 88
70759 74
70760 12
70761 84
70762 110
70763 144
70764 166
70765 95
70766 34
70767 121
70768 199
70769 97
70770 22
70771 56
70772 160
70773 125
70774 198
70775 101
70776 49
70777 189
70778 141
70779 105
70780 127
70781 158
70782 92
70783 102
70784 118
70785 97
70786 83
70787 166
70788 67
70789 72
70790 165
70791 97
70792 88
70793 61
70794 83
70795 99
70796 108
70797 150
70798 63
70799 123
70800 106
70801 179
70802 173
70803 76
70804 136
70805 231
70806 134
70807 41
70808 109
70809 93
70810 74
70811 143
70812 158
70813 80
70814 141
70815 140
70816 73
70817 73
70818 89
70819 167
70820 242
70821 85
70822 163
70823 127
70824 126
70825 48
70826 110
70827 120
70828 173
70829 154
70830 94
70831 78
70832 81
70833 25
70834 119
70835 165
70836 65
70837 166
70838 75
70839 142
70840 132
70841 141
70842 96
70843 96
70844 151
70845 148
70846 171
70847 130
70848 107
70849 120
70850 48
70851 104
70852 107
70853 117
70854 93
70855 118
70856 83
70857 43
70858 190
70859 69
70860 282
70861 71
70862 159
70863 167
70864 174
70865 34
70866 137
70867 79
70868 198
70869 129
70870 84
70871 111
70872 134
70873 145
70874 229
70875 99
70876 179
70877 69
70878 208
70879 120
70880 149
70881 101
70882 130
70883 103
70884 96
70885 153
70886 54
70887 98
70888 89
70889 122
70890 168
70891 153
70892 86
70893 143
70894 79
70895 112
70896 110
70897 152
70898 163
70899 131
70900 121
70901 131
70902 32
70903 70
70904 77
70905 139
70906 118
70907 156
70908 138
70909 27
70910 167
70911 177
70912 28
70913 125
70914 123
70915 109
70916 66
70917 168
70918 105
70919 94
70920 108
70921 42
70922 129
70923 64
70924 180
70925 165
70926 238
70927 192
70928 192
70929 207
70930 112
70931 137
70932 60
70933 170
70934 117
70935 204
70936 83
70937 84
70938 100
70939 152
70940 72
70941 80
70942 85
70943 113
70944 140
70945 95
70946 81
70947 8
70948 58
70949 169
70950 97
70951 142
70952 85
70953 78
70954 137
70955 37
70956 88
70957 34
70958 152
70959 124
70960 125
70961 75
70962 86
70963 87
70964 132
70965 109
70966 108
70967 314
70968 99
70969 147
70970 88
70971 105
70972 91
70973 63
70974 92
70975 102
70976 72
70977 77
70978 134
70979 161
70980 161
70981 229
70982 93
70983 179
70984 133
70985 100
70986 86
70987 81
70988 196
70989 99
70990 113
70991 172
70992 114
70993 177
70994 83
70995 79
70996 94
70997 68
70998 69
70999 173
71000 134
71001 103
71002 143
71003 87
71004 78
71005 71
71006 212
71007 79
71008 97
71009 204
71010 74
71011 178
71012 85
71013 158
71014 143
71015 110
71016 237
71017 108
71018 220
71019 105
71020 87
71021 82
71022 92
71023 62
71024 137
71025 86
71026 178
71027 126
71028 143
71029 105
71030 118
71031 132
71032 89
71033 86
71034 122
71035 158
71036 78
71037 63
71038 98
71039 69
71040 15
71041 61
71042 90
71043 144
71044 82
71045 132
71046 80
71047 113
71048 178
71049 95
71050 170
71051 79
71052 107
71053 94
71054 109
71055 93
71056 149
71057 34
71058 113
71059 160
71060 42
71061 94
71062 71
71063 137
71064 63
71065 67
71066 198
71067 113
71068 84
71069 153
71070 124
71071 46
71072 108
71073 144
71074 102
71075 88
71076 163
71077 104
71078 140
71079 199
71080 108
71081 196
71082 236
71083 72
71084 106
71085 50
71086 64
71087 68
71088 66
71089 120
71090 150
71091 197
71092 179
71093 172
71094 126
71095 91
71096 142
71097 71
71098 96
71099 131
71100 71
71101 73
71102 84
71103 141
71104 81
71105 76
71106 154
71107 117
71108 121
71109 67
71110 47
71111 98
71112 129
71113 87
71114 136
71115 147
71116 139
71117 112
71118 106
71119 109
71120 93
71121 198
71122 162
71123 99
71124 167
71125 76
71126 81
71127 147
71128 87
71129 114
71130 90
71131 178
71132 202
71133 112
71134 59
71135 104
71136 140
71137 33
71138 55
71139 140
71140 140
71141 157
71142 159
71143 101
71144 169
71145 152
71146 125
71147 89
71148 84
71149 231
71150 135
71151 100
71152 223
71153 136
71154 178
71155 105
71156 152
71157 57
71158 164
71159 141
71160 98
71161 167
71162 58
71163 110
71164 124
71165 47
71166 27
71167 98
71168 172
71169 70
71170 89
71171 39
71172 118
71173 55
71174 143
71175 166
71176 116
71177 152
71178 122
71179 186
71180 218
71181 73
71182 179
71183 181
71184 116
71185 153
71186 170
71187 92
71188 4
71189 164
71190 105
71191 63
71192 43
71193 128
71194 120
71195 79
71196 258
71197 72
71198 99
71199 107
71200 99
71201 66
71202 144
71203 154
71204 127
71205 120
71206 85
71207 171
71208 62
71209 101
71210 146
71211 197
71212 152
71213 28
71214 126
71215 60
71216 147
71217 116
71218 103
71219 124
71220 53
71221 59
71222 192
71223 103
71224 96
71225 79
71226 115
71227 143
71228 159
71229 153
71230 103
71231 49
71232 23
71233 139
71234 175
71235 95
71236 117
71237 138
71238 2
71239 72
71240 151
71241 125
71242 139
71243 168
71244 121
71245 409
71246 159
71247 108
71248 191
71249 159
71250 59
71251 141
71252 202
71253 109
71254 88
71255 48
71256 106
71257 127
71258 154
71259 167
71260 51
71261 100
71262 162
71263 112
71264 87
71265 42
71266 365
71267 102
71268 114
71269 103
71270 110
71271 108
71272 89
71273 76
71274 112
71275 69
71276 229
71277 114
71278 143
71279 86
71280 99
71281 11
71282 154
71283 82
71284 122
71285 67
71286 88
71287 68
71288 89
71289 22
71290 26
71291 135
71292 51
71293 147
71294 82
71295 98
71296 123
71297 161
71298 106
71299 116
71300 68
71301 145
71302 137
71303 222
71304 88
71305 184
71306 210
71307 154
71308 134
71309 50
71310 97
71311 196
71312 114
71313 134
71314 164
71315 116
71316 127
71317 111
71318 166
71319 103
71320 95
71321 97
71322 73
71323 156
71324 92
71325 128
71326 211
71327 76
71328 86
71329 209
71330 110
71331 121
71332 145
71333 137
71334 38
71335 182
71336 141
71337 68
71338 24
71339 154
71340 46
71341 26
71342 95
71343 86
71344 40
71345 163
71346 116
71347 167
71348 234
71349 134
71350 306
71351 174
71352 102
71353 101
71354 141
71355 110
71356 124
71357 246
71358 136
71359 146
71360 137
71361 75
71362 137
71363 226
71364 110
71365 70
71366 58
71367 97
71368 54
71369 130
71370 140
71371 124
71372 81
71373 158
71374 171
71375 120
71376 111
71377 59
71378 132
71379 110
71380 217
71381 115
71382 100
71383 122
71384 159
71385 69
71386 80
71387 96
71388 214
71389 212
71390 114
71391 175
71392 125
71393 121
71394 61
71395 102
71396 125
71397 72
71398 78
71399 194
71400 108
71401 126
71402 153
71403 33
71404 151
71405 146
71406 169
71407 136
71408 85
71409 118
71410 88
71411 80
71412 54
71413 93
71414 79
71415 168
71416 107
71417 101
71418 38
71419 -7
71420 128
71421 101
71422 148
71423 86
71424 88
71425 96
71426 50
71427 115
71428 44
71429 102
71430 24
71431 122
71432 153
71433 105
71434 9
71435 135
71436 155
71437 138
71438 162
71439 130
71440 144
71441 90
71442 105
71443 57
71444 99
71445 119
71446 121
71447 130
71448 90
71449 170
71450 225
71451 104
71452 159
71453 93
71454 140
71455 113
71456 162
71457 143
71458 59
71459 134
71460 160
71461 110
71462 59
71463 103
71464 90
71465 95
71466 2
71467 99
71468 89
71469 78
71470 151
71471 81
71472 176
71473 132
71474 144
71475 113
71476 155
71477 51
71478 121
71479 148
71480 90
71481 131
71482 137
71483 72
71484 160
71485 92
71486 122
71487 123
71488 169
71489 181
71490 96
71491 104
71492 118
71493 182
71494 137
71495 95
71496 74
71497 147
71498 98
71499 147
71500 122
71501 22
71502 136
71503 62
71504 102
71505 110
71506 97
71507 91
71508 30
71509 169
71510 150
71511 196
71512 133
71513 103
71514 94
71515 69
71516 98
71517 98
71518 48
71519 91
71520 111
71521 105
71522 107
71523 74
71524 70
71525 93
71526 170
71527 56
71528 76
71529 126
71530 117
71531 152
71532 88
71533 59
71534 100
71535 89
71536 118
71537 189
71538 127
71539 86
71540 134
71541 77
71542 26
71543 95
71544 64
71545 77
71546 80
71547 165
71548 183
71549 221
71550 53
71551 131
71552 169
71553 113
71554 80
71555 143
71556 58
71557 -1
71558 113
71559 66
71560 125
71561 158
71562 113
71563 162
71564 126
71565 109
71566 61
71567 104
71568 77
71569 72
71570 113
71571 39
71572 85
71573 298
71574 135
71575 156
71576 105
71577 161
71578 112
71579 80
71580 64
71581 184
71582 133
71583 129
71584 137
71585 181
71586 68
71587 201
71588 107
71589 71
71590 184
71591 114
71592 122
71593 140
71594 118
71595 92
71596 124
71597 87
71598 146
71599 97
71600 154
71601 120
71602 160
71603 125
71604 120
71605 94
71606 77
71607 129
71608 229
71609 80
71610 138
71611 74
71612 66
71613 209
71614 94
71615 75
71616 150
71617 190
71618 98
71619 144
71620 82
71621 107
71622 143
71623 113
71624 117
71625 45
71626 191
71627 99
71628 133
71629 61
71630 242
71631 78
71632 81
71633 125
71634 66
71635 144
71636 86
71637 160
71638 224
71639 169
71640 101
71641 146
71642 149
71643 141
71644 84
71645 131
71646 81
71647 186
71648 184
71649 61
71650 137
71651 142
71652 118
71653 157
71654 76
71655 56
71656 204
71657 125
71658 105
71659 136
71660 93
71661 149
71662 149
71663 101
71664 140
71665 24
71666 104
71667 81
71668 127
71669 114
71670 164
71671 36
71672 128
71673 110
71674 107
71675 56
71676 154
71677 73
71678 65
71679 122
71680 73
71681 77
71682 109
71683 128
71684 56
71685 58
71686 121
71687 183
71688 75
71689 120
71690 134
71691 77
71692 176
71693 134
71694 143
71695 152
71696 107
71697 249
71698 125
71699 71
71700 106
71701 178
71702 148
71703 86
71704 105
71705 180
71706 226
71707 132
71708 154
71709 126
71710 127
71711 119
71712 140
71713 -19
71714 282
71715 43
71716 242
71717 134
71718 106
71719 129
71720 164
71721 81
71722 220
71723 145
71724 161
71725 117
71726 114
71727 80
71728 125
71729 89
71730 77
71731 131
71732 171
71733 146
71734 150
71735 105
71736 99
71737 311
71738 250
71739 84
71740 109
71741 154
71742 129
71743 158
71744 163
71745 130
71746 72
71747 146
71748 229
71749 129
71750 114
71751 270
71752 52
71753 91
71754 139
71755 123
71756 34
71757 100
71758 74
71759 127
71760 119
71761 106
71762 231
71763 -6
71764 133
71765 124
71766 123
71767 70
71768 22
71769 82
71770 67
71771 100
71772 93
71773 158
71774 229
71775 119
71776 142
71777 66
71778 127
71779 44
71780 165
71781 95
71782 99
71783 65
71784 159
71785 172
71786 198
71787 137
71788 127
71789 138
71790 155
71791 116
71792 91
71793 219
71794 99
71795 102
71796 245
71797 67
71798 108
71799 96
71800 134
71801 95
71802 75
71803 276
71804 179
71805 135
71806 125
71807 168
71808 238
71809 111
71810 95
71811 110
71812 89
71813 119
71814 98
71815 75
71816 104
71817 311
71818 92
71819 145
71820 187
71821 141
71822 175
71823 131
71824 81
71825 95
71826 102
71827 93
71828 109
71829 15
71830 172
71831 169
71832 136
71833 121
71834 152
71835 123
71836 120
71837 99
71838 131
71839 121
71840 89
71841 113
71842 107
71843 140
71844 61
71845 41
71846 56
71847 33
71848 53
71849 381
71850 45
71851 61
71852 82
71853 128
71854 166
71855 116
71856 164
71857 113
71858 77
71859 35
71860 178
71861 174
71862 64
71863 96
71864 112
71865 108
71866 109
71867 144
71868 255
71869 153
71870 162
71871 138
71872 57
71873 190
71874 164
71875 67
71876 160
71877 112
71878 98
71879 106
71880 30
71881 157
71882 65
71883 143
71884 141
71885 133
71886 142
71887 156
71888 81
71889 200
71890 134
71891 92
71892 29
71893 84
71894 177
71895 147
71896 57
71897 74
71898 166
71899 143
71900 125
71901 71
71902 77
71903 219
71904 172
71905 139
71906 159
71907 58
71908 70
71909 129
71910 195
71911 137
71912 7
71913 135
71914 138
71915 105
71916 91
71917 79
71918 170
71919 152
71920 170
71921 77
71922 148
71923 68
71924 178
71925 112
71926 243
71927 79
71928 1
71929 192
71930 148
71931 77
71932 172
71933 170
71934 88
71935 61
71936 123
71937 161
71938 102
71939 104
71940 60
71941 48
71942 131
71943 164
71944 94
71945 141
71946 113
71947 62
71948 124
71949 91
71950 123
71951 167
71952 116
71953 210
71954 135
71955 91
71956 81
71957 63
71958 131
71959 144
71960 36
71961 80
71962 63
71963 167
71964 84
71965 152
71966 33
71967 85
71968 154
71969 99
71970 104
71971 159
71972 174
71973 41
71974 87
71975 75
71976 84
71977 120
71978 125
71979 81
71980 141
71981 111
71982 135
71983 105
71984 64
71985 145
71986 79
71987 49
71988 138
71989 83
71990 82
71991 19
71992 47
71993 138
71994 148
71995 27
71996 125
71997 142
71998 147
71999 119
72000 118
72001 137
72002 107
72003 93
72004 87
72005 70
72006 75
72007 173
72008 146
72009 60
72010 164
72011 81
72012 54
72013 76
72014 195
72015 56
72016 174
72017 138
72018 171
72019 1
72020 121
72021 80
72022 99
72023 64
72024 266
72025 222
72026 60
72027 137
72028 48
72029 126
72030 126
72031 86
72032 96
72033 122
72034 191
72035 229
72036 97
72037 126
72038 67
72039 162
72040 143
72041 108
72042 70
72043 103
72044 105
72045 94
72046 117
72047 169
72048 151
72049 54
72050 141
72051 196
72052 215
72053 184
72054 237
72055 91
72056 80
72057 100
72058 116
72059 79
72060 80
72061 118
72062 93
72063 118
72064 112
72065 225
72066 86
72067 98
72068 128
72069 137
72070 117
72071 72
72072 128
72073 96
72074 153
72075 71
72076 47
72077 99
72078 104
72079 206
72080 66
72081 134
72082 123
72083 103
72084 70
72085 63
72086 132
72087 34
72088 168
72089 104
72090 42
72091 44
72092 129
72093 139
72094 94
72095 82
72096 82
72097 60
72098 88
72099 122
72100 75
72101 92
72102 88
72103 78
72104 106
72105 125
72106 28
72107 109
72108 143
72109 116
72110 244
72111 122
72112 174
72113 147
72114 375
72115 25
72116 117
72117 133
72118 182
72119 149
72120 104
72121 105
72122 96
72123 98
72124 63
72125 207
72126 90
72127 164
72128 135
72129 140
72130 108
72131 83
72132 124
72133 125
72134 49
72135 287
72136 165
72137 119
72138 40
72139 91
72140 107
72141 124
72142 80
72143 108
72144 175
72145 105
72146 105
72147 155
72148 92
72149 102
72150 120
72151 122
72152 124
72153 182
72154 126
72155 85
72156 181
72157 171
72158 219
72159 35
72160 70
72161 66
72162 206
72163 103
72164 122
72165 91
72166 72
72167 147
72168 94
72169 134
72170 93
72171 100
72172 146
72173 107
72174 27
72175 114
72176 93
72177 118
72178 149
72179 150
72180 173
72181 138
72182 188
72183 78
72184 154
72185 68
72186 140
72187 177
72188 115
72189 62
72190 170
72191 57
72192 166
72193 105
72194 109
72195 77
72196 116
72197 88
72198 216
72199 129
72200 82
72201 104
72202 140
72203 61
72204 73
72205 129
72206 135
72207 16
72208 46
72209 103
72210 125
72211 94
72212 81
72213 5
72214 82
72215 148
72216 108
72217 127
72218 165
72219 159
72220 184
72221 138
72222 87
72223 111
72224 367
72225 104
72226 91
72227 91
72228 158
72229 154
72230 295
72231 76
72232 84
72233 119
72234 96
72235 195
72236 153
72237 143
72238 165
72239 100
72240 159
72241 61
72242 168
72243 85
72244 65
72245 126
72246 154
72247 125
72248 129
72249 80
72250 109
72251 83
72252 129
72253 36
72254 112
72255 131
72256 216
72257 66
72258 107
72259 108
72260 93
72261 99
72262 44
72263 90
72264 156
72265 84
72266 91
72267 70
72268 104
72269 182
72270 81
72271 91
72272 75
72273 100
72274 108
72275 103
72276 169
72277 64
72278 27
72279 244
72280 124
72281 102
72282 96
72283 115
72284 194
72285 133
72286 112
72287 145
72288 102
72289 140
72290 89
72291 120
72292 85
72293 70
72294 143
72295 34
72296 180
72297 87
72298 86
72299 57
72300 62
72301 108
72302 108
72303 65
72304 221
72305 120
72306 101
72307 44
72308 128
72309 165
72310 96
72311 78
72312 146
72313 108
72314 111
72315 160
72316 106
72317 137
72318 110
72319 75
72320 116
72321 136
72322 167
72323 65
72324 131
72325 224
72326 79
72327 163
72328 102
72329 106
72330 175
72331 101
72332 195
72333 154
72334 118
72335 200
72336 155
72337 128
72338 124
72339 223
72340 65
72341 270
72342 72
72343 124
72344 76
72345 148
72346 47
72347 119
72348 113
72349 116
72350 174
72351 128
72352 119
72353 198
72354 178
72355 69
72356 83
72357 162
72358 267
72359 99
72360 174
72361 172
72362 104
72363 214
72364 170
72365 113
72366 89
72367 35
72368 31
72369 31
72370 130
72371 148
72372 45
72373 97
72374 78
72375 190
72376 133
72377 118
72378 138
72379 80
72380 114
72381 58
72382 72
72383 48
72384 70
72385 145
72386 89
72387 96
72388 68
72389 181
72390 94
72391 121
72392 91
72393 154
72394 97
72395 125
72396 51
72397 121
72398 128
72399 117
72400 85
72401 87
72402 220
72403 133
72404 185
72405 211
72406 207
72407 78
72408 61
72409 116
72410 120
72411 157
72412 89
72413 71
72414 131
72415 219
72416 106
72417 118
72418 94
72419 195
72420 96
72421 137
72422 43
72423 76
72424 155
72425 139
72426 140
72427 101
72428 66
72429 209
72430 45
72431 130
72432 143
72433 114
72434 65
72435 38
72436 57
72437 161
72438 82
72439 279
72440 124
72441 104
72442 149
72443 64
72444 156
72445 119
72446 152
72447 146
72448 104
72449 67
72450 155
72451 114
72452 132
72453 116
72454 117
72455 87
72456 106
72457 84
72458 63
72459 182
72460 57
72461 127
72462 141
72463 98
72464 141
72465 100
72466 93
72467 220
72468 130
72469 158
72470 136
72471 86
72472 100
72473 66
72474 107
72475 77
72476 207
72477 53
72478 41
72479 150
72480 192
72481 106
72482 155
72483 147
72484 89
72485 106
72486 137
72487 149
72488 172
72489 135
72490 35
72491 281
72492 100
72493 118
72494 187
72495 150
72496 95
72497 69
72498 62
72499 105
72500 96
72501 120
72502 35
72503 182
72504 148
72505 156
72506 104
72507 209
72508 127
72509 98
72510 212
72511 79
72512 102
72513 90
72514 82
72515 118
72516 133
72517 156
72518 107
72519 194
72520 49
72521 93
72522 88
72523 294
72524 70
72525 67
72526 174
72527 159
72528 59
72529 112
72530 131
72531 120
72532 195
72533 83
72534 46
72535 154
72536 82
72537 163
72538 162
72539 63
72540 104
72541 140
72542 188
72543 119
72544 90
72545 208
72546 126
72547 161
72548 105
72549 105
72550 81
72551 130
72552 146
72553 110
72554 199
72555 143
72556 178
72557 136
72558 99
72559 100
72560 240
72561 145
72562 120
72563 125
72564 61
72565 188
72566 176
72567 168
72568 70
72569 114
72570 154
72571 80
72572 87
72573 133
72574 206
72575 131
72576 71
72577 148
72578 108
72579 88
72580 39
72581 40
72582 75
72583 96
72584 85
72585 126
72586 67
72587 87
72588 89
72589 59
72590 110
72591 122
72592 135
72593 118
72594 205
72595 135
72596 95
72597 101
72598 111
72599 137
72600 243
72601 71
72602 135
72603 154
72604 89
72605 273
72606 109
72607 154
72608 170
72609 126
72610 64
72611 89
72612 108
72613 141
72614 64
72615 131
72616 88
72617 76
72618 50
72619 131
72620 177
72621 46
72622 68
72623 90
72624 36
72625 69
72626 160
72627 158
72628 60
72629 62
72630 206
72631 33
72632 53
72633 148
72634 55
72635 72
72636 168
72637 58
72638 94
72639 152
72640 147
72641 125
72642 138
72643 63
72644 282
72645 78
72646 67
72647 110
72648 83
72649 99
72650 89
72651 110
72652 33
72653 154
72654 81
72655 163
72656 47
72657 155
72658 90
72659 190
72660 113
72661 118
72662 88
72663 115
72664 130
72665 134
72666 136
72667 126
72668 54
72669 139
72670 43
72671 121
72672 80
72673 22
72674 116
72675 141
72676 126
72677 163
72678 55
72679 80
72680 318
72681 143
72682 64
72683 160
72684 155
72685 125
72686 178
72687 192
72688 93
72689 194
72690 57
72691 90
72692 118
72693 70
72694 20
72695 221
72696 92
72697 129
72698 165
72699 105
72700 84
72701 80
72702 172
72703 136
72704 65
72705 118
72706 59
72707 68
72708 72
72709 118
72710 96
72711 64
72712 166
72713 15
72714 153
72715 81
72716 149
72717 139
72718 141
72719 100
72720 132
72721 126
72722 102
72723 81
72724 113
72725 124
72726 98
72727 112
72728 141
72729 97
72730 181
72731 106
72732 132
72733 202
72734 74
72735 33
72736 75
72737 127
72738 124
72739 125
72740 204
72741 55
72742 117
72743 93
72744 101
72745 66
72746 138
72747 138
72748 101
72749 157
72750 11
72751 88
72752 69
72753 181
72754 77
72755 151
72756 171
72757 183
72758 137
72759 224
72760 175
72761 43
72762 124
72763 53
72764 134
72765 110
72766 174
72767 108
72768 57
72769 97
72770 86
72771 164
72772 72
72773 60
72774 159
72775 150
72776 113
72777 55
72778 83
72779 91
72780 97
72781 106
72782 104
72783 138
72784 196
72785 108
72786 56
72787 190
72788 69
72789 61
72790 162
72791 137
72792 99
72793 119
72794 169
72795 130
72796 51
72797 110
72798 122
72799 123
72800 112
72801 26
72802 86
72803 141
72804 26
72805 128
72806 86
72807 128
72808 84
72809 128
72810 110
72811 46
72812 128
72813 163
72814 215
72815 131
72816 108
72817 82
72818 131
72819 120
72820 118
72821 92
72822 88
72823 74
72824 112
72825 102
72826 140
72827 105
72828 171
72829 169
72830 135
72831 201
72832 42
72833 93
72834 101
72835 92
72836 131
72837 59
72838 41
72839 20
72840 127
72841 122
72842 145
72843 108
72844 134
72845 142
72846 55
72847 99
72848 178
72849 58
72850 123
72851 57
72852 117
72853 141
72854 176
72855 114
72856 125
72857 91
72858 70
72859 192
72860 77
72861 114
72862 219
72863 146
72864 12
72865 101
72866 138
72867 72
72868 215
72869 164
72870 132
72871 233
72872 148
72873 81
72874 191
72875 111
72876 114
72877 180
72878 121
72879 116
72880 158
72881 70
72882 77
72883 85
72884 141
72885 117
72886 71
72887 138
72888 127
72889 59
72890 122
72891 117
72892 58
72893 209
72894 50
72895 132
72896 144
72897 59
72898 194
72899 180
72900 93
72901 66
72902 143
72903 53
72904 53
72905 92
72906 89
72907 67
72908 154
72909 47
72910 86
72911 70
72912 89
72913 151
72914 121
72915 82
72916 136
72917 71
72918 123
72919 104
72920 161
72921 164
72922 81
72923 79
72924 40
72925 124
72926 19
72927 143
72928 124
72929 111
72930 124
72931 68
72932 146
72933 144
72934 151
72935 157
72936 72
72937 115
72938 139
72939 143
72940 92
72941 95
72942 133
72943 64
72944 88
72945 134
72946 8
72947 115
72948 101
72949 170
72950 119
72951 62
72952 116
72953 59
72954 175
72955 87
72956 77
72957 135
72958 157
72959 79
72960 123
72961 77
72962 105
72963 103
72964 141
72965 74
72966 99
72967 143
72968 154
72969 92
72970 140
72971 126
72972 117
72973 162
72974 77
72975 141
72976 60
72977 143
72978 173
72979 103
72980 175
72981 74
72982 150
72983 214
72984 108
72985 55
72986 122
72987 126
72988 113
72989 197
72990 91
72991 230
72992 105
72993 79
72994 74
72995 184
72996 143
72997 143
72998 290
72999 89
73000 72
73001 89
73002 125
73003 139
73004 141
73005 86
73006 109
73007 209
73008 121
73009 154
73010 98
73011 72
73012 107
73013 69
73014 88
73015 116
73016 88
73017 181
73018 131
73019 95
73020 125
73021 92
73022 223
73023 137
73024 125
73025 69
73026 143
73027 142
73028 144
73029 42
73030 193
73031 35
73032 52
73033 85
73034 38
73035 86
73036 316
73037 143
73038 189
73039 73
73040 81
73041 105
73042 66
73043 94
73044 104
73045 93
73046 75
73047 109
73048 75
73049 74
73050 51
73051 177
73052 136
73053 71
73054 34
73055 128
73056 175
73057 107
73058 114
73059 77
73060 164
73061 194
73062 132
73063 18
73064 124
73065 62
73066 89
73067 113
73068 241
73069 97
73070 119
73071 134
73072 51
73073 27
73074 292
73075 74
73076 130
73077 84
73078 151
73079 122
73080 130
73081 111
73082 115
73083 162
73084 165
73085 191
73086 90
73087 81
73088 66
73089 37
73090 117
73091 102
73092 56
73093 161
73094 131
73095 59
73096 99
73097 133
73098 133
73099 144
73100 46
73101 136
73102 20
73103 101
73104 59
73105 26
73106 139
73107 134
73108 77
73109 87
73110 71
73111 151
73112 127
73113 143
73114 165
73115 176
73116 232
73117 273
73118 63
73119 78
73120 53
73121 94
73122 171
73123 200
73124 170
73125 166
73126 65
73127 92
73128 68
73129 121
73130 113
73131 34
73132 24
73133 65
73134 115
73135 237
73136 70
73137 105
73138 142
73139 131
73140 10
73141 41
73142 73
73143 180
73144 117
73145 105
73146 287
73147 93
73148 152
73149 73
73150 132
73151 82
73152 92
73153 98
73154 66
73155 112
73156 134
73157 164
73158 190
73159 136
73160 174
73161 130
73162 118
73163 110
73164 185
73165 65
73166 177
73167 264
73168 64
73169 212
73170 138
73171 42
73172 170
73173 55
73174 167
73175 112
73176 91
73177 108
73178 26
73179 84
73180 99
73181 68
73182 169
73183 121
73184 55
73185 88
73186 128
73187 119
73188 162
73189 152
73190 75
73191 142
73192 181
73193 152
73194 53
73195 25
73196 49
73197 77
73198 93
73199 116
73200 90
73201 146
73202 138
73203 90
73204 126
73205 180
73206 76
73207 196
73208 177
73209 79
73210 130
73211 158
73212 166
73213 115
73214 70
73215 33
73216 169
73217 102
73218 88
73219 144
73220 138
73221 102
73222 85
73223 102
73224 117
73225 13
73226 72
73227 132
73228 299
73229 92
73230 74
73231 135
73232 171
73233 112
73234 119
73235 43
73236 167
73237 138
73238 205
73239 39
73240 139
73241 100
73242 69
73243 67
73244 124
73245 27
73246 122
73247 163
73248 86
73249 154
73250 73
73251 52
73252 86
73253 81
73254 119
73255 95
73256 225
73257 47
73258 106
73259 91
73260 20
73261 131
73262 146
73263 178
73264 100
73265 96
73266 147
73267 152
73268 18
73269 83
73270 124
73271 118
73272 99
73273 76
73274 227
73275 112
73276 101
73277 88
73278 130
73279 -6
73280 132
73281 146
73282 99
73283 198
73284 59
73285 62
73286 145
73287 117
73288 115
73289 143
73290 99
73291 194
73292 178
73293 98
73294 142
73295 145
73296 67
73297 147
73298 100
73299 90
73300 80
73301 184
73302 137
73303 59
73304 61
73305 207
73306 107
73307 174
73308 105
73309 97
73310 120
73311 64
73312 123
73313 61
73314 154
73315 104
73316 100
73317 89
73318 123
73319 69
73320 125
73321 155
73322 121
73323 60
73324 146
73325 123
73326 189
73327 94
73328 95
73329 156
73330 123
73331 115
73332 105
73333 116
73334 163
73335 23
73336 173
73337 95
73338 169
73339 75
73340 44
73341 51
73342 122
73343 141
73344 75
73345 102
73346 89
73347 71
73348 143
73349 26
73350 99
73351 27
73352 224
73353 126
73354 250
73355 176
73356 191
73357 214
73358 119
73359 152
73360 73
73361 119
73362 147
73363 59
73364 82
73365 30
73366 113
73367 123
73368 128
73369 107
73370 53
73371 181
73372 162
73373 75
73374 99
73375 111
73376 157
73377 113
73378 98
73379 166
73380 127
73381 99
73382 83
73383 131
73384 71
73385 42
73386 58
73387 74
73388 142
73389 95
73390 66
73391 90
73392 102
73393 113
73394 96
73395 117
73396 85
73397 174
73398 85
73399 55
73400 116
73401 58
73402 84
73403 149
73404 214
73405 155
73406 82
73407 82
73408 204
73409 50
73410 151
73411 24
73412 165
73413 122
73414 119
73415 117
73416 187
73417 175
73418 51
73419 118
73420 92
73421 71
73422 140
73423 188
73424 37
73425 138
73426 78
73427 177
73428 140
73429 147
73430 32
73431 111
73432 145
73433 102
73434 56
73435 73
73436 69
73437 138
73438 166
73439 109
73440 57
73441 151
73442 191
73443 112
73444 169
73445 114
73446 117
73447 105
73448 108
73449 152
73450 147
73451 120
73452 288
73453 71
73454 171
73455 85
73456 120
73457 126
73458 249
73459 110
73460 106
73461 144
73462 108
73463 97
73464 169
73465 146
73466 109
73467 169
73468 143
73469 116
73470 120
73471 33
73472 116
73473 95
73474 173
73475 103
73476 95
73477 143
73478 119
73479 183
73480 76
73481 127
73482 129
73483 61
73484 98
73485 314
73486 87
73487 133
73488 98
73489 231
73490 106
73491 100
73492 87
73493 125
73494 103
73495 87
73496 56
73497 173
73498 131
73499 226
73500 98
73501 93
73502 159
73503 86
73504 104
73505 133
73506 57
73507 74
73508 196
73509 98
73510 111
73511 96
73512 104
73513 130
73514 66
73515 50
73516 23
73517 69
73518 72
73519 194
73520 118
73521 127
73522 95
73523 159
73524 144
73525 68
73526 74
73527 110
73528 76
73529 168
73530 141
73531 116
73532 96
73533 120
73534 94
73535 135
73536 31
73537 88
73538 149
73539 65
73540 73
73541 83
73542 218
73543 122
73544 151
73545 97
73546 184
73547 128
73548 120
73549 125
73550 102
73551 137
73552 96
73553 131
73554 191
73555 32
73556 83
73557 180
73558 62
73559 84
73560 187
73561 85
73562 123
73563 116
73564 137
73565 81
73566 99
73567 38
73568 245
73569 88
73570 72
73571 115
73572 78
73573 175
73574 150
73575 247
73576 122
73577 168
73578 172
73579 38
73580 105
73581 37
73582 110
73583 137
73584 56
73585 42
73586 139
73587 132
73588 104
73589 72
73590 112
73591 71
73592 103
73593 152
73594 123
73595 180
73596 142
73597 158
73598 52
73599 61
73600 238
73601 102
73602 95
73603 71
73604 205
73605 154
73606 177
73607 67
73608 88
73609 172
73610 63
73611 25
73612 79
73613 196
73614 140
73615 24
73616 83
73617 88
73618 133
73619 137
73620 154
73621 105
73622 129
73623 72
73624 47
73625 62
73626 22
73627 128
73628 149
73629 140
73630 97
73631 215
73632 137
73633 129
73634 94
73635 116
73636 103
73637 250
73638 52
73639 113
73640 146
73641 59
73642 85
73643 86
73644 98
73645 43
73646 64
73647 82
73648 212
73649 193
73650 79
73651 125
73652 112
73653 131
73654 140
73655 119
73656 95
73657 6
73658 143
73659 228
73660 117
73661 79
73662 144
73663 124
73664 77
73665 128
73666 83
73667 127
73668 131
73669 85
73670 160
73671 63
73672 50
73673 105
73674 113
73675 68
73676 71
73677 162
73678 126
73679 135
73680 82
73681 164
73682 54
73683 66
73684 113
73685 94
73686 121
73687 181
73688 111
73689 104
73690 144
73691 103
73692 68
73693 120
73694 119
73695 167
73696 155
73697 344
73698 47
73699 116
73700 219
73701 8
73702 36
73703 88
73704 93
73705 96
73706 127
73707 167
73708 36
73709 102
73710 123
73711 98
73712 160
73713 154
73714 122
73715 200
73716 113
73717 82
73718 432
73719 43
73720 146
73721 112
73722 103
73723 106
73724 80
73725 134
73726 89
73727 137
73728 150
73729 126
73730 179
73731 43
73732 103
73733 121
73734 85
73735 136
73736 101
73737 23
73738 188
73739 89
73740 150
73741 127
73742 120
73743 128
73744 100
73745 63
73746 82
73747 70
73748 178
73749 242
73750 109
73751 94
73752 147
73753 106
73754 134
73755 99
73756 118
73757 80
73758 156
73759 96
73760 49
73761 131
73762 117
73763 83
73764 141
73765 92
73766 76
73767 83
73768 73
73769 139
73770 183
73771 132
73772 110
73773 90
73774 121
73775 117
73776 214
73777 133
73778 117
73779 118
73780 90
73781 75
73782 136
73783 109
73784 39
73785 123
73786 89
73787 128
73788 176
73789 42
73790 88
73791 135
73792 88
73793 67
73794 51
73795 62
73796 37
73797 121
73798 143
73799 48
73800 207
73801 154
73802 99
73803 137
73804 197
73805 101
73806 45
73807 191
73808 184
73809 190
73810 81
73811 149
73812 105
73813 91
73814 52
73815 135
73816 185
73817 106
73818 11
73819 148
73820 160
73821 160
73822 235
73823 21
73824 16
73825 136
73826 109
73827 75
73828 217
73829 87
73830 157
73831 64
73832 43
73833 156
73834 125
73835 153
73836 170
73837 89
73838 85
73839 114
73840 152
73841 134
73842 111
73843 126
73844 129
73845 141
73846 132
73847 106
73848 134
73849 29
73850 183
73851 162
73852 56
73853 145
73854 115
73855 60
73856 103
73857 102
73858 94
73859 97
73860 103
73861 86
73862 91
73863 121
73864 70
73865 97
73866 67
73867 110
73868 182
73869 144
73870 187
73871 168
73872 210
73873 92
73874 124
73875 216
73876 160
73877 157
73878 96
73879 106
73880 105
73881 121
73882 50
73883 196
73884 190
73885 117
73886 103
73887 127
73888 151
73889 126
73890 107
73891 156
73892 63
73893 122
73894 187
73895 132
73896 119
73897 106
73898 63
73899 148
73900 120
73901 75
73902 89
73903 84
73904 121
73905 111
73906 15
73907 103
73908 72
73909 96
73910 67
73911 115
73912 90
73913 144
73914 160
73915 88
73916 114
73917 126
73918 117
73919 85
73920 116
73921 139
73922 63
73923 147
73924 57
73925 122
73926 114
73927 118
73928 205
73929 19
73930 90
73931 64
73932 77
73933 80
73934 90
73935 97
73936 41
73937 114
73938 210
73939 74
73940 77
73941 96
73942 161
73943 77
73944 221
73945 170
73946 102
73947 108
73948 94
73949 157
73950 168
73951 97
73952 87
73953 65
73954 244
73955 104
73956 168
73957 83
73958 129
73959 138
73960 99
73961 78
73962 97
73963 84
73964 65
73965 159
73966 140
73967 105
73968 146
73969 164
73970 79
73971 314
73972 180
73973 115
73974 24
73975 80
73976 110
73977 84
73978 89
73979 100
73980 82
73981 141
73982 84
73983 147
73984 134
73985 30
73986 78
73987 117
73988 78
73989 89
73990 143
73991 112
73992 231
73993 144
73994 96
73995 114
73996 158
73997 18
73998 107
73999 180
74000 139
74001 46
74002 37
74003 124
74004 130
74005 136
74006 149
74007 144
74008 81
74009 179
74010 108
74011 55
74012 -3
74013 82
74014 96
74015 174
74016 92
74017 90
74018 186
74019 67
74020 100
74021 94
74022 100
74023 127
74024 64
74025 110
74026 77
74027 4
74028 149
74029 126
74030 144
74031 248
74032 85
74033 47
74034 128
74035 146
74036 96
74037 56
74038 67
74039 72
74040 153
74041 46
74042 102
74043 125
74044 129
74045 77
74046 193
74047 130
74048 162
74049 74
74050 244
74051 110
74052 24
74053 92
74054 108
74055 143
74056 111
74057 91
74058 116
74059 115
74060 57
74061 116
74062 222
74063 113
74064 117
74065 133
74066 166
74067 84
74068 104
74069 85
74070 65
74071 119
74072 72
74073 105
74074 261
74075 116
74076 71
74077 93
74078 93
74079 95
74080 90
74081 153
74082 124
74083 139
74084 149
74085 90
74086 134
74087 80
74088 117
74089 218
74090 144
74091 69
74092 145
74093 114
74094 102
74095 17
74096 114
74097 92
74098 131
74099 163
74100 118
74101 26
74102 100
74103 83
74104 100
74105 127
74106 44
74107 152
74108 160
74109 39
74110 44
74111 210
74112 138
74113 151
74114 86
74115 105
74116 117
74117 82
74118 61
74119 158
74120 64
74121 90
74122 118
74123 132
74124 128
74125 138
74126 101
74127 73
74128 101
74129 166
74130 118
74131 123
74132 95
74133 55
74134 68
74135 152
74136 208
74137 49
74138 53
74139 131
74140 127
74141 110
74142 186
74143 162
74144 157
74145 106
74146 164
74147 32
74148 102
74149 148
74150 135
74151 145
74152 103
74153 98
74154 42
74155 100
74156 84
74157 109
74158 85
74159 237
74160 74
74161 144
74162 124
74163 106
74164 137
74165 173
74166 80
74167 149
74168 122
74169 48
74170 194
74171 131
74172 123
74173 242
74174 101
74175 169
74176 89
74177 451
74178 97
74179 150
74180 120
74181 110
74182 123
74183 155
74184 95
74185 125
74186 131
74187 72
74188 60
74189 15
74190 197
74191 129
74192 84
74193 92
74194 15
74195 74
74196 116
74197 114
74198 129
74199 76
74200 93
74201 134
74202 68
74203 177
74204 143
74205 95
74206 68
74207 136
74208 85
74209 87
74210 110
74211 126
74212 126
74213 81
74214 165
74215 115
74216 143
74217 240
74218 136
74219 55
74220 109
74221 116
74222 139
74223 105
74224 29
74225 176
74226 8
74227 123
74228 90
74229 285
74230 97
74231 75
74232 118
74233 160
74234 104
74235 84
74236 139
74237 171
74238 108
74239 81
74240 281
74241 91
74242 341
74243 174
74244 58
74245 131
74246 111
74247 110
74248 78
74249 108
74250 155
74251 232
74252 77
74253 189
74254 89
74255 72
74256 129
74257 55
74258 104
74259 127
74260 175
74261 138
74262 16
74263 148
74264 156
74265 92
74266 95
74267 50
74268 94
74269 169
74270 86
74271 144
74272 134
74273 205
74274 142
74275 87
74276 130
74277 95
74278 110
74279 156
74280 94
74281 68
74282 142
74283 99
74284 101
74285 92
74286 172
74287 66
74288 101
74289 204
74290 46
74291 10
74292 22
74293 82
74294 108
74295 173
74296 68
74297 42
74298 170
74299 93
74300 111
74301 164
74302 162
74303 119
74304 75
74305 131
74306 197
74307 85
74308 95
74309 187
74310 94
74311 152
74312 93
74313 122
74314 110
74315 107
74316 81
74317 125
74318 59
74319 99
74320 91
74321 120
74322 178
74323 131
74324 24
74325 123
74326 36
74327 85
74328 64
74329 109
74330 62
74331 21
74332 92
74333 74
74334 121
74335 146
74336 85
74337 105
74338 22
74339 85
74340 166
74341 14
74342 77
74343 153
74344 70
74345 102
74346 147
74347 144
74348 90
74349 131
74350 149
74351 103
74352 129
74353 129
74354 104
74355 55
74356 90
74357 68
74358 129
74359 130
74360 69
74361 109
74362 118
74363 172
74364 184
74365 61
74366 180
74367 111
74368 231
74369 142
74370 171
74371 237
74372 135
74373 60
74374 85
74375 88
74376 137
74377 67
74378 180
74379 155
74380 80
74381 165
74382 168
74383 217
74384 101
74385 227
74386 138
74387 141
74388 230
74389 69
74390 102
74391 257
74392 113
74393 131
74394 64
74395 107
74396 109
74397 22
74398 76
74399 145
74400 62
74401 80
74402 90
74403 131
74404 54
74405 39
74406 109
74407 142
74408 191
74409 151
74410 69
74411 122
74412 160
74413 69
74414 266
74415 86
74416 118
74417 82
74418 140
74419 243
74420 94
74421 94
74422 105
74423 54
74424 128
74425 163
74426 88
74427 87
74428 117
74429 84
74430 196
74431 112
74432 136
74433 53
74434 141
74435 38
74436 26
74437 88
74438 152
74439 77
74440 161
74441 126
74442 102
74443 121
74444 99
74445 136
74446 102
74447 103
74448 133
74449 79
74450 102
74451 68
74452 180
74453 108
74454 104
74455 135
74456 83
74457 110
74458 64
74459 77
74460 73
74461 117
74462 78
74463 78
74464 76
74465 188
74466 39
74467 120
74468 63
74469 263
74470 78
74471 119
74472 61
74473 157
74474 95
74475 117
74476 170
74477 99
74478 81
74479 51
74480 92
74481 102
74482 102
74483 106
74484 108
74485 103
74486 171
74487 75
74488 114
74489 153
74490 110
74491 25
74492 142
74493 174
74494 110
74495 145
74496 161
74497 49
74498 71
74499 59
74500 105
74501 14
74502 163
74503 9
74504 88
74505 113
74506 133
74507 81
74508 49
74509 163
74510 122
74511 118
74512 134
74513 145
74514 247
74515 107
74516 226
74517 88
74518 138
74519 177
74520 147
74521 87
74522 166
74523 54
74524 99
74525 155
74526 109
74527 76
74528 77
74529 143
74530 104
74531 156
74532 139
74533 89
74534 24
74535 145
74536 121
74537 119
74538 89
74539 94
74540 154
74541 92
74542 90
74543 87
74544 143
74545 79
74546 164
74547 62
74548 50
74549 109
74550 91
74551 113
74552 96
74553 162
74554 223
74555 89
74556 75
74557 149
74558 91
74559 127
74560 138
74561 98
74562 72
74563 63
74564 83
74565 83
74566 87
74567 64
74568 124
74569 103
74570 195
74571 61
74572 104
74573 96
74574 74
74575 123
74576 144
74577 118
74578 115
74579 101
74580 80
74581 69
74582 103
74583 68
74584 126
74585 85
74586 115
74587 93
74588 44
74589 101
74590 129
74591 31
74592 86
74593 244
74594 124
74595 118
74596 103
74597 123
74598 142
74599 96
74600 144
74601 178
74602 81
74603 177
74604 98
74605 132
74606 147
74607 247
74608 133
74609 221
74610 92
74611 168
74612 124
74613 33
74614 118
74615 127
74616 157
74617 138
74618 18
74619 136
74620 78
74621 58
74622 65
74623 105
74624 207
74625 173
74626 67
74627 144
74628 180
74629 56
74630 141
74631 115
74632 259
74633 159
74634 89
74635 86
74636 89
74637 190
74638 110
74639 75
74640 160
74641 44
74642 125
74643 44
74644 65
74645 143
74646 106
74647 131
74648 46
74649 116
74650 170
74651 120
74652 92
74653 132
74654 113
74655 98
74656 95
74657 110
74658 126
74659 109
74660 97
74661 268
74662 89
74663 127
74664 124
74665 177
74666 122
74667 27
74668 112
74669 25
74670 75
74671 92
74672 81
74673 116
74674 65
74675 72
74676 196
74677 100
74678 159
74679 95
74680 133
74681 54
74682 73
74683 144
74684 80
74685 205
74686 87
74687 97
74688 119
74689 285
74690 96
74691 209
74692 113
74693 57
74694 162
74695 80
74696 130
74697 113
74698 85
74699 143
74700 137
74701 130
74702 96
74703 44
74704 60
74705 141
74706 113
74707 57
74708 121
74709 113
74710 118
74711 44
74712 149
74713 121
74714 73
74715 68
74716 124
74717 70
74718 79
74719 90
74720 118
74721 94
74722 63
74723 157
74724 194
74725 158
74726 153
74727 204
74728 128
74729 135
74730 85
74731 113
74732 188
74733 40
74734 221
74735 157
74736 137
74737 53
74738 154
74739 28
74740 75
74741 164
74742 95
74743 59
74744 36
74745 85
74746 101
74747 103
74748 101
74749 124
74750 115
74751 11
74752 116
74753 163
74754 94
74755 146
74756 166
74757 183
74758 85
74759 117
74760 180
74761 60
74762 117
74763 50
74764 133
74765 61
74766 107
74767 100
74768 129
74769 82
74770 98
74771 32
74772 111
74773 45
74774 48
74775 117
74776 9
74777 71
74778 93
74779 159
74780 105
74781 114
74782 52
74783 102
74784 124
74785 98
74786 76
74787 24
74788 111
74789 124
74790 49
74791 85
74792 146
74793 69
74794 58
74795 110
74796 116
74797 147
74798 174
74799 82
74800 92
74801 86
74802 169
74803 74
74804 96
74805 27
74806 95
74807 134
74808 93
74809 113
74810 67
74811 172
74812 74
74813 156
74814 174
74815 64
74816 84
74817 190
74818 130
74819 221
74820 87
74821 118
74822 141
74823 127
74824 72
74825 33
74826 54
74827 256
74828 342
74829 64
74830 139
74831 142
74832 63
74833 84
74834 155
74835 107
74836 121
74837 87
74838 119
74839 142
74840 65
74841 105
74842 62
74843 98
74844 54
74845 104
74846 182
74847 107
74848 154
74849 86
74850 94
74851 164
74852 106
74853 106
74854 104
74855 151
74856 121
74857 108
74858 125
74859 96
74860 116
74861 16
74862 157
74863 145
74864 44
74865 95
74866 132
74867 213
74868 109
74869 69
74870 110
74871 153
74872 60
74873 125
74874 112
74875 70
74876 102
74877 101
74878 127
74879 46
74880 115
74881 58
74882 88
74883 46
74884 121
74885 124
74886 36
74887 38
74888 105
74889 71
74890 166
74891 161
74892 88
74893 52
74894 165
74895 94
74896 -14
74897 63
74898 119
74899 69
74900 97
74901 38
74902 140
74903 69
74904 132
74905 145
74906 160
74907 84
74908 190
74909 113
74910 180
74911 55
74912 88
74913 97
74914 59
74915 125
74916 40
74917 24
74918 119
74919 55
74920 112
74921 213
74922 99
74923 180
74924 90
74925 88
74926 58
74927 78
74928 141
74929 70
74930 41
74931 127
74932 131
74933 43
74934 91
74935 130
74936 108
74937 172
74938 182
74939 76
74940 138
74941 80
74942 181
74943 124
74944 246
74945 219
74946 86
74947 78
74948 121
74949 182
74950 113
74951 137
74952 136
74953 90
74954 140
74955 335
74956 122
74957 66
74958 40
74959 73
74960 45
74961 128
74962 115
74963 83
74964 188
74965 112
74966 86
74967 108
74968 51
74969 254
74970 63
74971 103
74972 69
74973 78
74974 364
74975 79
74976 76
74977 150
74978 98
74979 123
74980 141
74981 68
74982 61
74983 77
74984 133
74985 73
74986 106
74987 115
74988 89
74989 108
74990 148
74991 52
74992 139
74993 118
74994 67
74995 95
74996 185
74997 109
74998 102
74999 105
75000 105
75001 101
75002 166
75003 173
75004 126
75005 180
75006 90
75007 113
75008 76
75009 120
75010 193
75011 98
75012 110
75013 124
75014 137
75015 92
75016 103
75017 117
75018 159
75019 109
75020 106
75021 58
75022 196
75023 78
75024 143
75025 111
75026 120
75027 110
75028 110
75029 177
75030 86
75031 218
75032 129
75033 124
75034 137
75035 50
75036 53
75037 68
75038 6
75039 261
75040 153
75041 100
75042 62
75043 103
75044 71
75045 107
75046 126
75047 157
75048 136
75049 219
75050 141
75051 68
75052 214
75053 84
75054 32
75055 111
75056 316
75057 108
75058 70
75059 72
75060 145
75061 54
75062 166
75063 72
75064 161
75065 123
75066 10
75067 177
75068 200
75069 80
75070 112
75071 138
75072 97
75073 98
75074 66
75075 163
75076 90
75077 184
75078 122
75079 140
75080 60
75081 186
75082 104
75083 173
75084 143
75085 95
75086 36
75087 146
75088 60
75089 95
75090 49
75091 78
75092 152
75093 146
75094 121
75095 222
75096 11
75097 162
75098 92
75099 57
75100 60
75101 32
75102 102
75103 98
75104 117
75105 77
75106 129
75107 90
75108 148
75109 116
75110 59
75111 89
75112 183
75113 54
75114 99
75115 179
75116 129
75117 116
75118 48
75119 21
75120 112
75121 112
75122 114
75123 178
75124 -8
75125 -6
75126 78
75127 119
75128 78
75129 157
75130 61
75131 146
75132 159
75133 93
75134 135
75135 174
75136 113
75137 59
75138 118
75139 102
75140 232
75141 48
75142 60
75143 150
75144 123
75145 132
75146 252
75147 128
75148 67
75149 79
75150 149
75151 144
75152 68
75153 150
75154 120
75155 111
75156 164
75157 117
75158 71
75159 60
75160 119
75161 48
75162 172
75163 185
75164 89
75165 128
75166 140
75167 174
75168 128
75169 114
75170 121
75171 140
75172 82
75173 144
75174 79
75175 17
75176 201
75177 120
75178 235
75179 170
75180 115
75181 139
75182 73
75183 79
75184 139
75185 116
75186 142
75187 107
75188 134
75189 60
75190 170
75191 128
75192 86
75193 109
75194 10
75195 90
75196 84
75197 219
75198 138
75199 133
75200 110
75201 166
75202 62
75203 125
75204 179
75205 65
75206 221
75207 146
75208 118
75209 129
75210 51
75211 92
75212 94
75213 137
75214 74
75215 101
75216 88
75217 171
75218 189
75219 114
75220 163
75221 45
75222 104
75223 72
75224 92
75225 25
75226 108
75227 74
75228 19
75229 122
75230 82
75231 4
75232 67
75233 126
75234 105
75235 79
75236 145
75237 89
75238 123
75239 56
75240 106
75241 127
75242 154
75243 104
75244 103
75245 65
75246 126
75247 139
75248 99
75249 182
75250 52
75251 58
75252 105
75253 94
75254 91
75255 77
75256 90
75257 189
75258 110
75259 129
75260 124
75261 165
75262 285
75263 53
75264 113
75265 172
75266 97
75267 104
75268 138
75269 74
75270 63
75271 126
75272 104
75273 41
75274 103
75275 28
75276 103
75277 103
75278 68
75279 106
75280 258
75281 50
75282 76
75283 57
75284 89
75285 71
75286 153
75287 147
75288 87
75289 100
75290 196
75291 109
75292 111
75293 20
75294 103
75295 100
75296 224
75297 92
75298 40
75299 58
75300 136
75301 83
75302 -1
75303 119
75304 125
75305 120
75306 84
75307 63
75308 91
75309 86
75310 99
75311 147
75312 127
75313 125
75314 73
75315 69
75316 205
75317 97
75318 98
75319 89
75320 159
75321 210
75322 92
75323 113
75324 119
75325 148
75326 127
75327 33
75328 138
75329 217
75330 92
75331 145
75332 140
75333 54
75334 98
75335 144
75336 83
75337 86
75338 71
75339 100
75340 75
75341 103
75342 200
75343 116
75344 171
75345 44
75346 115
75347 98
75348 83
75349 116
75350 126
75351 32
75352 141
75353 81
75354 96
75355 99
75356 87
75357 78
75358 152
75359 39
75360 72
75361 59
75362 110
75363 60
75364 17
75365 103
75366 67
75367 49
75368 78
75369 71
75370 125
75371 30
75372 83
75373 257
75374 135
75375 103
75376 104
75377 135
75378 76
75379 86
75380 104
75381 98
75382 117
75383 63
75384 153
75385 110
75386 197
75387 60
75388 172
75389 98
75390 197
75391 220
75392 130
75393 132
75394 119
75395 97
75396 125
75397 87
75398 77
75399 103
75400 44
75401 116
75402 142
75403 84
75404 147
75405 107
75406 142
75407 129
75408 134
75409 70
75410 174
75411 60
75412 165
75413 21
75414 126
75415 84
75416 42
75417 170
75418 177
75419 95
75420 255
75421 77
75422 121
75423 79
75424 123
75425 54
75426 91
75427 128
75428 111
75429 108
75430 113
75431 40
75432 191
75433 79
75434 91
75435 119
75436 120
75437 161
75438 76
75439 116
75440 76
75441 68
75442 159
75443 155
75444 63
75445 87
75446 149
75447 115
75448 32
75449 175
75450 130
75451 132
75452 78
75453 102
75454 133
75455 159
75456 122
75457 89
75458 79
75459 198
75460 81
75461 162
75462 80
75463 108
75464 84
75465 100
75466 64
75467 91
75468 136
75469 145
75470 87
75471 153
75472 54
75473 154
75474 35
75475 70
75476 115
75477 82
75478 162
75479 69
75480 97
75481 99
75482 115
75483 74
75484 64
75485 139
75486 152
75487 142
75488 25
75489 100
75490 42
75491 142
75492 151
75493 59
75494 82
75495 23
75496 114
75497 35
75498 190
75499 31
75500 113
75501 117
75502 38
75503 95
75504 100
75505 78
75506 48
75507 104
75508 79
75509 77
75510 101
75511 143
75512 38
75513 89
75514 70
75515 53
75516 143
75517 170
75518 70
75519 142
75520 79
75521 85
75522 59
75523 110
75524 88
75525 147
75526 123
75527 128
75528 104
75529 105
75530 130
75531 72
75532 136
75533 95
75534 148
75535 122
75536 92
75537 41
75538 163
75539 113
75540 241
75541 79
75542 101
75543 93
75544 119
75545 70
75546 16
75547 75
75548 129
75549 77
75550 112
75551 96
75552 97
75553 156
75554 134
75555 138
75556 138
75557 88
75558 129
75559 53
75560 54
75561 104
75562 168
75563 110
75564 42
75565 96
75566 143
75567 16
75568 99
75569 119
75570 158
75571 99
75572 110
75573 83
75574 128
75575 186
75576 149
75577 94
75578 182
75579 147
75580 128
75581 108
75582 182
75583 113
75584 90
75585 41
75586 156
75587 108
75588 39
75589 90
75590 141
75591 126
75592 189
75593 90
75594 185
75595 36
75596 101
75597 76
75598 92
75599 142
75600 125
75601 126
75602 90
75603 71
75604 122
75605 96
75606 131
75607 122
75608 136
75609 168
75610 162
75611 142
75612 107
75613 17
75614 98
75615 88
75616 117
75617 130
75618 110
75619 108
75620 68
75621 124
75622 108
75623 107
75624 125
75625 167
75626 109
75627 85
75628 77
75629 34
75630 85
75631 140
75632 98
75633 143
75634 83
75635 32
75636 141
75637 75
75638 56
75639 131
75640 90
75641 111
75642 140
75643 144
75644 32
75645 55
75646 87
75647 76
75648 164
75649 143
75650 139
75651 85
75652 66
75653 44
75654 30
75655 153
75656 88
75657 164
75658 22
75659 89
75660 48
75661 96
75662 134
75663 103
75664 50
75665 91
75666 49
75667 115
75668 87
75669 93
75670 378
75671 69
75672 161
75673 73
75674 87
75675 115
75676 121
75677 228
75678 131
75679 138
75680 114
75681 175
75682 169
75683 166
75684 47
75685 91
75686 110
75687 61
75688 122
75689 101
75690 174
75691 100
75692 133
75693 139
75694 81
75695 87
75696 100
75697 66
75698 137
75699 27
75700 106
75701 76
75702 290
75703 110
75704 100
75705 103
75706 59
75707 145
75708 189
75709 112
75710 125
75711 98
75712 126
75713 251
75714 76
75715 20
75716 56
75717 96
75718 64
75719 213
75720 178
75721 82
75722 89
75723 131
75724 35
75725 291
75726 64
75727 143
75728 47
75729 82
75730 123
75731 50
75732 143
75733 108
75734 47
75735 65
75736 81
75737 112
75738 95
75739 56
75740 122
75741 163
75742 112
75743 109
75744 151
75745 26
75746 95
75747 77
75748 97
75749 206
75750 110
75751 134
75752 163
75753 111
75754 86
75755 102
75756 135
75757 131
75758 92
75759 126
75760 135
75761 63
75762 135
75763 64
75764 92
75765 139
75766 138
75767 232
75768 128
75769 121
75770 107
75771 64
75772 69
75773 145
75774 92
75775 6
75776 122
75777 44
75778 151
75779 113
75780 72
75781 144
75782 109
75783 223
75784 182
75785 194
75786 85
75787 94
75788 66
75789 61
75790 52
75791 107
75792 129
75793 140
75794 52
75795 138
75796 139
75797 131
75798 48
75799 177
75800 180
75801 68
75802 80
75803 130
75804 32
75805 138
75806 131
75807 106
75808 125
75809 147
75810 127
75811 120
75812 104
75813 159
75814 72
75815 101
75816 62
75817 83
75818 153
75819 66
75820 94
75821 123
75822 200
75823 84
75824 133
75825 111
75826 91
75827 129
75828 62
75829 146
75830 190
75831 121
75832 62
75833 95
75834 101
75835 136
75836 132
75837 96
75838 98
75839 92
75840 126
75841 101
75842 136
75843 103
75844 27
75845 151
75846 58
75847 35
75848 116
75849 119
75850 141
75851 67
75852 89
75853 82
75854 90
75855 45
75856 47
75857 105
75858 111
75859 270
75860 119
75861 187
75862 123
75863 118
75864 121
75865 71
75866 128
75867 100
75868 96
75869 91
75870 150
75871 85
75872 42
75873 98
75874 123
75875 148
75876 187
75877 105
75878 65
75879 86
75880 106
75881 112
75882 116
75883 113
75884 87
75885 82
75886 102
75887 178
75888 126
75889 142
75890 79
75891 107
75892 88
75893 86
75894 1
75895 114
75896 82
75897 55
75898 136
75899 103
75900 84
75901 190
75902 92
75903 28
75904 161
75905 81
75906 122
75907 142
75908 127
75909 117
75910 144
75911 82
75912 103
75913 95
75914 159
75915 103
75916 221
75917 135
75918 97
75919 111
75920 35
75921 159
75922 167
75923 137
75924 140
75925 84
75926 115
75927 122
75928 88
75929 315
75930 94
75931 117
75932 -4
75933 119
75934 112
75935 90
75936 81
75937 132
75938 93
75939 111
75940 97
75941 58
75942 137
75943 96
75944 119
75945 54
75946 134
75947 63
75948 118
75949 135
75950 274
75951 61
75952 128
75953 231
75954 77
75955 52
75956 137
75957 54
75958 124
75959 203
75960 28
75961 136
75962 197
75963 111
75964 117
75965 94
75966 41
75967 78
75968 88
75969 90
75970 66
75971 86
75972 131
75973 112
75974 122
75975 93
75976 40
75977 181
75978 68
75979 129
75980 40
75981 111
75982 72
75983 130
75984 94
75985 165
75986 90
75987 144
75988 26
75989 154
75990 24
75991 136
75992 76
75993 56
75994 119
75995 124
75996 51
75997 97
75998 117
75999 149
76000 131
76001 78
76002 107
76003 91
76004 41
76005 108
76006 72
76007 164
76008 192
76009 110
76010 111
76011 184
76012 175
76013 69
76014 177
76015 87
76016 117
76017 100
76018 70
76019 324
76020 113
76021 172
76022 110
76023 80
76024 32
76025 149
76026 110
76027 51
76028 72
76029 61
76030 151
76031 132
76032 50
76033 124
76034 91
76035 104
76036 67
76037 79
76038 95
76039 91
76040 84
76041 163
76042 80
76043 125
76044 48
76045 67
76046 57
76047 156
76048 71
76049 79
76050 82
76051 107
76052 42
76053 114
76054 250
76055 99
76056 141
76057 46
76058 124
76059 100
76060 58
76061 156
76062 173
76063 154
76064 78
76065 3
76066 105
76067 121
76068 79
76069 88
76070 71
76071 96
76072 103
76073 80
76074 127
76075 61
76076 38
76077 31
76078 117
76079 104
76080 114
76081 122
76082 144
76083 122
76084 30
76085 11
76086 196
76087 240
76088 50
76089 110
76090 4
76091 111
76092 178
76093 61
76094 156
76095 83
76096 83
76097 94
76098 172
76099 113
76100 143
76101 102
76102 68
76103 174
76104 71
76105 99
76106 194
76107 142
76108 219
76109 52
76110 113
76111 75
76112 176
76113 86
76114 193
76115 64
76116 201
76117 282
76118 111
76119 115
76120 78
76121 95
76122 185
76123 72
76124 89
76125 68
76126 158
76127 72
76128 123
76129 77
76130 87
76131 55
76132 130
76133 98
76134 211
76135 98
76136 91
76137 111
76138 108
76139 160
76140 128
76141 68
76142 51
76143 103
76144 103
76145 141
76146 95
76147 94
76148 84
76149 98
76150 108
76151 146
76152 176
76153 122
76154 118
76155 88
76156 118
76157 162
76158 277
76159 96
76160 20
76161 105
76162 62
76163 112
76164 92
76165 209
76166 86
76167 103
76168 21
76169 85
76170 89
76171 51
76172 89
76173 125
76174 158
76175 131
76176 81
76177 68
76178 151
76179 199
76180 112
76181 122
76182 76
76183 137
76184 70
76185 104
76186 160
76187 73
76188 168
76189 38
76190 102
76191 10
76192 124
76193 47
76194 96
76195 105
76196 85
76197 132
76198 53
76199 140
76200 190
76201 133
76202 97
76203 105
76204 88
76205 48
76206 90
76207 146
76208 149
76209 102
76210 97
76211 97
76212 33
76213 70
76214 35
76215 106
76216 126
76217 149
76218 132
76219 114
76220 88
76221 96
76222 125
76223 114
76224 91
76225 60
76226 122
76227 134
76228 39
76229 125
76230 207
76231 50
76232 156
76233 91
76234 30
76235 77
76236 87
76237 150
76238 57
76239 69
76240 65
76241 110
76242 95
76243 94
76244 178
76245 135
76246 175
76247 331
76248 109
76249 199
76250 57
76251 116
76252 74
76253 54
76254 106
76255 175
76256 73
76257 94
76258 150
76259 120
76260 134
76261 89
76262 224
76263 173
76264 218
76265 85
76266 114
76267 45
76268 50
76269 103
76270 121
76271 66
76272 111
76273 93
76274 67
76275 204
76276 107
76277 65
76278 93
76279 108
76280 113
76281 143
76282 198
76283 87
76284 154
76285 117
76286 60
76287 129
76288 181
76289 118
76290 74
76291 101
76292 82
76293 134
76294 133
76295 122
76296 126
76297 167
76298 113
76299 96
76300 0
76301 66
76302 158
76303 112
76304 122
76305 101
76306 105
76307 193
76308 83
76309 93
76310 150
76311 170
76312 102
76313 130
76314 133
76315 116
76316 81
76317 99
76318 87
76319 333
76320 116
76321 91
76322 117
76323 110
76324 34
76325 94
76326 103
76327 159
76328 127
76329 115
76330 111
76331 70
76332 119
76333 74
76334 116
76335 161
76336 65
76337 85
76338 123
76339 44
76340 138
76341 106
76342 108
76343 119
76344 201
76345 165
76346 123
76347 47
76348 172
76349 57
76350 98
76351 60
76352 89
76353 139
76354 130
76355 165
76356 161
76357 64
76358 104
76359 104
76360 145
76361 96
76362 121
76363 100
76364 21
76365 118
76366 15
76367 57
76368 46
76369 100
76370 108
76371 71
76372 115
76373 177
76374 123
76375 49
76376 139
76377 102
76378 81
76379 61
76380 106
76381 150
76382 99
76383 128
76384 65
76385 77
76386 77
76387 110
76388 83
76389 125
76390 143
76391 154
76392 137
76393 132
76394 53
76395 102
76396 78
76397 152
76398 169
76399 82
76400 171
76401 130
76402 183
76403 152
76404 149
76405 103
76406 33
76407 92
76408 101
76409 111
76410 100
76411 64
76412 81
76413 154
76414 157
76415 84
76416 61
76417 31
76418 131
76419 72
76420 176
76421 57
76422 118
76423 274
76424 116
76425 122
76426 99
76427 54
76428 148
76429 189
76430 97
76431 100
76432 94
76433 111
76434 158
76435 91
76436 71
76437 110
76438 156
76439 52
76440 28
76441 72
76442 125
76443 259
76444 76
76445 61
76446 148
76447 133
76448 77
76449 155
76450 83
76451 130
76452 109
76453 37
76454 95
76455 84
76456 67
76457 145
76458 105
76459 33
76460 75
76461 60
76462 34
76463 106
76464 138
76465 77
76466 203
76467 70
76468 89
76469 118
76470 110
76471 170
76472 83
76473 73
76474 29
76475 101
76476 68
76477 58
76478 150
76479 91
76480 78
76481 39
76482 33
76483 94
76484 115
76485 98
76486 100
76487 134
76488 109
76489 86
76490 128
76491 129
76492 73
76493 67
76494 80
76495 92
76496 98
76497 101
76498 106
76499 116
76500 79
76501 73
76502 68
76503 88
76504 136
76505 84
76506 109
76507 140
76508 115
76509 96
76510 69
76511 105
76512 137
76513 137
76514 119
76515 159
76516 102
76517 35
76518 215
76519 -3
76520 49
76521 62
76522 95
76523 60
76524 61
76525 96
76526 77
76527 89
76528 84
76529 162
76530 90
76531 84
76532 134
76533 163
76534 202
76535 82
76536 75
76537 128
76538 107
76539 45
76540 119
76541 150
76542 123
76543 105
76544 65
76545 78
76546 156
76547 87
76548 127
76549 111
76550 47
76551 170
76552 156
76553 87
76554 153
76555 105
76556 71
76557 57
76558 94
76559 100
76560 106
76561 121
76562 124
76563 104
76564 96
76565 128
76566 60
76567 52
76568 78
76569 130
76570 24
76571 60
76572 144
76573 135
76574 116
76575 64
76576 187
76577 144
76578 65
76579 124
76580 53
76581 154
76582 67
76583 72
76584 70
76585 121
76586 119
76587 80
76588 157
76589 28
76590 193
76591 84
76592 33
76593 136
76594 126
76595 149
76596 110
76597 81
76598 125
76599 115
76600 104
76601 171
76602 95
76603 84
76604 77
76605 96
76606 54
76607 70
76608 125
76609 115
76610 193
76611 74
76612 29
76613 63
76614 90
76615 -2
76616 174
76617 77
76618 82
76619 159
76620 147
76621 168
76622 136
76623 225
76624 100
76625 96
76626 74
76627 96
76628 140
76629 84
76630 120
76631 107
76632 63
76633 120
76634 167
76635 98
76636 101
76637 119
76638 145
76639 124
76640 160
76641 152
76642 67
76643 102
76644 119
76645 98
76646 130
76647 123
76648 116
76649 217
76650 106
76651 78
76652 80
76653 129
76654 136
76655 86
76656 145
76657 60
76658 99
76659 51
76660 130
76661 118
76662 94
76663 108
76664 139
76665 128
76666 140
76667 106
76668 124
76669 63
76670 215
76671 169
76672 82
76673 77
76674 135
76675 55
76676 14
76677 113
76678 145
76679 110
76680 66
76681 156
76682 144
76683 16
76684 60
76685 114
76686 93
76687 55
76688 139
76689 150
76690 136
76691 156
76692 76
76693 79
76694 30
76695 83
76696 105
76697 55
76698 127
76699 113
76700 94
76701 129
76702 229
76703 105
76704 97
76705 162
76706 48
76707 161
76708 115
76709 92
76710 155
76711 111
76712 127
76713 47
76714 80
76715 87
76716 135
76717 75
76718 80
76719 111
76720 64
76721 74
76722 72
76723 109
76724 75
76725 56
76726 213
76727 146
76728 73
76729 150
76730 110
76731 67
76732 101
76733 71
76734 188
76735 154
76736 90
76737 129
76738 121
76739 88
76740 111
76741 34
76742 120
76743 117
76744 141
76745 62
76746 186
76747 220
76748 153
76749 70
76750 144
76751 183
76752 42
76753 78
76754 13
76755 92
76756 88
76757 160
76758 93
76759 190
76760 119
76761 159
76762 66
76763 69
76764 103
76765 96
76766 162
76767 82
76768 159
76769 164
76770 85
76771 134
76772 178
76773 136
76774 54
76775 183
76776 173
76777 101
76778 81
76779 169
76780 77
76781 114
76782 96
76783 96
76784 422
76785 72
76786 88
76787 120
76788 91
76789 95
76790 137
76791 139
76792 246
76793 34
76794 147
76795 72
76796 120
76797 187
76798 56
76799 97
76800 74
76801 139
76802 85
76803 126
76804 48
76805 122
76806 107
76807 97
76808 83
76809 128
76810 86
76811 151
76812 145
76813 77
76814 93
76815 123
76816 144
76817 76
76818 69
76819 147
76820 80
76821 59
76822 93
76823 108
76824 99
76825 145
76826 132
76827 121
76828 123
76829 16
76830 164
76831 34
76832 103
76833 37
76834 71
76835 141
76836 49
76837 99
76838 150
76839 64
76840 73
76841 193
76842 111
76843 13
76844 80
76845 181
76846 120
76847 141
76848 73
76849 167
76850 120
76851 61
76852 27
76853 103
76854 117
76855 113
76856 276
76857 81
76858 120
76859 78
76860 146
76861 86
76862 94
76863 31
76864 82
76865 62
76866 59
76867 158
76868 81
76869 74
76870 87
76871 19
76872 160
76873 109
76874 244
76875 171
76876 131
76877 52
76878 38
76879 96
76880 78
76881 88
76882 110
76883 76
76884 15
76885 125
76886 106
76887 120
76888 180
76889 82
76890 107
76891 51
76892 201
76893 131
76894 111
76895 132
76896 82
76897 73
76898 155
76899 71
76900 75
76901 207
76902 196
76903 25
76904 79
76905 120
76906 108
76907 94
76908 191
76909 84
76910 54
76911 105
76912 57
76913 199
76914 47
76915 138
76916 161
76917 93
76918 76
76919 92
76920 277
76921 114
76922 81
76923 140
76924 91
76925 65
76926 111
76927 134
76928 102
76929 83
76930 51
76931 41
76932 41
76933 100
76934 82
76935 94
76936 132
76937 112
76938 100
76939 108
76940 55
76941 122
76942 165
76943 89
76944 80
76945 93
76946 90
76947 89
76948 79
76949 135
76950 78
76951 159
76952 133
76953 88
76954 100
76955 148
76956 138
76957 79
76958 57
76959 478
76960 102
76961 45
76962 55
76963 56
76964 130
76965 19
76966 127
76967 164
76968 46
76969 52
76970 48
76971 98
76972 111
76973 154
76974 89
76975 115
76976 76
76977 240
76978 59
76979 135
76980 125
76981 161
76982 191
76983 113
76984 177
76985 25
76986 109
76987 131
76988 95
76989 69
76990 98
76991 95
76992 114
76993 132
76994 70
76995 109
76996 103
76997 83
76998 123
76999 84
77000 74
77001 45
77002 125
77003 140
77004 68
77005 71
77006 95
77007 87
77008 106
77009 112
77010 192
77011 54
77012 169
77013 76
77014 183
77015 121
77016 132
77017 142
77018 73
77019 106
77020 169
77021 111
77022 98
77023 78
77024 120
77025 94
77026 106
77027 78
77028 122
77029 149
77030 134
77031 117
77032 113
77033 129
77034 142
77035 98
77036 115
77037 86
77038 156
77039 161
77040 96
77041 24
77042 43
77043 98
77044 97
77045 170
77046 144
77047 73
77048 129
77049 41
77050 14
77051 141
77052 35
77053 99
77054 122
77055 152
77056 37
77057 81
77058 132
77059 155
77060 49
77061 41
77062 142
77063 115
77064 149
77065 160
77066 150
77067 109
77068 57
77069 100
77070 198
77071 142
77072 117
77073 155
77074 40
77075 114
77076 94
77077 49
77078 116
77079 95
77080 43
77081 63
77082 98
77083 138
77084 147
77085 55
77086 67
77087 210
77088 92
77089 131
77090 157
77091 109
77092 108
77093 180
77094 150
77095 106
77096 199
77097 277
77098 24
77099 82
77100 74
77101 68
77102 123
77103 65
77104 140
77105 58
77106 82
77107 142
77108 120
77109 49
77110 52
77111 126
77112 127
77113 78
77114 84
77115 136
77116 91
77117 230
77118 170
77119 133
77120 169
77121 52
77122 117
77123 168
77124 118
77125 144
77126 117
77127 22
77128 53
77129 87
77130 118
77131 145
77132 156
77133 75
77134 77
77135 127
77136 273
77137 183
77138 70
77139 93
77140 55
77141 71
77142 96
77143 95
77144 161
77145 97
77146 53
77147 59
77148 90
77149 114
77150 148
77151 138
77152 87
77153 71
77154 75
77155 52
77156 101
77157 115
77158 145
77159 130
77160 84
77161 49
77162 65
77163 98
77164 74
77165 57
77166 102
77167 152
77168 112
77169 160
77170 141
77171 184
77172 89
77173 94
77174 122
77175 121
77176 102
77177 153
77178 76
77179 76
77180 106
77181 97
77182 113
77183 96
77184 124
77185 100
77186 145
77187 52
77188 66
77189 104
77190 97
77191 57
77192 140
77193 57
77194 71
77195 194
77196 99
77197 114
77198 158
77199 145
77200 126
77201 149
77202 99
77203 137
77204 119
77205 87
77206 116
77207 119
77208 67
77209 82
77210 142
77211 78
77212 74
77213 95
77214 226
77215 126
77216 183
77217 158
77218 126
77219 107
77220 60
77221 81
77222 87
77223 129
77224 112
77225 87
77226 109
77227 84
77228 83
77229 85
77230 107
77231 98
77232 178
77233 87
77234 78
77235 34
77236 185
77237 125
77238 75
77239 97
77240 107
77241 113
77242 166
77243 154
77244 53
77245 101
77246 20
77247 42
77248 32
77249 109
77250 84
77251 69
77252 117
77253 114
77254 103
77255 112
77256 96
77257 67
77258 157
77259 94
77260 64
77261 127
77262 45
77263 100
77264 119
77265 157
77266 84
77267 127
77268 126
77269 67
77270 94
77271 84
77272 148
77273 116
77274 28
77275 130
77276 23
77277 72
77278 46
77279 33
77280 117
77281 123
77282 156
77283 117
77284 160
77285 90
77286 25
77287 86
77288 47
77289 122
77290 76
77291 216
77292 84
77293 86
77294 134
77295 91
77296 102
77297 81
77298 102
77299 120
77300 57
77301 27
77302 56
77303 150
77304 70
77305 56
77306 148
77307 100
77308 141
77309 53
77310 128
77311 102
77312 79
77313 49
77314 175
77315 111
77316 61
77317 120
77318 43
77319 166
77320 71
77321 87
77322 115
77323 108
77324 41
77325 52
77326 72
77327 87
77328 104
77329 197
77330 137
77331 110
77332 108
77333 55
77334 62
77335 76
77336 130
77337 200
77338 125
77339 135
77340 92
77341 103
77342 90
77343 131
77344 134
77345 108
77346 132
77347 211
77348 109
77349 135
77350 116
77351 124
77352 46
77353 158
77354 103
77355 36
77356 38
77357 40
77358 123
77359 134
77360 75
77361 167
77362 79
77363 56
77364 94
77365 94
77366 113
77367 109
77368 87
77369 111
77370 21
77371 133
77372 76
77373 144
77374 145
77375 91
77376 114
77377 103
77378 102
77379 172
77380 207
77381 82
77382 63
77383 140
77384 246
77385 110
77386 93
77387 199
77388 104
77389 95
77390 149
77391 131
77392 77
77393 55
77394 64
77395 123
77396 62
77397 166
77398 65
77399 103
77400 120
77401 133
77402 94
77403 85
77404 105
77405 40
77406 75
77407 57
77408 181
77409 70
77410 133
77411 84
77412 116
77413 77
77414 98
77415 88
77416 46
77417 138
77418 75
77419 271
77420 187
77421 82
77422 230
77423 158
77424 62
77425 100
77426 98
77427 139
77428 66
77429 164
77430 64
77431 139
77432 121
77433 80
77434 181
77435 79
77436 110
77437 69
77438 137
77439 129
77440 69
77441 114
77442 127
77443 142
77444 96
77445 79
77446 97
77447 196
77448 101
77449 119
77450 90
77451 71
77452 68
77453 159
77454 160
77455 109
77456 48
77457 83
77458 127
77459 116
77460 138
77461 83
77462 25
77463 78
77464 86
77465 83
77466 154
77467 144
77468 103
77469 133
77470 101
77471 106
77472 192
77473 77
77474 119
77475 119
77476 105
77477 97
77478 79
77479 90
77480 142
77481 117
77482 91
77483 101
77484 168
77485 145
77486 146
77487 64
77488 132
77489 108
77490 124
77491 107
77492 100
77493 76
77494 79
77495 118
77496 136
77497 94
77498 131
77499 92
77500 89
77501 113
77502 114
77503 118
77504 37
77505 275
77506 160
77507 86
77508 147
77509 152
77510 173
77511 228
77512 96
77513 121
77514 146
77515 98
77516 76
77517 64
77518 51
77519 46
77520 38
77521 207
77522 137
77523 114
77524 105
77525 226
77526 148
77527 86
77528 76
77529 345
77530 91
77531 233
77532 168
77533 139
77534 116
77535 77
77536 97
77537 80
77538 46
77539 69
77540 176
77541 201
77542 57
77543 113
77544 102
77545 200
77546 169
77547 213
77548 64
77549 78
77550 84
77551 129
77552 129
77553 79
77554 125
77555 19
77556 87
77557 28
77558 96
77559 78
77560 85
77561 130
77562 129
77563 46
77564 60
77565 108
77566 120
77567 64
77568 147
77569 128
77570 130
77571 49
77572 163
77573 130
77574 94
77575 76
77576 144
77577 73
77578 132
77579 61
77580 150
77581 171
77582 99
77583 62
77584 170
77585 101
77586 154
77587 202
77588 45
77589 132
77590 114
77591 130
77592 150
77593 87
77594 140
77595 128
77596 96
77597 152
77598 45
77599 118
77600 141
77601 98
77602 92
77603 52
77604 118
77605 61
77606 70
77607 72
77608 98
77609 275
77610 118
77611 127
77612 219
77613 84
77614 234
77615 114
77616 184
77617 87
77618 75
77619 110
77620 109
77621 43
77622 107
77623 28
77624 87
77625 268
77626 83
77627 226
77628 100
77629 83
77630 119
77631 78
77632 155
77633 94
77634 60
77635 139
77636 212
77637 58
77638 151
77639 63
77640 88
77641 139
77642 129
77643 84
77644 47
77645 141
77646 49
77647 112
77648 113
77649 98
77650 163
77651 129
77652 52
77653 99
77654 65
77655 85
77656 81
77657 87
77658 77
77659 67
77660 56
77661 114
77662 129
77663 75
77664 1
77665 87
77666 71
77667 115
77668 88
77669 47
77670 187
77671 120
77672 82
77673 50
77674 131
77675 158
77676 252
77677 127
77678 68
77679 60
77680 58
77681 195
77682 125
77683 41
77684 159
77685 199
77686 116
77687 101
77688 32
77689 73
77690 145
77691 147
77692 136
77693 78
77694 71
77695 75
77696 109
77697 92
77698 91
77699 97
77700 88
77701 77
77702 119
77703 97
77704 132
77705 84
77706 118
77707 65
77708 113
77709 131
77710 61
77711 174
77712 125
77713 63
77714 83
77715 80
77716 69
77717 198
77718 104
77719 66
77720 108
77721 14
77722 114
77723 135
77724 142
77725 90
77726 117
77727 91
77728 94
77729 46
77730 53
77731 83
77732 101
77733 110
77734 140
77735 124
77736 78
77737 44
77738 68
77739 136
77740 78
77741 155
77742 91
77743 42
77744 114
77745 136
77746 66
77747 97
77748 139
77749 117
77750 111
77751 89
77752 67
77753 76
77754 125
77755 112
77756 64
77757 127
77758 158
77759 76
77760 81
77761 97
77762 69
77763 62
77764 64
77765 106
77766 104
77767 55
77768 36
77769 141
77770 161
77771 124
77772 139
77773 199
77774 88
77775 157
77776 33
77777 91
77778 132
77779 129
77780 148
77781 139
77782 100
77783 77
77784 176
77785 184
77786 110
77787 76
77788 83
77789 198
77790 142
77791 166
77792 86
77793 88
77794 85
77795 64
77796 88
77797 57
77798 132
77799 66
77800 109
77801 226
77802 157
77803 90
77804 111
77805 133
77806 125
77807 42
77808 39
77809 142
77810 81
77811 75
77812 114
77813 125
77814 200
77815 122
77816 104
77817 112
77818 125
77819 139
77820 304
77821 155
77822 107
77823 87
77824 44
77825 104
77826 116
77827 100
77828 90
77829 141
77830 215
77831 114
77832 65
77833 70
77834 106
77835 116
77836 114
77837 26
77838 129
77839 87
77840 211
77841 230
77842 72
77843 117
77844 55
77845 42
77846 108
77847 175
77848 97
77849 74
77850 120
77851 104
77852 170
77853 99
77854 74
77855 85
77856 109
77857 108
77858 68
77859 127
77860 123
77861 102
77862 98
77863 202
77864 73
77865 106
77866 93
77867 144
77868 31
77869 104
77870 96
77871 57
77872 100
77873 74
77874 61
77875 119
77876 119
77877 111
77878 119
77879 158
77880 118
77881 27
77882 80
77883 145
77884 76
77885 113
77886 130
77887 122
77888 112
77889 102
77890 230
77891 54
77892 123
77893 111
77894 82
77895 121
77896 128
77897 96
77898 117
77899 160
77900 42
77901 136
77902 104
77903 145
77904 101
77905 133
77906 51
77907 97
77908 109
77909 63
77910 106
77911 159
77912 186
77913 128
77914 84
77915 48
77916 76
77917 66
77918 95
77919 236
77920 47
77921 94
77922 63
77923 149
77924 111
77925 122
77926 81
77927 26
77928 110
77929 124
77930 147
77931 89
77932 108
77933 38
77934 46
77935 120
77936 141
77937 137
77938 127
77939 166
77940 162
77941 52
77942 136
77943 96
77944 148
77945 143
77946 226
77947 117
77948 144
77949 96
77950 97
77951 37
77952 98
77953 105
77954 74
77955 44
77956 73
77957 86
77958 141
77959 107
77960 84
77961 140
77962 54
77963 66
77964 109
77965 89
77966 128
77967 75
77968 76
77969 44
77970 85
77971 102
77972 90
77973 127
77974 94
77975 105
77976 60
77977 92
77978 60
77979 12
77980 89
77981 90
77982 80
77983 144
77984 42
77985 99
77986 75
77987 142
77988 113
77989 69
77990 82
77991 60
77992 123
77993 72
77994 82
77995 82
77996 95
77997 210
77998 154
77999 120
78000 162
78001 164
78002 124
78003 104
78004 132
78005 56
78006 257
78007 126
78008 94
78009 126
78010 137
78011 80
78012 101
78013 124
78014 44
78015 142
78016 70
78017 81
78018 153
78019 135
78020 109
78021 216
78022 94
78023 67
78024 133
78025 249
78026 122
78027 100
78028 174
78029 234
78030 118
78031 70
78032 42
78033 93
78034 94
78035 162
78036 124
78037 194
78038 166
78039 158
78040 100
78041 91
78042 95
78043 112
78044 44
78045 83
78046 106
78047 65
78048 106
78049 44
78050 46
78051 222
78052 67
78053 98
78054 89
78055 129
78056 29
78057 78
78058 46
78059 63
78060 79
78061 129
78062 125
78063 208
78064 174
78065 138
78066 57
78067 108
78068 60
78069 -5
78070 327
78071 109
78072 66
78073 147
78074 104
78075 186
78076 65
78077 100
78078 77
78079 64
78080 97
78081 89
78082 102
78083 40
78084 159
78085 86
78086 67
78087 113
78088 113
78089 136
78090 164
78091 59
78092 121
78093 56
78094 75
78095 71
78096 81
78097 101
78098 78
78099 166
78100 96
78101 134
78102 82
78103 102
78104 166
78105 137
78106 66
78107 155
78108 92
78109 81
78110 106
78111 118
78112 83
78113 118
78114 163
78115 99
78116 111
78117 86
78118 147
78119 64
78120 96
78121 101
78122 199
78123 96
78124 186
78125 107
78126 117
78127 129
78128 104
78129 94
78130 148
78131 99
78132 21
78133 162
78134 70
78135 163
78136 155
78137 44
78138 110
78139 45
78140 142
78141 221
78142 78
78143 115
78144 110
78145 122
78146 155
78147 93
78148 245
78149 41
78150 108
78151 74
78152 73
78153 208
78154 141
78155 99
78156 65
78157 111
78158 150
78159 118
78160 89
78161 114
78162 98
78163 139
78164 196
78165 -1
78166 89
78167 222
78168 120
78169 111
78170 117
78171 130
78172 142
78173 62
78174 60
78175 74
78176 114
78177 105
78178 105
78179 116
78180 130
78181 160
78182 136
78183 20
78184 123
78185 123
78186 84
78187 117
78188 152
78189 17
78190 64
78191 41
78192 139
78193 115
78194 78
78195 137
78196 84
78197 150
78198 69
78199 169
78200 122
78201 117
78202 118
78203 105
78204 48
78205 128
78206 81
78207 136
78208 171
78209 92
78210 98
78211 130
78212 77
78213 117
78214 121
78215 130
78216 174
78217 81
78218 70
78219 75
78220 172
78221 52
78222 85
78223 100
78224 91
78225 209
78226 76
78227 103
78228 68
78229 109
78230 120
78231 103
78232 100
78233 204
78234 67
78235 52
78236 127
78237 112
78238 61
78239 106
78240 34
78241 30
78242 62
78243 192
78244 95
78245 171
78246 72
78247 76
78248 104
78249 106
78250 98
78251 83
78252 126
78253 135
78254 131
78255 117
78256 142
78257 177
78258 170
78259 108
78260 86
78261 54
78262 101
78263 65
78264 153
78265 116
78266 136
78267 104
78268 99
78269 138
78270 125
78271 53
78272 96
78273 123
78274 40
78275 70
78276 133
78277 123
78278 179
78279 105
78280 128
78281 128
78282 101
78283 83
78284 136
78285 299
78286 82
78287 121
78288 125
78289 86
78290 116
78291 75
78292 123
78293 63
78294 50
78295 100
78296 73
78297 131
78298 99
78299 133
78300 103
78301 72
78302 69
78303 87
78304 84
78305 84
78306 13
78307 73
78308 60
78309 144
78310 84
78311 127
78312 140
78313 120
78314 70
78315 104
78316 112
78317 72
78318 71
78319 153
78320 73
78321 92
78322 99
78323 95
78324 126
78325 93
78326 147
78327 141
78328 107
78329 59
78330 157
78331 103
78332 28
78333 94
78334 37
78335 73
78336 43
78337 134
78338 66
78339 115
78340 132
78341 64
78342 108
78343 101
78344 42
78345 133
78346 101
78347 109
78348 106
78349 58
78350 109
78351 62
78352 172
78353 93
78354 40
78355 85
78356 98
78357 33
78358 27
78359 134
78360 118
78361 236
78362 134
78363 129
78364 56
78365 124
78366 121
78367 97
78368 79
78369 129
78370 95
78371 104
78372 37
78373 35
78374 130
78375 100
78376 75
78377 254
78378 50
78379 85
78380 7
78381 45
78382 53
78383 152
78384 66
78385 88
78386 149
78387 39
78388 -5
78389 63
78390 236
78391 72
78392 27
78393 43
78394 90
78395 54
78396 88
78397 98
78398 88
78399 122
78400 142
78401 74
78402 70
78403 123
78404 132
78405 96
78406 99
78407 199
78408 181
78409 59
78410 98
78411 102
78412 112
78413 110
78414 114
78415 85
78416 101
78417 72
78418 84
78419 166
78420 192
78421 45
78422 118
78423 125
78424 64
78425 101
78426 107
78427 171
78428 171
78429 76
78430 116
78431 77
78432 154
78433 82
78434 142
78435 110
78436 36
78437 68
78438 84
78439 62
78440 228
78441 96
78442 45
78443 126
78444 70
78445 137
78446 139
78447 130
78448 64
78449 76
78450 109
78451 85
78452 100
78453 94
78454 118
78455 267
78456 97
78457 147
78458 146
78459 111
78460 71
78461 180
78462 49
78463 134
78464 46
78465 88
78466 78
78467 18
78468 -2
78469 75
78470 135
78471 137
78472 145
78473 79
78474 114
78475 74
78476 80
78477 182
78478 193
78479 89
78480 183
78481 179
78482 77
78483 156
78484 86
78485 61
78486 136
78487 90
78488 154
78489 97
78490 58
78491 166
78492 178
78493 138
78494 123
78495 95
78496 124
78497 124
78498 100
78499 143
78500 133
78501 117
78502 69
78503 51
78504 99
78505 111
78506 54
78507 108
78508 105
78509 115
78510 97
78511 46
78512 89
78513 72
78514 146
78515 168
78516 181
78517 77
78518 80
78519 149
78520 75
78521 120
78522 137
78523 92
78524 72
78525 73
78526 109
78527 204
78528 35
78529 92
78530 101
78531 65
78532 157
78533 302
78534 143
78535 135
78536 104
78537 65
78538 59
78539 116
78540 93
78541 113
78542 102
78543 125
78544 70
78545 48
78546 136
78547 137
78548 119
78549 27
78550 151
78551 120
78552 76
78553 117
78554 59
78555 138
78556 125
78557 186
78558 53
78559 159
78560 188
78561 120
78562 124
78563 94
78564 98
78565 76
78566 87
78567 79
78568 116
78569 52
78570 158
78571 50
78572 136
78573 156
78574 318
78575 99
78576 106
78577 183
78578 8
78579 116
78580 113
78581 169
78582 68
78583 139
78584 84
78585 152
78586 86
78587 107
78588 90
78589 109
78590 61
78591 66
78592 108
78593 158
78594 116
78595 145
78596 159
78597 89
78598 149
78599 111
78600 61
78601 110
78602 83
78603 87
78604 81
78605 61
78606 66
78607 68
78608 221
78609 66
78610 24
78611 119
78612 88
78613 104
78614 44
78615 137
78616 140
78617 221
78618 93
78619 145
78620 114
78621 116
78622 89
78623 73
78624 118
78625 136
78626 80
78627 165
78628 153
78629 215
78630 116
78631 132
78632 58
78633 67
78634 103
78635 99
78636 114
78637 67
78638 119
78639 87
78640 189
78641 49
78642 138
78643 186
78644 82
78645 91
78646 84
78647 119
78648 97
78649 120
78650 141
78651 73
78652 83
78653 87
78654 108
78655 165
78656 33
78657 51
78658 69
78659 51
78660 93
78661 95
78662 171
78663 73
78664 72
78665 194
78666 66
78667 93
78668 141
78669 121
78670 72
78671 89
78672 112
78673 126
78674 215
78675 95
78676 42
78677 64
78678 78
78679 98
78680 150
78681 98
78682 16
78683 283
78684 175
78685 36
78686 53
78687 47
78688 241
78689 108
78690 106
78691 139
78692 67
78693 85
78694 100
78695 130
78696 111
78697 141
78698 127
78699 123
78700 211
78701 93
78702 235
78703 126
78704 115
78705 93
78706 140
78707 74
78708 94
78709 131
78710 158
78711 49
78712 36
78713 80
78714 115
78715 30
78716 156
78717 139
78718 79
78719 132
78720 76
78721 49
78722 171
78723 116
78724 186
78725 163
78726 108
78727 62
78728 217
78729 90
78730 70
78731 23
78732 25
78733 156
78734 113
78735 70
78736 46
78737 67
78738 81
78739 172
78740 113
78741 74
78742 60
78743 125
78744 123
78745 177
78746 140
78747 77
78748 58
78749 33
78750 43
78751 133
78752 103
78753 152
78754 50
78755 120
78756 123
78757 172
78758 50
78759 52
78760 100
78761 73
78762 113
78763 1
78764 90
78765 161
78766 151
78767 78
78768 77
78769 231
78770 260
78771 117
78772 68
78773 48
78774 125
78775 122
78776 86
78777 52
78778 187
78779 97
78780 103
78781 61
78782 130
78783 112
78784 56
78785 53
78786 113
78787 132
78788 122
78789 203
78790 74
78791 40
78792 85
78793 97
78794 79
78795 258
78796 57
78797 86
78798 58
78799 73
78800 67
78801 110
78802 101
78803 38
78804 204
78805 139
78806 107
78807 155
78808 186
78809 90
78810 44
78811 101
78812 102
78813 156
78814 85
78815 74
78816 101
78817 81
78818 68
78819 62
78820 78
78821 77
78822 98
78823 171
78824 63
78825 76
78826 127
78827 112
78828 77
78829 180
78830 106
78831 195
78832 157
78833 65
78834 116
78835 134
78836 73
78837 141
78838 47
78839 161
78840 158
78841 128
78842 99
78843 78
78844 80
78845 85
78846 102
78847 190
78848 90
78849 87
78850 62
78851 68
78852 83
78853 150
78854 76
78855 85
78856 92
78857 183
78858 89
78859 144
78860 129
78861 113
78862 151
78863 97
78864 89
78865 202
78866 85
78867 159
78868 91
78869 103
78870 111
78871 76
78872 125
78873 87
78874 87
78875 42
78876 53
78877 154
78878 148
78879 162
78880 71
78881 89
78882 -11
78883 136
78884 159
78885 85
78886 80
78887 120
78888 33
78889 196
78890 59
78891 109
78892 277
78893 61
78894 156
78895 78
78896 78
78897 99
78898 117
78899 82
78900 54
78901 94
78902 129
78903 123
78904 96
78905 45
78906 117
78907 94
78908 109
78909 135
78910 134
78911 93
78912 163
78913 169
78914 72
78915 84
78916 176
78917 99
78918 264
78919 188
78920 96
78921 111
78922 136
78923 58
78924 143
78925 214
78926 58
78927 61
78928 65
78929 153
78930 179
78931 79
78932 93
78933 126
78934 129
78935 79
78936 36
78937 77
78938 135
78939 36
78940 247
78941 180
78942 123
78943 35
78944 152
78945 87
78946 29
78947 35
78948 121
78949 123
78950 39
78951 94
78952 167
78953 25
78954 97
78955 79
78956 112
78957 86
78958 127
78959 96
78960 207
78961 87
78962 43
78963 49
78964 114
78965 82
78966 60
78967 128
78968 115
78969 102
78970 93
78971 114
78972 27
78973 125
78974 111
78975 151
78976 67
78977 158
78978 140
78979 114
78980 123
78981 107
78982 114
78983 95
78984 143
78985 137
78986 84
78987 132
78988 29
78989 114
78990 69
78991 138
78992 105
78993 118
78994 240
78995 88
78996 78
78997 76
78998 95
78999 66
79000 107
79001 88
79002 75
79003 108
79004 87
79005 112
79006 63
79007 69
79008 98
79009 54
79010 30
79011 77
79012 130
79013 119
79014 141
79015 107
79016 57
79017 81
79018 68
79019 115
79020 48
79021 98
79022 26
79023 54
79024 179
79025 129
79026 146
79027 161
79028 126
79029 84
79030 114
79031 123
79032 193
79033 112
79034 23
79035 99
79036 72
79037 164
79038 103
79039 120
79040 78
79041 71
79042 113
79043 159
79044 100
79045 111
79046 65
79047 157
79048 75
79049 77
79050 88
79051 118
79052 39
79053 85
79054 36
79055 105
79056 47
79057 110
79058 141
79059 154
79060 84
79061 137
79062 36
79063 155
79064 94
79065 92
79066 67
79067 118
79068 80
79069 126
79070 62
79071 50
79072 67
79073 135
79074 66
79075 114
79076 58
79077 64
79078 109
79079 62
79080 110
79081 124
79082 170
79083 77
79084 120
79085 66
79086 58
79087 78
79088 93
79089 113
79090 137
79091 80
79092 63
79093 101
79094 122
79095 163
79096 57
79097 190
79098 81
79099 82
79100 78
79101 145
79102 83
79103 66
79104 140
79105 27
79106 1
79107 134
79108 98
79109 99
79110 99
79111 16
79112 96
79113 141
79114 117
79115 194
79116 107
79117 127
79118 93
79119 77
79120 125
79121 114
79122 131
79123 56
79124 105
79125 143
79126 85
79127 101
79128 62
79129 167
79130 57
79131 122
79132 36
79133 76
79134 93
79135 88
79136 143
79137 95
79138 147
79139 267
79140 90
79141 106
79142 76
79143 81
79144 46
79145 78
79146 91
79147 114
79148 69
79149 91
79150 89
79151 44
79152 99
79153 105
79154 67
79155 66
79156 120
79157 138
79158 124
79159 78
79160 93
79161 66
79162 114
79163 107
79164 50
79165 93
79166 91
79167 51
79168 99
79169 76
79170 70
79171 106
79172 43
79173 89
79174 143
79175 103
79176 151
79177 124
79178 131
79179 95
79180 32
79181 67
79182 71
79183 166
79184 142
79185 111
79186 103
79187 116
79188 113
79189 23
79190 145
79191 127
79192 135
79193 136
79194 27
79195 123
79196 86
79197 93
79198 57
79199 35
79200 94
79201 117
79202 93
79203 181
79204 46
79205 102
79206 91
79207 160
79208 130
79209 110
79210 124
79211 94
79212 156
79213 114
79214 101
79215 51
79216 82
79217 82
79218 143
79219 70
79220 83
79221 47
79222 65
79223 112
79224 197
79225 74
79226 59
79227 98
79228 37
79229 78
79230 96
79231 121
79232 45
79233 106
79234 110
79235 121
79236 85
79237 129
79238 99
79239 122
79240 151
79241 129
79242 109
79243 139
79244 142
79245 162
79246 37
79247 101
79248 73
79249 90
79250 126
79251 42
79252 90
79253 108
79254 103
79255 51
79256 76
79257 137
79258 80
79259 117
79260 85
79261 107
79262 113
79263 76
79264 99
79265 112
79266 63
79267 79
79268 94
79269 56
79270 118
79271 160
79272 149
79273 140
79274 220
79275 146
79276 236
79277 150
79278 110
79279 160
79280 104
79281 87
79282 90
79283 51
79284 148
79285 48
79286 76
79287 127
79288 97
79289 109
79290 72
79291 103
79292 80
79293 106
79294 89
79295 180
79296 124
79297 153
79298 96
79299 65
79300 111
79301 46
79302 58
79303 228
79304 112
79305 123
79306 153
79307 69
79308 163
79309 149
79310 98
79311 118
79312 126
79313 120
79314 161
79315 96
79316 104
79317 95
79318 107
79319 19
79320 71
79321 156
79322 123
79323 71
79324 104
79325 68
79326 149
79327 139
79328 135
79329 167
79330 174
79331 125
79332 98
79333 170
79334 105
79335 163
79336 67
79337 128
79338 49
79339 159
79340 90
79341 125
79342 91
79343 20
79344 33
79345 95
79346 93
79347 164
79348 173
79349 169
79350 244
79351 152
79352 165
79353 69
79354 117
79355 59
79356 47
79357 143
79358 157
79359 171
79360 101
79361 124
79362 110
79363 89
79364 84
79365 106
79366 71
79367 91
79368 104
79369 83
79370 66
79371 206
79372 111
79373 168
79374 140
79375 50
79376 155
79377 68
79378 0
79379 124
79380 167
79381 125
79382 160
79383 134
79384 228
79385 81
79386 168
79387 99
79388 105
79389 48
79390 208
79391 119
79392 77
79393 40
79394 55
79395 43
79396 60
79397 162
79398 104
79399 107
79400 75
79401 106
79402 54
79403 97
79404 165
79405 141
79406 81
79407 51
79408 133
79409 101
79410 96
79411 77
79412 158
79413 50
79414 32
79415 151
79416 174
79417 97
79418 65
79419 89
79420 106
79421 71
79422 75
79423 106
79424 96
79425 35
79426 84
79427 134
79428 139
79429 115
79430 133
79431 88
79432 118
79433 115
79434 75
79435 91
79436 108
79437 80
79438 117
79439 112
79440 196
79441 147
79442 96
79443 211
79444 88
79445 17
79446 108
79447 68
79448 87
79449 122
79450 116
79451 100
79452 109
79453 163
79454 76
79455 141
79456 26
79457 85
79458 127
79459 79
79460 84
79461 71
79462 76
79463 80
79464 131
79465 102
79466 140
79467 79
79468 146
79469 57
79470 119
79471 90
79472 72
79473 100
79474 121
79475 73
79476 69
79477 178
79478 150
79479 37
79480 128
79481 143
79482 36
79483 159
79484 51
79485 91
79486 111
79487 112
79488 163
79489 114
79490 115
79491 133
79492 171
79493 120
79494 51
79495 122
79496 141
79497 79
79498 167
79499 93
79500 175
79501 54
79502 107
79503 124
79504 99
79505 155
79506 234
79507 37
79508 134
79509 206
79510 136
79511 23
79512 89
79513 51
79514 159
79515 153
79516 83
79517 151
79518 96
79519 124
79520 67
79521 109
79522 65
79523 182
79524 93
79525 83
79526 47
79527 125
79528 106
79529 114
79530 78
79531 107
79532 111
79533 109
79534 82
79535 93
79536 75
79537 156
79538 52
79539 148
79540 135
79541 37
79542 166
79543 118
79544 126
79545 134
79546 121
79547 97
79548 98
79549 110
79550 114
79551 71
79552 265
79553 177
79554 88
79555 110
79556 91
79557 98
79558 159
79559 222
79560 235
79561 160
79562 123
79563 118
79564 19
79565 118
79566 239
79567 111
79568 48
79569 141
79570 88
79571 43
79572 82
79573 79
79574 75
79575 115
79576 54
79577 145
79578 208
79579 129
79580 99
79581 100
79582 88
79583 72
79584 46
79585 62
79586 143
79587 101
79588 21
79589 156
79590 20
79591 44
79592 60
79593 73
79594 96
79595 138
79596 61
79597 32
79598 98
79599 110
79600 163
79601 99
79602 129
79603 124
79604 70
79605 96
79606 209
79607 76
79608 88
79609 113
79610 232
79611 120
79612 125
79613 139
79614 49
79615 71
79616 102
79617 62
79618 140
79619 76
79620 106
79621 40
79622 95
79623 89
79624 162
79625 115
79626 48
79627 81
79628 77
79629 127
79630 61
79631 96
79632 74
79633 93
79634 104
79635 98
79636 86
79637 99
79638 254
79639 34
79640 103
79641 134
79642 90
79643 111
79644 43
79645 109
79646 102
79647 155
79648 80
79649 88
79650 116
79651 101
79652 100
79653 61
79654 89
79655 92
79656 87
79657 143
79658 99
79659 35
79660 81
79661 159
79662 200
79663 111
79664 125
79665 137
79666 184
79667 162
79668 163
79669 63
79670 108
79671 101
79672 184
79673 153
79674 81
79675 90
79676 181
79677 56
79678 61
79679 189
79680 351
79681 58
79682 75
79683 145
79684 65
79685 122
79686 89
79687 51
79688 74
79689 117
79690 83
79691 89
79692 108
79693 66
79694 113
79695 126
79696 132
79697 112
79698 85
79699 78
79700 47
79701 145
79702 41
79703 162
79704 84
79705 38
79706 85
79707 86
79708 101
79709 97
79710 72
79711 115
79712 102
79713 98
79714 88
79715 67
79716 87
79717 71
79718 158
79719 181
79720 50
79721 109
79722 99
79723 95
79724 77
79725 148
79726 85
79727 88
79728 67
79729 112
79730 75
79731 98
79732 82
79733 88
79734 143
79735 69
79736 110
79737 131
79738 86
79739 134
79740 72
79741 165
79742 129
79743 123
79744 90
79745 93
79746 103
79747 97
79748 79
79749 180
79750 122
79751 50
79752 101
79753 106
79754 137
79755 64
79756 187
79757 65
79758 63
79759 88
79760 86
79761 112
79762 104
79763 113
79764 119
79765 57
79766 83
79767 76
79768 93
79769 68
79770 114
79771 106
79772 132
79773 102
79774 138
79775 97
79776 107
79777 161
79778 121
79779 91
79780 53
79781 104
79782 99
79783 172
79784 67
79785 55
79786 89
79787 107
79788 185
79789 71
79790 115
79791 68
79792 47
79793 114
79794 72
79795 114
79796 150
79797 65
79798 174
79799 86
79800 30
79801 120
79802 66
79803 180
79804 117
79805 161
79806 93
79807 120
79808 128
79809 65
79810 73
79811 123
79812 25
79813 84
79814 119
79815 79
79816 101
79817 76
79818 87
79819 118
79820 83
79821 146
79822 138
79823 46
79824 98
79825 93
79826 140
79827 65
79828 99
79829 74
79830 3
79831 61
79832 36
79833 86
79834 104
79835 88
79836 144
79837 45
79838 183
79839 82
79840 137
79841 90
79842 93
79843 133
79844 99
79845 133
79846 115
79847 126
79848 137
79849 122
79850 74
79851 106
79852 116
79853 78
79854 94
79855 208
79856 183
79857 109
79858 91
79859 101
79860 117
79861 37
79862 9
79863 116
79864 79
79865 51
79866 109
79867 108
79868 37
79869 100
79870 119
79871 59
79872 29
79873 72
79874 136
79875 111
79876 95
79877 68
79878 140
79879 59
79880 107
79881 100
79882 112
79883 20
79884 151
79885 85
79886 105
79887 100
79888 86
79889 205
79890 93
79891 69
79892 141
79893 102
79894 170
79895 162
79896 193
79897 155
79898 89
79899 85
79900 55
79901 82
79902 72
79903 205
79904 50
79905 135
79906 94
79907 71
79908 198
79909 111
79910 100
79911 35
79912 94
79913 97
79914 73
79915 115
79916 122
79917 57
79918 68
79919 49
79920 84
79921 125
79922 121
79923 198
79924 172
79925 94
79926 96
79927 58
79928 122
79929 74
79930 92
79931 91
79932 94
79933 122
79934 85
79935 68
79936 41
79937 69
79938 88
79939 134
79940 42
79941 162
79942 93
79943 91
79944 62
79945 95
79946 73
79947 178
79948 82
79949 75
79950 98
79951 55
79952 84
79953 53
79954 121
79955 88
79956 101
79957 88
79958 174
79959 110
79960 75
79961 46
79962 83
79963 139
79964 75
79965 149
79966 107
79967 99
79968 142
79969 91
79970 75
79971 206
79972 91
79973 50
79974 85
79975 104
79976 60
79977 213
79978 63
79979 134
79980 77
79981 153
79982 101
79983 130
79984 113
79985 139
79986 94
79987 172
79988 259
79989 49
79990 100
79991 106
79992 53
79993 137
79994 53
79995 50
79996 74
79997 241
79998 110
79999 95
80000 80
80001 57
80002 76
80003 80
80004 78
80005 93
80006 119
80007 104
80008 104
80009 95
80010 107
80011 231
80012 41
80013 144
80014 106
80015 6
80016 123
80017 56
80018 37
80019 63
80020 173
80021 140
80022 85
80023 75
80024 55
80025 72
80026 175
80027 141
80028 132
80029 127
80030 70
80031 144
80032 161
80033 108
80034 77
80035 101
80036 57
80037 86
80038 82
80039 103
80040 35
80041 103
80042 96
80043 124
80044 140
80045 47
80046 149
80047 135
80048 174
80049 117
80050 180
80051 80
80052 104
80053 103
80054 73
80055 88
80056 117
80057 120
80058 109
80059 20
80060 50
80061 107
80062 30
80063 68
80064 35
80065 134
80066 119
80067 41
80068 173
80069 47
80070 88
80071 100
80072 91
80073 125
80074 110
80075 55
80076 98
80077 161
80078 142
80079 62
80080 129
80081 83
80082 91
80083 85
80084 142
80085 181
80086 168
80087 221
80088 138
80089 71
80090 120
80091 112
80092 112
80093 102
80094 57
80095 97
80096 85
80097 154
80098 108
80099 52
80100 75
80101 38
80102 59
80103 161
80104 33
80105 72
80106 3
80107 148
80108 71
80109 125
80110 222
80111 67
80112 149
80113 154
80114 115
80115 96
80116 93
80117 34
80118 64
80119 155
80120 173
80121 46
80122 69
80123 125
80124 204
80125 205
80126 101
80127 120
80128 147
80129 57
80130 89
80131 152
80132 131
80133 -22
80134 61
80135 165
80136 123
80137 191
80138 91
80139 182
80140 99
80141 112
80142 91
80143 76
80144 79
80145 71
80146 57
80147 104
80148 156
80149 54
80150 75
80151 132
80152 146
80153 162
80154 123
80155 155
80156 106
80157 56
80158 80
80159 67
80160 88
80161 322
80162 81
80163 270
80164 128
80165 129
80166 67
80167 153
80168 71
80169 95
80170 181
80171 35
80172 140
80173 83
80174 106
80175 64
80176 87
80177 90
80178 115
80179 60
80180 60
80181 125
80182 107
80183 114
80184 53
80185 86
80186 96
80187 224
80188 47
80189 132
80190 87
80191 128
80192 68
80193 77
80194 173
80195 90
80196 117
80197 132
80198 96
80199 123
80200 60
80201 33
80202 120
80203 135
80204 32
80205 80
80206 108
80207 121
80208 7
80209 69
80210 65
80211 79
80212 122
80213 148
80214 84
80215 124
80216 110
80217 111
80218 71
80219 148
80220 44
80221 102
80222 153
80223 66
80224 141
80225 64
80226 102
80227 48
80228 89
80229 129
80230 32
80231 77
80232 143
80233 132
80234 177
80235 60
80236 182
80237 163
80238 154
80239 102
80240 84
80241 120
80242 82
80243 118
80244 71
80245 134
80246 127
80247 213
80248 83
80249 113
80250 152
80251 15
80252 136
80253 60
80254 66
80255 99
80256 49
80257 154
80258 225
80259 57
80260 51
80261 76
80262 147
80263 90
80264 87
80265 30
80266 120
80267 91
80268 42
80269 39
80270 62
80271 66
80272 142
80273 130
80274 136
80275 140
80276 71
80277 89
80278 73
80279 393
80280 137
80281 207
80282 89
80283 85
80284 115
80285 62
80286 77
80287 74
80288 118
80289 120
80290 70
80291 131
80292 75
80293 132
80294 90
80295 117
80296 124
80297 137
80298 139
80299 16
80300 83
80301 65
80302 113
80303 73
80304 73
80305 103
80306 169
80307 102
80308 124
80309 128
80310 124
80311 170
80312 100
80313 75
80314 83
80315 101
80316 56
80317 32
80318 139
80319 111
80320 42
80321 65
80322 96
80323 110
80324 111
80325 151
80326 121
80327 132
80328 117
80329 98
80330 121
80331 131
80332 118
80333 144
80334 95
80335 108
80336 49
80337 124
80338 79
80339 43
80340 100
80341 119
80342 154
80343 146
80344 119
80345 145
80346 135
80347 104
80348 118
80349 0
80350 81
80351 59
80352 38
80353 43
80354 45
80355 43
80356 73
80357 114
80358 54
80359 88
80360 113
80361 115
80362 74
80363 30
80364 49
80365 111
80366 71
80367 65
80368 37
80369 89
80370 127
80371 97
80372 124
80373 95
80374 199
80375 49
80376 146
80377 60
80378 112
80379 53
80380 91
80381 97
80382 184
80383 110
80384 107
80385 22
80386 98
80387 71
80388 48
80389 114
80390 93
80391 145
80392 109
80393 165
80394 98
80395 65
80396 98
80397 81
80398 81
80399 109
80400 153
80401 119
80402 73
80403 133
80404 157
80405 144
80406 118
80407 134
80408 76
80409 213
80410 120
80411 104
80412 84
80413 179
80414 136
80415 83
80416 136
80417 74
80418 109
80419 127
80420 37
80421 128
80422 82
80423 65
80424 94
80425 77
80426 100
80427 109
80428 133
80429 219
80430 99
80431 56
80432 77
80433 141
80434 159
80435 134
80436 92
80437 143
80438 71
80439 64
80440 106
80441 115
80442 35
80443 37
80444 73
80445 77
80446 68
80447 134
80448 49
80449 50
80450 79
80451 100
80452 121
80453 129
80454 141
80455 126
80456 71
80457 100
80458 96
80459 97
80460 91
80461 147
80462 13
80463 149
80464 79
80465 147
80466 75
80467 98
80468 146
80469 121
80470 141
80471 94
80472 50
80473 117
80474 103
80475 57
80476 81
80477 109
80478 128
80479 136
80480 69
80481 96
80482 156
80483 6
80484 174
80485 115
80486 75
80487 80
80488 253
80489 86
80490 242
80491 166
80492 118
80493 8
80494 135
80495 90
80496 79
80497 149
80498 140
80499 56
80500 95
80501 77
80502 116
80503 95
80504 126
80505 68
80506 169
80507 47
80508 110
80509 96
80510 124
80511 131
80512 47
80513 130
80514 95
80515 154
80516 80
80517 59
80518 152
80519 103
80520 170
80521 98
80522 106
80523 159
80524 106
80525 169
80526 96
80527 94
80528 116
80529 188
80530 131
80531 55
80532 119
80533 99
80534 137
80535 126
80536 124
80537 32
80538 86
80539 129
80540 337
80541 62
80542 73
80543 96
80544 14
80545 68
80546 170
80547 83
80548 132
80549 44
80550 86
80551 155
80552 153
80553 96
80554 102
80555 83
80556 31
80557 40
80558 100
80559 80
80560 63
80561 95
80562 54
80563 72
80564 98
80565 111
80566 61
80567 171
80568 144
80569 89
80570 174
80571 110
80572 95
80573 158
80574 68
80575 79
80576 100
80577 121
80578 97
80579 70
80580 55
80581 201
80582 131
80583 29
80584 87
80585 170
80586 116
80587 233
80588 60
80589 57
80590 130
80591 122
80592 93
80593 160
80594 142
80595 64
80596 93
80597 111
80598 79
80599 129
80600 154
80601 115
80602 68
80603 52
80604 89
80605 117
80606 59
80607 83
80608 93
80609 153
80610 139
80611 64
80612 112
80613 76
80614 92
80615 116
80616 148
80617 114
80618 118
80619 146
80620 70
80621 93
80622 76
80623 159
80624 71
80625 278
80626 15
80627 147
80628 164
80629 163
80630 125
80631 68
80632 21
80633 85
80634 47
80635 5
80636 77
80637 161
80638 84
80639 121
80640 92
80641 171
80642 137
80643 151
80644 88
80645 116
80646 104
80647 114
80648 40
80649 116
80650 160
80651 87
80652 132
80653 97
80654 41
80655 169
80656 102
80657 110
80658 113
80659 126
80660 136
80661 124
80662 111
80663 88
80664 100
80665 106
80666 50
80667 84
80668 55
80669 111
80670 45
80671 103
80672 94
80673 121
80674 97
80675 28
80676 149
80677 100
80678 102
80679 94
80680 103
80681 117
80682 64
80683 94
80684 55
80685 103
80686 144
80687 190
80688 98
80689 44
80690 124
80691 145
80692 59
80693 138
80694 67
80695 54
80696 132
80697 17
80698 76
80699 75
80700 66
80701 64
80702 125
80703 102
80704 141
80705 75
80706 120
80707 99
80708 216
80709 148
80710 91
80711 120
80712 83
80713 137
80714 131
80715 81
80716 138
80717 95
80718 49
80719 145
80720 75
80721 121
80722 193
80723 105
80724 94
80725 81
80726 132
80727 120
80728 118
80729 61
80730 61
80731 123
80732 57
80733 143
80734 113
80735 230
80736 149
80737 134
80738 58
80739 108
80740 125
80741 174
80742 171
80743 118
80744 63
80745 122
80746 138
80747 102
80748 134
80749 75
80750 124
80751 106
80752 71
80753 105
80754 109
80755 133
80756 68
80757 83
80758 129
80759 125
80760 51
80761 52
80762 99
80763 83
80764 69
80765 70
80766 112
80767 93
80768 111
80769 64
80770 29
80771 110
80772 90
80773 279
80774 86
80775 86
80776 130
80777 139
80778 79
80779 75
80780 122
80781 27
80782 139
80783 91
80784 141
80785 163
80786 174
80787 135
80788 131
80789 33
80790 79
80791 72
80792 106
80793 88
80794 46
80795 64
80796 115
80797 70
80798 91
80799 140
80800 47
80801 137
80802 -37
80803 104
80804 88
80805 61
80806 58
80807 88
80808 60
80809 48
80810 69
80811 132
80812 37
80813 103
80814 129
80815 82
80816 110
80817 111
80818 124
80819 131
80820 100
80821 67
80822 110
80823 68
80824 61
80825 18
80826 99
80827 58
80828 124
80829 43
80830 65
80831 117
80832 121
80833 229
80834 55
80835 39
80836 69
80837 129
80838 159
80839 30
80840 57
80841 80
80842 101
80843 80
80844 94
80845 -16
80846 101
80847 127
80848 93
80849 133
80850 35
80851 67
80852 28
80853 106
80854 186
80855 140
80856 77
80857 185
80858 221
80859 4
80860 96
80861 79
80862 122
80863 138
80864 50
80865 132
80866 55
80867 239
80868 144
80869 27
80870 95
80871 148
80872 94
80873 65
80874 93
80875 137
80876 75
80877 104
80878 106
80879 65
80880 107
80881 80
80882 102
80883 41
80884 141
80885 87
80886 35
80887 81
80888 76
80889 121
80890 77
80891 -22
80892 112
80893 110
80894 94
80895 119
80896 114
80897 140
80898 131
80899 46
80900 78
80901 67
80902 113
80903 74
80904 80
80905 115
80906 62
80907 55
80908 76
80909 49
80910 74
80911 113
80912 107
80913 116
80914 103
80915 91
80916 108
80917 36
80918 86
80919 154
80920 22
80921 57
80922 69
80923 87
80924 80
80925 71
80926 121
80927 162
80928 17
80929 125
80930 84
80931 85
80932 82
80933 147
80934 72
80935 76
80936 154
80937 145
80938 71
80939 135
80940 146
80941 45
80942 46
80943 121
80944 78
80945 87
80946 70
80947 49
80948 111
80949 151
80950 113
80951 33
80952 62
80953 67
80954 77
80955 158
80956 109
80957 74
80958 213
80959 126
80960 164
80961 115
80962 116
80963 76
80964 76
80965 34
80966 93
80967 25
80968 90
80969 127
80970 152
80971 77
80972 49
80973 107
80974 72
80975 63
80976 108
80977 42
80978 138
80979 100
80980 150
80981 64
80982 59
80983 96
80984 53
80985 129
80986 92
80987 84
80988 172
80989 136
80990 154
80991 92
80992 98
80993 44
80994 90
80995 92
80996 58
80997 103
80998 141
80999 45
81000 109
81001 137
81002 71
81003 139
81004 160
81005 94
81006 97
81007 137
81008 52
81009 119
81010 179
81011 86
81012 82
81013 149
81014 88
81015 158
81016 145
81017 85
81018 71
81019 123
81020 140
81021 53
81022 118
81023 73
81024 137
81025 13
81026 117
81027 167
81028 70
81029 -6
81030 72
81031 69
81032 14
81033 172
81034 46
81035 105
81036 113
81037 104
81038 102
81039 49
81040 132
81041 167
81042 150
81043 94
81044 105
81045 173
81046 73
81047 115
81048 136
81049 80
81050 102
81051 77
81052 187
81053 104
81054 73
81055 20
81056 162
81057 76
81058 130
81059 125
81060 123
81061 166
81062 67
81063 61
81064 112
81065 98
81066 141
81067 109
81068 45
81069 47
81070 66
81071 154
81072 79
81073 75
81074 142
81075 75
81076 57
81077 86
81078 73
81079 92
81080 49
81081 82
81082 210
81083 114
81084 52
81085 70
81086 120
81087 68
81088 101
81089 168
81090 93
81091 81
81092 79
81093 79
81094 117
81095 47
81096 112
81097 132
81098 169
81099 78
81100 58
81101 30
81102 95
81103 80
81104 182
81105 55
81106 136
81107 145
81108 40
81109 142
81110 51
81111 209
81112 78
81113 112
81114 76
81115 29
81116 162
81117 82
81118 30
81119 31
81120 100
81121 102
81122 162
81123 74
81124 174
81125 75
81126 94
81127 146
81128 25
81129 31
81130 55
81131 146
81132 111
81133 255
81134 81
81135 52
81136 104
81137 98
81138 255
81139 79
81140 111
81141 70
81142 63
81143 147
81144 66
81145 137
81146 124
81147 101
81148 40
81149 98
81150 139
81151 72
81152 85
81153 124
81154 91
81155 122
81156 97
81157 74
81158 88
81159 26
81160 57
81161 111
81162 148
81163 143
81164 168
81165 163
81166 53
81167 101
81168 63
81169 91
81170 101
81171 65
81172 154
81173 19
81174 99
81175 89
81176 92
81177 73
81178 68
81179 46
81180 72
81181 138
81182 106
81183 98
81184 84
81185 46
81186 76
81187 132
81188 281
81189 121
81190 41
81191 81
81192 87
81193 94
81194 112
81195 111
81196 161
81197 105
81198 151
81199 145
81200 28
81201 107
81202 121
81203 149
81204 73
81205 33
81206 112
81207 97
81208 122
81209 -17
81210 56
81211 154
81212 71
81213 67
81214 97
81215 26
81216 157
81217 59
81218 52
81219 166
81220 126
81221 109
81222 42
81223 96
81224 123
81225 122
81226 83
81227 98
81228 106
81229 122
81230 52
81231 27
81232 53
81233 72
81234 53
81235 65
81236 114
81237 138
81238 151
81239 111
81240 55
81241 16
81242 179
81243 92
81244 181
81245 26
81246 181
81247 82
81248 137
81249 52
81250 176
81251 129
81252 57
81253 177
81254 149
81255 47
81256 116
81257 120
81258 107
81259 127
81260 108
81261 139
81262 113
81263 97
81264 33
81265 125
81266 138
81267 162
81268 117
81269 53
81270 40
81271 122
81272 61
81273 170
81274 111
81275 13
81276 95
81277 111
81278 87
81279 49
81280 44
81281 109
81282 122
81283 125
81284 99
81285 82
81286 88
81287 47
81288 64
81289 130
81290 52
81291 106
81292 61
81293 41
81294 79
81295 110
81296 121
81297 65
81298 94
81299 52
81300 99
81301 40
81302 107
81303 110
81304 106
81305 69
81306 59
81307 112
81308 98
81309 48
81310 81
81311 232
81312 94
81313 106
81314 76
81315 64
81316 84
81317 141
81318 102
81319 115
81320 55
81321 121
81322 138
81323 87
81324 47
81325 73
81326 192
81327 88
81328 46
81329 68
81330 60
81331 152
81332 153
81333 55
81334 139
81335 131
81336 123
81337 91
81338 128
81339 87
81340 154
81341 119
81342 24
81343 95
81344 239
81345 82
81346 84
81347 73
81348 47
81349 110
81350 105
81351 99
81352 106
81353 53
81354 128
81355 122
81356 101
81357 98
81358 85
81359 93
81360 57
81361 119
81362 29
81363 56
81364 101
81365 68
81366 18
81367 71
81368 135
81369 111
81370 114
81371 62
81372 91
81373 229
81374 81
81375 12
81376 113
81377 97
81378 100
81379 105
81380 55
81381 149
81382 65
81383 74
81384 88
81385 40
81386 171
81387 72
81388 116
81389 8
81390 97
81391 105
81392 55
81393 42
81394 72
81395 39
81396 51
81397 112
81398 113
81399 173
81400 72
81401 169
81402 69
81403 94
81404 38
81405 108
81406 66
81407 55
81408 129
81409 52
81410 83
81411 36
81412 88
81413 78
81414 106
81415 91
81416 82
81417 98
81418 113
81419 33
81420 78
81421 138
81422 86
81423 117
81424 96
81425 85
81426 112
81427 110
81428 91
81429 67
81430 125
81431 95
81432 125
81433 173
81434 49
81435 80
81436 94
81437 138
81438 96
81439 69
81440 39
81441 53
81442 139
81443 96
81444 47
81445 79
81446 86
81447 138
81448 106
81449 78
81450 130
81451 100
81452 90
81453 145
81454 148
81455 71
81456 175
81457 40
81458 58
81459 85
81460 118
81461 123
81462 43
81463 139
81464 130
81465 77
81466 143
81467 91
81468 88
81469 52
81470 93
81471 107
81472 86
81473 90
81474 131
81475 91
81476 132
81477 71
81478 74
81479 65
81480 146
81481 155
81482 150
81483 161
81484 93
81485 97
81486 -10
81487 149
81488 84
81489 175
81490 95
81491 103
81492 91
81493 106
81494 136
81495 61
81496 113
81497 130
81498 103
81499 123
81500 94
81501 84
81502 115
81503 211
81504 231
81505 79
81506 134
81507 94
81508 118
81509 124
81510 54
81511 40
81512 170
81513 68
81514 130
81515 363
81516 90
81517 86
81518 89
81519 136
81520 71
81521 151
81522 141
81523 154
81524 87
81525 107
81526 89
81527 91
81528 110
81529 149
81530 20
81531 62
81532 106
81533 24
81534 62
81535 39
81536 105
81537 106
81538 73
81539 108
81540 87
81541 91
81542 154
81543 125
81544 130
81545 63
81546 99
81547 107
81548 64
81549 46
81550 130
81551 65
81552 88
81553 124
81554 82
81555 54
81556 -12
81557 91
81558 101
81559 97
81560 119
81561 98
81562 189
81563 111
81564 136
81565 159
81566 60
81567 46
81568 123
81569 55
81570 147
81571 59
81572 152
81573 145
81574 115
81575 192
81576 90
81577 68
81578 137
81579 88
81580 122
81581 73
81582 158
81583 87
81584 34
81585 20
81586 91
81587 57
81588 87
81589 52
81590 30
81591 46
81592 185
81593 39
81594 147
81595 67
81596 16
81597 53
81598 117
81599 55
81600 140
81601 43
81602 43
81603 30
81604 80
81605 88
81606 25
81607 82
81608 89
81609 83
81610 127
81611 142
81612 99
81613 129
81614 100
81615 69
81616 152
81617 65
81618 44
81619 70
81620 102
81621 134
81622 127
81623 55
81624 52
81625 167
81626 148
81627 80
81628 33
81629 114
81630 77
81631 32
81632 51
81633 134
81634 41
81635 57
81636 104
81637 85
81638 98
81639 118
81640 79
81641 61
81642 80
81643 111
81644 109
81645 117
81646 97
81647 103
81648 122
81649 97
81650 125
81651 90
81652 105
81653 101
81654 53
81655 63
81656 84
81657 92
81658 90
81659 53
81660 132
81661 131
81662 96
81663 147
81664 116
81665 174
81666 93
81667 79
81668 80
81669 105
81670 94
81671 71
81672 68
81673 161
81674 115
81675 209
81676 98
81677 143
81678 311
81679 113
81680 115
81681 151
81682 116
81683 42
81684 83
81685 129
81686 33
81687 37
81688 67
81689 52
81690 92
81691 111
81692 103
81693 118
81694 132
81695 61
81696 233
81697 95
81698 94
81699 78
81700 55
81701 120
81702 105
81703 98
81704 79
81705 117
81706 111
81707 63
81708 94
81709 39
81710 89
81711 106
81712 59
81713 11
81714 76
81715 55
81716 165
81717 9
81718 93
81719 78
81720 106
81721 179
81722 112
81723 54
81724 65
81725 183
81726 200
81727 67
81728 132
81729 126
81730 162
81731 47
81732 100
81733 70
81734 127
81735 126
81736 175
81737 78
81738 58
81739 156
81740 118
81741 76
81742 101
81743 90
81744 117
81745 57
81746 118
81747 87
81748 105
81749 68
81750 66
81751 68
81752 134
81753 4
81754 69
81755 40
81756 55
81757 188
81758 79
81759 21
81760 89
81761 124
81762 47
81763 24
81764 99
81765 112
81766 130
81767 153
81768 63
81769 68
81770 71
81771 75
81772 165
81773 151
81774 80
81775 210
81776 81
81777 34
81778 81
81779 144
81780 78
81781 66
81782 80
81783 81
81784 99
81785 64
81786 96
81787 168
81788 115
81789 135
81790 174
81791 79
81792 130
81793 114
81794 87
81795 115
81796 66
81797 96
81798 95
81799 99
81800 147
81801 38
81802 126
81803 160
81804 118
81805 89
81806 130
81807 115
81808 98
81809 69
81810 65
81811 89
81812 89
81813 112
81814 60
81815 183
81816 201
81817 103
81818 49
81819 122
81820 90
81821 93
81822 74
81823 86
81824 106
81825 79
81826 108
81827 64
81828 58
81829 58
81830 97
81831 146
81832 99
81833 76
81834 81
81835 59
81836 122
81837 61
81838 92
81839 -1
81840 83
81841 140
81842 112
81843 102
81844 139
81845 175
81846 103
81847 65
81848 102
81849 115
81850 78
81851 162
81852 152
81853 170
81854 83
81855 31
81856 95
81857 128
81858 57
81859 49
81860 210
81861 172
81862 48
81863 88
81864 71
81865 125
81866 87
81867 77
81868 71
81869 149
81870 97
81871 197
81872 91
81873 88
81874 124
81875 87
81876 124
81877 64
81878 108
81879 222
81880 88
81881 127
81882 93
81883 69
81884 67
81885 197
81886 78
81887 128
81888 139
81889 116
81890 115
81891 93
81892 146
81893 134
81894 127
81895 81
81896 54
81897 118
81898 84
81899 96
81900 96
81901 143
81902 125
81903 96
81904 112
81905 27
81906 135
81907 128
81908 110
81909 94
81910 50
81911 1
81912 101
81913 124
81914 86
81915 87
81916 38
81917 85
81918 72
81919 143
81920 78
81921 91
81922 69
81923 107
81924 66
81925 182
81926 100
81927 65
81928 211
81929 121
81930 119
81931 102
81932 63
81933 108
81934 116
81935 121
81936 118
81937 52
81938 101
81939 109
81940 150
81941 85
81942 74
81943 53
81944 67
81945 120
81946 70
81947 75
81948 150
81949 52
81950 117
81951 117
81952 101
81953 66
81954 103
81955 62
81956 62
81957 139
81958 65
81959 52
81960 140
81961 65
81962 312
81963 71
81964 56
81965 51
81966 118
81967 70
81968 106
81969 196
81970 106
81971 80
81972 65
81973 86
81974 97
81975 9
81976 167
81977 35
81978 57
81979 95
81980 42
81981 111
81982 113
81983 61
81984 102
81985 73
81986 107
81987 43
81988 58
81989 203
81990 157
81991 101
81992 27
81993 111
81994 69
81995 115
81996 163
81997 23
81998 134
81999 24
82000 127
82001 15
82002 129
82003 28
82004 20
82005 110
82006 96
82007 109
82008 40
82009 85
82010 181
82011 15
82012 89
82013 48
82014 117
82015 137
82016 56
82017 44
82018 115
82019 119
82020 101
82021 60
82022 49
82023 95
82024 49
82025 70
82026 152
82027 30
82028 135
82029 194
82030 78
82031 72
82032 136
82033 32
82034 103
82035 84
82036 61
82037 92
82038 61
82039 84
82040 147
82041 116
82042 72
82043 121
82044 165
82045 89
82046 78
82047 78
82048 34
82049 90
82050 100
82051 35
82052 174
82053 13
82054 67
82055 75
82056 87
82057 86
82058 54
82059 101
82060 63
82061 116
82062 80
82063 97
82064 78
82065 71
82066 170
82067 58
82068 100
82069 48
82070 39
82071 65
82072 181
82073 81
82074 99
82075 121
82076 103
82077 159
82078 25
82079 65
82080 91
82081 59
82082 76
82083 137
82084 72
82085 107
82086 51
82087 61
82088 81
82089 63
82090 98
82091 47
82092 86
82093 195
82094 108
82095 112
82096 92
82097 65
82098 156
82099 139
82100 98
82101 89
82102 85
82103 145
82104 78
82105 64
82106 100
82107 87
82108 109
82109 75
82110 72
82111 142
82112 94
82113 65
82114 171
82115 69
82116 130
82117 97
82118 114
82119 112
82120 85
82121 107
82122 78
82123 116
82124 35
82125 52
82126 151
82127 122
82128 108
82129 120
82130 52
82131 40
82132 71
82133 64
82134 81
82135 56
82136 85
82137 49
82138 76
82139 84
82140 124
82141 61
82142 129
82143 78
82144 -10
82145 125
82146 148
82147 91
82148 118
82149 103
82150 220
82151 17
82152 74
82153 111
82154 61
82155 65
82156 73
82157 124
82158 168
82159 144
82160 77
82161 109
82162 63
82163 68
82164 99
82165 64
82166 216
82167 130
82168 169
82169 5
82170 73
82171 51
82172 126
82173 22
82174 96
82175 77
82176 69
82177 75
82178 71
82179 110
82180 106
82181 93
82182 37
82183 154
82184 107
82185 137
82186 58
82187 94
82188 54
82189 121
82190 100
82191 91
82192 58
82193 93
82194 76
82195 105
82196 132
82197 109
82198 98
82199 94
82200 104
82201 131
82202 73
82203 155
82204 96
82205 129
82206 102
82207 126
82208 114
82209 85
82210 82
82211 289
82212 208
82213 64
82214 145
82215 92
82216 111
82217 101
82218 59
82219 120
82220 68
82221 95
82222 80
82223 151
82224 151
82225 126
82226 71
82227 102
82228 86
82229 176
82230 71
82231 240
82232 129
82233 71
82234 85
82235 95
82236 145
82237 86
82238 126
82239 115
82240 110
82241 78
82242 83
82243 91
82244 81
82245 112
82246 138
82247 69
82248 111
82249 164
82250 100
82251 8
82252 13
82253 50
82254 94
82255 73
82256 73
82257 83
82258 79
82259 302
82260 100
82261 41
82262 81
82263 109
82264 139
82265 82
82266 96
82267 66
82268 81
82269 100
82270 59
82271 88
82272 59
82273 52
82274 60
82275 86
82276 85
82277 129
82278 159
82279 78
82280 66
82281 87
82282 73
82283 79
82284 120
82285 137
82286 60
82287 107
82288 108
82289 95
82290 93
82291 102
82292 45
82293 124
82294 80
82295 85
82296 116
82297 76
82298 74
82299 12
82300 100
82301 139
82302 89
82303 104
82304 76
82305 87
82306 61
82307 47
82308 83
82309 61
82310 94
82311 20
82312 109
82313 113
82314 50
82315 88
82316 42
82317 168
82318 153
82319 73
82320 111
82321 15
82322 -4
82323 110
82324 87
82325 154
82326 32
82327 82
82328 76
82329 129
82330 303
82331 60
82332 93
82333 70
82334 82
82335 73
82336 42
82337 83
82338 130
82339 44
82340 70
82341 152
82342 107
82343 81
82344 84
82345 110
82346 46
82347 21
82348 153
82349 157
82350 173
82351 264
82352 124
82353 162
82354 64
82355 105
82356 147
82357 137
82358 84
82359 86
82360 207
82361 77
82362 57
82363 66
82364 40
82365 57
82366 96
82367 146
82368 98
82369 130
82370 12
82371 184
82372 120
82373 100
82374 27
82375 123
82376 128
82377 127
82378 123
82379 107
82380 112
82381 99
82382 57
82383 115
82384 95
82385 55
82386 121
82387 120
82388 90
82389 119
82390 67
82391 39
82392 148
82393 16
82394 131
82395 48
82396 152
82397 141
82398 74
82399 122
82400 117
82401 89
82402 100
82403 88
82404 132
82405 179
82406 70
82407 27
82408 151
82409 50
82410 134
82411 32
82412 135
82413 98
82414 125
82415 96
82416 78
82417 274
82418 91
82419 48
82420 132
82421 178
82422 116
82423 102
82424 61
82425 160
82426 79
82427 93
82428 98
82429 166
82430 31
82431 96
82432 41
82433 84
82434 54
82435 115
82436 122
82437 73
82438 25
82439 74
82440 113
82441 87
82442 82
82443 42
82444 203
82445 88
82446 84
82447 121
82448 139
82449 167
82450 118
82451 68
82452 82
82453 100
82454 45
82455 134
82456 126
82457 80
82458 104
82459 104
82460 125
82461 87
82462 96
82463 129
82464 125
82465 49
82466 87
82467 28
82468 112
82469 49
82470 41
82471 52
82472 61
82473 98
82474 137
82475 40
82476 96
82477 144
82478 179
82479 136
82480 52
82481 114
82482 50
82483 111
82484 39
82485 45
82486 96
82487 61
82488 86
82489 34
82490 93
82491 47
82492 119
82493 87
82494 108
82495 140
82496 255
82497 47
82498 171
82499 148
82500 94
82501 112
82502 68
82503 79
82504 61
82505 110
82506 80
82507 73
82508 59
82509 79
82510 58
82511 136
82512 36
82513 84
82514 83
82515 118
82516 143
82517 121
82518 148
82519 130
82520 80
82521 98
82522 98
82523 73
82524 67
82525 120
82526 110
82527 76
82528 98
82529 123
82530 59
82531 61
82532 143
82533 154
82534 213
82535 57
82536 115
82537 204
82538 62
82539 96
82540 89
82541 188
82542 133
82543 70
82544 62
82545 3
82546 112
82547 114
82548 101
82549 58
82550 77
82551 169
82552 61
82553 125
82554 65
82555 102
82556 119
82557 28
82558 79
82559 128
82560 98
82561 24
82562 49
82563 93
82564 113
82565 67
82566 75
82567 149
82568 83
82569 117
82570 52
82571 157
82572 109
82573 53
82574 81
82575 334
82576 203
82577 131
82578 77
82579 35
82580 100
82581 128
82582 133
82583 155
82584 188
82585 145
82586 89
82587 93
82588 99
82589 68
82590 89
82591 152
82592 42
82593 108
82594 114
82595 90
82596 168
82597 152
82598 122
82599 61
82600 116
82601 35
82602 84
82603 137
82604 119
82605 97
82606 135
82607 108
82608 121
82609 81
82610 130
82611 99
82612 115
82613 136
82614 148
82615 93
82616 204
82617 55
82618 94
82619 113
82620 82
82621 78
82622 98
82623 94
82624 62
82625 87
82626 103
82627 90
82628 95
82629 20
82630 38
82631 20
82632 49
82633 46
82634 67
82635 92
82636 115
82637 55
82638 87
82639 44
82640 72
82641 49
82642 82
82643 38
82644 77
82645 134
82646 117
82647 104
82648 104
82649 54
82650 194
82651 110
82652 44
82653 50
82654 87
82655 127
82656 66
82657 45
82658 128
82659 117
82660 210
82661 159
82662 148
82663 98
82664 191
82665 75
82666 135
82667 37
82668 128
82669 100
82670 67
82671 153
82672 77
82673 106
82674 90
82675 98
82676 108
82677 158
82678 62
82679 142
82680 153
82681 76
82682 92
82683 83
82684 162
82685 90
82686 78
82687 125
82688 271
82689 64
82690 72
82691 85
82692 130
82693 101
82694 45
82695 85
82696 72
82697 82
82698 77
82699 106
82700 64
82701 129
82702 88
82703 110
82704 123
82705 59
82706 172
82707 123
82708 98
82709 92
82710 189
82711 118
82712 40
82713 125
82714 90
82715 163
82716 45
82717 70
82718 96
82719 150
82720 122
82721 65
82722 33
82723 87
82724 86
82725 75
82726 27
82727 67
82728 160
82729 62
82730 44
82731 58
82732 124
82733 112
82734 55
82735 199
82736 114
82737 60
82738 73
82739 114
82740 64
82741 55
82742 78
82743 111
82744 180
82745 147
82746 110
82747 46
82748 61
82749 75
82750 51
82751 130
82752 53
82753 71
82754 47
82755 72
82756 127
82757 83
82758 111
82759 40
82760 53
82761 107
82762 64
82763 106
82764 121
82765 128
82766 118
82767 81
82768 186
82769 58
82770 25
82771 49
82772 133
82773 76
82774 119
82775 198
82776 90
82777 169
82778 56
82779 126
82780 71
82781 106
82782 70
82783 158
82784 103
82785 159
82786 147
82787 20
82788 40
82789 85
82790 179
82791 10
82792 75
82793 51
82794 102
82795 146
82796 58
82797 103
82798 105
82799 80
82800 68
82801 67
82802 143
82803 59
82804 140
82805 119
82806 88
82807 114
82808 113
82809 63
82810 51
82811 111
82812 124
82813 12
82814 70
82815 89
82816 102
82817 124
82818 76
82819 69
82820 198
82821 65
82822 57
82823 97
82824 65
82825 53
82826 48
82827 61
82828 106
82829 111
82830 115
82831 73
82832 86
82833 72
82834 92
82835 81
82836 99
82837 65
82838 245
82839 129
82840 87
82841 66
82842 101
82843 42
82844 156
82845 90
82846 83
82847 102
82848 119
82849 93
82850 66
82851 125
82852 39
82853 65
82854 104
82855 87
82856 151
82857 39
82858 151
82859 140
82860 84
82861 75
82862 92
82863 66
82864 185
82865 120
82866 137
82867 28
82868 135
82869 70
82870 88
82871 79
82872 167
82873 69
82874 56
82875 140
82876 85
82877 104
82878 138
82879 45
82880 62
82881 133
82882 331
82883 72
82884 158
82885 103
82886 117
82887 106
82888 66
82889 68
82890 113
82891 70
82892 100
82893 121
82894 82
82895 139
82896 109
82897 80
82898 126
82899 77
82900 80
82901 133
82902 164
82903 -9
82904 65
82905 105
82906 123
82907 47
82908 106
82909 76
82910 133
82911 99
82912 100
82913 90
82914 94
82915 43
82916 100
82917 103
82918 144
82919 55
82920 96
82921 102
82922 116
82923 101
82924 20
82925 116
82926 145
82927 95
82928 182
82929 101
82930 95
82931 154
82932 117
82933 72
82934 79
82935 155
82936 130
82937 66
82938 57
82939 134
82940 68
82941 139
82942 115
82943 60
82944 157
82945 28
82946 96
82947 21
82948 104
82949 29
82950 61
82951 161
82952 94
82953 143
82954 69
82955 281
82956 111
82957 98
82958 70
82959 96
82960 75
82961 102
82962 136
82963 92
82964 128
82965 70
82966 82
82967 24
82968 28
82969 95
82970 126
82971 55
82972 88
82973 52
82974 104
82975 121
82976 161
82977 184
82978 180
82979 119
82980 104
82981 86
82982 66
82983 34
82984 64
82985 50
82986 72
82987 77
82988 152
82989 97
82990 139
82991 135
82992 30
82993 65
82994 30
82995 53
82996 60
82997 39
82998 77
82999 119
83000 11
83001 93
83002 93
83003 120
83004 55
83005 40
83006 29
83007 104
83008 52
83009 90
83010 53
83011 53
83012 37
83013 58
83014 145
83015 52
83016 111
83017 164
83018 73
83019 113
83020 70
83021 61
83022 80
83023 67
83024 107
83025 69
83026 89
83027 125
83028 127
83029 112
83030 117
83031 53
83032 79
83033 80
83034 88
83035 62
83036 120
83037 177
83038 142
83039 158
83040 81
83041 113
83042 128
83043 101
83044 112
83045 60
83046 177
83047 96
83048 113
83049 42
83050 159
83051 61
83052 139
83053 207
83054 122
83055 101
83056 136
83057 47
83058 102
83059 75
83060 67
83061 105
83062 86
83063 112
83064 102
83065 114
83066 41
83067 113
83068 120
83069 171
83070 63
83071 65
83072 88
83073 169
83074 61
83075 124
83076 223
83077 71
83078 141
83079 255
83080 168
83081 126
83082 160
83083 70
83084 102
83085 91
83086 70
83087 60
83088 220
83089 267
83090 112
83091 109
83092 120
83093 315
83094 114
83095 151
83096 154
83097 119
83098 75
83099 118
83100 97
83101 132
83102 119
83103 50
83104 119
83105 78
83106 195
83107 72
83108 97
83109 115
83110 76
83111 136
83112 110
83113 153
83114 80
83115 78
83116 28
83117 54
83118 128
83119 150
83120 130
83121 56
83122 122
83123 135
83124 110
83125 56
83126 71
83127 112
83128 61
83129 130
83130 71
83131 97
83132 110
83133 152
83134 102
83135 134
83136 113
83137 139
83138 108
83139 44
83140 73
83141 104
83142 70
83143 155
83144 100
83145 89
83146 94
83147 62
83148 17
83149 152
83150 95
83151 124
83152 200
83153 105
83154 28
83155 76
83156 76
83157 105
83158 58
83159 130
83160 120
83161 92
83162 74
83163 83
83164 107
83165 56
83166 51
83167 55
83168 62
83169 29
83170 18
83171 21
83172 108
83173 95
83174 129
83175 68
83176 156
83177 86
83178 144
83179 31
83180 100
83181 13
83182 87
83183 172
83184 145
83185 128
83186 85
83187 56
83188 110
83189 79
83190 6
83191 54
83192 64
83193 82
83194 91
83195 106
83196 115
83197 60
83198 115
83199 189
83200 153
83201 260
83202 72
83203 79
83204 77
83205 107
83206 88
83207 152
83208 44
83209 93
83210 121
83211 16
83212 84
83213 54
83214 90
83215 74
83216 105
83217 107
83218 156
83219 91
83220 39
83221 137
83222 142
83223 149
83224 105
83225 78
83226 139
83227 58
83228 73
83229 287
83230 60
83231 71
83232 80
83233 32
83234 106
83235 53
83236 104
83237 121
83238 88
83239 93
83240 98
83241 83
83242 43
83243 70
83244 190
83245 129
83246 57
83247 204
83248 7
83249 108
83250 67
83251 154
83252 195
83253 111
83254 110
83255 210
83256 9
83257 100
83258 105
83259 157
83260 96
83261 106
83262 82
83263 126
83264 75
83265 139
83266 124
83267 82
83268 173
83269 126
83270 145
83271 60
83272 95
83273 39
83274 96
83275 124
83276 37
83277 65
83278 94
83279 101
83280 113
83281 161
83282 58
83283 30
83284 57
83285 120
83286 60
83287 78
83288 108
83289 241
83290 91
83291 104
83292 104
83293 83
83294 24
83295 71
83296 74
83297 124
83298 80
83299 32
83300 14
83301 87
83302 268
83303 59
83304 123
83305 177
83306 116
83307 69
83308 116
83309 113
83310 118
83311 114
83312 113
83313 41
83314 109
83315 40
83316 57
83317 128
83318 150
83319 84
83320 39
83321 68
83322 94
83323 121
83324 89
83325 195
83326 87
83327 59
83328 48
83329 70
83330 108
83331 91
83332 173
83333 155
83334 151
83335 102
83336 96
83337 24
83338 71
83339 143
83340 70
83341 75
83342 101
83343 71
83344 59
83345 67
83346 147
83347 89
83348 47
83349 175
83350 109
83351 16
83352 127
83353 117
83354 63
83355 91
83356 113
83357 93
83358 74
83359 37
83360 63
83361 59
83362 105
83363 138
83364 82
83365 180
83366 112
83367 82
83368 104
83369 103
83370 12
83371 178
83372 169
83373 40
83374 72
83375 69
83376 113
83377 197
83378 133
83379 139
83380 113
83381 57
83382 170
83383 56
83384 130
83385 111
83386 95
83387 111
83388 122
83389 119
83390 82
83391 56
83392 99
83393 137
83394 44
83395 132
83396 95
83397 30
83398 89
83399 97
83400 86
83401 104
83402 74
83403 86
83404 106
83405 119
83406 109
83407 55
83408 116
83409 87
83410 70
83411 63
83412 129
83413 121
83414 89
83415 105
83416 83
83417 240
83418 86
83419 162
83420 44
83421 83
83422 72
83423 142
83424 65
83425 168
83426 124
83427 111
83428 129
83429 82
83430 88
83431 83
83432 70
83433 102
83434 101
83435 102
83436 266
83437 152
83438 93
83439 209
83440 182
83441 67
83442 81
83443 93
83444 45
83445 105
83446 56
83447 152
83448 139
83449 143
83450 49
83451 51
83452 117
83453 69
83454 90
83455 96
83456 172
83457 71
83458 110
83459 63
83460 109
83461 113
83462 308
83463 150
83464 71
83465 101
83466 112
83467 87
83468 191
83469 113
83470 135
83471 193
83472 266
83473 77
83474 74
83475 103
83476 18
83477 95
83478 141
83479 107
83480 83
83481 22
83482 17
83483 86
83484 163
83485 42
83486 104
83487 43
83488 65
83489 105
83490 36
83491 56
83492 267
83493 45
83494 88
83495 129
83496 54
83497 62
83498 160
83499 52
83500 94
83501 56
83502 96
83503 105
83504 103
83505 162
83506 53
83507 40
83508 64
83509 87
83510 180
83511 52
83512 111
83513 97
83514 69
83515 164
83516 29
83517 134
83518 27
83519 97
83520 52
83521 107
83522 37
83523 160
83524 207
83525 146
83526 140
83527 136
83528 171
83529 121
83530 45
83531 130
83532 117
83533 85
83534 142
83535 66
83536 57
83537 119
83538 91
83539 224
83540 56
83541 56
83542 44
83543 156
83544 89
83545 66
83546 100
83547 76
83548 100
83549 113
83550 51
83551 99
83552 61
83553 73
83554 152
83555 114
83556 147
83557 90
83558 105
83559 195
83560 19
83561 82
83562 88
83563 35
83564 81
83565 72
83566 104
83567 86
83568 126
83569 96
83570 135
83571 67
83572 110
83573 41
83574 133
83575 79
83576 100
83577 45
83578 92
83579 125
83580 54
83581 103
83582 119
83583 84
83584 71
83585 118
83586 151
83587 70
83588 71
83589 71
83590 70
83591 123
83592 146
83593 188
83594 113
83595 42
83596 134
83597 69
83598 114
83599 90
83600 81
83601 63
83602 94
83603 102
83604 87
83605 131
83606 189
83607 124
83608 109
83609 54
83610 167
83611 118
83612 56
83613 131
83614 43
83615 87
83616 53
83617 58
83618 84
83619 37
83620 50
83621 168
83622 82
83623 153
83624 97
83625 96
83626 127
83627 96
83628 107
83629 36
83630 129
83631 279
83632 160
83633 53
83634 45
83635 97
83636 111
83637 48
83638 26
83639 147
83640 102
83641 71
83642 130
83643 61
83644 50
83645 64
83646 201
83647 73
83648 126
83649 75
83650 83
83651 68
83652 124
83653 144
83654 104
83655 40
83656 125
83657 113
83658 113
83659 91
83660 114
83661 69
83662 74
83663 112
83664 76
83665 119
83666 198
83667 50
83668 121
83669 66
83670 154
83671 146
83672 121
83673 141
83674 92
83675 128
83676 160
83677 141
83678 118
83679 124
83680 51
83681 73
83682 79
83683 141
83684 85
83685 78
83686 76
83687 112
83688 92
83689 93
83690 23
83691 103
83692 87
83693 95
83694 100
83695 81
83696 86
83697 174
83698 85
83699 40
83700 83
83701 129
83702 46
83703 157
83704 101
83705 76
83706 112
83707 97
83708 61
83709 100
83710 46
83711 99
83712 106
83713 94
83714 109
83715 175
83716 189
83717 115
83718 53
83719 94
83720 62
83721 147
83722 139
83723 131
83724 105
83725 61
83726 131
83727 121
83728 16
83729 44
83730 94
83731 65
83732 178
83733 79
83734 158
83735 162
83736 17
83737 203
83738 72
83739 86
83740 46
83741 36
83742 42
83743 42
83744 81
83745 148
83746 98
83747 76
83748 157
83749 111
83750 90
83751 103
83752 74
83753 196
83754 62
83755 81
83756 142
83757 27
83758 15
83759 187
83760 177
83761 105
83762 151
83763 101
83764 81
83765 54
83766 110
83767 38
83768 7
83769 46
83770 115
83771 101
83772 147
83773 62
83774 72
83775 71
83776 232
83777 112
83778 82
83779 179
83780 140
83781 135
83782 118
83783 138
83784 33
83785 34
83786 16
83787 53
83788 103
83789 154
83790 124
83791 123
83792 80
83793 131
83794 94
83795 66
83796 112
83797 102
83798 182
83799 103
83800 140
83801 101
83802 89
83803 108
83804 72
83805 83
83806 51
83807 85
83808 98
83809 47
83810 173
83811 51
83812 83
83813 101
83814 111
83815 100
83816 75
83817 130
83818 110
83819 49
83820 137
83821 160
83822 184
83823 71
83824 86
83825 117
83826 104
83827 128
83828 94
83829 201
83830 78
83831 119
83832 130
83833 72
83834 55
83835 88
83836 125
83837 48
83838 101
83839 120
83840 125
83841 106
83842 78
83843 227
83844 181
83845 86
83846 57
83847 99
83848 112
83849 153
83850 89
83851 81
83852 41
83853 120
83854 107
83855 63
83856 124
83857 118
83858 110
83859 154
83860 121
83861 131
83862 157
83863 96
83864 98
83865 30
83866 140
83867 137
83868 80
83869 61
83870 91
83871 155
83872 156
83873 79
83874 152
83875 138
83876 61
83877 92
83878 117
83879 62
83880 201
83881 86
83882 117
83883 101
83884 29
83885 121
83886 80
83887 125
83888 91
83889 96
83890 69
83891 45
83892 54
83893 84
83894 57
83895 98
83896 126
83897 78
83898 110
83899 81
83900 111
83901 80
83902 86
83903 55
83904 71
83905 95
83906 99
83907 64
83908 94
83909 106
83910 57
83911 50
83912 108
83913 126
83914 96
83915 146
83916 92
83917 71
83918 66
83919 105
83920 55
83921 120
83922 62
83923 253
83924 50
83925 120
83926 151
83927 246
83928 73
83929 165
83930 63
83931 83
83932 84
83933 95
83934 90
83935 77
83936 122
83937 93
83938 65
83939 89
83940 162
83941 53
83942 71
83943 50
83944 98
83945 71
83946 142
83947 105
83948 49
83949 66
83950 116
83951 91
83952 139
83953 50
83954 88
83955 140
83956 147
83957 99
83958 188
83959 103
83960 157
83961 132
83962 116
83963 24
83964 94
83965 85
83966 200
83967 70
83968 124
83969 185
83970 92
83971 149
83972 127
83973 145
83974 87
83975 50
83976 42
83977 94
83978 105
83979 219
83980 80
83981 85
83982 44
83983 120
83984 124
83985 94
83986 100
83987 85
83988 125
83989 209
83990 120
83991 -4
83992 225
83993 101
83994 99
83995 61
83996 172
83997 80
83998 50
83999 16
84000 188
84001 84
84002 106
84003 115
84004 116
84005 38
84006 115
84007 68
84008 105
84009 107
84010 97
84011 106
84012 131
84013 67
84014 159
84015 138
84016 168
84017 159
84018 133
84019 85
84020 148
84021 94
84022 84
84023 129
84024 155
84025 120
84026 12
84027 158
84028 150
84029 189
84030 23
84031 66
84032 53
84033 94
84034 83
84035 64
84036 78
84037 113
84038 235
84039 138
84040 118
84041 94
84042 87
84043 153
84044 147
84045 146
84046 106
84047 88
84048 78
84049 130
84050 106
84051 128
84052 113
84053 79
84054 144
84055 108
84056 176
84057 111
84058 80
84059 52
84060 137
84061 25
84062 49
84063 131
84064 167
84065 109
84066 97
84067 60
84068 111
84069 186
84070 137
84071 69
84072 130
84073 84
84074 160
84075 75
84076 62
84077 88
84078 169
84079 72
84080 126
84081 90
84082 85
84083 83
84084 173
84085 138
84086 101
84087 79
84088 74
84089 92
84090 131
84091 71
84092 84
84093 160
84094 68
84095 29
84096 75
84097 85
84098 71
84099 127
84100 105
84101 102
84102 85
84103 103
84104 106
84105 38
84106 189
84107 63
84108 107
84109 93
84110 99
84111 148
84112 92
84113 130
84114 133
84115 114
84116 73
84117 145
84118 88
84119 164
84120 69
84121 157
84122 109
84123 85
84124 94
84125 49
84126 60
84127 88
84128 136
84129 146
84130 71
84131 106
84132 112
84133 73
84134 71
84135 126
84136 131
84137 63
84138 67
84139 110
84140 83
84141 113
84142 41
84143 100
84144 88
84145 67
84146 155
84147 142
84148 110
84149 79
84150 51
84151 122
84152 105
84153 81
84154 115
84155 90
84156 76
84157 121
84158 92
84159 113
84160 105
84161 106
84162 87
84163 7
84164 71
84165 138
84166 48
84167 118
84168 250
84169 57
84170 81
84171 151
84172 89
84173 98
84174 45
84175 83
84176 65
84177 95
84178 137
84179 114
84180 120
84181 83
84182 71
84183 73
84184 84
84185 78
84186 95
84187 121
84188 83
84189 122
84190 35
84191 85
84192 40
84193 97
84194 97
84195 21
84196 100
84197 67
84198 147
84199 126
84200 120
84201 106
84202 160
84203 95
84204 183
84205 136
84206 64
84207 81
84208 81
84209 56
84210 56
84211 157
84212 112
84213 72
84214 208
84215 29
84216 81
84217 109
84218 153
84219 130
84220 94
84221 78
84222 211
84223 -8
84224 155
84225 57
84226 125
84227 73
84228 52
84229 86
84230 81
84231 119
84232 98
84233 88
84234 66
84235 97
84236 74
84237 53
84238 159
84239 70
84240 149
84241 50
84242 75
84243 31
84244 52
84245 115
84246 121
84247 90
84248 137
84249 52
84250 95
84251 79
84252 105
84253 59
84254 27
84255 148
84256 94
84257 67
84258 202
84259 128
84260 33
84261 67
84262 53
84263 122
84264 108
84265 77
84266 78
84267 76
84268 39
84269 55
84270 80
84271 88
84272 101
84273 73
84274 45
84275 101
84276 110
84277 94
84278 81
84279 82
84280 6
84281 87
84282 95
84283 60
84284 99
84285 121
84286 68
84287 84
84288 140
84289 184
84290 96
84291 59
84292 148
84293 38
84294 130
84295 42
84296 114
84297 194
84298 21
84299 157
84300 88
84301 34
84302 100
84303 90
84304 137
84305 84
84306 106
84307 82
84308 60
84309 80
84310 93
84311 184
84312 121
84313 89
84314 103
84315 106
84316 112
84317 88
84318 56
84319 75
84320 118
84321 174
84322 75
84323 154
84324 90
84325 83
84326 180
84327 113
84328 79
84329 75
84330 84
84331 70
84332 104
84333 86
84334 106
84335 77
84336 84
84337 90
84338 68
84339 63
84340 126
84341 108
84342 129
84343 121
84344 45
84345 139
84346 68
84347 103
84348 84
84349 79
84350 137
84351 96
84352 79
84353 129
84354 72
84355 51
84356 100
84357 90
84358 56
84359 117
84360 56
84361 126
84362 135
84363 169
84364 170
84365 118
84366 95
84367 52
84368 156
84369 18
84370 64
84371 104
84372 98
84373 54
84374 37
84375 94
84376 82
84377 81
84378 32
84379 39
84380 90
84381 72
84382 111
84383 94
84384 184
84385 47
84386 66
84387 122
84388 48
84389 101
84390 111
84391 138
84392 33
84393 63
84394 52
84395 78
84396 99
84397 66
84398 112
84399 284
84400 86
84401 49
84402 124
84403 97
84404 71
84405 99
84406 111
84407 139
84408 152
84409 55
84410 40
84411 125
84412 72
84413 111
84414 42
84415 105
84416 70
84417 69
84418 76
84419 83
84420 83
84421 -4
84422 65
84423 21
84424 119
84425 80
84426 84
84427 148
84428 111
84429 84
84430 67
84431 121
84432 63
84433 150
84434 100
84435 115
84436 65
84437 63
84438 70
84439 72
84440 104
84441 86
84442 101
84443 79
84444 70
84445 159
84446 62
84447 94
84448 88
84449 77
84450 65
84451 99
84452 78
84453 64
84454 53
84455 30
84456 120
84457 193
84458 93
84459 84
84460 103
84461 114
84462 130
84463 98
84464 132
84465 67
84466 91
84467 137
84468 71
84469 182
84470 87
84471 85
84472 98
84473 135
84474 66
84475 81
84476 76
84477 125
84478 155
84479 57
84480 51
84481 108
84482 87
84483 105
84484 96
84485 147
84486 108
84487 106
84488 132
84489 122
84490 171
84491 35
84492 60
84493 117
84494 127
84495 75
84496 157
84497 87
84498 111
84499 85
84500 106
84501 88
84502 33
84503 276
84504 188
84505 78
84506 92
84507 115
84508 151
84509 118
84510 59
84511 143
84512 78
84513 95
84514 152
84515 58
84516 37
84517 84
84518 108
84519 128
84520 87
84521 95
84522 88
84523 75
84524 41
84525 129
84526 115
84527 76
84528 86
84529 129
84530 131
84531 68
84532 14
84533 105
84534 73
84535 57
84536 136
84537 125
84538 113
84539 155
84540 88
84541 42
84542 126
84543 144
84544 100
84545 132
84546 70
84547 36
84548 71
84549 18
84550 105
84551 137
84552 274
84553 70
84554 111
84555 100
84556 63
84557 68
84558 116
84559 61
84560 96
84561 155
84562 86
84563 87
84564 144
84565 16
84566 30
84567 74
84568 91
84569 66
84570 135
84571 66
84572 96
84573 128
84574 161
84575 76
84576 94
84577 167
84578 73
84579 44
84580 80
84581 262
84582 92
84583 92
84584 142
84585 186
84586 277
84587 84
84588 69
84589 66
84590 154
84591 139
84592 71
84593 66
84594 18
84595 40
84596 84
84597 82
84598 51
84599 71
84600 92
84601 77
84602 82
84603 105
84604 110
84605 57
84606 79
84607 104
84608 83
84609 51
84610 106
84611 104
84612 146
84613 53
84614 130
84615 29
84616 48
84617 88
84618 101
84619 89
84620 50
84621 94
84622 39
84623 95
84624 139
84625 66
84626 104
84627 109
84628 77
84629 121
84630 63
84631 58
84632 31
84633 92
84634 77
84635 146
84636 10
84637 112
84638 129
84639 51
84640 43
84641 115
84642 36
84643 120
84644 117
84645 75
84646 78
84647 106
84648 170
84649 53
84650 116
84651 165
84652 96
84653 92
84654 102
84655 132
84656 61
84657 124
84658 55
84659 77
84660 85
84661 135
84662 61
84663 61
84664 173
84665 94
84666 96
84667 146
84668 130
84669 168
84670 71
84671 131
84672 93
84673 69
84674 91
84675 58
84676 133
84677 71
84678 85
84679 77
84680 81
84681 120
84682 138
84683 95
84684 51
84685 53
84686 55
84687 178
84688 167
84689 51
84690 167
84691 152
84692 102
84693 105
84694 80
84695 47
84696 32
84697 147
84698 96
84699 121
84700 62
84701 65
84702 66
84703 125
84704 84
84705 58
84706 108
84707 67
84708 72
84709 111
84710 78
84711 56
84712 151
84713 31
84714 100
84715 118
84716 94
84717 51
84718 72
84719 44
84720 48
84721 122
84722 160
84723 149
84724 141
84725 168
84726 88
84727 84
84728 120
84729 95
84730 62
84731 78
84732 91
84733 69
84734 120
84735 131
84736 43
84737 164
84738 57
84739 56
84740 59
84741 50
84742 244
84743 19
84744 112
84745 148
84746 106
84747 60
84748 40
84749 88
84750 126
84751 152
84752 142
84753 89
84754 102
84755 125
84756 105
84757 130
84758 107
84759 103
84760 77
84761 75
84762 81
84763 156
84764 39
84765 58
84766 142
84767 103
84768 122
84769 91
84770 50
84771 66
84772 130
84773 92
84774 19
84775 147
84776 62
84777 88
84778 36
84779 82
84780 131
84781 87
84782 47
84783 114
84784 122
84785 31
84786 66
84787 88
84788 22
84789 22
84790 101
84791 73
84792 142
84793 71
84794 38
84795 88
84796 151
84797 105
84798 83
84799 115
84800 38
84801 49
84802 83
84803 119
84804 131
84805 77
84806 68
84807 124
84808 98
84809 132
84810 159
84811 96
84812 97
84813 83
84814 149
84815 50
84816 78
84817 80
84818 142
84819 76
84820 72
84821 86
84822 43
84823 157
84824 74
84825 56
84826 31
84827 130
84828 50
84829 70
84830 103
84831 69
84832 37
84833 133
84834 89
84835 120
84836 54
84837 60
84838 78
84839 28
84840 68
84841 103
84842 79
84843 151
84844 109
84845 26
84846 124
84847 94
84848 83
84849 62
84850 145
84851 72
84852 71
84853 71
84854 52
84855 92
84856 82
84857 82
84858 87
84859 72
84860 70
84861 104
84862 152
84863 100
84864 95
84865 88
84866 112
84867 106
84868 78
84869 175
84870 120
84871 35
84872 119
84873 119
84874 94
84875 100
84876 80
84877 98
84878 96
84879 137
84880 130
84881 67
84882 82
84883 80
84884 94
84885 67
84886 111
84887 78
84888 71
84889 79
84890 45
84891 59
84892 138
84893 91
84894 82
84895 83
84896 62
84897 132
84898 124
84899 196
84900 119
84901 107
84902 150
84903 163
84904 48
84905 131
84906 72
84907 58
84908 101
84909 156
84910 57
84911 114
84912 76
84913 97
84914 75
84915 135
84916 236
84917 120
84918 126
84919 105
84920 89
84921 144
84922 98
84923 98
84924 32
84925 107
84926 85
84927 101
84928 184
84929 142
84930 133
84931 96
84932 159
84933 61
84934 71
84935 1
84936 66
84937 88
84938 80
84939 127
84940 200
84941 165
84942 97
84943 133
84944 151
84945 52
84946 38
84947 62
84948 71
84949 208
84950 370
84951 50
84952 97
84953 103
84954 90
84955 70
84956 72
84957 106
84958 110
84959 133
84960 72
84961 124
84962 81
84963 54
84964 74
84965 63
84966 118
84967 64
84968 109
84969 62
84970 203
84971 85
84972 52
84973 82
84974 117
84975 82
84976 58
84977 102
84978 82
84979 96
84980 133
84981 12
84982 108
84983 97
84984 91
84985 184
84986 101
84987 85
84988 52
84989 100
84990 56
84991 96
84992 80
84993 122
84994 105
84995 140
84996 68
84997 59
84998 265
84999 49
85000 104
85001 70
85002 62
85003 119
85004 66
85005 106
85006 111
85007 79
85008 53
85009 156
85010 164
85011 64
85012 53
85013 119
85014 97
85015 142
85016 128
85017 48
85018 72
85019 83
85020 107
85021 99
85022 125
85023 139
85024 103
85025 47
85026 48
85027 117
85028 33
85029 88
85030 96
85031 58
85032 51
85033 42
85034 106
85035 55
85036 102
85037 113
85038 95
85039 80
85040 187
85041 90
85042 98
85043 117
85044 -6
85045 32
85046 148
85047 52
85048 104
85049 44
85050 77
85051 91
85052 137
85053 92
85054 35
85055 61
85056 90
85057 134
85058 86
85059 25
85060 -18
85061 114
85062 40
85063 167
85064 134
85065 51
85066 91
85067 101
85068 76
85069 123
85070 141
85071 127
85072 76
85073 110
85074 80
85075 84
85076 102
85077 117
85078 98
85079 206
85080 104
85081 121
85082 127
85083 73
85084 90
85085 105
85086 81
85087 85
85088 86
85089 87
85090 40
85091 111
85092 70
85093 29
85094 109
85095 33
85096 72
85097 149
85098 107
85099 63
85100 94
85101 86
85102 115
85103 137
85104 73
85105 60
85106 124
85107 82
85108 170
85109 134
85110 17
85111 68
85112 85
85113 68
85114 100
85115 220
85116 82
85117 80
85118 99
85119 35
85120 148
85121 261
85122 111
85123 43
85124 91
85125 36
85126 128
85127 91
85128 61
85129 48
85130 109
85131 120
85132 125
85133 88
85134 113
85135 95
85136 166
85137 99
85138 70
85139 113
85140 119
85141 94
85142 119
85143 20
85144 69
85145 110
85146 172
85147 58
85148 106
85149 57
85150 147
85151 64
85152 77
85153 89
85154 118
85155 113
85156 135
85157 178
85158 41
85159 112
85160 102
85161 116
85162 123
85163 69
85164 38
85165 114
85166 65
85167 104
85168 91
85169 54
85170 31
85171 145
85172 115
85173 97
85174 70
85175 39
85176 123
85177 82
85178 87
85179 2
85180 131
85181 58
85182 64
85183 92
85184 96
85185 38
85186 71
85187 91
85188 150
85189 118
85190 69
85191 108
85192 139
85193 48
85194 52
85195 77
85196 157
85197 68
85198 92
85199 164
85200 124
85201 27
85202 70
85203 163
85204 162
85205 48
85206 89
85207 58
85208 79
85209 178
85210 158
85211 109
85212 32
85213 93
85214 113
85215 67
85216 88
85217 79
85218 89
85219 10
85220 67
85221 107
85222 90
85223 97
85224 123
85225 32
85226 88
85227 132
85228 89
85229 62
85230 68
85231 86
85232 49
85233 143
85234 76
85235 168
85236 85
85237 92
85238 83
85239 95
85240 95
85241 49
85242 112
85243 85
85244 92
85245 120
85246 87
85247 81
85248 99
85249 66
85250 56
85251 117
85252 78
85253 75
85254 113
85255 113
85256 49
85257 113
85258 130
85259 71
85260 57
85261 38
85262 77
85263 119
85264 75
85265 89
85266 77
85267 113
85268 65
85269 61
85270 105
85271 92
85272 74
85273 2
85274 101
85275 93
85276 86
85277 92
85278 50
85279 101
85280 100
85281 119
85282 72
85283 39
85284 70
85285 89
85286 73
85287 27
85288 180
85289 67
85290 117
85291 110
85292 145
85293 154
85294 65
85295 81
85296 21
85297 57
85298 125
85299 43
85300 95
85301 53
85302 125
85303 128
85304 171
85305 83
85306 69
85307 69
85308 27
85309 136
85310 54
85311 48
85312 39
85313 87
85314 118
85315 121
85316 116
85317 79
85318 35
85319 112
85320 108
85321 79
85322 41
85323 64
85324 53
85325 52
85326 106
85327 73
85328 101
85329 124
85330 92
85331 82
85332 58
85333 44
85334 120
85335 66
85336 88
85337 25
85338 47
85339 76
85340 156
85341 86
85342 178
85343 66
85344 118
85345 64
85346 56
85347 141
85348 119
85349 108
85350 90
85351 183
85352 114
85353 112
85354 158
85355 104
85356 58
85357 79
85358 62
85359 59
85360 111
85361 91
85362 150
85363 123
85364 97
85365 116
85366 101
85367 59
85368 76
85369 258
85370 58
85371 171
85372 62
85373 88
85374 98
85375 66
85376 93
85377 51
85378 162
85379 42
85380 89
85381 65
85382 85
85383 133
85384 74
85385 102
85386 101
85387 57
85388 70
85389 88
85390 95
85391 124
85392 85
85393 94
85394 48
85395 81
85396 72
85397 53
85398 159
85399 48
85400 79
85401 43
85402 106
85403 59
85404 95
85405 56
85406 98
85407 109
85408 85
85409 91
85410 53
85411 160
85412 27
85413 99
85414 130
85415 55
85416 105
85417 40
85418 174
85419 109
85420 41
85421 104
85422 72
85423 122
85424 120
85425 104
85426 117
85427 84
85428 79
85429 134
85430 90
85431 67
85432 171
85433 79
85434 62
85435 75
85436 49
85437 36
85438 90
85439 201
85440 82
85441 93
85442 127
85443 114
85444 35
85445 111
85446 128
85447 115
85448 79
85449 114
85450 141
85451 67
85452 32
85453 77
85454 106
85455 82
85456 125
85457 90
85458 117
85459 130
85460 139
85461 208
85462 83
85463 108
85464 54
85465 10
85466 100
85467 84
85468 75
85469 154
85470 124
85471 96
85472 66
85473 98
85474 71
85475 122
85476 151
85477 45
85478 94
85479 81
85480 61
85481 111
85482 96
85483 67
85484 44
85485 107
85486 145
85487 185
85488 61
85489 139
85490 106
85491 95
85492 137
85493 147
85494 84
85495 159
85496 105
85497 81
85498 106
85499 110
85500 127
85501 101
85502 29
85503 66
85504 113
85505 76
85506 113
85507 63
85508 78
85509 63
85510 122
85511 71
85512 76
85513 63
85514 167
85515 58
85516 37
85517 42
85518 103
85519 96
85520 71
85521 87
85522 99
85523 70
85524 96
85525 43
85526 141
85527 112
85528 113
85529 77
85530 80
85531 119
85532 56
85533 95
85534 74
85535 174
85536 5
85537 147
85538 74
85539 81
85540 67
85541 49
85542 114
85543 62
85544 140
85545 126
85546 99
85547 50
85548 39
85549 129
85550 160
85551 69
85552 86
85553 114
85554 125
85555 126
85556 186
85557 86
85558 101
85559 96
85560 113
85561 142
85562 90
85563 48
85564 79
85565 136
85566 73
85567 80
85568 87
85569 154
85570 94
85571 96
85572 80
85573 82
85574 81
85575 87
85576 65
85577 121
85578 86
85579 89
85580 90
85581 104
85582 128
85583 58
85584 30
85585 78
85586 46
85587 51
85588 83
85589 89
85590 140
85591 92
85592 73
85593 88
85594 176
85595 144
85596 106
85597 133
85598 80
85599 47
85600 121
85601 51
85602 87
85603 70
85604 128
85605 95
85606 44
85607 38
85608 52
85609 92
85610 50
85611 117
85612 101
85613 77
85614 110
85615 166
85616 -7
85617 87
85618 40
85619 71
85620 74
85621 70
85622 63
85623 97
85624 165
85625 115
85626 64
85627 55
85628 117
85629 103
85630 30
85631 55
85632 111
85633 107
85634 56
85635 76
85636 77
85637 118
85638 94
85639 98
85640 54
85641 115
85642 93
85643 5
85644 89
85645 80
85646 124
85647 86
85648 75
85649 24
85650 114
85651 59
85652 45
85653 120
85654 66
85655 103
85656 71
85657 161
85658 22
85659 95
85660 120
85661 126
85662 48
85663 62
85664 132
85665 140
85666 62
85667 115
85668 95
85669 111
85670 136
85671 44
85672 93
85673 105
85674 109
85675 83
85676 137
85677 94
85678 107
85679 105
85680 42
85681 113
85682 56
85683 171
85684 74
85685 193
85686 66
85687 63
85688 67
85689 49
85690 109
85691 115
85692 57
85693 76
85694 150
85695 75
85696 79
85697 124
85698 72
85699 139
85700 108
85701 40
85702 73
85703 196
85704 76
85705 177
85706 58
85707 76
85708 104
85709 103
85710 82
85711 85
85712 81
85713 67
85714 128
85715 75
85716 107
85717 99
85718 78
85719 63
85720 36
85721 42
85722 89
85723 38
85724 91
85725 55
85726 60
85727 98
85728 163
85729 97
85730 180
85731 125
85732 24
85733 96
85734 123
85735 113
85736 20
85737 253
85738 92
85739 136
85740 96
85741 123
85742 82
85743 116
85744 128
85745 60
85746 97
85747 121
85748 19
85749 147
85750 24
85751 61
85752 105
85753 123
85754 53
85755 111
85756 163
85757 57
85758 56
85759 135
85760 25
85761 95
85762 92
85763 129
85764 123
85765 81
85766 12
85767 39
85768 113
85769 135
85770 5
85771 117
85772 116
85773 74
85774 85
85775 120
85776 47
85777 66
85778 121
85779 113
85780 116
85781 115
85782 150
85783 139
85784 22
85785 122
85786 111
85787 80
85788 87
85789 112
85790 142
85791 78
85792 89
85793 104
85794 49
85795 76
85796 86
85797 105
85798 75
85799 96
85800 81
85801 115
85802 46
85803 64
85804 108
85805 56
85806 96
85807 93
85808 149
85809 178
85810 116
85811 76
85812 103
85813 89
85814 119
85815 60
85816 65
85817 113
85818 99
85819 142
85820 75
85821 1
85822 57
85823 82
85824 15
85825 71
85826 106
85827 62
85828 113
85829 116
85830 101
85831 26
85832 64
85833 92
85834 99
85835 102
85836 20
85837 79
85838 85
85839 208
85840 122
85841 159
85842 157
85843 67
85844 89
85845 130
85846 166
85847 75
85848 85
85849 113
85850 86
85851 147
85852 139
85853 70
85854 91
85855 29
85856 123
85857 19
85858 94
85859 57
85860 103
85861 87
85862 73
85863 105
85864 100
85865 89
85866 98
85867 109
85868 68
85869 57
85870 116
85871 97
85872 85
85873 92
85874 89
85875 113
85876 53
85877 162
85878 179
85879 54
85880 -8
85881 68
85882 91
85883 76
85884 110
85885 39
85886 51
85887 75
85888 120
85889 131
85890 57
85891 11
85892 95
85893 163
85894 82
85895 135
85896 46
85897 -1
85898 137
85899 97
85900 84
85901 74
85902 81
85903 98
85904 157
85905 110
85906 94
85907 72
85908 93
85909 34
85910 55
85911 110
85912 188
85913 91
85914 42
85915 32
85916 42
85917 59
85918 81
85919 38
85920 89
85921 116
85922 83
85923 97
85924 98
85925 65
85926 122
85927 47
85928 105
85929 86
85930 116
85931 57
85932 78
85933 122
85934 59
85935 149
85936 89
85937 47
85938 90
85939 112
85940 89
85941 84
85942 112
85943 106
85944 188
85945 86
85946 117
85947 95
85948 251
85949 128
85950 87
85951 88
85952 98
85953 207
85954 92
85955 86
85956 119
85957 51
85958 130
85959 68
85960 94
85961 125
85962 159
85963 90
85964 109
85965 33
85966 204
85967 37
85968 94
85969 90
85970 101
85971 157
85972 155
85973 66
85974 61
85975 83
85976 90
85977 115
85978 81
85979 85
85980 99
85981 24
85982 53
85983 60
85984 65
85985 39
85986 121
85987 48
85988 131
85989 115
85990 67
85991 97
85992 137
85993 137
85994 15
85995 97
85996 102
85997 24
85998 138
85999 109
86000 31
86001 122
86002 90
86003 149
86004 91
86005 85
86006 67
86007 76
86008 43
86009 97
86010 48
86011 106
86012 147
86013 107
86014 67
86015 88
86016 84
86017 70
86018 39
86019 57
86020 110
86021 89
86022 101
86023 89
86024 120
86025 82
86026 47
86027 108
86028 61
86029 119
86030 72
86031 89
86032 108
86033 40
86034 90
86035 78
86036 91
86037 81
86038 96
86039 42
86040 141
86041 72
86042 113
86043 87
86044 77
86045 76
86046 73
86047 76
86048 53
86049 95
86050 86
86051 117
86052 92
86053 155
86054 30
86055 106
86056 105
86057 83
86058 27
86059 28
86060 88
86061 31
86062 149
86063 35
86064 72
86065 121
86066 123
86067 77
86068 83
86069 76
86070 82
86071 90
86072 55
86073 74
86074 82
86075 120
86076 89
86077 134
86078 119
86079 110
86080 91
86081 86
86082 66
86083 119
86084 80
86085 77
86086 109
86087 73
86088 61
86089 131
86090 77
86091 98
86092 84
86093 168
86094 126
86095 89
86096 82
86097 54
86098 107
86099 140
86100 43
86101 122
86102 105
86103 81
86104 51
86105 82
86106 124
86107 76
86108 73
86109 58
86110 86
86111 54
86112 94
86113 22
86114 18
86115 57
86116 16
86117 92
86118 109
86119 111
86120 90
86121 90
86122 95
86123 68
86124 31
86125 103
86126 52
86127 90
86128 102
86129 105
86130 107
86131 55
86132 86
86133 37
86134 81
86135 103
86136 93
86137 62
86138 18
86139 81
86140 117
86141 89
86142 182
86143 112
86144 134
86145 57
86146 83
86147 118
86148 91
86149 72
86150 99
86151 100
86152 63
86153 79
86154 90
86155 89
86156 76
86157 72
86158 151
86159 52
86160 135
86161 112
86162 43
86163 67
86164 43
86165 66
86166 118
86167 84
86168 68
86169 140
86170 74
86171 96
86172 178
86173 120
86174 154
86175 3
86176 61
86177 96
86178 87
86179 81
86180 95
86181 313
86182 95
86183 3
86184 122
86185 102
86186 82
86187 128
86188 157
86189 114
86190 85
86191 232
86192 157
86193 105
86194 48
86195 73
86196 40
86197 54
86198 118
86199 134
86200 104
86201 80
86202 59
86203 163
86204 78
86205 80
86206 86
86207 79
86208 144
86209 87
86210 80
86211 100
86212 81
86213 86
86214 113
86215 85
86216 21
86217 114
86218 61
86219 124
86220 77
86221 133
86222 19
86223 148
86224 56
86225 102
86226 106
86227 52
86228 111
86229 191
86230 143
86231 99
86232 71
86233 94
86234 87
86235 134
86236 64
86237 83
86238 15
86239 99
86240 133
86241 103
86242 104
86243 60
86244 78
86245 14
86246 61
86247 141
86248 83
86249 78
86250 70
86251 96
86252 90
86253 16
86254 133
86255 100
86256 83
86257 110
86258 127
86259 151
86260 205
86261 96
86262 460
86263 84
86264 39
86265 100
86266 35
86267 102
86268 127
86269 143
86270 91
86271 79
86272 131
86273 123
86274 160
86275 98
86276 92
86277 166
86278 164
86279 53
86280 73
86281 46
86282 113
86283 86
86284 38
86285 216
86286 112
86287 12
86288 144
86289 143
86290 93
86291 84
86292 61
86293 131
86294 33
86295 93
86296 83
86297 164
86298 66
86299 105
86300 68
86301 156
86302 30
86303 89
86304 144
86305 120
86306 121
86307 97
86308 90
86309 51
86310 135
86311 62
86312 60
86313 71
86314 69
86315 120
86316 81
86317 93
86318 151
86319 96
86320 81
86321 131
86322 82
86323 55
86324 53
86325 92
86326 91
86327 62
86328 95
86329 84
86330 54
86331 67
86332 80
86333 171
86334 129
86335 53
86336 57
86337 49
86338 115
86339 52
86340 187
86341 57
86342 28
86343 141
86344 81
86345 126
86346 22
86347 57
86348 57
86349 111
86350 147
86351 92
86352 46
86353 119
86354 131
86355 57
86356 115
86357 217
86358 72
86359 141
86360 52
86361 63
86362 55
86363 103
86364 104
86365 70
86366 160
86367 68
86368 156
86369 114
86370 99
86371 67
86372 52
86373 57
86374 98
86375 64
86376 96
86377 74
86378 61
86379 120
86380 93
86381 144
86382 80
86383 97
86384 163
86385 104
86386 15
86387 54
86388 57
86389 91
86390 112
86391 97
86392 85
86393 162
86394 39
86395 155
86396 70
86397 77
86398 86
86399 63
86400 110
86401 102
86402 70
86403 90
86404 128
86405 133
86406 64
86407 92
86408 84
86409 63
86410 111
86411 212
86412 100
86413 149
86414 112
86415 -10
86416 97
86417 34
86418 107
86419 54
86420 125
86421 68
86422 -11
86423 81
86424 108
86425 145
86426 42
86427 79
86428 29
86429 45
86430 81
86431 132
86432 72
86433 140
86434 75
86435 46
86436 136
86437 79
86438 112
86439 28
86440 62
86441 51
86442 133
86443 48
86444 82
86445 19
86446 70
86447 86
86448 41
86449 -30
86450 130
86451 96
86452 50
86453 164
86454 37
86455 122
86456 119
86457 121
86458 48
86459 58
86460 84
86461 110
86462 78
86463 68
86464 70
86465 142
86466 83
86467 120
86468 108
86469 13
86470 133
86471 107
86472 174
86473 48
86474 63
86475 87
86476 92
86477 59
86478 162
86479 97
86480 63
86481 27
86482 53
86483 38
86484 72
86485 26
86486 46
86487 65
86488 112
86489 86
86490 126
86491 9
86492 72
86493 56
86494 51
86495 80
86496 49
86497 233
86498 106
86499 88
86500 53
86501 26
86502 115
86503 47
86504 93
86505 155
86506 78
86507 55
86508 145
86509 92
86510 83
86511 73
86512 197
86513 64
86514 70
86515 149
86516 72
86517 47
86518 87
86519 130
86520 107
86521 132
86522 49
86523 101
86524 112
86525 117
86526 115
86527 104
86528 143
86529 116
86530 137
86531 90
86532 162
86533 129
86534 126
86535 107
86536 72
86537 101
86538 64
86539 133
86540 85
86541 88
86542 131
86543 165
86544 234
86545 91
86546 239
86547 73
86548 156
86549 88
86550 160
86551 66
86552 98
86553 75
86554 91
86555 111
86556 94
86557 77
86558 64
86559 34
86560 64
86561 93
86562 67
86563 95
86564 86
86565 45
86566 60
86567 202
86568 161
86569 116
86570 57
86571 117
86572 54
86573 54
86574 47
86575 73
86576 84
86577 112
86578 96
86579 178
86580 55
86581 144
86582 125
86583 117
86584 73
86585 89
86586 13
86587 32
86588 71
86589 75
86590 121
86591 72
86592 103
86593 98
86594 93
86595 98
86596 91
86597 51
86598 21
86599 104
86600 16
86601 46
86602 141
86603 32
86604 215
86605 88
86606 61
86607 150
86608 117
86609 63
86610 105
86611 118
86612 122
86613 31
86614 84
86615 122
86616 119
86617 86
86618 90
86619 82
86620 115
86621 89
86622 112
86623 80
86624 102
86625 117
86626 59
86627 48
86628 94
86629 102
86630 76
86631 132
86632 35
86633 91
86634 67
86635 96
86636 86
86637 61
86638 56
86639 87
86640 78
86641 92
86642 58
86643 137
86644 50
86645 -15
86646 58
86647 55
86648 92
86649 88
86650 112
86651 119
86652 83
86653 168
86654 139
86655 79
86656 33
86657 46
86658 91
86659 69
86660 109
86661 29
86662 128
86663 107
86664 126
86665 50
86666 68
86667 95
86668 69
86669 99
86670 89
86671 75
86672 70
86673 95
86674 52
86675 105
86676 61
86677 104
86678 131
86679 56
86680 122
86681 148
86682 121
86683 208
86684 94
86685 49
86686 79
86687 80
86688 53
86689 88
86690 62
86691 95
86692 64
86693 64
86694 71
86695 93
86696 114
86697 103
86698 60
86699 108
86700 122
86701 88
86702 75
86703 122
86704 109
86705 60
86706 104
86707 56
86708 159
86709 51
86710 140
86711 85
86712 69
86713 110
86714 72
86715 83
86716 100
86717 53
86718 68
86719 64
86720 139
86721 133
86722 114
86723 73
86724 59
86725 121
86726 129
86727 99
86728 115
86729 53
86730 99
86731 83
86732 117
86733 243
86734 152
86735 62
86736 19
86737 96
86738 26
86739 119
86740 54
86741 163
86742 119
86743 63
86744 90
86745 76
86746 74
86747 14
86748 103
86749 68
86750 61
86751 70
86752 64
86753 68
86754 82
86755 48
86756 60
86757 94
86758 9
86759 142
86760 90
86761 130
86762 107
86763 98
86764 66
86765 54
86766 75
86767 81
86768 136
86769 144
86770 59
86771 132
86772 61
86773 101
86774 62
86775 36
86776 61
86777 129
86778 82
86779 115
86780 66
86781 125
86782 35
86783 67
86784 124
86785 137
86786 64
86787 78
86788 78
86789 111
86790 43
86791 293
86792 144
86793 72
86794 87
86795 54
86796 86
86797 141
86798 79
86799 75
86800 85
86801 102
86802 -9
86803 43
86804 115
86805 144
86806 123
86807 99
86808 72
86809 94
86810 71
86811 129
86812 104
86813 105
86814 35
86815 54
86816 113
86817 62
86818 30
86819 121
86820 47
86821 82
86822 86
86823 94
86824 98
86825 64
86826 151
86827 120
86828 57
86829 126
86830 165
86831 93
86832 108
86833 129
86834 44
86835 155
86836 74
86837 118
86838 87
86839 114
86840 91
86841 99
86842 53
86843 130
86844 63
86845 92
86846 70
86847 132
86848 92
86849 40
86850 137
86851 117
86852 73
86853 105
86854 99
86855 98
86856 106
86857 117
86858 131
86859 77
86860 120
86861 142
86862 170
86863 176
86864 105
86865 125
86866 62
86867 119
86868 27
86869 91
86870 46
86871 116
86872 41
86873 75
86874 88
86875 156
86876 94
86877 113
86878 67
86879 -4
86880 111
86881 -4
86882 112
86883 99
86884 26
86885 109
86886 118
86887 81
86888 115
86889 74
86890 131
86891 117
86892 91
86893 130
86894 119
86895 101
86896 69
86897 75
86898 113
86899 86
86900 164
86901 104
86902 41
86903 113
86904 224
86905 124
86906 98
86907 82
86908 52
86909 100
86910 91
86911 53
86912 136
86913 81
86914 63
86915 12
86916 133
86917 90
86918 193
86919 91
86920 56
86921 82
86922 137
86923 37
86924 136
86925 86
86926 87
86927 18
86928 114
86929 169
86930 159
86931 47
86932 112
86933 164
86934 56
86935 3
86936 68
86937 56
86938 89
86939 103
86940 87
86941 102
86942 79
86943 67
86944 67
86945 128
86946 69
86947 78
86948 117
86949 89
86950 68
86951 80
86952 96
86953 123
86954 120
86955 53
86956 92
86957 82
86958 102
86959 84
86960 59
86961 57
86962 16
86963 112
86964 13
86965 35
86966 135
86967 128
86968 93
86969 69
86970 62
86971 117
86972 105
86973 70
86974 105
86975 155
86976 200
86977 18
86978 141
86979 126
86980 56
86981 88
86982 92
86983 64
86984 59
86985 146
86986 192
86987 130
86988 114
86989 52
86990 171
86991 124
86992 190
86993 81
86994 48
86995 56
86996 70
86997 40
86998 56
86999 98
87000 120
87001 78
87002 106
87003 72
87004 95
87005 93
87006 96
87007 120
87008 76
87009 47
87010 137
87011 86
87012 75
87013 62
87014 88
87015 116
87016 50
87017 116
87018 82
87019 84
87020 75
87021 64
87022 99
87023 57
87024 112
87025 50
87026 51
87027 112
87028 90
87029 55
87030 42
87031 42
87032 57
87033 64
87034 68
87035 132
87036 50
87037 38
87038 31
87039 111
87040 86
87041 118
87042 28
87043 119
87044 140
87045 126
87046 96
87047 63
87048 88
87049 74
87050 179
87051 77
87052 64
87053 105
87054 45
87055 95
87056 99
87057 152
87058 86
87059 73
87060 80
87061 68
87062 63
87063 49
87064 121
87065 46
87066 101
87067 38
87068 132
87069 125
87070 75
87071 60
87072 30
87073 30
87074 84
87075 136
87076 74
87077 72
87078 82
87079 116
87080 63
87081 74
87082 45
87083 72
87084 16
87085 102
87086 81
87087 79
87088 74
87089 132
87090 27
87091 76
87092 56
87093 47
87094 136
87095 108
87096 53
87097 72
87098 19
87099 115
87100 123
87101 77
87102 92
87103 46
87104 60
87105 91
87106 55
87107 75
87108 77
87109 66
87110 91
87111 61
87112 48
87113 100
87114 57
87115 94
87116 97
87117 88
87118 55
87119 53
87120 58
87121 64
87122 45
87123 66
87124 74
87125 119
87126 94
87127 84
87128 120
87129 96
87130 156
87131 60
87132 110
87133 68
87134 140
87135 80
87136 54
87137 44
87138 101
87139 87
87140 22
87141 121
87142 68
87143 43
87144 106
87145 69
87146 127
87147 69
87148 91
87149 73
87150 52
87151 190
87152 23
87153 50
87154 77
87155 104
87156 115
87157 49
87158 154
87159 82
87160 80
87161 108
87162 81
87163 77
87164 65
87165 112
87166 55
87167 48
87168 98
87169 56
87170 102
87171 243
87172 58
87173 102
87174 68
87175 153
87176 82
87177 116
87178 100
87179 74
87180 149
87181 27
87182 145
87183 65
87184 85
87185 24
87186 84
87187 290
87188 97
87189 116
87190 117
87191 42
87192 100
87193 121
87194 99
87195 134
87196 100
87197 141
87198 159
87199 -4
87200 35
87201 74
87202 119
87203 89
87204 83
87205 96
87206 24
87207 100
87208 57
87209 32
87210 100
87211 98
87212 145
87213 139
87214 134
87215 83
87216 189
87217 73
87218 78
87219 110
87220 108
87221 91
87222 71
87223 59
87224 123
87225 77
87226 77
87227 122
87228 128
87229 34
87230 116
87231 26
87232 119
87233 82
87234 84
87235 117
87236 76
87237 32
87238 47
87239 66
87240 127
87241 114
87242 108
87243 162
87244 74
87245 86
87246 91
87247 82
87248 51
87249 76
87250 106
87251 91
87252 99
87253 98
87254 128
87255 100
87256 84
87257 82
87258 51
87259 81
87260 43
87261 49
87262 91
87263 106
87264 96
87265 88
87266 109
87267 118
87268 70
87269 56
87270 78
87271 81
87272 109
87273 132
87274 37
87275 87
87276 39
87277 4
87278 77
87279 74
87280 55
87281 54
87282 106
87283 38
87284 80
87285 115
87286 62
87287 43
87288 119
87289 147
87290 74
87291 73
87292 191
87293 85
87294 77
87295 70
87296 80
87297 159
87298 102
87299 87
87300 169
87301 16
87302 84
87303 51
87304 99
87305 131
87306 137
87307 45
87308 59
87309 77
87310 86
87311 91
87312 80
87313 99
87314 126
87315 76
87316 117
87317 78
87318 72
87319 75
87320 81
87321 72
87322 75
87323 68
87324 94
87325 69
87326 62
87327 105
87328 140
87329 144
87330 62
87331 83
87332 84
87333 50
87334 109
87335 89
87336 105
87337 131
87338 50
87339 115
87340 27
87341 160
87342 64
87343 67
87344 122
87345 141
87346 110
87347 89
87348 87
87349 111
87350 59
87351 52
87352 20
87353 47
87354 78
87355 73
87356 140
87357 70
87358 71
87359 36
87360 244
87361 5
87362 116
87363 50
87364 107
87365 52
87366 79
87367 103
87368 78
87369 91
87370 136
87371 102
87372 64
87373 125
87374 86
87375 100
87376 63
87377 49
87378 79
87379 136
87380 75
87381 73
87382 71
87383 107
87384 94
87385 88
87386 138
87387 68
87388 141
87389 141
87390 49
87391 29
87392 128
87393 43
87394 105
87395 139
87396 169
87397 116
87398 105
87399 60
87400 67
87401 88
87402 158
87403 34
87404 89
87405 68
87406 98
87407 97
87408 406
87409 49
87410 74
87411 98
87412 27
87413 126
87414 100
87415 128
87416 72
87417 76
87418 76
87419 172
87420 130
87421 62
87422 122
87423 77
87424 107
87425 123
87426 58
87427 94
87428 103
87429 83
87430 42
87431 130
87432 125
87433 27
87434 50
87435 55
87436 85
87437 93
87438 53
87439 190
87440 5
87441 174
87442 72
87443 105
87444 90
87445 95
87446 118
87447 54
87448 40
87449 125
87450 55
87451 91
87452 171
87453 45
87454 81
87455 114
87456 125
87457 159
87458 72
87459 100
87460 59
87461 113
87462 24
87463 70
87464 30
87465 151
87466 76
87467 84
87468 100
87469 110
87470 90
87471 162
87472 64
87473 72
87474 72
87475 101
87476 138
87477 46
87478 106
87479 80
87480 95
87481 84
87482 80
87483 47
87484 110
87485 149
87486 80
87487 114
87488 148
87489 99
87490 72
87491 114
87492 67
87493 60
87494 52
87495 70
87496 97
87497 74
87498 91
87499 34
87500 113
87501 84
87502 83
87503 24
87504 66
87505 139
87506 59
87507 93
87508 179
87509 36
87510 98
87511 121
87512 39
87513 70
87514 116
87515 28
87516 63
87517 89
87518 73
87519 81
87520 56
87521 79
87522 95
87523 105
87524 16
87525 87
87526 107
87527 115
87528 140
87529 104
87530 74
87531 99
87532 94
87533 54
87534 74
87535 76
87536 76
87537 129
87538 39
87539 97
87540 59
87541 66
87542 173
87543 72
87544 34
87545 64
87546 78
87547 33
87548 100
87549 138
87550 113
87551 97
87552 112
87553 48
87554 116
87555 63
87556 68
87557 41
87558 87
87559 28
87560 133
87561 102
87562 76
87563 103
87564 101
87565 94
87566 90
87567 94
87568 105
87569 80
87570 86
87571 139
87572 79
87573 59
87574 103
87575 99
87576 73
87577 109
87578 98
87579 110
87580 92
87581 58
87582 56
87583 130
87584 95
87585 69
87586 136
87587 69
87588 109
87589 124
87590 149
87591 75
87592 103
87593 70
87594 70
87595 56
87596 34
87597 57
87598 129
87599 102
87600 77
87601 109
87602 116
87603 44
87604 24
87605 122
87606 63
87607 129
87608 29
87609 68
87610 67
87611 94
87612 103
87613 126
87614 15
87615 129
87616 154
87617 120
87618 66
87619 122
87620 70
87621 103
87622 77
87623 65
87624 81
87625 102
87626 107
87627 269
87628 79
87629 123
87630 104
87631 37
87632 153
87633 83
87634 109
87635 90
87636 101
87637 66
87638 76
87639 104
87640 147
87641 61
87642 81
87643 93
87644 49
87645 76
87646 88
87647 82
87648 119
87649 83
87650 92
87651 116
87652 133
87653 156
87654 80
87655 72
87656 83
87657 168
87658 180
87659 111
87660 91
87661 113
87662 38
87663 92
87664 114
87665 81
87666 89
87667 68
87668 123
87669 19
87670 82
87671 86
87672 42
87673 190
87674 96
87675 89
87676 98
87677 101
87678 73
87679 136
87680 97
87681 64
87682 53
87683 127
87684 102
87685 136
87686 81
87687 137
87688 176
87689 23
87690 110
87691 76
87692 88
87693 72
87694 56
87695 83
87696 12
87697 108
87698 64
87699 90
87700 81
87701 109
87702 63
87703 105
87704 15
87705 71
87706 12
87707 111
87708 159
87709 102
87710 124
87711 58
87712 144
87713 88
87714 147
87715 25
87716 64
87717 53
87718 118
87719 71
87720 44
87721 126
87722 69
87723 146
87724 54
87725 59
87726 117
87727 91
87728 80
87729 85
87730 84
87731 86
87732 56
87733 83
87734 74
87735 109
87736 110
87737 51
87738 73
87739 92
87740 61
87741 163
87742 111
87743 92
87744 118
87745 106
87746 37
87747 124
87748 92
87749 193
87750 150
87751 88
87752 78
87753 5
87754 42
87755 60
87756 114
87757 79
87758 137
87759 136
87760 77
87761 64
87762 144
87763 45
87764 144
87765 135
87766 100
87767 119
87768 105
87769 103
87770 113
87771 145
87772 92
87773 142
87774 106
87775 68
87776 96
87777 58
87778 198
87779 156
87780 130
87781 106
87782 66
87783 23
87784 76
87785 68
87786 90
87787 51
87788 171
87789 74
87790 62
87791 69
87792 88
87793 32
87794 68
87795 101
87796 125
87797 87
87798 83
87799 54
87800 71
87801 91
87802 79
87803 38
87804 90
87805 49
87806 95
87807 117
87808 86
87809 81
87810 95
87811 40
87812 202
87813 80
87814 7
87815 178
87816 16
87817 91
87818 114
87819 71
87820 113
87821 55
87822 130
87823 106
87824 20
87825 104
87826 31
87827 195
87828 189
87829 128
87830 89
87831 76
87832 142
87833 87
87834 101
87835 77
87836 84
87837 93
87838 69
87839 85
87840 37
87841 30
87842 106
87843 23
87844 33
87845 72
87846 105
87847 58
87848 98
87849 96
87850 22
87851 69
87852 111
87853 103
87854 86
87855 93
87856 57
87857 138
87858 87
87859 93
87860 154
87861 15
87862 132
87863 61
87864 64
87865 61
87866 104
87867 84
87868 116
87869 40
87870 48
87871 38
87872 104
87873 56
87874 73
87875 81
87876 108
87877 206
87878 88
87879 72
87880 106
87881 96
87882 29
87883 43
87884 84
87885 58
87886 67
87887 138
87888 66
87889 23
87890 92
87891 64
87892 111
87893 73
87894 47
87895 82
87896 87
87897 129
87898 33
87899 236
87900 58
87901 96
87902 107
87903 113
87904 106
87905 105
87906 87
87907 79
87908 78
87909 173
87910 84
87911 122
87912 56
87913 90
87914 95
87915 64
87916 76
87917 57
87918 104
87919 50
87920 86
87921 107
87922 72
87923 102
87924 62
87925 94
87926 90
87927 152
87928 98
87929 158
87930 45
87931 143
87932 75
87933 99
87934 80
87935 85
87936 77
87937 49
87938 81
87939 75
87940 93
87941 42
87942 80
87943 133
87944 140
87945 81
87946 94
87947 144
87948 81
87949 48
87950 293
87951 81
87952 173
87953 91
87954 75
87955 273
87956 105
87957 53
87958 89
87959 47
87960 99
87961 91
87962 88
87963 50
87964 121
87965 79
87966 110
87967 145
87968 97
87969 168
87970 46
87971 123
87972 86
87973 98
87974 142
87975 113
87976 51
87977 86
87978 51
87979 80
87980 121
87981 60
87982 77
87983 104
87984 22
87985 94
87986 94
87987 50
87988 63
87989 70
87990 62
87991 112
87992 95
87993 172
87994 68
87995 133
87996 154
87997 89
87998 116
87999 106
88000 95
88001 89
88002 81
88003 144
88004 119
88005 79
88006 67
88007 30
88008 -12
88009 83
88010 86
88011 104
88012 70
88013 123
88014 47
88015 87
88016 125
88017 60
88018 97
88019 89
88020 95
88021 96
88022 17
88023 59
88024 90
88025 75
88026 89
88027 67
88028 116
88029 94
88030 102
88031 44
88032 85
88033 127
88034 97
88035 111
88036 116
88037 56
88038 136
88039 115
88040 -21
88041 95
88042 49
88043 52
88044 62
88045 61
88046 36
88047 39
88048 102
88049 72
88050 103
88051 53
88052 28
88053 75
88054 78
88055 85
88056 160
88057 97
88058 82
88059 109
88060 50
88061 100
88062 98
88063 105
88064 37
88065 118
88066 72
88067 70
88068 60
88069 103
88070 81
88071 122
88072 63
88073 65
88074 53
88075 121
88076 181
88077 129
88078 84
88079 71
88080 66
88081 114
88082 38
88083 85
88084 73
88085 13
88086 217
88087 68
88088 55
88089 109
88090 62
88091 73
88092 161
88093 163
88094 101
88095 79
88096 87
88097 103
88098 67
88099 29
88100 108
88101 86
88102 88
88103 109
88104 139
88105 77
88106 140
88107 101
88108 31
88109 70
88110 55
88111 86
88112 64
88113 113
88114 85
88115 126
88116 37
88117 73
88118 100
88119 147
88120 105
88121 54
88122 64
88123 80
88124 78
88125 38
88126 91
88127 107
88128 81
88129 85
88130 125
88131 69
88132 100
88133 34
88134 70
88135 67
88136 91
88137 59
88138 65
88139 67
88140 62
88141 75
88142 68
88143 61
88144 97
88145 148
88146 86
88147 89
88148 60
88149 85
88150 103
88151 69
88152 39
88153 73
88154 70
88155 55
88156 103
88157 175
88158 53
88159 33
88160 89
88161 7
88162 60
88163 33
88164 64
88165 102
88166 178
88167 57
88168 167
88169 97
88170 35
88171 104
88172 82
88173 70
88174 46
88175 160
88176 66
88177 83
88178 88
88179 68
88180 29
88181 96
88182 93
88183 62
88184 14
88185 30
88186 42
88187 132
88188 88
88189 146
88190 71
88191 83
88192 159
88193 89
88194 75
88195 127
88196 58
88197 53
88198 70
88199 95
88200 67
88201 81
88202 53
88203 78
88204 64
88205 102
88206 75
88207 69
88208 82
88209 12
88210 61
88211 84
88212 31
88213 122
88214 93
88215 140
88216 89
88217 60
88218 64
88219 39
88220 53
88221 29
88222 94
88223 91
88224 102
88225 81
88226 70
88227 79
88228 64
88229 110
88230 112
88231 97
88232 90
88233 100
88234 64
88235 69
88236 101
88237 92
88238 38
88239 80
88240 99
88241 83
88242 81
88243 106
88244 34
88245 265
88246 123
88247 52
88248 158
88249 72
88250 172
88251 87
88252 107
88253 103
88254 93
88255 220
88256 84
88257 39
88258 28
88259 110
88260 88
88261 50
88262 50
88263 76
88264 44
88265 41
88266 58
88267 66
88268 83
88269 133
88270 35
88271 124
88272 112
88273 21
88274 39
88275 120
88276 153
88277 39
88278 110
88279 11
88280 128
88281 89
88282 89
88283 40
88284 75
88285 93
88286 110
88287 86
88288 118
88289 61
88290 106
88291 113
88292 75
88293 119
88294 81
88295 55
88296 104
88297 75
88298 116
88299 105
88300 144
88301 38
88302 116
88303 130
88304 85
88305 24
88306 57
88307 131
88308 101
88309 103
88310 146
88311 31
88312 76
88313 137
88314 76
88315 62
88316 50
88317 61
88318 90
88319 100
88320 83
88321 89
88322 106
88323 247
88324 124
88325 68
88326 27
88327 95
88328 100
88329 70
88330 72
88331 76
88332 58
88333 119
88334 93
88335 109
88336 51
88337 72
88338 95
88339 138
88340 73
88341 96
88342 47
88343 124
88344 90
88345 80
88346 55
88347 144
88348 84
88349 110
88350 73
88351 116
88352 34
88353 68
88354 105
88355 67
88356 157
88357 89
88358 132
88359 98
88360 67
88361 88
88362 62
88363 82
88364 88
88365 108
88366 9
88367 113
88368 42
88369 85
88370 67
88371 163
88372 11
88373 51
88374 62
88375 61
88376 14
88377 87
88378 60
88379 70
88380 63
88381 105
88382 -11
88383 120
88384 165
88385 82
88386 58
88387 87
88388 103
88389 129
88390 107
88391 104
88392 82
88393 38
88394 83
88395 101
88396 29
88397 135
88398 56
88399 59
88400 63
88401 49
88402 147
88403 68
88404 131
88405 116
88406 88
88407 88
88408 91
88409 86
88410 82
88411 58
88412 45
88413 62
88414 46
88415 75
88416 43
88417 71
88418 120
88419 96
88420 96
88421 31
88422 121
88423 96
88424 115
88425 98
88426 104
88427 103
88428 142
88429 84
88430 92
88431 135
88432 175
88433 26
88434 86
88435 105
88436 95
88437 20
88438 112
88439 144
88440 99
88441 108
88442 114
88443 59
88444 137
88445 34
88446 74
88447 48
88448 96
88449 75
88450 126
88451 78
88452 75
88453 115
88454 97
88455 98
88456 92
88457 55
88458 72
88459 116
88460 112
88461 43
88462 39
88463 58
88464 92
88465 50
88466 89
88467 96
88468 179
88469 96
88470 70
88471 78
88472 43
88473 94
88474 86
88475 87
88476 84
88477 79
88478 79
88479 65
88480 78
88481 53
88482 38
88483 151
88484 60
88485 175
88486 136
88487 13
88488 56
88489 102
88490 137
88491 232
88492 81
88493 172
88494 79
88495 152
88496 99
88497 120
88498 76
88499 40
88500 106
88501 135
88502 7
88503 61
88504 121
88505 84
88506 83
88507 16
88508 103
88509 62
88510 109
88511 150
88512 100
88513 63
88514 31
88515 22
88516 99
88517 83
88518 117
88519 134
88520 63
88521 103
88522 95
88523 13
88524 121
88525 93
88526 44
88527 99
88528 132
88529 34
88530 93
88531 269
88532 93
88533 132
88534 114
88535 80
88536 128
88537 81
88538 9
88539 40
88540 88
88541 77
88542 24
88543 63
88544 117
88545 70
88546 109
88547 48
88548 76
88549 -1
88550 113
88551 15
88552 10
88553 81
88554 101
88555 31
88556 64
88557 77
88558 170
88559 51
88560 71
88561 58
88562 88
88563 95
88564 37
88565 44
88566 88
88567 143
88568 92
88569 102
88570 74
88571 140
88572 96
88573 97
88574 73
88575 24
88576 96
88577 89
88578 67
88579 100
88580 111
88581 115
88582 89
88583 60
88584 92
88585 106
88586 154
88587 96
88588 78
88589 39
88590 100
88591 109
88592 96
88593 28
88594 77
88595 78
88596 -14
88597 129
88598 88
88599 93
88600 119
88601 70
88602 69
88603 172
88604 93
88605 118
88606 80
88607 144
88608 94
88609 175
88610 128
88611 106
88612 94
88613 153
88614 55
88615 55
88616 105
88617 67
88618 176
88619 74
88620 47
88621 60
88622 43
88623 65
88624 33
88625 13
88626 86
88627 98
88628 46
88629 99
88630 37
88631 93
88632 55
88633 108
88634 17
88635 74
88636 88
88637 81
88638 70
88639 77
88640 142
88641 65
88642 194
88643 94
88644 119
88645 101
88646 81
88647 54
88648 132
88649 22
88650 43
88651 108
88652 97
88653 18
88654 29
88655 55
88656 78
88657 96
88658 63
88659 49
88660 28
88661 113
88662 52
88663 12
88664 53
88665 24
88666 57
88667 18
88668 136
88669 77
88670 51
88671 29
88672 50
88673 90
88674 90
88675 94
88676 71
88677 97
88678 79
88679 65
88680 87
88681 27
88682 164
88683 75
88684 105
88685 53
88686 118
88687 92
88688 124
88689 76
88690 88
88691 92
88692 120
88693 77
88694 71
88695 156
88696 68
88697 103
88698 92
88699 112
88700 90
88701 82
88702 30
88703 214
88704 77
88705 162
88706 226
88707 126
88708 171
88709 40
88710 88
88711 89
88712 131
88713 47
88714 18
88715 76
88716 112
88717 59
88718 106
88719 119
88720 180
88721 56
88722 76
88723 40
88724 119
88725 51
88726 11
88727 71
88728 117
88729 68
88730 93
88731 90
88732 66
88733 8
88734 19
88735 80
88736 94
88737 38
88738 105
88739 49
88740 127
88741 72
88742 45
88743 53
88744 111
88745 25
88746 100
88747 127
88748 107
88749 135
88750 81
88751 10
88752 81
88753 58
88754 85
88755 80
88756 82
88757 83
88758 125
88759 144
88760 110
88761 152
88762 102
88763 99
88764 65
88765 81
88766 86
88767 96
88768 124
88769 42
88770 72
88771 81
88772 41
88773 51
88774 77
88775 43
88776 49
88777 71
88778 83
88779 73
88780 40
88781 47
88782 68
88783 71
88784 108
88785 100
88786 116
88787 93
88788 154
88789 119
88790 44
88791 113
88792 128
88793 94
88794 116
88795 139
88796 80
88797 116
88798 99
88799 126
88800 66
88801 115
88802 66
88803 48
88804 35
88805 71
88806 41
88807 86
88808 115
88809 27
88810 37
88811 98
88812 68
88813 99
88814 43
88815 78
88816 59
88817 52
88818 64
88819 27
88820 157
88821 61
88822 23
88823 85
88824 131
88825 112
88826 60
88827 36
88828 40
88829 47
88830 59
88831 59
88832 136
88833 49
88834 60
88835 134
88836 76
88837 40
88838 97
88839 50
88840 -8
88841 66
88842 112
88843 12
88844 64
88845 94
88846 115
88847 67
88848 59
88849 68
88850 52
88851 92
88852 92
88853 88
88854 34
88855 140
88856 102
88857 58
88858 40
88859 59
88860 117
88861 59
88862 27
88863 62
88864 207
88865 47
88866 129
88867 90
88868 64
88869 65
88870 51
88871 123
88872 71
88873 52
88874 69
88875 97
88876 31
88877 88
88878 100
88879 40
88880 107
88881 89
88882 7
88883 54
88884 74
88885 38
88886 58
88887 70
88888 74
88889 86
88890 98
88891 70
88892 40
88893 53
88894 101
88895 71
88896 81
88897 38
88898 104
88899 99
88900 36
88901 108
88902 90
88903 104
88904 21
88905 79
88906 131
88907 122
88908 92
88909 114
88910 101
88911 104
88912 86
88913 45
88914 78
88915 51
88916 114
88917 33
88918 76
88919 62
88920 70
88921 63
88922 109
88923 41
88924 110
88925 114
88926 53
88927 97
88928 54
88929 84
88930 73
88931 80
88932 78
88933 75
88934 140
88935 100
88936 126
88937 70
88938 76
88939 50
88940 106
88941 79
88942 27
88943 91
88944 144
88945 34
88946 79
88947 130
88948 68
88949 91
88950 153
88951 12
88952 17
88953 71
88954 53
88955 81
88956 91
88957 96
88958 40
88959 119
88960 17
88961 67
88962 75
88963 146
88964 40
88965 117
88966 17
88967 62
88968 117
88969 -3
88970 115
88971 129
88972 142
88973 62
88974 87
88975 106
88976 115
88977 95
88978 47
88979 35
88980 93
88981 115
88982 210
88983 164
88984 168
88985 91
88986 105
88987 86
88988 85
88989 73
88990 28
88991 48
88992 72
88993 227
88994 63
88995 77
88996 77
88997 36
88998 123
88999 167
89000 113
89001 87
89002 31
89003 84
89004 84
89005 92
89006 22
89007 70
89008 60
89009 131
89010 85
89011 52
89012 93
89013 47
89014 156
89015 67
89016 118
89017 97
89018 76
89019 109
89020 98
89021 21
89022 91
89023 37
89024 97
89025 79
89026 106
89027 130
89028 66
89029 109
89030 62
89031 123
89032 32
89033 82
89034 125
89035 80
89036 100
89037 96
89038 49
89039 128
89040 180
89041 88
89042 35
89043 73
89044 116
89045 82
89046 144
89047 85
89048 74
89049 107
89050 132
89051 80
89052 40
89053 91
89054 46
89055 81
89056 44
89057 90
89058 141
89059 79
89060 63
89061 22
89062 15
89063 88
89064 90
89065 67
89066 79
89067 81
89068 53
89069 77
89070 42
89071 91
89072 138
89073 21
89074 78
89075 88
89076 102
89077 85
89078 104
89079 54
89080 52
89081 53
89082 86
89083 74
89084 92
89085 113
89086 34
89087 51
89088 43
89089 47
89090 62
89091 53
89092 104
89093 28
89094 71
89095 54
89096 65
89097 38
89098 95
89099 95
89100 79
89101 114
89102 70
89103 61
89104 25
89105 89
89106 71
89107 120
89108 145
89109 63
89110 126
89111 91
89112 5
89113 88
89114 103
89115 125
89116 114
89117 74
89118 73
89119 80
89120 60
89121 106
89122 64
89123 57
89124 88
89125 127
89126 76
89127 62
89128 93
89129 103
89130 94
89131 8
89132 122
89133 72
89134 80
89135 108
89136 145
89137 41
89138 34
89139 68
89140 52
89141 92
89142 118
89143 89
89144 71
89145 180
89146 121
89147 70
89148 96
89149 56
89150 88
89151 64
89152 89
89153 90
89154 44
89155 87
89156 86
89157 177
89158 61
89159 122
89160 55
89161 74
89162 92
89163 70
89164 41
89165 48
89166 131
89167 51
89168 40
89169 86
89170 75
89171 70
89172 79
89173 33
89174 79
89175 40
89176 79
89177 87
89178 57
89179 64
89180 60
89181 115
89182 69
89183 88
89184 95
89185 56
89186 113
89187 73
89188 73
89189 118
89190 78
89191 141
89192 88
89193 103
89194 47
89195 94
89196 52
89197 69
89198 30
89199 124
89200 91
89201 14
89202 102
89203 82
89204 68
89205 57
89206 102
89207 85
89208 103
89209 68
89210 83
89211 122
89212 116
89213 129
89214 67
89215 26
89216 157
89217 79
89218 106
89219 40
89220 34
89221 73
89222 57
89223 100
89224 85
89225 134
89226 94
89227 73
89228 100
89229 40
89230 131
89231 89
89232 72
89233 128
89234 103
89235 74
89236 109
89237 120
89238 99
89239 58
89240 90
89241 124
89242 76
89243 53
89244 120
89245 85
89246 114
89247 78
89248 68
89249 80
89250 54
89251 84
89252 100
89253 81
89254 81
89255 79
89256 58
89257 62
89258 -2
89259 102
89260 86
89261 61
89262 71
89263 26
89264 74
89265 107
89266 81
89267 120
89268 122
89269 86
89270 99
89271 145
89272 69
89273 81
89274 87
89275 52
89276 100
89277 40
89278 82
89279 111
89280 251
89281 166
89282 99
89283 119
89284 86
89285 36
89286 90
89287 103
89288 92
89289 90
89290 83
89291 81
89292 104
89293 177
89294 13
89295 12
89296 43
89297 164
89298 79
89299 24
89300 78
89301 93
89302 65
89303 138
89304 133
89305 78
89306 127
89307 49
89308 89
89309 89
89310 122
89311 82
89312 91
89313 56
89314 80
89315 71
89316 143
89317 62
89318 54
89319 102
89320 121
89321 121
89322 154
89323 81
89324 21
89325 55
89326 74
89327 67
89328 60
89329 40
89330 50
89331 66
89332 133
89333 63
89334 17
89335 106
89336 35
89337 108
89338 60
89339 43
89340 -5
89341 82
89342 80
89343 85
89344 45
89345 61
89346 76
89347 81
89348 30
89349 52
89350 54
89351 51
89352 91
89353 45
89354 87
89355 129
89356 70
89357 83
89358 76
89359 58
89360 293
89361 105
89362 137
89363 163
89364 40
89365 87
89366 120
89367 34
89368 145
89369 64
89370 57
89371 47
89372 49
89373 45
89374 23
89375 56
89376 52
89377 62
89378 62
89379 39
89380 84
89381 65
89382 114
89383 94
89384 93
89385 136
89386 19
89387 27
89388 57
89389 94
89390 97
89391 117
89392 56
89393 30
89394 102
89395 91
89396 108
89397 106
89398 28
89399 36
89400 116
89401 22
89402 157
89403 152
89404 65
89405 47
89406 79
89407 172
89408 69
89409 79
89410 -11
89411 43
89412 119
89413 82
89414 124
89415 49
89416 96
89417 136
89418 68
89419 47
89420 106
89421 63
89422 43
89423 121
89424 60
89425 77
89426 27
89427 43
89428 94
89429 112
89430 98
89431 101
89432 62
89433 98
89434 86
89435 160
89436 78
89437 115
89438 83
89439 101
89440 40
89441 90
89442 108
89443 63
89444 32
89445 1
89446 32
89447 75
89448 79
89449 79
89450 94
89451 91
89452 91
89453 88
89454 141
89455 94
89456 59
89457 85
89458 79
89459 54
89460 87
89461 55
89462 84
89463 98
89464 81
89465 92
89466 78
89467 134
89468 51
89469 35
89470 97
89471 116
89472 34
89473 80
89474 41
89475 43
89476 108
89477 78
89478 177
89479 48
89480 46
89481 8
89482 31
89483 86
89484 36
89485 17
89486 102
89487 104
89488 105
89489 54
89490 164
89491 46
89492 62
89493 53
89494 147
89495 65
89496 118
89497 73
89498 100
89499 79
89500 79
89501 94
89502 147
89503 88
89504 73
89505 83
89506 -12
89507 59
89508 93
89509 187
89510 121
89511 49
89512 111
89513 78
89514 84
89515 26
89516 78
89517 76
89518 106
89519 106
89520 81
89521 65
89522 157
89523 104
89524 40
89525 95
89526 133
89527 72
89528 73
89529 121
89530 56
89531 78
89532 85
89533 59
89534 89
89535 94
89536 155
89537 34
89538 97
89539 65
89540 80
89541 197
89542 73
89543 104
89544 139
89545 123
89546 116
89547 55
89548 46
89549 77
89550 79
89551 72
89552 38
89553 82
89554 78
89555 76
89556 82
89557 53
89558 68
89559 81
89560 95
89561 103
89562 98
89563 111
89564 63
89565 103
89566 114
89567 57
89568 40
89569 34
89570 80
89571 48
89572 126
89573 44
89574 103
89575 91
89576 64
89577 123
89578 116
89579 151
89580 83
89581 83
89582 77
89583 81
89584 59
89585 55
89586 92
89587 47
89588 73
89589 56
89590 58
89591 37
89592 44
89593 98
89594 63
89595 133
89596 69
89597 89
89598 50
89599 159
89600 70
89601 73
89602 78
89603 58
89604 70
89605 97
89606 116
89607 110
89608 185
89609 109
89610 61
89611 134
89612 64
89613 77
89614 66
89615 118
89616 73
89617 90
89618 68
89619 66
89620 182
89621 95
89622 105
89623 86
89624 71
89625 55
89626 78
89627 14
89628 55
89629 -1
89630 43
89631 79
89632 5
89633 79
89634 106
89635 114
89636 89
89637 71
89638 67
89639 68
89640 101
89641 88
89642 84
89643 78
89644 37
89645 84
89646 52
89647 116
89648 45
89649 66
89650 15
89651 87
89652 77
89653 76
89654 20
89655 86
89656 129
89657 79
89658 41
89659 52
89660 126
89661 106
89662 148
89663 89
89664 44
89665 91
89666 56
89667 46
89668 53
89669 130
89670 122
89671 5
89672 49
89673 105
89674 163
89675 32
89676 157
89677 20
89678 100
89679 108
89680 72
89681 60
89682 70
89683 85
89684 73
89685 88
89686 74
89687 74
89688 66
89689 118
89690 68
89691 124
89692 128
89693 63
89694 82
89695 76
89696 78
89697 65
89698 57
89699 71
89700 99
89701 46
89702 75
89703 57
89704 82
89705 122
89706 95
89707 102
89708 205
89709 84
89710 95
89711 84
89712 41
89713 22
89714 63
89715 55
89716 156
89717 84
89718 105
89719 96
89720 51
89721 43
89722 -2
89723 89
89724 85
89725 60
89726 72
89727 114
89728 -5
89729 52
89730 78
89731 70
89732 95
89733 37
89734 57
89735 30
89736 117
89737 13
89738 101
89739 98
89740 91
89741 84
89742 52
89743 75
89744 56
89745 96
89746 93
89747 72
89748 100
89749 103
89750 145
89751 102
89752 106
89753 67
89754 113
89755 83
89756 30
89757 57
89758 32
89759 95
89760 100
89761 122
89762 96
89763 48
89764 146
89765 28
89766 24
89767 50
89768 6
89769 96
89770 69
89771 93
89772 35
89773 40
89774 33
89775 88
89776 107
89777 91
89778 50
89779 158
89780 69
89781 109
89782 48
89783 115
89784 35
89785 71
89786 85
89787 23
89788 92
89789 49
89790 85
89791 50
89792 76
89793 -3
89794 33
89795 86
89796 59
89797 152
89798 115
89799 68
89800 85
89801 89
89802 29
89803 41
89804 81
89805 156
89806 131
89807 78
89808 118
89809 96
89810 64
89811 21
89812 115
89813 113
89814 106
89815 93
89816 54
89817 96
89818 23
89819 98
89820 68
89821 88
89822 92
89823 75
89824 50
89825 57
89826 133
89827 126
89828 89
89829 41
89830 157
89831 95
89832 146
89833 185
89834 94
89835 53
89836 89
89837 54
89838 71
89839 122
89840 55
89841 79
89842 60
89843 62
89844 76
89845 78
89846 83
89847 99
89848 75
89849 109
89850 55
89851 80
89852 100
89853 93
89854 66
89855 86
89856 205
89857 62
89858 53
89859 38
89860 62
89861 61
89862 161
89863 41
89864 88
89865 48
89866 9
89867 99
89868 74
89869 33
89870 104
89871 60
89872 91
89873 116
89874 98
89875 115
89876 61
89877 68
89878 52
89879 44
89880 114
89881 89
89882 140
89883 70
89884 68
89885 93
89886 88
89887 97
89888 45
89889 161
89890 95
89891 88
89892 28
89893 92
89894 22
89895 76
89896 131
89897 141
89898 98
89899 71
89900 32
89901 34
89902 121
89903 86
89904 42
89905 86
89906 67
89907 74
89908 135
89909 37
89910 109
89911 81
89912 133
89913 35
89914 55
89915 79
89916 62
89917 139
89918 148
89919 58
89920 37
89921 74
89922 67
89923 92
89924 86
89925 78
89926 126
89927 125
89928 103
89929 69
89930 80
89931 61
89932 23
89933 108
89934 83
89935 70
89936 84
89937 74
89938 104
89939 55
89940 75
89941 77
89942 224
89943 145
89944 65
89945 76
89946 92
89947 90
89948 70
89949 42
89950 56
89951 57
89952 65
89953 111
89954 77
89955 59
89956 103
89957 66
89958 110
89959 36
89960 50
89961 71
89962 109
89963 111
89964 32
89965 75
89966 97
89967 34
89968 113
89969 38
89970 88
89971 72
89972 61
89973 125
89974 60
89975 103
89976 87
89977 110
89978 176
89979 97
89980 101
89981 128
89982 84
89983 66
89984 64
89985 77
89986 87
89987 111
89988 127
89989 63
89990 29
89991 78
89992 88
89993 86
89994 56
89995 91
89996 67
89997 116
89998 101
89999 67
90000 97
90001 48
90002 125
90003 28
90004 81
90005 78
90006 55
90007 73
90008 22
90009 161
90010 130
90011 40
90012 130
90013 108
90014 91
90015 43
90016 31
90017 212
90018 53
90019 68
90020 129
90021 145
90022 103
90023 78
90024 114
90025 45
90026 62
90027 64
90028 138
90029 110
90030 98
90031 131
90032 84
90033 38
90034 50
90035 114
90036 85
90037 71
90038 99
90039 60
90040 37
90041 51
90042 25
90043 110
90044 92
90045 152
90046 85
90047 55
90048 98
90049 79
90050 75
90051 62
90052 41
90053 81
90054 146
90055 52
90056 37
90057 9
90058 62
90059 35
90060 25
90061 85
90062 93
90063 59
90064 77
90065 64
90066 136
90067 55
90068 89
90069 137
90070 49
90071 46
90072 53
90073 129
90074 29
90075 93
90076 81
90077 61
90078 70
90079 24
90080 55
90081 18
90082 92
90083 42
90084 49
90085 66
90086 93
90087 65
90088 92
90089 75
90090 2
90091 63
90092 106
90093 102
90094 95
90095 73
90096 49
90097 84
90098 71
90099 82
90100 42
90101 37
90102 84
90103 52
90104 38
90105 65
90106 71
90107 11
90108 75
90109 105
90110 95
90111 84
90112 117
90113 67
90114 164
90115 66
90116 44
90117 69
90118 59
90119 43
90120 49
90121 89
90122 118
90123 128
90124 73
90125 60
90126 79
90127 14
90128 115
90129 154
90130 108
90131 124
90132 25
90133 63
90134 84
90135 66
90136 124
90137 46
90138 137
90139 52
90140 67
90141 147
90142 154
90143 42
90144 121
90145 44
90146 18
90147 61
90148 66
90149 43
90150 80
90151 47
90152 83
90153 44
90154 54
90155 66
90156 57
90157 25
90158 78
90159 84
90160 144
90161 112
90162 102
90163 64
90164 82
90165 113
90166 90
90167 57
90168 53
90169 70
90170 70
90171 61
90172 161
90173 99
90174 71
90175 59
90176 30
90177 37
90178 101
90179 79
90180 124
90181 67
90182 126
90183 59
90184 2
90185 104
90186 85
90187 115
90188 113
90189 125
90190 97
90191 71
90192 96
90193 99
90194 118
90195 51
90196 51
90197 2
90198 105
90199 96
90200 74
90201 84
90202 81
90203 76
90204 86
90205 76
90206 44
90207 101
90208 77
90209 24
90210 94
90211 91
90212 69
90213 97
90214 72
90215 116
90216 80
90217 51
90218 64
90219 90
90220 77
90221 97
90222 145
90223 28
90224 91
90225 46
90226 86
90227 105
90228 104
90229 131
90230 115
90231 81
90232 111
90233 83
90234 118
90235 66
90236 142
90237 53
90238 122
90239 142
90240 66
90241 15
90242 69
90243 9
90244 32
90245 182
90246 45
90247 96
90248 99
90249 39
90250 122
90251 43
90252 169
90253 104
90254 128
90255 52
90256 57
90257 115
90258 47
90259 64
90260 155
90261 105
90262 58
90263 107
90264 29
90265 78
90266 69
90267 71
90268 107
90269 72
90270 51
90271 54
90272 83
90273 52
90274 61
90275 90
90276 66
90277 102
90278 176
90279 93
90280 53
90281 80
90282 102
90283 49
90284 62
90285 10
90286 108
90287 42
90288 95
90289 167
90290 96
90291 75
90292 103
90293 58
90294 98
90295 84
90296 83
90297 80
90298 107
90299 51
90300 91
90301 39
90302 92
90303 83
90304 79
90305 115
90306 88
90307 106
90308 107
90309 92
90310 70
90311 115
90312 29
90313 67
90314 113
90315 63
90316 94
90317 110
90318 151
90319 47
90320 138
90321 81
90322 76
90323 88
90324 95
90325 71
90326 103
90327 50
90328 47
90329 74
90330 88
90331 96
90332 73
90333 83
90334 116
90335 -22
90336 50
90337 41
90338 39
90339 193
90340 73
90341 106
90342 97
90343 71
90344 83
90345 76
90346 112
90347 82
90348 8
90349 69
90350 101
90351 58
90352 77
90353 109
90354 129
90355 141
90356 84
90357 91
90358 63
90359 59
90360 56
90361 -9
90362 68
90363 91
90364 105
90365 112
90366 9
90367 81
90368 49
90369 80
90370 123
90371 93
90372 137
90373 59
90374 123
90375 69
90376 77
90377 92
90378 26
90379 95
90380 74
90381 48
90382 89
90383 41
90384 138
90385 34
90386 121
90387 136
90388 103
90389 71
90390 40
90391 123
90392 73
90393 28
90394 50
90395 93
90396 136
90397 60
90398 98
90399 100
90400 114
90401 7
90402 69
90403 112
90404 77
90405 65
90406 50
90407 81
90408 69
90409 73
90410 80
90411 38
90412 179
90413 8
90414 60
90415 77
90416 63
90417 52
90418 65
90419 138
90420 52
90421 20
90422 74
90423 72
90424 95
90425 125
90426 117
90427 70
90428 99
90429 85
90430 124
90431 70
90432 49
90433 96
90434 77
90435 110
90436 79
90437 75
90438 48
90439 43
90440 145
90441 100
90442 83
90443 75
90444 87
90445 106
90446 131
90447 46
90448 26
90449 156
90450 59
90451 103
90452 21
90453 137
90454 65
90455 78
90456 143
90457 76
90458 84
90459 14
90460 82
90461 109
90462 130
90463 81
90464 26
90465 71
90466 180
90467 56
90468 77
90469 95
90470 78
90471 97
90472 151
90473 104
90474 50
90475 128
90476 82
90477 87
90478 79
90479 58
90480 24
90481 78
90482 35
90483 99
90484 69
90485 60
90486 73
90487 96
90488 114
90489 59
90490 118
90491 95
90492 14
90493 111
90494 22
90495 53
90496 88
90497 104
90498 67
90499 82
90500 146
90501 99
90502 40
90503 105
90504 90
90505 90
90506 99
90507 112
90508 213
90509 116
90510 81
90511 61
90512 128
90513 43
90514 128
90515 37
90516 88
90517 79
90518 132
90519 52
90520 79
90521 91
90522 133
90523 142
90524 106
90525 101
90526 87
90527 50
90528 87
90529 67
90530 65
90531 106
90532 59
90533 123
90534 32
90535 94
90536 138
90537 214
90538 20
90539 104
90540 123
90541 156
90542 137
90543 73
90544 90
90545 49
90546 151
90547 92
90548 25
90549 116
90550 56
90551 40
90552 34
90553 138
90554 70
90555 106
90556 133
90557 62
90558 143
90559 98
90560 106
90561 152
90562 71
90563 53
90564 83
90565 90
90566 22
90567 98
90568 44
90569 63
90570 64
90571 44
90572 39
90573 64
90574 260
90575 59
90576 46
90577 90
90578 34
90579 127
90580 60
90581 61
90582 87
90583 88
90584 53
90585 147
90586 99
90587 71
90588 57
90589 35
90590 54
90591 22
90592 48
90593 118
90594 47
90595 45
90596 38
90597 57
90598 80
90599 99
90600 59
90601 49
90602 83
90603 95
90604 51
90605 59
90606 88
90607 82
90608 94
90609 93
90610 140
90611 103
90612 113
90613 18
90614 79
90615 85
90616 53
90617 39
90618 118
90619 52
90620 114
90621 88
90622 70
90623 84
90624 47
90625 60
90626 38
90627 73
90628 47
90629 63
90630 64
90631 57
90632 84
90633 82
90634 118
90635 89
90636 66
90637 125
90638 125
90639 70
90640 45
90641 28
90642 115
90643 100
90644 171
90645 79
90646 68
90647 37
90648 66
90649 75
90650 124
90651 87
90652 88
90653 120
90654 81
90655 86
90656 108
90657 101
90658 89
90659 109
90660 142
90661 54
90662 165
90663 65
90664 63
90665 64
90666 51
90667 97
90668 33
90669 36
90670 120
90671 148
90672 126
90673 45
90674 53
90675 84
90676 84
90677 40
90678 109
90679 63
90680 18
90681 139
90682 48
90683 80
90684 83
90685 69
90686 41
90687 161
90688 53
90689 105
90690 -22
90691 91
90692 76
90693 62
90694 34
90695 93
90696 61
90697 67
90698 110
90699 17
90700 52
90701 104
90702 110
90703 34
90704 94
90705 65
90706 60
90707 17
90708 122
90709 76
90710 120
90711 77
90712 90
90713 74
90714 145
90715 100
90716 54
90717 53
90718 71
90719 17
90720 72
90721 74
90722 114
90723 104
90724 48
90725 142
90726 79
90727 61
90728 48
90729 -6
90730 119
90731 54
90732 41
90733 53
90734 92
90735 88
90736 109
90737 54
90738 18
90739 92
90740 57
90741 82
90742 60
90743 65
90744 128
90745 89
90746 134
90747 113
90748 89
90749 55
90750 100
90751 72
90752 139
90753 46
90754 119
90755 65
90756 110
90757 75
90758 103
90759 74
90760 83
90761 72
90762 89
90763 93
90764 107
90765 139
90766 138
90767 78
90768 97
90769 94
90770 63
90771 133
90772 85
90773 76
90774 94
90775 59
90776 72
90777 80
90778 77
90779 41
90780 100
90781 100
90782 69
90783 102
90784 71
90785 47
90786 53
90787 124
90788 56
90789 77
90790 43
90791 177
90792 57
90793 176
90794 105
90795 88
90796 144
90797 82
90798 89
90799 168
90800 87
90801 135
90802 74
90803 87
90804 108
90805 24
90806 30
90807 76
90808 100
90809 96
90810 39
90811 39
90812 57
90813 57
90814 92
90815 55
90816 96
90817 95
90818 88
90819 117
90820 134
90821 105
90822 63
90823 61
90824 105
90825 73
90826 35
90827 91
90828 83
90829 60
90830 101
90831 78
90832 136
90833 136
90834 54
90835 85
90836 74
90837 136
90838 73
90839 88
90840 73
90841 123
90842 74
90843 117
90844 85
90845 18
90846 99
90847 80
90848 64
90849 68
90850 53
90851 46
90852 47
90853 124
90854 81
90855 84
90856 68
90857 89
90858 126
90859 45
90860 66
90861 67
90862 92
90863 105
90864 98
90865 122
90866 93
90867 101
90868 91
90869 37
90870 125
90871 85
90872 80
90873 116
90874 75
90875 93
90876 121
90877 103
90878 39
90879 69
90880 65
90881 58
90882 72
90883 50
90884 114
90885 57
90886 42
90887 120
90888 134
90889 42
90890 64
90891 26
90892 219
90893 49
90894 72
90895 29
90896 89
90897 111
90898 87
90899 46
90900 90
90901 79
90902 120
90903 92
90904 85
90905 80
90906 78
90907 83
90908 117
90909 54
90910 83
90911 100
90912 87
90913 68
90914 96
90915 94
90916 124
90917 95
90918 130
90919 91
90920 128
90921 47
90922 82
90923 16
90924 95
90925 58
90926 50
90927 79
90928 35
90929 87
90930 80
90931 105
90932 60
90933 129
90934 115
90935 100
90936 81
90937 120
90938 62
90939 39
90940 73
90941 165
90942 122
90943 89
90944 103
90945 56
90946 31
90947 154
90948 74
90949 81
90950 51
90951 97
90952 47
90953 50
90954 85
90955 82
90956 54
90957 54
90958 107
90959 50
90960 67
90961 65
90962 101
90963 59
90964 27
90965 77
90966 111
90967 52
90968 69
90969 120
90970 60
90971 136
90972 100
90973 53
90974 66
90975 70
90976 44
90977 84
90978 72
90979 58
90980 111
90981 136
90982 23
90983 97
90984 99
90985 81
90986 248
90987 61
90988 77
90989 75
90990 104
90991 62
90992 108
90993 35
90994 110
90995 59
90996 138
90997 112
90998 62
90999 78
91000 84
91001 33
91002 82
91003 29
91004 76
91005 60
91006 94
91007 51
91008 46
91009 109
91010 54
91011 58
91012 104
91013 135
91014 204
91015 104
91016 41
91017 63
91018 102
91019 31
91020 76
91021 79
91022 78
91023 54
91024 81
91025 66
91026 160
91027 57
91028 115
91029 75
91030 60
91031 84
91032 39
91033 155
91034 122
91035 47
91036 113
91037 77
91038 85
91039 109
91040 93
91041 51
91042 89
91043 3
91044 86
91045 80
91046 69
91047 80
91048 45
91049 88
91050 82
91051 43
91052 53
91053 40
91054 115
91055 104
91056 62
91057 117
91058 69
91059 82
91060 70
91061 110
91062 49
91063 59
91064 60
91065 55
91066 128
91067 102
91068 93
91069 52
91070 75
91071 113
91072 99
91073 77
91074 78
91075 126
91076 90
91077 90
91078 75
91079 146
91080 105
91081 117
91082 112
91083 93
91084 124
91085 59
91086 102
91087 60
91088 19
91089 76
91090 56
91091 93
91092 83
91093 57
91094 68
91095 53
91096 73
91097 65
91098 85
91099 49
91100 114
91101 47
91102 100
91103 53
91104 75
91105 42
91106 34
91107 30
91108 160
91109 150
91110 55
91111 78
91112 76
91113 140
91114 81
91115 54
91116 48
91117 35
91118 65
91119 55
91120 75
91121 126
91122 45
91123 44
91124 35
91125 88
91126 112
91127 21
91128 71
91129 95
91130 88
91131 53
91132 92
91133 75
91134 91
91135 68
91136 12
91137 40
91138 24
91139 54
91140 102
91141 72
91142 118
91143 35
91144 107
91145 77
91146 141
91147 85
91148 115
91149 70
91150 68
91151 28
91152 57
91153 66
91154 20
91155 8
91156 88
91157 82
91158 145
91159 110
91160 107
91161 58
91162 111
91163 110
91164 72
91165 -6
91166 55
91167 78
91168 106
91169 86
91170 113
91171 142
91172 99
91173 147
91174 100
91175 77
91176 61
91177 89
91178 114
91179 83
91180 97
91181 27
91182 63
91183 69
91184 70
91185 110
91186 59
91187 38
91188 81
91189 95
91190 119
91191 112
91192 77
91193 53
91194 65
91195 85
91196 112
91197 84
91198 60
91199 113
91200 71
91201 52
91202 133
91203 112
91204 70
91205 20
91206 25
91207 79
91208 80
91209 78
91210 39
91211 10
91212 122
91213 5
91214 87
91215 168
91216 74
91217 48
91218 102
91219 38
91220 76
91221 134
91222 53
91223 78
91224 49
91225 63
91226 99
91227 29
91228 60
91229 22
91230 37
91231 135
91232 162
91233 79
91234 84
91235 83
91236 70
91237 -24
91238 69
91239 60
91240 132
91241 42
91242 92
91243 86
91244 108
91245 99
91246 22
91247 104
91248 122
91249 99
91250 118
91251 68
91252 85
91253 47
91254 58
91255 94
91256 58
91257 109
91258 67
91259 94
91260 144
91261 20
91262 60
91263 121
91264 30
91265 53
91266 54
91267 68
91268 72
91269 28
91270 57
91271 167
91272 44
91273 55
91274 47
91275 104
91276 63
91277 68
91278 52
91279 88
91280 56
91281 90
91282 72
91283 135
91284 41
91285 137
91286 75
91287 75
91288 77
91289 63
91290 46
91291 144
91292 85
91293 79
91294 49
91295 72
91296 64
91297 113
91298 75
91299 46
91300 96
91301 56
91302 17
91303 103
91304 91
91305 36
91306 65
91307 56
91308 72
91309 61
91310 49
91311 58
91312 -5
91313 143
91314 149
91315 60
91316 98
91317 130
91318 79
91319 83
91320 74
91321 71
91322 81
91323 28
91324 55
91325 61
91326 129
91327 67
91328 74
91329 80
91330 69
91331 89
91332 102
91333 103
91334 112
91335 71
91336 50
91337 68
91338 167
91339 -1
91340 96
91341 70
91342 90
91343 57
91344 69
91345 80
91346 100
91347 86
91348 70
91349 108
91350 121
91351 39
91352 82
91353 86
91354 70
91355 101
91356 83
91357 107
91358 100
91359 62
91360 30
91361 95
91362 43
91363 63
91364 105
91365 67
91366 70
91367 161
91368 113
91369 102
91370 124
91371 83
91372 62
91373 107
91374 46
91375 86
91376 62
91377 73
91378 253
91379 88
91380 74
91381 106
91382 103
91383 158
91384 97
91385 105
91386 80
91387 58
91388 177
91389 85
91390 82
91391 65
91392 122
91393 65
91394 134
91395 83
91396 79
91397 110
91398 82
91399 82
91400 113
91401 30
91402 54
91403 32
91404 97
91405 82
91406 32
91407 84
91408 25
91409 100
91410 53
91411 117
91412 37
91413 35
91414 74
91415 75
91416 115
91417 129
91418 103
91419 42
91420 48
91421 116
91422 54
91423 117
91424 74
91425 82
91426 53
91427 74
91428 95
91429 41
91430 81
91431 45
91432 126
91433 48
91434 116
91435 36
91436 23
91437 91
91438 54
91439 89
91440 9
91441 73
91442 108
91443 172
91444 88
91445 82
91446 83
91447 100
91448 91
91449 50
91450 66
91451 14
91452 97
91453 20
91454 36
91455 164
91456 154
91457 78
91458 53
91459 104
91460 76
91461 38
91462 13
91463 33
91464 124
91465 62
91466 74
91467 40
91468 83
91469 67
91470 41
91471 105
91472 110
91473 28
91474 148
91475 39
91476 108
91477 214
91478 111
91479 63
91480 88
91481 222
91482 63
91483 52
91484 69
91485 65
91486 107
91487 58
91488 111
91489 109
91490 111
91491 65
91492 84
91493 95
91494 85
91495 64
91496 24
91497 79
91498 19
91499 178
91500 71
91501 182
91502 97
91503 59
91504 39
91505 99
91506 103
91507 41
91508 36
91509 106
91510 101
91511 104
91512 46
91513 51
91514 88
91515 129
91516 49
91517 36
91518 60
91519 96
91520 42
91521 94
91522 67
91523 83
91524 92
91525 96
91526 103
91527 58
91528 81
91529 66
91530 86
91531 43
91532 11
91533 56
91534 105
91535 75
91536 82
91537 111
91538 39
91539 118
91540 102
91541 88
91542 40
91543 27
91544 144
91545 79
91546 104
91547 62
91548 93
91549 28
91550 54
91551 142
91552 73
91553 83
91554 71
91555 73
91556 33
91557 80
91558 69
91559 67
91560 12
91561 108
91562 92
91563 48
91564 77
91565 72
91566 37
91567 64
91568 67
91569 93
91570 75
91571 72
91572 151
91573 70
91574 45
91575 102
91576 66
91577 94
91578 52
91579 77
91580 57
91581 50
91582 97
91583 99
91584 108
91585 156
91586 84
91587 79
91588 49
91589 122
91590 65
91591 48
91592 86
91593 111
91594 141
91595 52
91596 115
91597 125
91598 39
91599 66
91600 118
91601 97
91602 78
91603 117
91604 82
91605 93
91606 102
91607 60
91608 93
91609 135
91610 25
91611 104
91612 80
91613 60
91614 104
91615 87
91616 39
91617 110
91618 88
91619 52
91620 12
91621 34
91622 74
91623 91
91624 160
91625 39
91626 93
91627 26
91628 61
91629 50
91630 67
91631 57
91632 111
91633 120
91634 51
91635 112
91636 84
91637 99
91638 -13
91639 89
91640 28
91641 80
91642 95
91643 102
91644 84
91645 64
91646 87
91647 46
91648 409
91649 98
91650 72
91651 86
91652 137
91653 93
91654 43
91655 95
91656 29
91657 42
91658 115
91659 70
91660 66
91661 98
91662 95
91663 68
91664 130
91665 64
91666 109
91667 81
91668 55
91669 94
91670 85
91671 110
91672 87
91673 23
91674 56
91675 63
91676 46
91677 80
91678 47
91679 83
91680 73
91681 44
91682 110
91683 20
91684 20
91685 56
91686 104
91687 51
91688 88
91689 108
91690 101
91691 82
91692 26
91693 56
91694 18
91695 78
91696 46
91697 69
91698 83
91699 22
91700 111
91701 127
91702 87
91703 103
91704 -18
91705 52
91706 102
91707 93
91708 30
91709 64
91710 105
91711 63
91712 73
91713 38
91714 74
91715 61
91716 72
91717 108
91718 88
91719 51
91720 45
91721 111
91722 97
91723 88
91724 83
91725 63
91726 67
91727 108
91728 62
91729 27
91730 27
91731 142
91732 144
91733 76
91734 110
91735 60
91736 79
91737 38
91738 81
91739 64
91740 45
91741 58
91742 58
91743 26
91744 58
91745 36
91746 103
91747 55
91748 44
91749 86
91750 6
91751 120
91752 64
91753 92
91754 23
91755 127
91756 77
91757 104
91758 65
91759 108
91760 38
91761 83
91762 56
91763 129
91764 23
91765 47
91766 61
91767 61
91768 54
91769 54
91770 109
91771 72
91772 109
91773 87
91774 78
91775 81
91776 65
91777 137
91778 49
91779 56
91780 85
91781 85
91782 53
91783 92
91784 118
91785 84
91786 32
91787 91
91788 41
91789 106
91790 87
91791 117
91792 94
91793 118
91794 68
91795 40
91796 88
91797 85
91798 57
91799 90
91800 63
91801 63
91802 67
91803 78
91804 71
91805 96
91806 84
91807 40
91808 56
91809 109
91810 51
91811 60
91812 49
91813 104
91814 93
91815 101
91816 92
91817 74
91818 53
91819 113
91820 70
91821 87
91822 44
91823 47
91824 69
91825 65
91826 149
91827 57
91828 152
91829 52
91830 47
91831 56
91832 92
91833 47
91834 20
91835 79
91836 83
91837 34
91838 105
91839 46
91840 113
91841 60
91842 92
91843 99
91844 105
91845 140
91846 153
91847 22
91848 87
91849 82
91850 72
91851 141
91852 63
91853 89
91854 86
91855 121
91856 36
91857 88
91858 87
91859 62
91860 88
91861 82
91862 33
91863 64
91864 84
91865 61
91866 43
91867 99
91868 52
91869 77
91870 1
91871 77
91872 55
91873 86
91874 20
91875 36
91876 35
91877 105
91878 73
91879 124
91880 65
91881 75
91882 37
91883 101
91884 19
91885 66
91886 103
91887 80
91888 106
91889 122
91890 49
91891 101
91892 94
91893 9
91894 75
91895 90
91896 77
91897 -2
91898 59
91899 109
91900 67
91901 77
91902 100
91903 81
91904 77
91905 93
91906 71
91907 50
91908 91
91909 130
91910 56
91911 104
91912 56
91913 112
91914 76
91915 57
91916 78
91917 120
91918 121
91919 78
91920 92
91921 141
91922 80
91923 56
91924 95
91925 72
91926 61
91927 70
91928 25
91929 125
91930 134
91931 87
91932 46
91933 115
91934 47
91935 160
91936 64
91937 27
91938 52
91939 64
91940 89
91941 69
91942 104
91943 95
91944 100
91945 33
91946 53
91947 90
91948 75
91949 100
91950 69
91951 37
91952 110
91953 39
91954 82
91955 89
91956 118
91957 56
91958 65
91959 60
91960 50
91961 86
91962 98
91963 103
91964 59
91965 51
91966 82
91967 75
91968 69
91969 126
91970 68
91971 167
91972 29
91973 78
91974 80
91975 30
91976 129
91977 22
91978 17
91979 28
91980 37
91981 65
91982 103
91983 80
91984 88
91985 46
91986 34
91987 25
91988 106
91989 96
91990 177
91991 69
91992 136
91993 38
91994 85
91995 73
91996 11
91997 68
91998 66
91999 90
92000 46
92001 22
92002 183
92003 86
92004 83
92005 41
92006 65
92007 63
92008 63
92009 105
92010 127
92011 24
92012 22
92013 97
92014 97
92015 79
92016 105
92017 95
92018 17
92019 65
92020 72
92021 106
92022 79
92023 76
92024 93
92025 76
92026 82
92027 53
92028 42
92029 44
92030 80
92031 56
92032 95
92033 57
92034 43
92035 73
92036 101
92037 68
92038 37
92039 101
92040 135
92041 137
92042 72
92043 48
92044 87
92045 105
92046 23
92047 94
92048 82
92049 65
92050 61
92051 111
92052 93
92053 62
92054 106
92055 70
92056 46
92057 70
92058 73
92059 33
92060 102
92061 80
92062 38
92063 41
92064 88
92065 101
92066 73
92067 64
92068 101
92069 54
92070 91
92071 109
92072 83
92073 51
92074 73
92075 74
92076 63
92077 93
92078 76
92079 63
92080 78
92081 113
92082 57
92083 60
92084 25
92085 97
92086 73
92087 55
92088 113
92089 110
92090 78
92091 17
92092 90
92093 76
92094 22
92095 64
92096 51
92097 101
92098 65
92099 91
92100 90
92101 36
92102 101
92103 90
92104 72
92105 92
92106 58
92107 96
92108 110
92109 29
92110 78
92111 51
92112 115
92113 101
92114 121
92115 5
92116 89
92117 74
92118 65
92119 44
92120 108
92121 239
92122 123
92123 132
92124 103
92125 69
92126 71
92127 82
92128 78
92129 82
92130 53
92131 48
92132 85
92133 57
92134 60
92135 85
92136 64
92137 48
92138 47
92139 38
92140 64
92141 88
92142 110
92143 132
92144 106
92145 31
92146 64
92147 43
92148 60
92149 22
92150 73
92151 135
92152 122
92153 87
92154 75
92155 140
92156 111
92157 109
92158 140
92159 60
92160 112
92161 95
92162 112
92163 100
92164 64
92165 85
92166 99
92167 105
92168 45
92169 72
92170 99
92171 49
92172 91
92173 60
92174 46
92175 100
92176 106
92177 131
92178 45
92179 89
92180 106
92181 83
92182 114
92183 64
92184 42
92185 87
92186 113
92187 65
92188 75
92189 79
92190 153
92191 25
92192 86
92193 52
92194 80
92195 110
92196 75
92197 72
92198 32
92199 74
92200 80
92201 56
92202 95
92203 58
92204 31
92205 88
92206 80
92207 29
92208 76
92209 78
92210 69
92211 97
92212 49
92213 94
92214 73
92215 71
92216 38
92217 40
92218 100
92219 121
92220 86
92221 73
92222 47
92223 43
92224 72
92225 71
92226 58
92227 67
92228 101
92229 37
92230 46
92231 57
92232 62
92233 70
92234 98
92235 47
92236 82
92237 71
92238 70
92239 120
92240 56
92241 41
92242 81
92243 114
92244 86
92245 81
92246 78
92247 105
92248 82
92249 90
92250 76
92251 85
92252 89
92253 64
92254 62
92255 42
92256 56
92257 76
92258 78
92259 140
92260 46
92261 119
92262 27
92263 112
92264 88
92265 64
92266 113
92267 59
92268 76
92269 164
92270 83
92271 76
92272 54
92273 42
92274 60
92275 42
92276 58
92277 219
92278 49
92279 123
92280 45
92281 72
92282 92
92283 85
92284 164
92285 76
92286 100
92287 41
92288 102
92289 35
92290 42
92291 95
92292 117
92293 91
92294 94
92295 75
92296 98
92297 30
92298 74
92299 142
92300 191
92301 100
92302 103
92303 86
92304 66
92305 128
92306 64
92307 106
92308 39
92309 79
92310 33
92311 99
92312 24
92313 66
92314 29
92315 68
92316 25
92317 43
92318 71
92319 72
92320 94
92321 2
92322 57
92323 61
92324 68
92325 72
92326 32
92327 82
92328 37
92329 119
92330 52
92331 63
92332 102
92333 71
92334 42
92335 35
92336 141
92337 40
92338 50
92339 47
92340 88
92341 59
92342 116
92343 101
92344 243
92345 72
92346 104
92347 114
92348 102
92349 61
92350 31
92351 80
92352 54
92353 147
92354 111
92355 52
92356 34
92357 74
92358 130
92359 81
92360 40
92361 100
92362 76
92363 84
92364 110
92365 80
92366 68
92367 88
92368 30
92369 63
92370 88
92371 91
92372 96
92373 58
92374 182
92375 52
92376 81
92377 89
92378 96
92379 77
92380 92
92381 90
92382 26
92383 119
92384 71
92385 148
92386 55
92387 126
92388 102
92389 19
92390 101
92391 24
92392 25
92393 72
92394 74
92395 89
92396 100
92397 116
92398 18
92399 166
92400 70
92401 65
92402 102
92403 80
92404 60
92405 108
92406 39
92407 111
92408 16
92409 59
92410 18
92411 86
92412 111
92413 83
92414 82
92415 77
92416 80
92417 125
92418 5
92419 33
92420 58
92421 105
92422 70
92423 51
92424 50
92425 109
92426 65
92427 67
92428 117
92429 97
92430 57
92431 94
92432 70
92433 63
92434 52
92435 64
92436 91
92437 59
92438 102
92439 107
92440 67
92441 93
92442 83
92443 12
92444 72
92445 68
92446 12
92447 59
92448 119
92449 39
92450 102
92451 72
92452 84
92453 59
92454 107
92455 75
92456 86
92457 86
92458 115
92459 50
92460 63
92461 22
92462 82
92463 91
92464 86
92465 35
92466 20
92467 73
92468 49
92469 70
92470 119
92471 56
92472 54
92473 72
92474 108
92475 62
92476 69
92477 86
92478 95
92479 16
92480 71
92481 18
92482 44
92483 70
92484 51
92485 55
92486 77
92487 95
92488 102
92489 67
92490 85
92491 84
92492 66
92493 85
92494 60
92495 52
92496 44
92497 28
92498 74
92499 101
92500 34
92501 74
92502 72
92503 64
92504 76
92505 73
92506 47
92507 77
92508 85
92509 22
92510 31
92511 73
92512 80
92513 85
92514 98
92515 57
92516 126
92517 49
92518 88
92519 77
92520 95
92521 65
92522 51
92523 34
92524 98
92525 113
92526 20
92527 88
92528 70
92529 45
92530 98
92531 -9
92532 62
92533 63
92534 94
92535 34
92536 77
92537 94
92538 42
92539 65
92540 48
92541 48
92542 53
92543 25
92544 100
92545 9
92546 106
92547 97
92548 86
92549 98
92550 57
92551 105
92552 33
92553 57
92554 52
92555 191
92556 82
92557 28
92558 96
92559 103
92560 45
92561 95
92562 93
92563 60
92564 59
92565 81
92566 68
92567 119
92568 98
92569 56
92570 107
92571 71
92572 89
92573 22
92574 62
92575 68
92576 61
92577 31
92578 92
92579 148
92580 49
92581 53
92582 111
92583 31
92584 86
92585 31
92586 68
92587 146
92588 65
92589 76
92590 44
92591 72
92592 65
92593 130
92594 -6
92595 143
92596 91
92597 69
92598 118
92599 23
92600 64
92601 113
92602 147
92603 99
92604 80
92605 40
92606 42
92607 57
92608 81
92609 91
92610 125
92611 21
92612 32
92613 85
92614 45
92615 104
92616 106
92617 63
92618 55
92619 67
92620 81
92621 76
92622 93
92623 26
92624 21
92625 53
92626 69
92627 85
92628 76
92629 37
92630 93
92631 53
92632 62
92633 85
92634 38
92635 48
92636 109
92637 140
92638 75
92639 109
92640 57
92641 58
92642 59
92643 56
92644 209
92645 105
92646 64
92647 60
92648 104
92649 86
92650 68
92651 34
92652 47
92653 65
92654 17
92655 90
92656 102
92657 43
92658 90
92659 101
92660 41
92661 94
92662 57
92663 124
92664 67
92665 90
92666 61
92667 43
92668 77
92669 128
92670 55
92671 66
92672 108
92673 96
92674 52
92675 47
92676 58
92677 76
92678 -18
92679 90
92680 -19
92681 99
92682 76
92683 105
92684 116
92685 -15
92686 106
92687 74
92688 69
92689 43
92690 54
92691 80
92692 65
92693 61
92694 183
92695 11
92696 91
92697 29
92698 40
92699 80
92700 116
92701 36
92702 111
92703 114
92704 131
92705 22
92706 97
92707 49
92708 90
92709 79
92710 78
92711 98
92712 84
92713 13
92714 60
92715 104
92716 139
92717 44
92718 110
92719 64
92720 32
92721 145
92722 93
92723 83
92724 62
92725 101
92726 90
92727 80
92728 89
92729 74
92730 115
92731 86
92732 78
92733 111
92734 -21
92735 103
92736 102
92737 76
92738 42
92739 69
92740 64
92741 82
92742 -26
92743 102
92744 66
92745 61
92746 39
92747 67
92748 38
92749 94
92750 64
92751 108
92752 87
92753 77
92754 91
92755 126
92756 54
92757 35
92758 86
92759 182
92760 38
92761 63
92762 101
92763 61
92764 46
92765 87
92766 6
92767 50
92768 44
92769 72
92770 47
92771 75
92772 -5
92773 142
92774 79
92775 103
92776 84
92777 115
92778 89
92779 80
92780 53
92781 91
92782 45
92783 128
92784 73
92785 25
92786 102
92787 78
92788 52
92789 106
92790 53
92791 118
92792 125
92793 76
92794 49
92795 90
92796 28
92797 66
92798 55
92799 56
92800 87
92801 7
92802 50
92803 74
92804 81
92805 45
92806 86
92807 61
92808 104
92809 61
92810 82
92811 187
92812 76
92813 73
92814 205
92815 42
92816 38
92817 94
92818 50
92819 38
92820 47
92821 38
92822 96
92823 37
92824 65
92825 84
92826 16
92827 53
92828 162
92829 98
92830 74
92831 79
92832 45
92833 90
92834 94
92835 51
92836 94
92837 109
92838 44
92839 113
92840 61
92841 43
92842 84
92843 77
92844 94
92845 93
92846 82
92847 110
92848 253
92849 78
92850 60
92851 147
92852 112
92853 98
92854 62
92855 56
92856 -2
92857 82
92858 128
92859 50
92860 132
92861 37
92862 105
92863 65
92864 45
92865 55
92866 162
92867 73
92868 44
92869 108
92870 60
92871 6
92872 89
92873 113
92874 136
92875 67
92876 96
92877 89
92878 99
92879 70
92880 68
92881 98
92882 104
92883 106
92884 53
92885 89
92886 99
92887 111
92888 80
92889 131
92890 80
92891 89
92892 118
92893 106
92894 71
92895 119
92896 25
92897 71
92898 20
92899 64
92900 146
92901 103
92902 58
92903 35
92904 86
92905 106
92906 54
92907 66
92908 129
92909 114
92910 139
92911 83
92912 62
92913 183
92914 82
92915 119
92916 102
92917 66
92918 121
92919 70
92920 59
92921 87
92922 157
92923 71
92924 128
92925 65
92926 34
92927 23
92928 44
92929 65
92930 81
92931 90
92932 66
92933 52
92934 54
92935 39
92936 79
92937 68
92938 95
92939 77
92940 60
92941 76
92942 86
92943 63
92944 66
92945 56
92946 81
92947 53
92948 112
92949 58
92950 95
92951 93
92952 58
92953 78
92954 115
92955 81
92956 80
92957 52
92958 76
92959 135
92960 53
92961 128
92962 81
92963 76
92964 37
92965 93
92966 47
92967 43
92968 54
92969 45
92970 127
92971 33
92972 60
92973 65
92974 33
92975 78
92976 116
92977 97
92978 80
92979 60
92980 67
92981 91
92982 96
92983 80
92984 110
92985 78
92986 126
92987 98
92988 100
92989 41
92990 40
92991 127
92992 110
92993 61
92994 89
92995 67
92996 52
92997 89
92998 61
92999 91
93000 78
93001 96
93002 26
93003 138
93004 33
93005 107
93006 96
93007 129
93008 75
93009 68
93010 29
93011 66
93012 56
93013 52
93014 78
93015 97
93016 91
93017 40
93018 51
93019 83
93020 69
93021 75
93022 121
93023 25
93024 127
93025 44
93026 56
93027 65
93028 69
93029 84
93030 74
93031 55
93032 46
93033 53
93034 121
93035 90
93036 6
93037 97
93038 5
93039 115
93040 69
93041 88
93042 113
93043 57
93044 104
93045 96
93046 46
93047 52
93048 75
93049 78
93050 71
93051 82
93052 36
93053 30
93054 91
93055 72
93056 94
93057 65
93058 63
93059 71
93060 33
93061 75
93062 100
93063 62
93064 42
93065 77
93066 38
93067 70
93068 79
93069 12
93070 70
93071 93
93072 69
93073 48
93074 154
93075 25
93076 69
93077 96
93078 56
93079 60
93080 47
93081 48
93082 35
93083 70
93084 14
93085 10
93086 8
93087 118
93088 89
93089 66
93090 54
93091 91
93092 64
93093 71
93094 37
93095 48
93096 70
93097 59
93098 99
93099 114
93100 65
93101 90
93102 64
93103 48
93104 97
93105 69
93106 89
93107 40
93108 102
93109 48
93110 70
93111 64
93112 48
93113 17
93114 84
93115 47
93116 22
93117 73
93118 11
93119 58
93120 50
93121 66
93122 37
93123 103
93124 79
93125 60
93126 50
93127 67
93128 119
93129 89
93130 78
93131 104
93132 107
93133 78
93134 -16
93135 81
93136 99
93137 2
93138 20
93139 4
93140 37
93141 77
93142 114
93143 52
93144 50
93145 135
93146 137
93147 64
93148 68
93149 67
93150 76
93151 42
93152 56
93153 43
93154 85
93155 105
93156 182
93157 61
93158 65
93159 57
93160 -26
93161 86
93162 72
93163 39
93164 108
93165 2
93166 110
93167 56
93168 66
93169 29
93170 64
93171 108
93172 39
93173 116
93174 57
93175 38
93176 70
93177 71
93178 61
93179 93
93180 91
93181 82
93182 118
93183 75
93184 24
93185 170
93186 77
93187 70
93188 67
93189 100
93190 54
93191 -17
93192 68
93193 46
93194 51
93195 55
93196 21
93197 102
93198 87
93199 97
93200 61
93201 84
93202 94
93203 48
93204 133
93205 53
93206 74
93207 47
93208 63
93209 90
93210 39
93211 129
93212 96
93213 60
93214 107
93215 46
93216 46
93217 60
93218 138
93219 140
93220 207
93221 88
93222 77
93223 69
93224 78
93225 102
93226 36
93227 78
93228 69
93229 43
93230 58
93231 47
93232 78
93233 89
93234 87
93235 87
93236 54
93237 103
93238 55
93239 97
93240 55
93241 65
93242 143
93243 28
93244 61
93245 47
93246 63
93247 76
93248 86
93249 110
93250 93
93251 94
93252 73
93253 63
93254 86
93255 30
93256 50
93257 25
93258 171
93259 68
93260 60
93261 16
93262 43
93263 30
93264 46
93265 67
93266 57
93267 33
93268 53
93269 46
93270 19
93271 94
93272 22
93273 73
93274 51
93275 86
93276 82
93277 30
93278 39
93279 150
93280 58
93281 32
93282 39
93283 89
93284 43
93285 89
93286 54
93287 19
93288 33
93289 30
93290 111
93291 83
93292 67
93293 72
93294 58
93295 37
93296 47
93297 53
93298 102
93299 34
93300 48
93301 8
93302 184
93303 80
93304 81
93305 76
93306 116
93307 58
93308 126
93309 58
93310 46
93311 51
93312 87
93313 40
93314 96
93315 37
93316 47
93317 123
93318 46
93319 44
93320 91
93321 84
93322 88
93323 23
93324 42
93325 44
93326 92
93327 91
93328 83
93329 105
93330 2
93331 83
93332 55
93333 62
93334 68
93335 84
93336 65
93337 78
93338 -5
93339 1
93340 52
93341 54
93342 72
93343 124
93344 90
93345 72
93346 62
93347 69
93348 139
93349 77
93350 87
93351 78
93352 79
93353 88
93354 41
93355 102
93356 65
93357 78
93358 82
93359 21
93360 78
93361 126
93362 80
93363 66
93364 73
93365 169
93366 32
93367 127
93368 69
93369 82
93370 136
93371 73
93372 48
93373 64
93374 82
93375 59
93376 74
93377 102
93378 106
93379 92
93380 64
93381 62
93382 97
93383 27
93384 83
93385 64
93386 92
93387 100
93388 24
93389 99
93390 149
93391 96
93392 77
93393 55
93394 100
93395 15
93396 50
93397 51
93398 31
93399 80
93400 36
93401 103
93402 72
93403 68
93404 108
93405 32
93406 128
93407 103
93408 71
93409 19
93410 111
93411 116
93412 97
93413 130
93414 122
93415 68
93416 144
93417 74
93418 105
93419 112
93420 76
93421 94
93422 118
93423 44
93424 42
93425 44
93426 36
93427 75
93428 72
93429 141
93430 108
93431 107
93432 46
93433 89
93434 76
93435 60
93436 86
93437 121
93438 95
93439 84
93440 87
93441 64
93442 79
93443 -29
93444 62
93445 56
93446 16
93447 70
93448 29
93449 34
93450 6
93451 49
93452 59
93453 83
93454 64
93455 31
93456 59
93457 77
93458 22
93459 62
93460 95
93461 45
93462 78
93463 55
93464 73
93465 81
93466 92
93467 82
93468 63
93469 80
93470 84
93471 77
93472 66
93473 73
93474 78
93475 88
93476 52
93477 129
93478 77
93479 136
93480 36
93481 71
93482 67
93483 57
93484 73
93485 63
93486 99
93487 61
93488 73
93489 73
93490 15
93491 78
93492 44
93493 66
93494 78
93495 66
93496 23
93497 101
93498 87
93499 -2
93500 92
93501 80
93502 150
93503 52
93504 55
93505 70
93506 56
93507 27
93508 52
93509 91
93510 110
93511 86
93512 70
93513 97
93514 95
93515 121
93516 83
93517 90
93518 57
93519 74
93520 66
93521 38
93522 43
93523 94
93524 66
93525 98
93526 49
93527 50
93528 127
93529 111
93530 190
93531 94
93532 91
93533 67
93534 91
93535 135
93536 55
93537 60
93538 93
93539 70
93540 39
93541 47
93542 63
93543 47
93544 79
93545 139
93546 56
93547 111
93548 100
93549 54
93550 90
93551 53
93552 49
93553 69
93554 2
93555 46
93556 86
93557 64
93558 116
93559 60
93560 115
93561 123
93562 79
93563 63
93564 50
93565 41
93566 110
93567 42
93568 68
93569 81
93570 84
93571 51
93572 51
93573 77
93574 44
93575 91
93576 117
93577 76
93578 48
93579 45
93580 40
93581 43
93582 61
93583 52
93584 144
93585 78
93586 90
93587 57
93588 82
93589 150
93590 43
93591 96
93592 18
93593 27
93594 54
93595 96
93596 86
93597 75
93598 25
93599 78
93600 71
93601 111
93602 34
93603 94
93604 68
93605 58
93606 51
93607 51
93608 111
93609 81
93610 91
93611 38
93612 15
93613 49
93614 94
93615 25
93616 71
93617 42
93618 44
93619 30
93620 85
93621 83
93622 52
93623 73
93624 65
93625 30
93626 68
93627 65
93628 78
93629 112
93630 71
93631 70
93632 88
93633 40
93634 24
93635 49
93636 101
93637 71
93638 42
93639 118
93640 76
93641 105
93642 63
93643 58
93644 69
93645 28
93646 49
93647 93
93648 65
93649 103
93650 111
93651 40
93652 41
93653 63
93654 89
93655 98
93656 88
93657 65
93658 52
93659 43
93660 26
93661 80
93662 52
93663 79
93664 95
93665 58
93666 82
93667 50
93668 79
93669 9
93670 95
93671 57
93672 21
93673 142
93674 64
93675 49
93676 61
93677 53
93678 99
93679 103
93680 70
93681 72
93682 98
93683 60
93684 47
93685 33
93686 107
93687 63
93688 63
93689 57
93690 100
93691 49
93692 82
93693 47
93694 82
93695 86
93696 66
93697 0
93698 90
93699 71
93700 73
93701 40
93702 127
93703 76
93704 75
93705 109
93706 34
93707 59
93708 96
93709 32
93710 54
93711 86
93712 97
93713 58
93714 85
93715 105
93716 101
93717 63
93718 78
93719 73
93720 94
93721 51
93722 55
93723 74
93724 69
93725 60
93726 34
93727 58
93728 109
93729 68
93730 52
93731 74
93732 78
93733 69
93734 96
93735 52
93736 65
93737 93
93738 51
93739 68
93740 42
93741 101
93742 46
93743 51
93744 98
93745 71
93746 62
93747 32
93748 65
93749 89
93750 112
93751 67
93752 37
93753 99
93754 52
93755 84
93756 67
93757 73
93758 66
93759 48
93760 75
93761 89
93762 66
93763 77
93764 26
93765 76
93766 69
93767 91
93768 83
93769 56
93770 68
93771 28
93772 57
93773 87
93774 54
93775 109
93776 80
93777 67
93778 71
93779 68
93780 33
93781 96
93782 86
93783 45
93784 97
93785 94
93786 121
93787 22
93788 69
93789 41
93790 84
93791 48
93792 101
93793 61
93794 86
93795 64
93796 60
93797 59
93798 45
93799 115
93800 11
93801 -13
93802 73
93803 132
93804 1
93805 65
93806 29
93807 51
93808 54
93809 78
93810 71
93811 49
93812 44
93813 220
93814 74
93815 97
93816 49
93817 60
93818 56
93819 42
93820 88
93821 123
93822 20
93823 52
93824 117
93825 61
93826 43
93827 45
93828 118
93829 37
93830 30
93831 40
93832 50
93833 48
93834 101
93835 90
93836 207
93837 69
93838 44
93839 99
93840 3
93841 48
93842 63
93843 129
93844 49
93845 72
93846 44
93847 59
93848 17
93849 24
93850 79
93851 68
93852 18
93853 83
93854 132
93855 48
93856 73
93857 57
93858 72
93859 119
93860 77
93861 123
93862 141
93863 89
93864 35
93865 64
93866 66
93867 31
93868 115
93869 81
93870 89
93871 55
93872 93
93873 42
93874 133
93875 35
93876 93
93877 40
93878 40
93879 92
93880 53
93881 30
93882 56
93883 108
93884 42
93885 32
93886 54
93887 64
93888 53
93889 56
93890 74
93891 85
93892 99
93893 70
93894 69
93895 58
93896 120
93897 243
93898 54
93899 46
93900 64
93901 98
93902 87
93903 56
93904 63
93905 102
93906 104
93907 38
93908 127
93909 31
93910 94
93911 69
93912 63
93913 36
93914 14
93915 94
93916 66
93917 75
93918 101
93919 46
93920 46
93921 72
93922 135
93923 70
93924 81
93925 72
93926 102
93927 64
93928 62
93929 107
93930 33
93931 78
93932 76
93933 73
93934 89
93935 84
93936 132
93937 -2
93938 36
93939 117
93940 93
93941 88
93942 83
93943 218
93944 66
93945 95
93946 69
93947 94
93948 89
93949 138
93950 75
93951 39
93952 28
93953 96
93954 53
93955 109
93956 96
93957 96
93958 119
93959 71
93960 86
93961 75
93962 155
93963 68
93964 50
93965 44
93966 79
93967 78
93968 46
93969 76
93970 24
93971 64
93972 48
93973 59
93974 25
93975 -2
93976 21
93977 68
93978 165
93979 61
93980 75
93981 61
93982 41
93983 113
93984 54
93985 65
93986 16
93987 86
93988 48
93989 -2
93990 60
93991 90
93992 101
93993 42
93994 61
93995 130
93996 57
93997 104
93998 46
93999 22
94000 42
94001 89
94002 68
94003 28
94004 84
94005 115
94006 57
94007 49
94008 94
94009 17
94010 67
94011 92
94012 37
94013 95
94014 84
94015 45
94016 68
94017 50
94018 57
94019 54
94020 74
94021 51
94022 65
94023 61
94024 67
94025 41
94026 97
94027 48
94028 65
94029 53
94030 35
94031 43
94032 62
94033 10
94034 78
94035 121
94036 132
94037 71
94038 84
94039 80
94040 80
94041 81
94042 56
94043 76
94044 6
94045 191
94046 89
94047 157
94048 112
94049 87
94050 86
94051 46
94052 35
94053 63
94054 64
94055 80
94056 67
94057 109
94058 46
94059 17
94060 51
94061 116
94062 85
94063 38
94064 96
94065 68
94066 66
94067 83
94068 112
94069 71
94070 58
94071 23
94072 45
94073 43
94074 19
94075 95
94076 58
94077 81
94078 69
94079 53
94080 82
94081 65
94082 63
94083 68
94084 32
94085 34
94086 44
94087 33
94088 23
94089 8
94090 47
94091 110
94092 43
94093 65
94094 63
94095 72
94096 72
94097 84
94098 50
94099 36
94100 53
94101 43
94102 66
94103 44
94104 70
94105 81
94106 8
94107 53
94108 104
94109 84
94110 58
94111 99
94112 99
94113 83
94114 52
94115 126
94116 4
94117 74
94118 74
94119 101
94120 54
94121 66
94122 107
94123 72
94124 79
94125 22
94126 93
94127 -1
94128 57
94129 48
94130 18
94131 48
94132 75
94133 84
94134 41
94135 48
94136 41
94137 59
94138 132
94139 93
94140 12
94141 143
94142 62
94143 26
94144 66
94145 49
94146 76
94147 73
94148 66
94149 51
94150 68
94151 78
94152 80
94153 61
94154 69
94155 89
94156 71
94157 58
94158 97
94159 108
94160 92
94161 79
94162 83
94163 99
94164 16
94165 388
94166 48
94167 50
94168 80
94169 99
94170 67
94171 42
94172 39
94173 76
94174 68
94175 54
94176 97
94177 47
94178 17
94179 71
94180 33
94181 34
94182 26
94183 71
94184 113
94185 52
94186 3
94187 51
94188 115
94189 60
94190 54
94191 157
94192 29
94193 105
94194 52
94195 8
94196 63
94197 7
94198 66
94199 69
94200 65
94201 114
94202 79
94203 32
94204 18
94205 82
94206 97
94207 33
94208 35
94209 57
94210 75
94211 98
94212 106
94213 74
94214 75
94215 109
94216 67
94217 30
94218 23
94219 127
94220 56
94221 53
94222 26
94223 126
94224 74
94225 76
94226 69
94227 65
94228 47
94229 54
94230 63
94231 61
94232 80
94233 50
94234 28
94235 27
94236 33
94237 23
94238 71
94239 79
94240 69
94241 94
94242 17
94243 76
94244 115
94245 63
94246 89
94247 51
94248 139
94249 83
94250 65
94251 46
94252 46
94253 43
94254 19
94255 87
94256 11
94257 43
94258 71
94259 87
94260 45
94261 93
94262 38
94263 27
94264 34
94265 87
94266 60
94267 16
94268 73
94269 138
94270 40
94271 60
94272 25
94273 56
94274 79
94275 88
94276 69
94277 65
94278 90
94279 106
94280 52
94281 75
94282 64
94283 87
94284 91
94285 165
94286 25
94287 40
94288 20
94289 17
94290 73
94291 91
94292 87
94293 66
94294 70
94295 151
94296 74
94297 84
94298 30
94299 90
94300 71
94301 13
94302 79
94303 37
94304 98
94305 62
94306 78
94307 34
94308 85
94309 143
94310 83
94311 69
94312 63
94313 68
94314 65
94315 28
94316 79
94317 18
94318 92
94319 55
94320 55
94321 99
94322 57
94323 18
94324 122
94325 84
94326 61
94327 24
94328 50
94329 69
94330 76
94331 95
94332 77
94333 79
94334 109
94335 13
94336 169
94337 74
94338 53
94339 71
94340 115
94341 60
94342 23
94343 71
94344 21
94345 -20
94346 79
94347 57
94348 84
94349 9
94350 12
94351 81
94352 103
94353 99
94354 40
94355 86
94356 -2
94357 105
94358 78
94359 31
94360 76
94361 15
94362 66
94363 48
94364 33
94365 97
94366 150
94367 128
94368 125
94369 87
94370 63
94371 62
94372 48
94373 82
94374 55
94375 101
94376 87
94377 29
94378 104
94379 91
94380 78
94381 81
94382 70
94383 84
94384 34
94385 52
94386 88
94387 18
94388 72
94389 78
94390 33
94391 71
94392 82
94393 92
94394 45
94395 48
94396 42
94397 153
94398 60
94399 113
94400 49
94401 91
94402 81
94403 130
94404 13
94405 86
94406 87
94407 44
94408 79
94409 66
94410 68
94411 48
94412 77
94413 65
94414 26
94415 40
94416 32
94417 85
94418 50
94419 21
94420 75
94421 48
94422 31
94423 50
94424 78
94425 58
94426 101
94427 88
94428 21
94429 89
94430 49
94431 67
94432 90
94433 36
94434 52
94435 67
94436 129
94437 55
94438 76
94439 57
94440 47
94441 79
94442 83
94443 59
94444 54
94445 41
94446 42
94447 40
94448 50
94449 115
94450 126
94451 29
94452 74
94453 65
94454 79
94455 31
94456 2
94457 79
94458 80
94459 33
94460 66
94461 67
94462 56
94463 23
94464 21
94465 7
94466 59
94467 83
94468 42
94469 95
94470 73
94471 86
94472 77
94473 67
94474 113
94475 52
94476 102
94477 52
94478 104
94479 60
94480 44
94481 296
94482 80
94483 23
94484 82
94485 72
94486 75
94487 73
94488 66
94489 -3
94490 83
94491 40
94492 89
94493 76
94494 64
94495 59
94496 19
94497 70
94498 67
94499 60
94500 55
94501 76
94502 101
94503 52
94504 45
94505 65
94506 82
94507 85
94508 37
94509 89
94510 37
94511 116
94512 68
94513 80
94514 73
94515 69
94516 90
94517 96
94518 75
94519 30
94520 43
94521 64
94522 20
94523 24
94524 120
94525 107
94526 46
94527 49
94528 48
94529 130
94530 115
94531 78
94532 4
94533 94
94534 67
94535 34
94536 108
94537 75
94538 80
94539 26
94540 77
94541 108
94542 68
94543 73
94544 74
94545 40
94546 42
94547 80
94548 55
94549 98
94550 65
94551 116
94552 52
94553 59
94554 39
94555 18
94556 58
94557 91
94558 38
94559 88
94560 36
94561 31
94562 131
94563 47
94564 83
94565 2
94566 52
94567 96
94568 72
94569 100
94570 15
94571 83
94572 92
94573 28
94574 94
94575 50
94576 66
94577 22
94578 83
94579 18
94580 -7
94581 36
94582 110
94583 115
94584 103
94585 65
94586 77
94587 58
94588 78
94589 55
94590 97
94591 55
94592 73
94593 82
94594 90
94595 88
94596 51
94597 73
94598 117
94599 70
94600 62
94601 45
94602 25
94603 121
94604 66
94605 81
94606 20
94607 50
94608 75
94609 85
94610 64
94611 44
94612 77
94613 102
94614 39
94615 65
94616 64
94617 50
94618 91
94619 104
94620 72
94621 58
94622 71
94623 89
94624 56
94625 50
94626 120
94627 23
94628 48
94629 59
94630 38
94631 33
94632 44
94633 32
94634 101
94635 39
94636 44
94637 79
94638 47
94639 87
94640 43
94641 56
94642 63
94643 101
94644 28
94645 55
94646 94
94647 28
94648 47
94649 63
94650 86
94651 88
94652 75
94653 31
94654 70
94655 63
94656 92
94657 70
94658 26
94659 29
94660 84
94661 41
94662 41
94663 80
94664 126
94665 71
94666 63
94667 108
94668 68
94669 63
94670 52
94671 24
94672 96
94673 39
94674 72
94675 73
94676 56
94677 52
94678 90
94679 64
94680 150
94681 97
94682 61
94683 121
94684 38
94685 76
94686 70
94687 66
94688 25
94689 98
94690 90
94691 78
94692 102
94693 69
94694 122
94695 90
94696 77
94697 132
94698 39
94699 93
94700 87
94701 71
94702 17
94703 90
94704 103
94705 110
94706 87
94707 35
94708 45
94709 15
94710 35
94711 61
94712 120
94713 45
94714 96
94715 186
94716 74
94717 64
94718 50
94719 79
94720 74
94721 90
94722 48
94723 51
94724 116
94725 84
94726 37
94727 63
94728 28
94729 7
94730 96
94731 39
94732 127
94733 63
94734 135
94735 103
94736 82
94737 61
94738 67
94739 -15
94740 80
94741 86
94742 83
94743 51
94744 95
94745 53
94746 49
94747 51
94748 57
94749 58
94750 81
94751 21
94752 65
94753 80
94754 78
94755 78
94756 103
94757 144
94758 69
94759 65
94760 5
94761 56
94762 -13
94763 109
94764 109
94765 104
94766 77
94767 115
94768 77
94769 27
94770 63
94771 112
94772 48
94773 92
94774 86
94775 71
94776 3
94777 123
94778 50
94779 21
94780 92
94781 78
94782 75
94783 41
94784 42
94785 62
94786 16
94787 36
94788 55
94789 97
94790 24
94791 37
94792 17
94793 82
94794 55
94795 43
94796 85
94797 81
94798 43
94799 23
94800 95
94801 90
94802 53
94803 70
94804 117
94805 51
94806 79
94807 60
94808 95
94809 40
94810 127
94811 75
94812 23
94813 136
94814 64
94815 39
94816 78
94817 239
94818 37
94819 44
94820 87
94821 52
94822 103
94823 119
94824 50
94825 71
94826 37
94827 104
94828 18
94829 22
94830 35
94831 103
94832 73
94833 13
94834 86
94835 71
94836 66
94837 71
94838 45
94839 103
94840 93
94841 68
94842 126
94843 101
94844 50
94845 45
94846 120
94847 56
94848 66
94849 66
94850 42
94851 66
94852 56
94853 13
94854 7
94855 71
94856 26
94857 96
94858 162
94859 44
94860 84
94861 35
94862 111
94863 84
94864 55
94865 39
94866 26
94867 60
94868 57
94869 99
94870 44
94871 93
94872 27
94873 35
94874 111
94875 80
94876 54
94877 89
94878 58
94879 31
94880 41
94881 133
94882 65
94883 13
94884 33
94885 38
94886 39
94887 32
94888 40
94889 73
94890 97
94891 41
94892 83
94893 61
94894 25
94895 79
94896 12
94897 74
94898 61
94899 54
94900 104
94901 83
94902 97
94903 102
94904 24
94905 68
94906 91
94907 19
94908 96
94909 45
94910 151
94911 47
94912 138
94913 94
94914 54
94915 58
94916 107
94917 90
94918 86
94919 57
94920 77
94921 69
94922 96
94923 97
94924 38
94925 5
94926 45
94927 76
94928 113
94929 54
94930 63
94931 27
94932 53
94933 41
94934 64
94935 43
94936 62
94937 52
94938 61
94939 71
94940 84
94941 34
94942 53
94943 36
94944 105
94945 88
94946 24
94947 121
94948 80
94949 80
94950 77
94951 16
94952 48
94953 25
94954 58
94955 63
94956 42
94957 86
94958 110
94959 90
94960 29
94961 27
94962 92
94963 62
94964 51
94965 44
94966 102
94967 32
94968 53
94969 35
94970 57
94971 42
94972 104
94973 13
94974 22
94975 60
94976 73
94977 103
94978 60
94979 30
94980 56
94981 74
94982 59
94983 42
94984 38
94985 86
94986 99
94987 64
94988 70
94989 67
94990 81
94991 99
94992 53
94993 90
94994 12
94995 59
94996 144
94997 75
94998 67
94999 -15
95000 16
95001 68
95002 19
95003 65
95004 42
95005 81
95006 66
95007 103
95008 98
95009 67
95010 41
95011 105
95012 86
95013 97
95014 86
95015 75
95016 57
95017 56
95018 44
95019 99
95020 41
95021 48
95022 80
95023 82
95024 21
95025 100
95026 106
95027 45
95028 67
95029 1
95030 52
95031 31
95032 70
95033 70
95034 68
95035 34
95036 14
95037 52
95038 83
95039 101
95040 61
95041 82
95042 117
95043 26
95044 96
95045 60
95046 64
95047 28
95048 59
95049 44
95050 56
95051 67
95052 59
95053 162
95054 25
95055 28
95056 54
95057 49
95058 67
95059 77
95060 128
95061 46
95062 61
95063 34
95064 58
95065 90
95066 29
95067 58
95068 73
95069 58
95070 82
95071 71
95072 65
95073 70
95074 78
95075 71
95076 -10
95077 110
95078 46
95079 81
95080 98
95081 131
95082 63
95083 46
95084 80
95085 96
95086 55
95087 81
95088 67
95089 136
95090 87
95091 21
95092 64
95093 56
95094 105
95095 56
95096 12
95097 69
95098 74
95099 69
95100 87
95101 118
95102 47
95103 36
95104 49
95105 27
95106 101
95107 96
95108 77
95109 101
95110 30
95111 41
95112 38
95113 -10
95114 35
95115 69
95116 98
95117 21
95118 106
95119 36
95120 83
95121 41
95122 71
95123 136
95124 90
95125 97
95126 102
95127 89
95128 82
95129 66
95130 118
95131 67
95132 57
95133 124
95134 50
95135 55
95136 40
95137 71
95138 70
95139 78
95140 36
95141 80
95142 33
95143 34
95144 -1
95145 37
95146 35
95147 43
95148 77
95149 72
95150 72
95151 97
95152 94
95153 63
95154 72
95155 56
95156 71
95157 36
95158 12
95159 77
95160 51
95161 28
95162 57
95163 84
95164 69
95165 79
95166 -10
95167 7
95168 25
95169 99
95170 63
95171 57
95172 90
95173 26
95174 105
95175 74
95176 82
95177 120
95178 72
95179 93
95180 45
95181 71
95182 103
95183 17
95184 100
95185 46
95186 86
95187 68
95188 60
95189 23
95190 84
95191 41
95192 92
95193 46
95194 72
95195 141
95196 25
95197 36
95198 48
95199 100
95200 91
95201 47
95202 87
95203 1
95204 79
95205 56
95206 61
95207 74
95208 81
95209 137
95210 68
95211 102
95212 47
95213 85
95214 48
95215 52
95216 55
95217 45
95218 31
95219 57
95220 23
95221 94
95222 89
95223 82
95224 20
95225 41
95226 74
95227 53
95228 38
95229 -20
95230 63
95231 61
95232 102
95233 46
95234 54
95235 72
95236 69
95237 105
95238 76
95239 9
95240 101
95241 61
95242 60
95243 91
95244 69
95245 -1
95246 101
95247 44
95248 64
95249 84
95250 69
95251 56
95252 64
95253 62
95254 67
95255 72
95256 22
95257 43
95258 44
95259 54
95260 68
95261 104
95262 60
95263 57
95264 53
95265 69
95266 99
95267 109
95268 61
95269 103
95270 87
95271 45
95272 116
95273 41
95274 75
95275 83
95276 77
95277 46
95278 7
95279 83
95280 60
95281 68
95282 74
95283 17
95284 30
95285 88
95286 102
95287 66
95288 132
95289 61
95290 128
95291 76
95292 52
95293 17
95294 108
95295 76
95296 82
95297 69
95298 92
95299 70
95300 77
95301 76
95302 51
95303 68
95304 25
95305 47
95306 47
95307 51
95308 69
95309 91
95310 43
95311 77
95312 66
95313 46
95314 51
95315 74
95316 61
95317 73
95318 141
95319 9
95320 62
95321 88
95322 12
95323 49
95324 43
95325 75
95326 27
95327 52
95328 52
95329 28
95330 104
95331 31
95332 83
95333 58
95334 21
95335 13
95336 51
95337 56
95338 59
95339 98
95340 77
95341 59
95342 73
95343 -2
95344 71
95345 77
95346 103
95347 136
95348 97
95349 142
95350 29
95351 75
95352 136
95353 80
95354 53
95355 101
95356 36
95357 91
95358 47
95359 134
95360 26
95361 77
95362 39
95363 25
95364 147
95365 84
95366 16
95367 88
95368 69
95369 68
95370 30
95371 78
95372 52
95373 34
95374 53
95375 85
95376 69
95377 49
95378 36
95379 156
95380 79
95381 26
95382 54
95383 44
95384 22
95385 172
95386 100
95387 37
95388 90
95389 77
95390 35
95391 40
95392 59
95393 51
95394 4
95395 28
95396 27
95397 93
95398 23
95399 90
95400 53
95401 -11
95402 207
95403 71
95404 38
95405 99
95406 90
95407 105
95408 49
95409 13
95410 107
95411 35
95412 90
95413 36
95414 107
95415 61
95416 142
95417 83
95418 58
95419 89
95420 5
95421 77
95422 37
95423 57
95424 68
95425 74
95426 41
95427 101
95428 67
95429 76
95430 19
95431 66
95432 96
95433 37
95434 85
95435 62
95436 104
95437 95
95438 88
95439 71
95440 70
95441 35
95442 -4
95443 45
95444 106
95445 78
95446 65
95447 99
95448 49
95449 91
95450 127
95451 78
95452 155
95453 17
95454 32
95455 57
95456 33
95457 83
95458 94
95459 74
95460 64
95461 57
95462 30
95463 87
95464 34
95465 64
95466 53
95467 51
95468 106
95469 95
95470 134
95471 101
95472 99
95473 105
95474 93
95475 71
95476 73
95477 42
95478 96
95479 95
95480 74
95481 7
95482 35
95483 65
95484 8
95485 29
95486 26
95487 -12
95488 82
95489 70
95490 36
95491 121
95492 108
95493 64
95494 84
95495 45
95496 66
95497 93
95498 23
95499 42
95500 19
95501 24
95502 71
95503 28
95504 68
95505 32
95506 36
95507 58
95508 49
95509 27
95510 91
95511 64
95512 45
95513 14
95514 56
95515 48
95516 66
95517 61
95518 67
95519 60
95520 55
95521 38
95522 92
95523 81
95524 59
95525 103
95526 57
95527 20
95528 75
95529 66
95530 45
95531 38
95532 74
95533 40
95534 103
95535 101
95536 61
95537 37
95538 70
95539 69
95540 6
95541 96
95542 92
95543 90
95544 97
95545 70
95546 107
95547 11
95548 76
95549 24
95550 66
95551 79
95552 33
95553 34
95554 65
95555 64
95556 80
95557 41
95558 14
95559 44
95560 64
95561 52
95562 5
95563 70
95564 73
95565 97
95566 51
95567 110
95568 77
95569 72
95570 73
95571 44
95572 39
95573 52
95574 43
95575 111
95576 67
95577 14
95578 64
95579 36
95580 12
95581 95
95582 85
95583 74
95584 52
95585 26
95586 14
95587 60
95588 53
95589 44
95590 105
95591 101
95592 97
95593 59
95594 120
95595 73
95596 121
95597 69
95598 42
95599 45
95600 80
95601 29
95602 91
95603 7
95604 82
95605 89
95606 83
95607 111
95608 71
95609 129
95610 41
95611 41
95612 31
95613 -9
95614 71
95615 69
95616 63
95617 135
95618 170
95619 44
95620 82
95621 9
95622 80
95623 75
95624 94
95625 52
95626 66
95627 132
95628 40
95629 53
95630 43
95631 49
95632 0
95633 61
95634 121
95635 51
95636 94
95637 80
95638 59
95639 30
95640 62
95641 42
95642 47
95643 38
95644 75
95645 118
95646 107
95647 47
95648 33
95649 40
95650 110
95651 59
95652 65
95653 110
95654 111
95655 102
95656 31
95657 44
95658 71
95659 55
95660 58
95661 85
95662 58
95663 43
95664 45
95665 41
95666 94
95667 42
95668 58
95669 42
95670 66
95671 3
95672 55
95673 65
95674 75
95675 138
95676 54
95677 28
95678 35
95679 107
95680 27
95681 82
95682 70
95683 77
95684 58
95685 60
95686 74
95687 42
95688 56
95689 100
95690 55
95691 88
95692 84
95693 41
95694 41
95695 39
95696 82
95697 84
95698 69
95699 48
95700 64
95701 43
95702 92
95703 66
95704 64
95705 5
95706 63
95707 52
95708 74
95709 47
95710 43
95711 69
95712 27
95713 81
95714 182
95715 63
95716 83
95717 68
95718 82
95719 67
95720 60
95721 9
95722 124
95723 95
95724 98
95725 50
95726 54
95727 121
95728 29
95729 62
95730 82
95731 40
95732 33
95733 45
95734 91
95735 53
95736 66
95737 -8
95738 40
95739 51
95740 -3
95741 113
95742 43
95743 50
95744 60
95745 72
95746 3
95747 149
95748 27
95749 52
95750 64
95751 94
95752 43
95753 92
95754 52
95755 18
95756 79
95757 16
95758 48
95759 -3
95760 60
95761 -41
95762 49
95763 102
95764 46
95765 75
95766 42
95767 33
95768 199
95769 83
95770 53
95771 55
95772 46
95773 87
95774 69
95775 64
95776 23
95777 63
95778 79
95779 65
95780 5
95781 35
95782 54
95783 66
95784 53
95785 24
95786 35
95787 49
95788 22
95789 94
95790 91
95791 35
95792 20
95793 46
95794 72
95795 57
95796 113
95797 3
95798 23
95799 115
95800 55
95801 56
95802 73
95803 42
95804 52
95805 31
95806 75
95807 91
95808 44
95809 111
95810 59
95811 46
95812 51
95813 84
95814 40
95815 72
95816 59
95817 46
95818 87
95819 54
95820 35
95821 53
95822 103
95823 86
95824 71
95825 93
95826 -9
95827 54
95828 58
95829 94
95830 47
95831 54
95832 44
95833 44
95834 70
95835 14
95836 44
95837 77
95838 30
95839 28
95840 97
95841 76
95842 67
95843 45
95844 36
95845 25
95846 69
95847 71
95848 80
95849 9
95850 26
95851 77
95852 53
95853 73
95854 80
95855 54
95856 21
95857 41
95858 76
95859 68
95860 37
95861 -11
95862 77
95863 24
95864 113
95865 76
95866 94
95867 36
95868 72
95869 67
95870 49
95871 157
95872 21
95873 49
95874 65
95875 65
95876 30
95877 53
95878 43
95879 44
95880 57
95881 65
95882 89
95883 71
95884 78
95885 84
95886 40
95887 122
95888 34
95889 49
95890 -11
95891 100
95892 99
95893 65
95894 97
95895 118
95896 65
95897 101
95898 116
95899 43
95900 78
95901 78
95902 45
95903 81
95904 79
95905 67
95906 92
95907 46
95908 51
95909 0
95910 55
95911 17
95912 66
95913 46
95914 35
95915 60
95916 88
95917 84
95918 113
95919 78
95920 50
95921 43
95922 61
95923 32
95924 49
95925 58
95926 77
95927 32
95928 74
95929 63
95930 107
95931 43
95932 60
95933 61
95934 85
95935 42
95936 71
95937 72
95938 78
95939 49
95940 110
95941 62
95942 44
95943 66
95944 83
95945 73
95946 81
95947 66
95948 68
95949 24
95950 100
95951 50
95952 60
95953 12
95954 38
95955 60
95956 50
95957 84
95958 39
95959 98
95960 41
95961 68
95962 28
95963 61
95964 50
95965 53
95966 93
95967 50
95968 33
95969 97
95970 55
95971 57
95972 76
95973 11
95974 45
95975 64
95976 27
95977 50
95978 77
95979 16
95980 73
95981 69
95982 57
95983 28
95984 86
95985 55
95986 36
95987 89
95988 109
95989 52
95990 77
95991 47
95992 51
95993 80
95994 82
95995 8
95996 41
95997 65
95998 53
95999 133
96000 58
96001 -19
96002 43
96003 31
96004 45
96005 73
96006 46
96007 59
96008 54
96009 28
96010 44
96011 94
96012 45
96013 59
96014 37
96015 23
96016 60
96017 55
96018 32
96019 73
96020 41
96021 61
96022 51
96023 113
96024 -10
96025 9
96026 31
96027 45
96028 -7
96029 42
96030 49
96031 117
96032 95
96033 51
96034 51
96035 134
96036 129
96037 146
96038 63
96039 66
96040 74
96041 74
96042 81
96043 89
96044 102
96045 5
96046 90
96047 81
96048 2
96049 31
96050 62
96051 75
96052 43
96053 40
96054 55
96055 83
96056 87
96057 50
96058 62
96059 62
96060 104
96061 39
96062 27
96063 109
96064 63
96065 32
96066 78
96067 1
96068 77
96069 77
96070 56
96071 11
96072 49
96073 49
96074 49
96075 65
96076 58
96077 73
96078 68
96079 21
96080 42
96081 50
96082 44
96083 59
96084 40
96085 75
96086 89
96087 59
96088 49
96089 63
96090 64
96091 78
96092 48
96093 61
96094 68
96095 24
96096 38
96097 92
96098 119
96099 47
96100 21
96101 52
96102 49
96103 94
96104 80
96105 60
96106 37
96107 93
96108 94
96109 16
96110 46
96111 54
96112 68
96113 39
96114 69
96115 122
96116 70
96117 129
96118 17
96119 100
96120 69
96121 82
96122 31
96123 67
96124 109
96125 39
96126 52
96127 62
96128 44
96129 94
96130 39
96131 61
96132 87
96133 68
96134 33
96135 35
96136 79
96137 68
96138 55
96139 39
96140 55
96141 51
96142 34
96143 77
96144 78
96145 110
96146 58
96147 70
96148 87
96149 35
96150 97
96151 110
96152 28
96153 75
96154 60
96155 22
96156 65
96157 12
96158 89
96159 20
96160 74
96161 50
96162 60
96163 63
96164 57
96165 56
96166 35
96167 75
96168 42
96169 54
96170 53
96171 76
96172 71
96173 53
96174 115
96175 51
96176 145
96177 103
96178 56
96179 56
96180 78
96181 69
96182 116
96183 45
96184 51
96185 79
96186 55
96187 74
96188 95
96189 72
96190 85
96191 46
96192 50
96193 7
96194 37
96195 21
96196 45
96197 72
96198 45
96199 13
96200 34
96201 57
96202 89
96203 53
96204 44
96205 107
96206 103
96207 47
96208 73
96209 105
96210 78
96211 83
96212 109
96213 69
96214 50
96215 0
96216 28
96217 87
96218 27
96219 22
96220 25
96221 47
96222 111
96223 30
96224 37
96225 13
96226 59
96227 50
96228 124
96229 29
96230 13
96231 71
96232 23
96233 83
96234 68
96235 79
96236 41
96237 102
96238 44
96239 77
96240 102
96241 52
96242 36
96243 84
96244 14
96245 45
96246 41
96247 40
96248 54
96249 86
96250 32
96251 45
96252 132
96253 46
96254 54
96255 66
96256 79
96257 36
96258 100
96259 77
96260 29
96261 15
96262 67
96263 68
96264 55
96265 20
96266 82
96267 60
96268 79
96269 29
96270 69
96271 89
96272 65
96273 9
96274 27
96275 34
96276 68
96277 101
96278 54
96279 99
96280 61
96281 28
96282 55
96283 94
96284 81
96285 13
96286 51
96287 87
96288 123
96289 70
96290 85
96291 93
96292 82
96293 101
96294 57
96295 48
96296 0
96297 119
96298 5
96299 57
96300 67
96301 72
96302 90
96303 32
96304 49
96305 82
96306 171
96307 65
96308 54
96309 138
96310 49
96311 66
96312 91
96313 51
96314 41
96315 53
96316 81
96317 69
96318 50
96319 20
96320 70
96321 84
96322 59
96323 61
96324 81
96325 68
96326 76
96327 56
96328 78
96329 77
96330 63
96331 2
96332 85
96333 30
96334 55
96335 104
96336 47
96337 33
96338 49
96339 18
96340 58
96341 36
96342 61
96343 62
96344 5
96345 38
96346 9
96347 -11
96348 79
96349 34
96350 3
96351 73
96352 42
96353 7
96354 28
96355 80
96356 35
96357 38
96358 56
96359 103
96360 71
96361 28
96362 25
96363 21
96364 81
96365 84
96366 118
96367 19
96368 64
96369 83
96370 67
96371 49
96372 51
96373 87
96374 6
96375 4
96376 67
96377 10
96378 12
96379 99
96380 75
96381 47
96382 50
96383 82
96384 47
96385 83
96386 66
96387 69
96388 90
96389 121
96390 56
96391 47
96392 53
96393 22
96394 59
96395 45
96396 -32
96397 41
96398 68
96399 75
96400 51
96401 51
96402 93
96403 18
96404 64
96405 63
96406 77
96407 42
96408 49
96409 98
96410 59
96411 43
96412 70
96413 25
96414 56
96415 58
96416 64
96417 62
96418 15
96419 71
96420 42
96421 87
96422 57
96423 33
96424 43
96425 30
96426 100
96427 64
96428 -19
96429 90
96430 25
96431 61
96432 32
96433 74
96434 32
96435 36
96436 20
96437 22
96438 90
96439 94
96440 72
96441 24
96442 80
96443 64
96444 17
96445 76
96446 13
96447 28
96448 64
96449 37
96450 20
96451 71
96452 51
96453 93
96454 52
96455 66
96456 71
96457 37
96458 85
96459 64
96460 22
96461 53
96462 61
96463 123
96464 85
96465 49
96466 66
96467 49
96468 56
96469 29
96470 91
96471 -4
96472 51
96473 129
96474 72
96475 102
96476 23
96477 23
96478 57
96479 58
96480 16
96481 60
96482 91
96483 67
96484 98
96485 37
96486 67
96487 41
96488 106
96489 46
96490 85
96491 87
96492 42
96493 41
96494 47
96495 48
96496 43
96497 54
96498 32
96499 71
96500 65
96501 -15
96502 79
96503 77
96504 42
96505 49
96506 60
96507 23
96508 68
96509 50
96510 15
96511 83
96512 150
96513 103
96514 57
96515 32
96516 32
96517 107
96518 58
96519 12
96520 73
96521 43
96522 56
96523 59
96524 63
96525 70
96526 98
96527 72
96528 6
96529 -1
96530 101
96531 109
96532 60
96533 96
96534 74
96535 29
96536 31
96537 53
96538 29
96539 69
96540 136
96541 50
96542 86
96543 84
96544 71
96545 54
96546 55
96547 78
96548 27
96549 47
96550 11
96551 23
96552 3
96553 90
96554 30
96555 19
96556 28
96557 112
96558 77
96559 76
96560 120
96561 47
96562 52
96563 33
96564 59
96565 5
96566 48
96567 21
96568 37
96569 47
96570 43
96571 -3
96572 43
96573 50
96574 57
96575 88
96576 -2
96577 41
96578 101
96579 30
96580 134
96581 61
96582 39
96583 45
96584 53
96585 72
96586 79
96587 51
96588 69
96589 71
96590 62
96591 58
96592 65
96593 81
96594 25
96595 65
96596 74
96597 52
96598 37
96599 98
96600 46
96601 67
96602 135
96603 73
96604 53
96605 72
96606 69
96607 132
96608 20
96609 41
96610 109
96611 39
96612 50
96613 32
96614 79
96615 57
96616 89
96617 59
96618 66
96619 50
96620 67
96621 69
96622 106
96623 33
96624 83
96625 23
96626 46
96627 80
96628 72
96629 57
96630 28
96631 79
96632 27
96633 20
96634 39
96635 54
96636 40
96637 79
96638 36
96639 54
96640 76
96641 81
96642 62
96643 41
96644 99
96645 85
96646 106
96647 70
96648 43
96649 44
96650 68
96651 42
96652 87
96653 56
96654 27
96655 63
96656 51
96657 30
96658 84
96659 61
96660 11
96661 35
96662 88
96663 65
96664 50
96665 58
96666 75
96667 81
96668 24
96669 126
96670 40
96671 52
96672 68
96673 92
96674 46
96675 61
96676 19
96677 71
96678 40
96679 33
96680 71
96681 37
96682 45
96683 46
96684 39
96685 20
96686 38
96687 104
96688 58
96689 85
96690 69
96691 40
96692 82
96693 40
96694 44
96695 91
96696 53
96697 45
96698 33
96699 39
96700 59
96701 28
96702 43
96703 120
96704 112
96705 45
96706 32
96707 25
96708 89
96709 45
96710 39
96711 91
96712 55
96713 58
96714 55
96715 114
96716 30
96717 68
96718 80
96719 77
96720 49
96721 52
96722 36
96723 44
96724 110
96725 107
96726 46
96727 67
96728 72
96729 11
96730 15
96731 26
96732 80
96733 35
96734 30
96735 73
96736 61
96737 77
96738 76
96739 44
96740 60
96741 68
96742 69
96743 49
96744 44
96745 65
96746 41
96747 12
96748 41
96749 46
96750 62
96751 63
96752 46
96753 27
96754 66
96755 48
96756 27
96757 36
96758 -1
96759 75
96760 68
96761 72
96762 67
96763 6
96764 59
96765 52
96766 89
96767 95
96768 111
96769 58
96770 201
96771 18
96772 50
96773 42
96774 20
96775 72
96776 47
96777 65
96778 52
96779 73
96780 56
96781 86
96782 83
96783 108
96784 28
96785 65
96786 60
96787 69
96788 38
96789 114
96790 80
96791 79
96792 84
96793 28
96794 79
96795 58
96796 55
96797 84
96798 55
96799 49
96800 42
96801 86
96802 64
96803 60
96804 42
96805 93
96806 32
96807 12
96808 96
96809 68
96810 54
96811 103
96812 53
96813 157
96814 53
96815 134
96816 69
96817 29
96818 14
96819 69
96820 54
96821 74
96822 55
96823 93
96824 52
96825 101
96826 51
96827 104
96828 46
96829 59
96830 62
96831 29
96832 119
96833 51
96834 62
96835 24
96836 34
96837 59
96838 10
96839 17
96840 26
96841 191
96842 93
96843 60
96844 76
96845 42
96846 31
96847 39
96848 64
96849 140
96850 80
96851 6
96852 49
96853 58
96854 100
96855 56
96856 -11
96857 102
96858 34
96859 90
96860 46
96861 54
96862 79
96863 33
96864 82
96865 87
96866 69
96867 55
96868 35
96869 70
96870 160
96871 29
96872 45
96873 36
96874 57
96875 70
96876 59
96877 67
96878 77
96879 95
96880 115
96881 93
96882 86
96883 98
96884 48
96885 43
96886 38
96887 28
96888 74
96889 50
96890 36
96891 44
96892 27
96893 73
96894 74
96895 48
96896 84
96897 49
96898 89
96899 63
96900 22
96901 68
96902 70
96903 28
96904 34
96905 92
96906 38
96907 60
96908 9
96909 62
96910 47
96911 69
96912 34
96913 83
96914 273
96915 70
96916 26
96917 63
96918 130
96919 68
96920 30
96921 49
96922 121
96923 21
96924 33
96925 72
96926 79
96927 70
96928 60
96929 88
96930 3
96931 41
96932 76
96933 66
96934 33
96935 2
96936 4
96937 30
96938 39
96939 55
96940 37
96941 77
96942 54
96943 90
96944 4
96945 52
96946 67
96947 32
96948 46
96949 63
96950 78
96951 76
96952 5
96953 44
96954 71
96955 28
96956 75
96957 52
96958 59
96959 123
96960 43
96961 68
96962 39
96963 101
96964 99
96965 45
96966 60
96967 93
96968 62
96969 90
96970 62
96971 59
96972 58
96973 72
96974 37
96975 57
96976 14
96977 115
96978 54
96979 67
96980 80
96981 82
96982 49
96983 88
96984 27
96985 14
96986 8
96987 10
96988 101
96989 31
96990 115
96991 91
96992 13
96993 76
96994 69
96995 96
96996 59
96997 63
96998 35
96999 28
97000 -4
97001 71
97002 40
97003 41
97004 31
97005 80
97006 54
97007 62
97008 57
97009 71
97010 -17
97011 65
97012 48
97013 62
97014 62
97015 51
97016 68
97017 43
97018 62
97019 16
97020 43
97021 6
97022 46
97023 31
97024 66
97025 38
97026 27
97027 22
97028 54
97029 66
97030 65
97031 51
97032 22
97033 10
97034 11
97035 79
97036 32
97037 55
97038 119
97039 44
97040 80
97041 86
97042 74
97043 163
97044 44
97045 50
97046 31
97047 53
97048 38
97049 59
97050 50
97051 55
97052 46
97053 58
97054 51
97055 71
97056 81
97057 135
97058 25
97059 17
97060 72
97061 48
97062 37
97063 102
97064 82
97065 72
97066 43
97067 31
97068 72
97069 86
97070 85
97071 76
97072 128
97073 71
97074 84
97075 77
97076 55
97077 28
97078 64
97079 11
97080 42
97081 44
97082 31
97083 15
97084 31
97085 66
97086 82
97087 97
97088 65
97089 64
97090 39
97091 22
97092 87
97093 85
97094 90
97095 71
97096 81
97097 61
97098 50
97099 37
97100 2
97101 54
97102 76
97103 51
97104 40
97105 89
97106 28
97107 44
97108 70
97109 44
97110 59
97111 47
97112 45
97113 28
97114 62
97115 39
97116 88
97117 37
97118 36
97119 104
97120 99
97121 53
97122 40
97123 101
97124 70
97125 46
97126 34
97127 38
97128 63
97129 58
97130 90
97131 74
97132 88
97133 44
97134 83
97135 39
97136 39
97137 28
97138 -7
97139 45
97140 46
97141 48
97142 63
97143 28
97144 51
97145 47
97146 59
97147 48
97148 76
97149 100
97150 28
97151 17
97152 -16
97153 26
97154 54
97155 52
97156 2
97157 87
97158 60
97159 58
97160 99
97161 113
97162 61
97163 54
97164 65
97165 53
97166 67
97167 40
97168 18
97169 23
97170 26
97171 6
97172 25
97173 65
97174 23
97175 33
97176 67
97177 87
97178 78
97179 66
97180 65
97181 104
97182 35
97183 67
97184 57
97185 30
97186 21
97187 62
97188 66
97189 75
97190 60
97191 92
97192 81
97193 37
97194 47
97195 80
97196 42
97197 93
97198 80
97199 17
97200 45
97201 58
97202 80
97203 35
97204 43
97205 69
97206 93
97207 214
97208 76
97209 41
97210 53
97211 30
97212 24
97213 72
97214 33
97215 34
97216 32
97217 76
97218 53
97219 47
97220 89
97221 96
97222 94
97223 50
97224 47
97225 63
97226 9
97227 46
97228 36
97229 63
97230 58
97231 45
97232 62
97233 61
97234 45
97235 66
97236 41
97237 39
97238 19
97239 55
97240 44
97241 33
97242 32
97243 53
97244 64
97245 41
97246 25
97247 13
97248 66
97249 21
97250 47
97251 28
97252 61
97253 113
97254 23
97255 25
97256 29
97257 124
97258 42
97259 28
97260 42
97261 1
97262 145
97263 58
97264 47
97265 27
97266 49
97267 32
97268 70
97269 68
97270 62
97271 96
97272 52
97273 71
97274 124
97275 58
97276 64
97277 30
97278 48
97279 56
97280 42
97281 79
97282 74
97283 33
97284 90
97285 106
97286 20
97287 16
97288 57
97289 137
97290 43
97291 68
97292 60
97293 62
97294 59
97295 34
97296 19
97297 29
97298 48
97299 121
97300 61
97301 26
97302 51
97303 66
97304 57
97305 64
97306 21
97307 119
97308 32
97309 50
97310 45
97311 28
97312 51
97313 34
97314 38
97315 55
97316 38
97317 61
97318 55
97319 4
97320 59
97321 67
97322 62
97323 16
97324 39
97325 69
97326 79
97327 58
97328 71
97329 19
97330 89
97331 38
97332 48
97333 23
97334 62
97335 67
97336 36
97337 75
97338 56
97339 51
97340 40
97341 48
97342 102
97343 57
97344 -6
97345 88
97346 37
97347 63
97348 44
97349 96
97350 71
97351 -25
97352 43
97353 61
97354 106
97355 32
97356 93
97357 40
97358 82
97359 89
97360 54
97361 39
97362 40
97363 45
97364 -9
97365 -1
97366 34
97367 64
97368 77
97369 43
97370 112
97371 70
97372 73
97373 55
97374 93
97375 18
97376 27
97377 96
97378 -19
97379 69
97380 11
97381 68
97382 64
97383 131
97384 87
97385 43
97386 51
97387 118
97388 66
97389 63
97390 47
97391 22
97392 121
97393 44
97394 13
97395 -3
97396 34
97397 -5
97398 95
97399 58
97400 12
97401 61
97402 54
97403 91
97404 72
97405 51
97406 85
97407 82
97408 26
97409 76
97410 43
97411 56
97412 6
97413 79
97414 56
97415 63
97416 52
97417 37
97418 28
97419 38
97420 57
97421 68
97422 57
97423 58
97424 72
97425 53
97426 70
97427 80
97428 62
97429 11
97430 21
97431 54
97432 60
97433 44
97434 30
97435 24
97436 56
97437 86
97438 21
97439 44
97440 54
97441 52
97442 99
97443 27
97444 39
97445 53
97446 60
97447 19
97448 55
97449 39
97450 95
97451 36
97452 24
97453 79
97454 46
97455 -15
97456 75
97457 78
97458 43
97459 49
97460 32
97461 35
97462 67
97463 60
97464 42
97465 43
97466 24
97467 69
97468 43
97469 74
97470 60
97471 95
97472 66
97473 47
97474 80
97475 41
97476 62
97477 18
97478 23
97479 7
97480 61
97481 54
97482 3
97483 60
97484 54
97485 53
97486 53
97487 47
97488 69
97489 42
97490 64
97491 12
97492 53
97493 102
97494 40
97495 103
97496 53
97497 3
97498 31
97499 69
97500 45
97501 44
97502 58
97503 34
97504 51
97505 80
97506 32
97507 25
97508 63
97509 63
97510 70
97511 20
97512 50
97513 39
97514 102
97515 72
97516 22
97517 -2
97518 47
97519 40
97520 67
97521 52
97522 66
97523 45
97524 88
97525 51
97526 41
97527 52
97528 48
97529 15
97530 65
97531 25
97532 52
97533 42
97534 66
97535 111
97536 61
97537 95
97538 83
97539 88
97540 8
97541 68
97542 35
97543 34
97544 29
97545 52
97546 102
97547 17
97548 87
97549 58
97550 76
97551 82
97552 189
97553 46
97554 69
97555 47
97556 47
97557 72
97558 11
97559 52
97560 30
97561 41
97562 72
97563 56
97564 56
97565 18
97566 57
97567 35
97568 51
97569 75
97570 39
97571 19
97572 19
97573 87
97574 65
97575 84
97576 53
97577 101
97578 41
97579 63
97580 36
97581 63
97582 81
97583 30
97584 27
97585 29
97586 65
97587 50
97588 34
97589 39
97590 47
97591 76
97592 70
97593 75
97594 41
97595 35
97596 -41
97597 49
97598 55
97599 14
97600 44
97601 94
97602 48
97603 23
97604 44
97605 40
97606 9
97607 88
97608 87
97609 49
97610 37
97611 29
97612 60
97613 82
97614 -4
97615 81
97616 35
97617 30
97618 58
97619 55
97620 16
97621 31
97622 14
97623 50
97624 0
97625 36
97626 45
97627 52
97628 81
97629 33
97630 68
97631 47
97632 39
97633 -7
97634 7
97635 41
97636 63
97637 123
97638 53
97639 14
97640 77
97641 54
97642 75
97643 99
97644 76
97645 -8
97646 48
97647 66
97648 74
97649 85
97650 55
97651 39
97652 60
97653 21
97654 74
97655 48
97656 15
97657 42
97658 70
97659 59
97660 42
97661 66
97662 22
97663 6
97664 1
97665 33
97666 10
97667 60
97668 35
97669 100
97670 90
97671 -1
97672 20
97673 114
97674 60
97675 47
97676 58
97677 11
97678 37
97679 95
97680 67
97681 61
97682 50
97683 19
97684 41
97685 83
97686 78
97687 48
97688 4
97689 26
97690 33
97691 42
97692 63
97693 21
97694 58
97695 67
97696 74
97697 88
97698 75
97699 52
97700 40
97701 60
97702 39
97703 42
97704 11
97705 48
97706 -14
97707 50
97708 40
97709 40
97710 48
97711 35
97712 29
97713 71
97714 60
97715 23
97716 -3
97717 59
97718 76
97719 43
97720 44
97721 50
97722 59
97723 46
97724 59
97725 70
97726 59
97727 41
97728 26
97729 88
97730 46
97731 29
97732 38
97733 51
97734 45
97735 56
97736 45
97737 46
97738 54
97739 18
97740 34
97741 59
97742 79
97743 84
97744 -2
97745 32
97746 46
97747 61
97748 92
97749 88
97750 47
97751 9
97752 81
97753 104
97754 88
97755 51
97756 73
97757 53
97758 54
97759 -12
97760 24
97761 43
97762 71
97763 15
97764 24
97765 44
97766 28
97767 22
97768 92
97769 26
97770 62
97771 76
97772 8
97773 33
97774 73
97775 76
97776 44
97777 7
97778 34
97779 24
97780 59
97781 34
97782 81
97783 90
97784 36
97785 64
97786 55
97787 76
97788 76
97789 12
97790 52
97791 70
97792 49
97793 70
97794 64
97795 55
97796 68
97797 55
97798 35
97799 68
97800 30
97801 65
97802 88
97803 85
97804 56
97805 63
97806 46
97807 48
97808 82
97809 30
97810 61
97811 3
97812 84
97813 54
97814 47
97815 26
97816 46
97817 79
97818 109
97819 11
97820 55
97821 63
97822 48
97823 11
97824 0
97825 31
97826 42
97827 7
97828 27
97829 43
97830 66
97831 59
97832 63
97833 55
97834 14
97835 42
97836 71
97837 30
97838 12
97839 49
97840 61
97841 57
97842 45
97843 38
97844 -12
97845 52
97846 29
97847 51
97848 12
97849 -16
97850 26
97851 66
97852 54
97853 63
97854 8
97855 62
97856 118
97857 60
97858 57
97859 10
97860 47
97861 19
97862 65
97863 70
97864 29
97865 50
97866 67
97867 26
97868 64
97869 17
97870 55
97871 44
97872 78
97873 37
97874 9
97875 91
97876 89
97877 13
97878 78
97879 73
97880 36
97881 45
97882 43
97883 44
97884 30
97885 5
97886 9
97887 60
97888 6
97889 85
97890 26
97891 22
97892 42
97893 68
97894 63
97895 27
97896 30
97897 26
97898 11
97899 63
97900 57
97901 34
97902 37
97903 37
97904 20
97905 9
97906 75
97907 25
97908 73
97909 82
97910 49
97911 64
97912 81
97913 146
97914 32
97915 37
97916 47
97917 18
97918 57
97919 46
97920 64
97921 43
97922 54
97923 47
97924 95
97925 6
97926 49
97927 104
97928 19
97929 54
97930 6
97931 10
97932 69
97933 75
97934 81
97935 29
97936 64
97937 55
97938 118
97939 13
97940 55
97941 42
97942 36
97943 64
97944 55
97945 79
97946 86
97947 27
97948 53
97949 21
97950 13
97951 56
97952 98
97953 -7
97954 42
97955 57
97956 3
97957 80
97958 72
97959 23
97960 24
97961 34
97962 38
97963 11
97964 27
97965 45
97966 26
97967 88
97968 78
97969 76
97970 90
97971 28
97972 37
97973 18
97974 48
97975 59
97976 6
97977 25
97978 18
97979 77
97980 -14
97981 61
97982 33
97983 38
97984 42
97985 83
97986 -9
97987 86
97988 76
97989 56
97990 85
97991 48
97992 43
97993 67
97994 65
97995 65
97996 30
97997 47
97998 44
97999 37
98000 30
98001 28
98002 66
98003 63
98004 34
98005 37
98006 63
98007 87
98008 42
98009 63
98010 2
98011 91
98012 77
98013 53
98014 18
98015 25
98016 29
98017 0
98018 11
98019 58
98020 74
98021 16
98022 71
98023 85
98024 63
98025 53
98026 35
98027 84
98028 24
98029 56
98030 63
98031 61
98032 100
98033 49
98034 79
98035 29
98036 61
98037 97
98038 20
98039 67
98040 6
98041 52
98042 25
98043 21
98044 53
98045 82
98046 5
98047 114
98048 71
98049 54
98050 46
98051 69
98052 79
98053 50
98054 18
98055 59
98056 53
98057 33
98058 45
98059 44
98060 69
98061 55
98062 64
98063 77
98064 64
98065 59
98066 65
98067 46
98068 54
98069 35
98070 31
98071 74
98072 44
98073 -5
98074 34
98075 8
98076 57
98077 46
98078 68
98079 10
98080 71
98081 66
98082 -6
98083 60
98084 13
98085 -6
98086 -11
98087 49
98088 46
98089 72
98090 37
98091 70
98092 51
98093 38
98094 73
98095 22
98096 23
98097 38
98098 94
98099 43
98100 12
98101 96
98102 -3
98103 26
98104 42
98105 35
98106 57
98107 63
98108 19
98109 40
98110 66
98111 68
98112 81
98113 53
98114 55
98115 50
98116 40
98117 65
98118 71
98119 54
98120 64
98121 11
98122 35
98123 99
98124 83
98125 24
98126 42
98127 37
98128 47
98129 48
98130 92
98131 57
98132 19
98133 29
98134 18
98135 76
98136 50
98137 78
98138 -12
98139 57
98140 -15
98141 119
98142 51
98143 111
98144 25
98145 46
98146 52
98147 66
98148 23
98149 38
98150 45
98151 56
98152 74
98153 95
98154 41
98155 72
98156 45
98157 53
98158 20
98159 8
98160 24
98161 30
98162 25
98163 44
98164 24
98165 65
98166 59
98167 59
98168 16
98169 73
98170 33
98171 61
98172 62
98173 87
98174 32
98175 125
98176 26
98177 8
98178 114
98179 45
98180 60
98181 53
98182 20
98183 46
98184 57
98185 77
98186 23
98187 19
98188 24
98189 52
98190 46
98191 44
98192 21
98193 57
98194 77
98195 65
98196 70
98197 72
98198 57
98199 32
98200 34
98201 26
98202 60
98203 60
98204 103
98205 67
98206 19
98207 28
98208 52
98209 24
98210 49
98211 160
98212 34
98213 72
98214 53
98215 15
98216 30
98217 60
98218 34
98219 17
98220 66
98221 33
98222 34
98223 0
98224 82
98225 62
98226 66
98227 41
98228 64
98229 74
98230 59
98231 40
98232 8
98233 61
98234 14
98235 44
98236 35
98237 46
98238 41
98239 45
98240 75
98241 37
98242 32
98243 15
98244 40
98245 100
98246 39
98247 72
98248 31
98249 41
98250 91
98251 41
98252 34
98253 51
98254 95
98255 36
98256 58
98257 47
98258 -2
98259 18
98260 47
98261 51
98262 53
98263 42
98264 2
98265 29
98266 93
98267 82
98268 109
98269 27
98270 63
98271 21
98272 78
98273 65
98274 67
98275 45
98276 11
98277 26
98278 58
98279 28
98280 81
98281 57
98282 48
98283 10
98284 56
98285 28
98286 39
98287 52
98288 43
98289 29
98290 6
98291 87
98292 33
98293 41
98294 56
98295 54
98296 30
98297 15
98298 65
98299 88
98300 24
98301 35
98302 39
98303 98
98304 31
98305 61
98306 32
98307 59
98308 34
98309 0
98310 68
98311 36
98312 38
98313 52
98314 57
98315 105
98316 56
98317 46
98318 18
98319 46
98320 69
98321 56
98322 48
98323 75
98324 27
98325 63
98326 82
98327 22
98328 96
98329 128
98330 21
98331 51
98332 64
98333 -31
98334 42
98335 69
98336 35
98337 38
98338 67
98339 33
98340 24
98341 4
98342 79
98343 55
98344 66
98345 43
98346 -18
98347 10
98348 0
98349 1
98350 74
98351 53
98352 38
98353 28
98354 93
98355 47
98356 42
98357 35
98358 49
98359 53
98360 52
98361 22
98362 54
98363 -4
98364 4
98365 62
98366 33
98367 34
98368 55
98369 47
98370 62
98371 52
98372 88
98373 30
98374 8
98375 18
98376 77
98377 1
98378 14
98379 47
98380 38
98381 23
98382 89
98383 37
98384 52
98385 75
98386 81
98387 62
98388 45
98389 22
98390 40
98391 83
98392 58
98393 53
98394 13
98395 57
98396 31
98397 60
98398 31
98399 53
98400 46
98401 85
98402 42
98403 45
98404 38
98405 42
98406 52
98407 35
98408 19
98409 36
98410 39
98411 30
98412 64
98413 100
98414 16
98415 36
98416 28
98417 102
98418 58
98419 41
98420 51
98421 32
98422 -13
98423 47
98424 40
98425 33
98426 37
98427 4
98428 30
98429 27
98430 39
98431 -6
98432 85
98433 82
98434 67
98435 79
98436 8
98437 44
98438 43
98439 45
98440 49
98441 59
98442 32
98443 70
98444 69
98445 20
98446 66
98447 21
98448 28
98449 103
98450 4
98451 82
98452 61
98453 51
98454 131
98455 56
98456 40
98457 9
98458 65
98459 28
98460 40
98461 35
98462 35
98463 83
98464 12
98465 36
98466 26
98467 33
98468 14
98469 47
98470 18
98471 29
98472 65
98473 83
98474 66
98475 2
98476 30
98477 68
98478 47
98479 70
98480 59
98481 49
98482 46
98483 60
98484 24
98485 72
98486 43
98487 27
98488 35
98489 36
98490 33
98491 -23
98492 83
98493 85
98494 22
98495 53
98496 56
98497 4
98498 20
98499 18
98500 33
98501 55
98502 51
98503 43
98504 15
98505 80
98506 82
98507 52
98508 20
98509 14
98510 42
98511 63
98512 56
98513 46
98514 52
98515 77
98516 75
98517 61
98518 9
98519 49
98520 13
98521 61
98522 46
98523 80
98524 63
98525 52
98526 26
98527 51
98528 56
98529 11
98530 33
98531 84
98532 73
98533 22
98534 65
98535 35
98536 33
98537 5
98538 34
98539 45
98540 32
98541 27
98542 21
98543 80
98544 61
98545 37
98546 26
98547 58
98548 -7
98549 35
98550 44
98551 61
98552 -6
98553 34
98554 23
98555 96
98556 37
98557 39
98558 -31
98559 44
98560 8
98561 59
98562 36
98563 26
98564 55
98565 70
98566 58
98567 25
98568 6
98569 3
98570 66
98571 48
98572 34
98573 6
98574 85
98575 37
98576 -5
98577 54
98578 -10
98579 91
98580 81
98581 76
98582 46
98583 28
98584 37
98585 88
98586 17
98587 48
98588 56
98589 3
98590 65
98591 46
98592 65
98593 44
98594 63
98595 67
98596 22
98597 16
98598 27
98599 29
98600 34
98601 17
98602 50
98603 98
98604 87
98605 16
98606 11
98607 52
98608 44
98609 90
98610 48
98611 31
98612 12
98613 42
98614 37
98615 -3
98616 67
98617 41
98618 -4
98619 49
98620 48
98621 123
98622 30
98623 34
98624 68
98625 48
98626 120
98627 49
98628 84
98629 31
98630 24
98631 43
98632 43
98633 38
98634 50
98635 59
98636 64
98637 79
98638 45
98639 43
98640 62
98641 -8
98642 23
98643 33
98644 69
98645 40
98646 32
98647 57
98648 16
98649 56
98650 76
98651 34
98652 69
98653 36
98654 56
98655 37
98656 57
98657 49
98658 56
98659 13
98660 38
98661 50
98662 50
98663 42
98664 60
98665 64
98666 19
98667 25
98668 37
98669 41
98670 46
98671 52
98672 17
98673 39
98674 56
98675 78
98676 75
98677 71
98678 53
98679 47
98680 50
98681 12
98682 64
98683 33
98684 50
98685 55
98686 -3
98687 65
98688 44
98689 37
98690 30
98691 41
98692 59
98693 59
98694 35
98695 62
98696 -14
98697 12
98698 12
98699 63
98700 24
98701 16
98702 32
98703 62
98704 88
98705 35
98706 -33
98707 46
98708 65
98709 59
98710 25
98711 44
98712 36
98713 36
98714 87
98715 59
98716 30
98717 -2
98718 95
98719 77
98720 85
98721 52
98722 24
98723 40
98724 45
98725 46
98726 36
98727 38
98728 23
98729 75
98730 42
98731 -24
98732 17
98733 28
98734 19
98735 0
98736 38
98737 58
98738 20
98739 32
98740 62
98741 19
98742 60
98743 72
98744 46
98745 -2
98746 54
98747 50
98748 60
98749 -9
98750 40
98751 51
98752 5
98753 38
98754 39
98755 31
98756 30
98757 38
98758 60
98759 -1
98760 28
98761 45
98762 83
98763 75
98764 45
98765 35
98766 54
98767 15
98768 54
98769 37
98770 61
98771 16
98772 38
98773 65
98774 59
98775 59
98776 70
98777 102
98778 72
98779 56
98780 24
98781 23
98782 39
98783 42
98784 37
98785 23
98786 113
98787 12
98788 71
98789 8
98790 35
98791 51
98792 52
98793 44
98794 0
98795 77
98796 54
98797 6
98798 6
98799 -15
98800 28
98801 23
98802 61
98803 45
98804 13
98805 19
98806 59
98807 37
98808 18
98809 19
98810 42
98811 -8
98812 34
98813 29
98814 45
98815 44
98816 69
98817 33
98818 72
98819 44
98820 17
98821 30
98822 42
98823 36
98824 52
98825 31
98826 48
98827 64
98828 93
98829 73
98830 45
98831 124
98832 47
98833 52
98834 27
98835 60
98836 27
98837 17
98838 57
98839 36
98840 54
98841 62
98842 28
98843 68
98844 13
98845 22
98846 42
98847 30
98848 42
98849 16
98850 43
98851 59
98852 50
98853 73
98854 39
98855 33
98856 52
98857 101
98858 10
98859 38
98860 64
98861 24
98862 39
98863 49
98864 61
98865 25
98866 59
98867 45
98868 26
98869 57
98870 24
98871 42
98872 -5
98873 6
98874 14
98875 23
98876 54
98877 15
98878 44
98879 36
98880 30
98881 13
98882 23
98883 43
98884 72
98885 73
98886 38
98887 8
98888 1
98889 45
98890 27
98891 67
98892 18
98893 44
98894 69
98895 46
98896 36
98897 31
98898 26
98899 50
98900 45
98901 45
98902 14
98903 46
98904 55
98905 41
98906 52
98907 4
98908 14
98909 57
98910 34
98911 70
98912 39
98913 48
98914 29
98915 7
98916 7
98917 10
98918 57
98919 71
98920 41
98921 55
98922 18
98923 59
98924 76
98925 67
98926 57
98927 61
98928 42
98929 21
98930 36
98931 24
98932 36
98933 80
98934 81
98935 21
98936 -5
98937 79
98938 56
98939 53
98940 57
98941 32
98942 12
98943 29
98944 79
98945 58
98946 26
98947 58
98948 -38
98949 11
98950 30
98951 28
98952 29
98953 57
98954 35
98955 72
98956 19
98957 44
98958 -33
98959 22
98960 74
98961 11
98962 41
98963 46
98964 18
98965 42
98966 20
98967 52
98968 58
98969 61
98970 28
98971 13
98972 34
98973 47
98974 32
98975 36
98976 57
98977 48
98978 36
98979 -35
98980 1
98981 7
98982 18
98983 40
98984 52
98985 13
98986 47
98987 12
98988 43
98989 28
98990 12
98991 69
98992 -6
98993 60
98994 30
98995 27
98996 12
98997 23
98998 6
98999 73
99000 65
99001 54
99002 33
99003 60
99004 2
99005 37
99006 92
99007 59
99008 62
99009 30
99010 -13
99011 50
99012 5
99013 0
99014 36
99015 43
99016 65
99017 35
99018 35
99019 8
99020 28
99021 51
99022 33
99023 38
99024 30
99025 57
99026 20
99027 32
99028 64
99029 -5
99030 2
99031 73
99032 29
99033 4
99034 0
99035 47
99036 50
99037 51
99038 58
99039 12
99040 26
99041 30
99042 9
99043 8
99044 55
99045 62
99046 87
99047 -23
99048 32
99049 28
99050 42
99051 37
99052 45
99053 18
99054 41
99055 59
99056 15
99057 37
99058 24
99059 8
99060 7
99061 58
99062 -1
99063 -7
99064 -7
99065 62
99066 43
99067 51
99068 56
99069 50
99070 32
99071 59
99072 5
99073 25
99074 -8
99075 25
99076 36
99077 38
99078 64
99079 47
99080 22
99081 71
99082 52
99083 78
99084 6
99085 59
99086 29
99087 34
99088 12
99089 46
99090 70
99091 107
99092 85
99093 57
99094 43
99095 35
99096 18
99097 42
99098 19
99099 46
99100 12
99101 45
99102 -2
99103 27
99104 9
99105 27
99106 36
99107 46
99108 60
99109 21
99110 16
99111 57
99112 39
99113 4
99114 26
99115 48
99116 17
99117 49
99118 56
99119 30
99120 30
99121 54
99122 17
99123 42
99124 32
99125 37
99126 41
99127 35
99128 60
99129 34
99130 65
99131 13
99132 17
99133 65
99134 28
99135 43
99136 24
99137 30
99138 73
99139 36
99140 -3
99141 26
99142 7
99143 14
99144 58
99145 13
99146 33
99147 -10
99148 5
99149 -2
99150 88
99151 35
99152 10
99153 82
99154 53
99155 1
99156 45
99157 33
99158 34
99159 36
99160 9
99161 35
99162 26
99163 58
99164 66
99165 18
99166 10
99167 -2
99168 15
99169 35
99170 12
99171 11
99172 2
99173 112
99174 14
99175 14
99176 27
99177 3
99178 83
99179 64
99180 16
99181 53
99182 17
99183 31
99184 22
99185 49
99186 61
99187 24
99188 32
99189 11
99190 47
99191 50
99192 29
99193 2
99194 18
99195 37
99196 34
99197 31
99198 64
99199 16
99200 27
99201 4
99202 -2
99203 60
99204 4
99205 16
99206 7
99207 -3
99208 43
99209 37
99210 -12
99211 36
99212 10
99213 89
99214 27
99215 29
99216 58
99217 15
99218 62
99219 27
99220 -24
99221 46
99222 50
99223 71
99224 7
99225 57
99226 47
99227 25
99228 2
99229 52
99230 51
99231 36
99232 36
99233 55
99234 17
99235 3
99236 15
99237 11
99238 30
99239 23
99240 81
99241 19
99242 11
99243 45
99244 36
99245 53
99246 38
99247 56
99248 64
99249 84
99250 35
99251 114
99252 39
99253 16
99254 27
99255 32
99256 82
99257 5
99258 59
99259 13
99260 75
99261 31
99262 42
99263 55
99264 39
99265 8
99266 77
99267 41
99268 18
99269 20
99270 0
99271 59
99272 22
99273 38
99274 11
99275 27
99276 35
99277 35
99278 41
99279 22
99280 21
99281 38
99282 35
99283 3
99284 -7
99285 -3
99286 4
99287 43
99288 54
99289 37
99290 9
99291 70
99292 35
99293 29
99294 31
99295 55
99296 63
99297 49
99298 49
99299 10
99300 17
99301 18
99302 34
99303 29
99304 36
99305 47
99306 91
99307 65
99308 60
99309 32
99310 2
99311 18
99312 41
99313 25
99314 -13
99315 12
99316 -17
99317 40
99318 46
99319 41
99320 58
99321 5
99322 9
99323 25
99324 34
99325 15
99326 40
99327 2
99328 13
99329 14
99330 26
99331 37
99332 25
99333 31
99334 48
99335 47
99336 16
99337 9
99338 26
99339 28
99340 39
99341 22
99342 3
99343 -23
99344 33
99345 52
99346 72
99347 56
99348 14
99349 9
99350 20
99351 80
99352 39
99353 49
99354 8
99355 -2
99356 51
99357 22
99358 63
99359 27
99360 42
99361 29
99362 24
99363 44
99364 69
99365 47
99366 -10
99367 16
99368 25
99369 41
99370 -3
99371 24
99372 27
99373 48
99374 45
99375 95
99376 0
99377 -8
99378 30
99379 3
99380 13
99381 51
99382 61
99383 17
99384 17
99385 51
99386 20
99387 19
99388 21
99389 66
99390 23
99391 29
99392 56
99393 31
99394 57
99395 36
99396 15
99397 11
99398 24
99399 23
99400 84
99401 58
99402 5
99403 31
99404 32
99405 28
99406 50
99407 37
99408 54
99409 -10
99410 46
99411 40
99412 27
99413 21
99414 -12
99415 21
99416 22
99417 31
99418 25
99419 37
99420 27
99421 72
99422 26
99423 29
99424 28
99425 3
99426 37
99427 16
99428 40
99429 24
99430 26
99431 40
99432 49
99433 90
99434 36
99435 50
99436 44
99437 41
99438 -17
99439 33
99440 14
99441 68
99442 27
99443 58
99444 37
99445 14
99446 1
99447 17
99448 63
99449 30
99450 40
99451 -19
99452 60
99453 19
99454 19
99455 19
99456 23
99457 28
99458 36
99459 20
99460 27
99461 -6
99462 0
99463 -6
99464 57
99465 7
99466 67
99467 -4
99468 47
99469 39
99470 -13
99471 58
99472 49
99473 53
99474 -5
99475 29
99476 7
99477 46
99478 34
99479 0
99480 44
99481 46
99482 0
99483 -15
99484 25
99485 -2
99486 44
99487 60
99488 33
99489 33
99490 8
99491 30
99492 43
99493 8
99494 30
99495 17
99496 25
99497 4
99498 26
99499 47
99500 7
99501 16
99502 40
99503 44
99504 36
99505 -4
99506 82
99507 49
99508 6
99509 26
99510 42
99511 29
99512 25
99513 49
99514 30
99515 28
99516 44
99517 9
99518 29
99519 -6
99520 22
99521 49
99522 28
99523 4
99524 -2
99525 5
99526 52
99527 13
99528 50
99529 13
99530 28
99531 26
99532 70
99533 -8
99534 35
99535 -15
99536 48
99537 20
99538 53
99539 24
99540 62
99541 23
99542 30
99543 28
99544 14
99545 51
99546 18
99547 28
99548 35
99549 41
99550 33
99551 27
99552 34
99553 18
99554 42
99555 34
99556 9
99557 -4
99558 1
99559 -8
99560 2
99561 -8
99562 24
99563 15
99564 43
99565 46
99566 -5
99567 41
99568 54
99569 -8
99570 5
99571 -14
99572 38
99573 29
99574 17
99575 -3
99576 6
99577 35
99578 13
99579 -3
99580 -13
99581 8
99582 3
99583 -4
99584 34
99585 -14
99586 49
99587 41
99588 19
99589 29
99590 26
99591 9
99592 19
99593 34
99594 20
99595 11
99596 50
99597 51
99598 81
99599 -9
99600 -11
99601 0
99602 31
99603 39
99604 20
99605 26
99606 21
99607 52
99608 24
99609 27
99610 -15
99611 0
99612 -9
99613 53
99614 21
99615 39
99616 6
99617 4
99618 28
99619 -23
99620 16
99621 4
99622 33
99623 25
99624 20
99625 22
99626 3
99627 22
99628 63
99629 13
99630 0
99631 3
99632 9
99633 5
99634 39
99635 11
99636 44
99637 79
99638 73
99639 17
99640 24
99641 24
99642 45
99643 60
99644 35
99645 46
99646 20
99647 49
99648 61
99649 57
99650 9
99651 36
99652 15
99653 30
99654 -8
99655 28
99656 44
99657 37
99658 26
99659 38
99660 34
99661 48
99662 51
99663 13
99664 10
99665 7
99666 47
99667 5
99668 36
99669 14
99670 47
99671 32
99672 53
99673 43
99674 29
99675 -19
99676 2
99677 18
99678 24
99679 -15
99680 2
99681 20
99682 15
99683 43
99684 25
99685 5
99686 10
99687 34
99688 24
99689 -13
99690 55
99691 59
99692 103
99693 31
99694 33
99695 35
99696 40
99697 22
99698 3
99699 -9
99700 32
99701 35
99702 1
99703 21
99704 35
99705 28
99706 19
99707 28
99708 69
99709 34
99710 30
99711 34
99712 14
99713 23
99714 48
99715 54
99716 24
99717 27
99718 41
99719 0
99720 22
99721 -14
99722 22
99723 25
99724 38
99725 28
99726 41
99727 -3
99728 12
99729 16
99730 32
99731 -6
99732 -10
99733 8
99734 3
99735 19
99736 47
99737 49
99738 11
99739 80
99740 -11
99741 40
99742 35
99743 13
99744 35
99745 21
99746 40
99747 -9
99748 -2
99749 -7
99750 2
99751 -15
99752 5
99753 44
99754 20
99755 26
99756 27
99757 6
99758 37
99759 15
99760 -34
99761 -8
99762 -6
99763 20
99764 61
99765 -10
99766 14
99767 7
99768 50
99769 4
99770 17
99771 -9
99772 -7
99773 46
99774 39
99775 42
99776 12
99777 11
99778 25
99779 19
99780 28
99781 30
99782 -5
99783 24
99784 35
99785 27
99786 11
99787 8
99788 3
99789 15
99790 14
99791 29
99792 -14
99793 -1
99794 3
99795 -1
99796 36
99797 4
99798 23
99799 44
99800 23
99801 21
99802 44
99803 0
99804 8
99805 34
99806 28
99807 -21
99808 29
99809 50
99810 29
99811 6
99812 2
99813 -16
99814 35
99815 30
99816 49
99817 4
99818 20
99819 2
99820 35
99821 36
99822 29
99823 -24
99824 17
99825 60
99826 64
99827 29
99828 -1
99829 59
99830 24
99831 30
99832 15
99833 29
99834 -10
99835 8
99836 21
99837 24
99838 13
99839 30
99840 34
99841 0
99842 -20
99843 8
99844 18
99845 10
99846 41
99847 21
99848 10
99849 34
99850 40
99851 29
99852 6
99853 -7
99854 14
99855 2
99856 24
99857 23
99858 16
99859 -4
99860 -7
99861 -14
99862 -32
99863 -15
99864 29
99865 44
99866 23
99867 15
99868 48
99869 29
99870 18
99871 12
99872 50
99873 7
99874 11
99875 12
99876 4
99877 22
99878 13
99879 25
99880 -6
99881 -16
99882 3
99883 -14
99884 24
99885 -19
99886 -30
99887 23
99888 -23
99889 32
99890 6
99891 -4
99892 17
99893 50
99894 -11
99895 -6
99896 17
99897 19
99898 11
99899 11
99900 16
99901 13
99902 -13
99903 6
99904 -39
99905 -19
99906 -2
99907 14
99908 -17
99909 -8
99910 23
99911 -21
99912 -20
99913 -10
99914 14
99915 10
99916 23
99917 -1
99918 25
99919 8
99920 8
99921 -9
99922 11
99923 10
99924 41
99925 41
99926 -14
99927 -25
99928 32
99929 28
99930 5
99931 8
99932 22
99933 26
99934 41
99935 -37
99936 -18
99937 -8
99938 13
99939 2
99940 2
99941 -5
99942 11
99943 1
99944 -35
99945 2
99946 -14
99947 -4
99948 24
99949 10
99950 -21
99951 -6
99952 -17
99953 -4
99954 -29
99955 7
99956 -21
99957 2
99958 -31
99959 16
99960 -3
99961 21
99962 4
99963 -3
99964 35
99965 -24
99966 1
99967 -1
99968 27
99969 1
99970 1
99971 -13
99972 -10
99973 -6
99974 22
99975 -1
99976 -11
99977 -35
99978 -3
99979 6
99980 -4
99981 -1
99982 7
99983 10
99984 15
99985 0
99986 -1
99987 -14
99988 15
99989 15
99990 -9
99991 -9
99992 16
99993 -7
99994 -15
99995 -10
99996 -19
99997 -20
99998 -1
99999 -28
Exec time 5.9127ms 
