Algorithm Bellman Ford : 
Vertex distance : 0 0
1 14
2 38
3 16
4 32
5 40
6 -10
7 65
8 80
9 29
10 26
11 47
12 126
13 79
14 70
15 108
16 120
17 62
18 145
19 108
20 176
21 77
22 53
23 12
24 89
25 109
26 90
27 6
28 89
29 111
30 52
31 20
32 90
33 9
34 35
35 89
36 167
37 120
38 56
39 66
40 71
41 63
42 69
43 119
44 136
45 -1
46 68
47 64
48 104
49 170
50 64
51 219
52 62
53 53
54 115
55 34
56 57
57 131
58 85
59 267
60 176
61 130
62 30
63 126
64 6
65 83
66 79
67 41
68 12
69 131
70 126
71 162
72 118
73 158
74 143
75 86
76 108
77 154
78 290
79 70
80 3
81 128
82 46
83 130
84 84
85 207
86 -2
87 10
88 223
89 80
90 95
91 137
92 95
93 130
94 172
95 166
96 87
97 22
98 98
99 222
100 291
101 53
102 97
103 98
104 208
105 87
106 74
107 47
108 96
109 288
110 302
111 101
112 87
113 86
114 122
115 66
116 75
117 44
118 156
119 64
120 27
121 142
122 103
123 162
124 115
125 242
126 178
127 132
128 4
129 21
130 150
131 152
132 145
133 170
134 336
135 192
136 65
137 64
138 114
139 128
140 89
141 129
142 99
143 93
144 105
145 70
146 149
147 179
148 132
149 -10
150 125
151 81
152 209
153 44
154 82
155 147
156 128
157 97
158 87
159 106
160 113
161 129
162 93
163 160
164 94
165 103
166 162
167 165
168 5
169 109
170 140
171 2
172 205
173 103
174 117
175 90
176 133
177 75
178 120
179 75
180 250
181 114
182 116
183 166
184 118
185 166
186 104
187 131
188 101
189 217
190 148
191 117
192 9
193 167
194 202
195 140
196 121
197 128
198 104
199 272
200 143
201 78
202 313
203 136
204 134
205 161
206 114
207 17
208 125
209 119
210 216
211 117
212 76
213 178
214 111
215 71
216 156
217 342
218 158
219 168
220 126
221 246
222 261
223 71
224 133
225 128
226 14
227 83
228 255
229 150
230 104
231 54
232 157
233 143
234 163
235 82
236 191
237 172
238 243
239 66
240 89
241 71
242 117
243 88
244 -4
245 179
246 336
247 128
248 61
249 181
250 111
251 142
252 85
253 87
254 256
255 80
256 188
257 116
258 52
259 225
260 143
261 84
262 192
263 100
264 101
265 254
266 161
267 29
268 37
269 88
270 123
271 189
272 165
273 255
274 111
275 177
276 194
277 373
278 101
279 104
280 206
281 105
282 114
283 93
284 79
285 133
286 216
287 114
288 179
289 99
290 92
291 133
292 145
293 42
294 176
295 125
296 162
297 112
298 139
299 76
300 147
301 90
302 88
303 118
304 48
305 376
306 130
307 154
308 241
309 263
310 9
311 191
312 55
313 148
314 97
315 32
316 62
317 51
318 117
319 262
320 116
321 81
322 8
323 146
324 137
325 149
326 130
327 132
328 215
329 37
330 21
331 225
332 114
333 299
334 132
335 278
336 77
337 156
338 295
339 47
340 89
341 93
342 118
343 103
344 224
345 203
346 170
347 125
348 139
349 67
350 179
351 175
352 105
353 47
354 37
355 279
356 76
357 212
358 162
359 188
360 148
361 154
362 25
363 193
364 76
365 93
366 158
367 173
368 85
369 68
370 118
371 188
372 -8
373 133
374 195
375 113
376 141
377 296
378 125
379 348
380 57
381 236
382 141
383 113
384 44
385 103
386 78
387 90
388 226
389 238
390 4
391 261
392 238
393 103
394 -14
395 258
396 136
397 105
398 162
399 69
400 146
401 53
402 134
403 157
404 113
405 207
406 80
407 143
408 144
409 140
410 85
411 95
412 200
413 113
414 156
415 289
416 173
417 196
418 104
419 298
420 187
421 119
422 283
423 151
424 101
425 9
426 87
427 295
428 250
429 130
430 67
431 109
432 132
433 123
434 77
435 196
436 99
437 154
438 159
439 31
440 73
441 47
442 26
443 77
444 47
445 28
446 292
447 155
448 415
449 182
450 102
451 80
452 121
453 117
454 232
455 134
456 165
457 118
458 259
459 243
460 121
461 55
462 93
463 159
464 334
465 134
466 134
467 175
468 100
469 328
470 201
471 115
472 136
473 123
474 52
475 172
476 263
477 56
478 83
479 130
480 269
481 60
482 181
483 135
484 34
485 139
486 120
487 96
488 31
489 112
490 125
491 68
492 86
493 81
494 145
495 108
496 149
497 154
498 134
499 120
500 14
501 224
502 137
503 273
504 80
505 294
506 145
507 153
508 82
509 170
510 337
511 113
512 207
513 145
514 178
515 216
516 156
517 206
518 213
519 183
520 82
521 39
522 72
523 151
524 241
525 148
526 20
527 207
528 89
529 97
530 102
531 158
532 135
533 87
534 92
535 91
536 107
537 228
538 210
539 245
540 130
541 120
542 124
543 51
544 134
545 162
546 129
547 50
548 172
549 147
550 46
551 134
552 128
553 162
554 138
555 142
556 262
557 94
558 263
559 24
560 162
561 125
562 139
563 143
564 -19
565 114
566 160
567 142
568 164
569 174
570 158
571 73
572 121
573 189
574 212
575 306
576 147
577 165
578 142
579 32
580 129
581 171
582 81
583 92
584 187
585 131
586 270
587 321
588 92
589 165
590 216
591 182
592 56
593 202
594 184
595 190
596 296
597 220
598 22
599 81
600 180
601 217
602 105
603 148
604 295
605 112
606 56
607 82
608 182
609 143
610 194
611 45
612 156
613 65
614 50
615 124
616 116
617 84
618 151
619 59
620 133
621 195
622 93
623 210
624 104
625 205
626 163
627 268
628 168
629 255
630 127
631 25
632 126
633 76
634 115
635 16
636 216
637 139
638 228
639 152
640 147
641 180
642 206
643 108
644 205
645 11
646 17
647 212
648 261
649 168
650 262
651 168
652 135
653 218
654 199
655 142
656 101
657 111
658 153
659 158
660 168
661 134
662 165
663 146
664 47
665 133
666 10
667 197
668 169
669 43
670 97
671 115
672 98
673 133
674 185
675 70
676 74
677 136
678 52
679 135
680 332
681 -4
682 249
683 137
684 74
685 107
686 174
687 148
688 70
689 177
690 102
691 156
692 93
693 122
694 46
695 170
696 183
697 283
698 148
699 140
700 186
701 134
702 170
703 133
704 287
705 124
706 139
707 106
708 154
709 -5
710 165
711 244
712 70
713 133
714 124
715 104
716 86
717 252
718 215
719 139
720 120
721 122
722 180
723 161
724 206
725 142
726 24
727 130
728 96
729 132
730 243
731 43
732 59
733 126
734 250
735 97
736 148
737 144
738 84
739 138
740 186
741 86
742 291
743 103
744 113
745 90
746 99
747 225
748 48
749 140
750 22
751 197
752 85
753 171
754 93
755 269
756 55
757 152
758 179
759 96
760 136
761 161
762 223
763 79
764 154
765 85
766 227
767 217
768 102
769 113
770 68
771 108
772 27
773 35
774 185
775 129
776 107
777 110
778 193
779 212
780 68
781 285
782 104
783 224
784 224
785 22
786 167
787 96
788 4
789 305
790 96
791 142
792 107
793 83
794 201
795 115
796 136
797 144
798 83
799 198
800 372
801 230
802 3
803 143
804 153
805 247
806 260
807 89
808 165
809 106
810 175
811 254
812 151
813 368
814 141
815 182
816 158
817 194
818 215
819 82
820 183
821 183
822 98
823 223
824 72
825 76
826 186
827 177
828 369
829 176
830 180
831 255
832 192
833 134
834 118
835 112
836 109
837 136
838 108
839 115
840 157
841 79
842 295
843 88
844 127
845 55
846 197
847 104
848 249
849 143
850 259
851 78
852 294
853 136
854 27
855 305
856 160
857 188
858 114
859 151
860 263
861 237
862 136
863 137
864 165
865 260
866 259
867 120
868 134
869 100
870 32
871 107
872 178
873 192
874 126
875 172
876 176
877 48
878 47
879 252
880 62
881 148
882 166
883 322
884 87
885 214
886 16
887 341
888 215
889 99
890 103
891 107
892 138
893 84
894 109
895 173
896 63
897 116
898 189
899 157
900 18
901 96
902 156
903 105
904 49
905 97
906 167
907 148
908 156
909 234
910 97
911 202
912 201
913 122
914 171
915 98
916 73
917 239
918 276
919 97
920 140
921 156
922 213
923 182
924 136
925 207
926 109
927 131
928 307
929 210
930 31
931 191
932 265
933 147
934 165
935 169
936 147
937 149
938 207
939 101
940 113
941 57
942 78
943 115
944 31
945 177
946 153
947 26
948 114
949 162
950 282
951 67
952 25
953 23
954 132
955 110
956 181
957 137
958 194
959 144
960 204
961 94
962 233
963 57
964 227
965 196
966 110
967 132
968 163
969 47
970 -4
971 202
972 264
973 160
974 47
975 185
976 115
977 73
978 235
979 86
980 146
981 265
982 184
983 139
984 288
985 241
986 69
987 251
988 333
989 59
990 162
991 268
992 304
993 135
994 176
995 174
996 208
997 69
998 40
999 -2
1000 300
1001 221
1002 223
1003 284
1004 129
1005 136
1006 38
1007 282
1008 195
1009 87
1010 117
1011 127
1012 292
1013 290
1014 136
1015 106
1016 261
1017 138
1018 73
1019 175
1020 26
1021 137
1022 68
1023 142
1024 239
1025 114
1026 188
1027 148
1028 130
1029 245
1030 197
1031 111
1032 96
1033 250
1034 206
1035 103
1036 157
1037 116
1038 69
1039 311
1040 103
1041 19
1042 107
1043 319
1044 208
1045 216
1046 133
1047 232
1048 92
1049 106
1050 164
1051 102
1052 92
1053 128
1054 178
1055 371
1056 163
1057 189
1058 133
1059 48
1060 277
1061 87
1062 69
1063 108
1064 295
1065 263
1066 124
1067 41
1068 58
1069 227
1070 59
1071 123
1072 47
1073 64
1074 68
1075 250
1076 194
1077 129
1078 126
1079 122
1080 74
1081 202
1082 313
1083 110
1084 152
1085 99
1086 138
1087 136
1088 143
1089 64
1090 222
1091 216
1092 65
1093 129
1094 234
1095 295
1096 193
1097 144
1098 252
1099 163
1100 65
1101 253
1102 230
1103 64
1104 108
1105 226
1106 113
1107 288
1108 192
1109 177
1110 150
1111 188
1112 130
1113 231
1114 47
1115 125
1116 335
1117 391
1118 76
1119 92
1120 66
1121 62
1122 113
1123 249
1124 169
1125 273
1126 134
1127 188
1128 158
1129 155
1130 143
1131 152
1132 261
1133 164
1134 151
1135 171
1136 158
1137 199
1138 153
1139 95
1140 147
1141 226
1142 162
1143 109
1144 70
1145 113
1146 144
1147 379
1148 74
1149 159
1150 326
1151 139
1152 185
1153 143
1154 249
1155 147
1156 181
1157 88
1158 153
1159 213
1160 161
1161 164
1162 271
1163 77
1164 235
1165 80
1166 123
1167 284
1168 192
1169 -19
1170 218
1171 109
1172 156
1173 134
1174 99
1175 225
1176 269
1177 180
1178 274
1179 184
1180 172
1181 89
1182 335
1183 101
1184 235
1185 185
1186 266
1187 234
1188 90
1189 244
1190 140
1191 124
1192 78
1193 147
1194 292
1195 47
1196 95
1197 174
1198 156
1199 129
1200 126
1201 62
1202 108
1203 198
1204 110
1205 248
1206 374
1207 20
1208 197
1209 358
1210 262
1211 -3
1212 61
1213 172
1214 300
1215 111
1216 49
1217 108
1218 180
1219 215
1220 64
1221 297
1222 249
1223 307
1224 279
1225 154
1226 108
1227 92
1228 299
1229 109
1230 190
1231 56
1232 236
1233 33
1234 186
1235 200
1236 197
1237 145
1238 150
1239 136
1240 228
1241 172
1242 168
1243 133
1244 179
1245 119
1246 133
1247 80
1248 157
1249 111
1250 343
1251 316
1252 169
1253 82
1254 124
1255 144
1256 268
1257 124
1258 111
1259 205
1260 56
1261 133
1262 155
1263 105
1264 139
1265 208
1266 173
1267 141
1268 159
1269 269
1270 38
1271 125
1272 157
1273 -14
1274 269
1275 147
1276 229
1277 172
1278 250
1279 84
1280 129
1281 193
1282 292
1283 124
1284 176
1285 162
1286 122
1287 233
1288 160
1289 109
1290 176
1291 112
1292 161
1293 270
1294 181
1295 254
1296 299
1297 177
1298 50
1299 77
1300 159
1301 127
1302 56
1303 130
1304 109
1305 162
1306 156
1307 88
1308 106
1309 180
1310 53
1311 140
1312 86
1313 167
1314 113
1315 180
1316 137
1317 128
1318 98
1319 105
1320 12
1321 113
1322 138
1323 171
1324 171
1325 127
1326 185
1327 108
1328 64
1329 153
1330 201
1331 120
1332 115
1333 129
1334 144
1335 175
1336 292
1337 180
1338 97
1339 152
1340 231
1341 102
1342 95
1343 29
1344 163
1345 159
1346 121
1347 134
1348 40
1349 197
1350 314
1351 56
1352 62
1353 143
1354 224
1355 149
1356 72
1357 56
1358 105
1359 184
1360 176
1361 63
1362 120
1363 164
1364 143
1365 75
1366 72
1367 317
1368 216
1369 336
1370 57
1371 159
1372 247
1373 155
1374 196
1375 289
1376 150
1377 127
1378 178
1379 153
1380 212
1381 76
1382 219
1383 146
1384 132
1385 35
1386 86
1387 146
1388 158
1389 122
1390 131
1391 310
1392 181
1393 194
1394 115
1395 117
1396 282
1397 176
1398 40
1399 152
1400 99
1401 131
1402 182
1403 211
1404 115
1405 204
1406 188
1407 160
1408 184
1409 187
1410 198
1411 95
1412 272
1413 149
1414 140
1415 253
1416 201
1417 177
1418 148
1419 284
1420 60
1421 37
1422 54
1423 162
1424 103
1425 223
1426 164
1427 154
1428 87
1429 191
1430 336
1431 51
1432 96
1433 99
1434 415
1435 73
1436 159
1437 22
1438 116
1439 138
1440 191
1441 241
1442 169
1443 170
1444 143
1445 185
1446 196
1447 219
1448 88
1449 368
1450 115
1451 182
1452 83
1453 155
1454 96
1455 158
1456 136
1457 114
1458 292
1459 78
1460 111
1461 200
1462 221
1463 328
1464 318
1465 138
1466 171
1467 147
1468 158
1469 82
1470 300
1471 175
1472 135
1473 324
1474 353
1475 71
1476 60
1477 285
1478 331
1479 176
1480 183
1481 100
1482 76
1483 50
1484 120
1485 166
1486 123
1487 83
1488 60
1489 74
1490 187
1491 90
1492 98
1493 211
1494 162
1495 336
1496 322
1497 142
1498 371
1499 77
1500 180
1501 169
1502 134
1503 141
1504 189
1505 98
1506 251
1507 191
1508 65
1509 113
1510 175
1511 127
1512 171
1513 173
1514 42
1515 177
1516 313
1517 118
1518 344
1519 129
1520 222
1521 85
1522 264
1523 102
1524 380
1525 85
1526 102
1527 194
1528 115
1529 106
1530 140
1531 212
1532 240
1533 131
1534 140
1535 220
1536 140
1537 98
1538 223
1539 198
1540 135
1541 106
1542 189
1543 71
1544 144
1545 144
1546 128
1547 232
1548 272
1549 90
1550 266
1551 410
1552 313
1553 256
1554 145
1555 211
1556 109
1557 53
1558 246
1559 120
1560 234
1561 281
1562 161
1563 76
1564 39
1565 155
1566 95
1567 155
1568 76
1569 117
1570 74
1571 195
1572 248
1573 82
1574 35
1575 194
1576 230
1577 85
1578 258
1579 159
1580 68
1581 246
1582 282
1583 322
1584 206
1585 242
1586 123
1587 182
1588 64
1589 190
1590 232
1591 130
1592 298
1593 122
1594 284
1595 66
1596 125
1597 139
1598 273
1599 205
1600 171
1601 209
1602 122
1603 60
1604 125
1605 135
1606 288
1607 295
1608 141
1609 93
1610 157
1611 221
1612 289
1613 299
1614 176
1615 328
1616 82
1617 45
1618 130
1619 96
1620 189
1621 162
1622 108
1623 129
1624 80
1625 217
1626 299
1627 223
1628 258
1629 57
1630 110
1631 182
1632 140
1633 164
1634 168
1635 190
1636 171
1637 115
1638 23
1639 58
1640 109
1641 39
1642 337
1643 202
1644 132
1645 100
1646 159
1647 128
1648 155
1649 195
1650 160
1651 171
1652 241
1653 162
1654 212
1655 263
1656 161
1657 88
1658 144
1659 168
1660 -7
1661 162
1662 375
1663 108
1664 230
1665 86
1666 371
1667 146
1668 190
1669 155
1670 118
1671 321
1672 126
1673 108
1674 182
1675 55
1676 99
1677 45
1678 103
1679 79
1680 145
1681 155
1682 279
1683 108
1684 61
1685 151
1686 190
1687 236
1688 122
1689 224
1690 298
1691 148
1692 119
1693 79
1694 129
1695 91
1696 53
1697 79
1698 121
1699 280
1700 299
1701 229
1702 168
1703 88
1704 196
1705 126
1706 145
1707 139
1708 182
1709 186
1710 26
1711 105
1712 135
1713 362
1714 52
1715 245
1716 158
1717 126
1718 91
1719 137
1720 119
1721 78
1722 141
1723 149
1724 206
1725 145
1726 155
1727 324
1728 149
1729 289
1730 259
1731 213
1732 280
1733 313
1734 139
1735 86
1736 101
1737 195
1738 171
1739 88
1740 219
1741 84
1742 186
1743 184
1744 121
1745 232
1746 225
1747 126
1748 87
1749 200
1750 198
1751 113
1752 154
1753 180
1754 266
1755 113
1756 136
1757 132
1758 143
1759 88
1760 150
1761 197
1762 181
1763 170
1764 357
1765 151
1766 107
1767 97
1768 184
1769 279
1770 168
1771 103
1772 134
1773 100
1774 225
1775 201
1776 171
1777 63
1778 98
1779 319
1780 210
1781 101
1782 140
1783 98
1784 136
1785 63
1786 54
1787 140
1788 335
1789 251
1790 141
1791 206
1792 213
1793 175
1794 275
1795 373
1796 198
1797 152
1798 134
1799 104
1800 68
1801 70
1802 324
1803 158
1804 209
1805 160
1806 244
1807 87
1808 178
1809 242
1810 30
1811 113
1812 334
1813 98
1814 165
1815 18
1816 176
1817 77
1818 309
1819 184
1820 229
1821 226
1822 156
1823 209
1824 63
1825 318
1826 315
1827 111
1828 95
1829 206
1830 180
1831 140
1832 301
1833 160
1834 159
1835 214
1836 265
1837 165
1838 104
1839 43
1840 152
1841 162
1842 127
1843 100
1844 135
1845 126
1846 41
1847 166
1848 156
1849 117
1850 130
1851 29
1852 190
1853 178
1854 168
1855 265
1856 320
1857 208
1858 186
1859 113
1860 82
1861 77
1862 184
1863 163
1864 139
1865 185
1866 125
1867 174
1868 195
1869 6
1870 209
1871 63
1872 208
1873 166
1874 175
1875 25
1876 164
1877 305
1878 123
1879 98
1880 140
1881 89
1882 198
1883 67
1884 175
1885 95
1886 149
1887 174
1888 89
1889 193
1890 109
1891 157
1892 108
1893 37
1894 213
1895 337
1896 149
1897 48
1898 132
1899 296
1900 2
1901 112
1902 108
1903 234
1904 156
1905 146
1906 138
1907 207
1908 336
1909 264
1910 82
1911 413
1912 208
1913 171
1914 102
1915 198
1916 188
1917 138
1918 292
1919 165
1920 101
1921 188
1922 156
1923 129
1924 245
1925 92
1926 105
1927 131
1928 318
1929 155
1930 147
1931 88
1932 123
1933 182
1934 211
1935 167
1936 139
1937 171
1938 41
1939 79
1940 165
1941 144
1942 193
1943 9
1944 135
1945 153
1946 279
1947 48
1948 372
1949 216
1950 256
1951 125
1952 17
1953 88
1954 176
1955 167
1956 134
1957 179
1958 347
1959 122
1960 160
1961 195
1962 218
1963 144
1964 112
1965 267
1966 143
1967 143
1968 201
1969 233
1970 90
1971 343
1972 307
1973 163
1974 184
1975 119
1976 156
1977 287
1978 271
1979 83
1980 169
1981 135
1982 150
1983 174
1984 312
1985 155
1986 166
1987 178
1988 186
1989 128
1990 148
1991 194
1992 194
1993 26
1994 196
1995 71
1996 199
1997 129
1998 294
1999 144
2000 191
2001 279
2002 260
2003 48
2004 386
2005 317
2006 137
2007 161
2008 270
2009 134
2010 170
2011 54
2012 352
2013 241
2014 125
2015 134
2016 166
2017 185
2018 210
2019 245
2020 145
2021 146
2022 175
2023 62
2024 120
2025 207
2026 25
2027 97
2028 57
2029 122
2030 183
2031 231
2032 115
2033 71
2034 23
2035 89
2036 293
2037 246
2038 141
2039 204
2040 257
2041 138
2042 239
2043 210
2044 92
2045 90
2046 194
2047 229
2048 129
2049 198
2050 246
2051 174
2052 110
2053 190
2054 97
2055 23
2056 331
2057 114
2058 359
2059 191
2060 168
2061 190
2062 64
2063 96
2064 117
2065 246
2066 117
2067 122
2068 164
2069 302
2070 188
2071 220
2072 104
2073 286
2074 51
2075 277
2076 163
2077 207
2078 302
2079 244
2080 216
2081 274
2082 275
2083 367
2084 113
2085 178
2086 170
2087 196
2088 40
2089 94
2090 216
2091 195
2092 187
2093 164
2094 151
2095 23
2096 99
2097 333
2098 169
2099 157
2100 227
2101 238
2102 40
2103 218
2104 165
2105 101
2106 241
2107 114
2108 70
2109 145
2110 192
2111 137
2112 241
2113 101
2114 220
2115 262
2116 77
2117 68
2118 173
2119 132
2120 188
2121 228
2122 175
2123 113
2124 214
2125 73
2126 120
2127 193
2128 227
2129 202
2130 158
2131 179
2132 337
2133 134
2134 119
2135 202
2136 7
2137 154
2138 129
2139 180
2140 133
2141 334
2142 145
2143 31
2144 144
2145 324
2146 285
2147 363
2148 87
2149 193
2150 64
2151 140
2152 211
2153 256
2154 216
2155 275
2156 15
2157 372
2158 236
2159 249
2160 73
2161 187
2162 113
2163 83
2164 66
2165 160
2166 146
2167 265
2168 276
2169 179
2170 114
2171 172
2172 302
2173 119
2174 80
2175 98
2176 102
2177 50
2178 187
2179 124
2180 307
2181 120
2182 -9
2183 140
2184 179
2185 311
2186 242
2187 119
2188 12
2189 133
2190 43
2191 99
2192 285
2193 358
2194 66
2195 38
2196 240
2197 136
2198 163
2199 174
2200 126
2201 208
2202 247
2203 200
2204 103
2205 225
2206 175
2207 150
2208 160
2209 223
2210 135
2211 236
2212 113
2213 149
2214 156
2215 101
2216 185
2217 224
2218 118
2219 199
2220 167
2221 150
2222 381
2223 148
2224 64
2225 212
2226 96
2227 248
2228 141
2229 196
2230 241
2231 207
2232 145
2233 206
2234 205
2235 80
2236 243
2237 57
2238 92
2239 165
2240 125
2241 182
2242 102
2243 140
2244 48
2245 183
2246 236
2247 206
2248 186
2249 260
2250 339
2251 199
2252 43
2253 187
2254 124
2255 75
2256 48
2257 67
2258 294
2259 255
2260 135
2261 180
2262 79
2263 92
2264 202
2265 187
2266 152
2267 173
2268 340
2269 239
2270 306
2271 97
2272 304
2273 98
2274 297
2275 52
2276 258
2277 89
2278 185
2279 377
2280 301
2281 32
2282 168
2283 352
2284 170
2285 245
2286 179
2287 135
2288 115
2289 312
2290 243
2291 76
2292 164
2293 199
2294 79
2295 301
2296 112
2297 165
2298 97
2299 94
2300 214
2301 214
2302 187
2303 204
2304 108
2305 177
2306 191
2307 215
2308 279
2309 287
2310 247
2311 313
2312 330
2313 163
2314 164
2315 61
2316 297
2317 141
2318 24
2319 70
2320 180
2321 148
2322 129
2323 69
2324 86
2325 264
2326 135
2327 58
2328 173
2329 132
2330 253
2331 133
2332 159
2333 112
2334 355
2335 287
2336 188
2337 212
2338 371
2339 276
2340 220
2341 191
2342 178
2343 155
2344 112
2345 179
2346 103
2347 60
2348 97
2349 357
2350 111
2351 143
2352 351
2353 168
2354 72
2355 318
2356 184
2357 248
2358 148
2359 206
2360 218
2361 225
2362 332
2363 108
2364 241
2365 206
2366 120
2367 151
2368 33
2369 140
2370 148
2371 155
2372 72
2373 198
2374 392
2375 161
2376 215
2377 117
2378 130
2379 106
2380 173
2381 184
2382 214
2383 153
2384 246
2385 197
2386 164
2387 213
2388 338
2389 189
2390 110
2391 141
2392 96
2393 152
2394 161
2395 266
2396 178
2397 58
2398 53
2399 232
2400 61
2401 168
2402 130
2403 320
2404 146
2405 133
2406 115
2407 184
2408 159
2409 386
2410 270
2411 261
2412 292
2413 100
2414 171
2415 167
2416 82
2417 145
2418 102
2419 142
2420 87
2421 151
2422 108
2423 190
2424 312
2425 367
2426 116
2427 125
2428 391
2429 69
2430 107
2431 136
2432 167
2433 200
2434 104
2435 212
2436 176
2437 383
2438 152
2439 57
2440 123
2441 186
2442 79
2443 54
2444 81
2445 125
2446 158
2447 186
2448 128
2449 201
2450 259
2451 205
2452 101
2453 163
2454 109
2455 120
2456 85
2457 255
2458 312
2459 210
2460 191
2461 126
2462 132
2463 155
2464 98
2465 184
2466 149
2467 186
2468 110
2469 137
2470 161
2471 105
2472 159
2473 125
2474 161
2475 145
2476 200
2477 142
2478 200
2479 61
2480 106
2481 151
2482 62
2483 383
2484 133
2485 362
2486 288
2487 230
2488 278
2489 239
2490 307
2491 310
2492 130
2493 164
2494 134
2495 95
2496 98
2497 463
2498 247
2499 219
2500 185
2501 131
2502 50
2503 160
2504 209
2505 136
2506 252
2507 257
2508 138
2509 70
2510 41
2511 126
2512 119
2513 302
2514 117
2515 83
2516 138
2517 418
2518 151
2519 174
2520 194
2521 104
2522 140
2523 182
2524 193
2525 248
2526 70
2527 169
2528 92
2529 191
2530 96
2531 270
2532 190
2533 171
2534 413
2535 188
2536 122
2537 176
2538 358
2539 99
2540 173
2541 232
2542 114
2543 124
2544 219
2545 151
2546 177
2547 232
2548 108
2549 96
2550 196
2551 88
2552 132
2553 264
2554 134
2555 126
2556 159
2557 275
2558 225
2559 321
2560 161
2561 246
2562 236
2563 198
2564 101
2565 410
2566 210
2567 326
2568 143
2569 145
2570 253
2571 91
2572 56
2573 128
2574 179
2575 85
2576 277
2577 225
2578 136
2579 185
2580 186
2581 376
2582 153
2583 116
2584 407
2585 122
2586 174
2587 213
2588 122
2589 175
2590 87
2591 180
2592 290
2593 90
2594 173
2595 204
2596 93
2597 267
2598 34
2599 292
2600 141
2601 57
2602 98
2603 156
2604 131
2605 170
2606 126
2607 152
2608 221
2609 182
2610 247
2611 101
2612 28
2613 231
2614 246
2615 332
2616 201
2617 178
2618 131
2619 316
2620 213
2621 107
2622 135
2623 155
2624 83
2625 89
2626 317
2627 94
2628 249
2629 147
2630 205
2631 175
2632 118
2633 19
2634 124
2635 198
2636 344
2637 166
2638 211
2639 95
2640 119
2641 416
2642 249
2643 360
2644 161
2645 185
2646 116
2647 143
2648 193
2649 146
2650 113
2651 117
2652 274
2653 122
2654 174
2655 246
2656 256
2657 234
2658 92
2659 31
2660 72
2661 263
2662 104
2663 236
2664 209
2665 115
2666 264
2667 138
2668 210
2669 115
2670 341
2671 155
2672 144
2673 103
2674 125
2675 222
2676 130
2677 108
2678 75
2679 106
2680 100
2681 116
2682 61
2683 233
2684 84
2685 134
2686 425
2687 193
2688 109
2689 159
2690 167
2691 131
2692 226
2693 62
2694 89
2695 166
2696 173
2697 170
2698 121
2699 211
2700 198
2701 35
2702 308
2703 266
2704 255
2705 153
2706 105
2707 240
2708 129
2709 79
2710 139
2711 155
2712 196
2713 370
2714 291
2715 105
2716 114
2717 138
2718 163
2719 184
2720 107
2721 173
2722 279
2723 119
2724 142
2725 212
2726 216
2727 113
2728 70
2729 64
2730 124
2731 149
2732 174
2733 136
2734 138
2735 255
2736 136
2737 186
2738 77
2739 102
2740 214
2741 58
2742 287
2743 134
2744 282
2745 210
2746 130
2747 182
2748 133
2749 163
2750 143
2751 154
2752 262
2753 197
2754 114
2755 160
2756 268
2757 337
2758 55
2759 246
2760 204
2761 283
2762 129
2763 108
2764 127
2765 98
2766 195
2767 149
2768 76
2769 357
2770 93
2771 163
2772 139
2773 137
2774 314
2775 142
2776 145
2777 155
2778 245
2779 160
2780 219
2781 92
2782 174
2783 201
2784 224
2785 164
2786 168
2787 76
2788 314
2789 108
2790 109
2791 122
2792 235
2793 118
2794 232
2795 122
2796 161
2797 361
2798 148
2799 299
2800 191
2801 276
2802 115
2803 167
2804 130
2805 174
2806 210
2807 213
2808 186
2809 146
2810 170
2811 178
2812 172
2813 146
2814 244
2815 137
2816 66
2817 137
2818 139
2819 223
2820 101
2821 95
2822 91
2823 175
2824 143
2825 162
2826 301
2827 213
2828 87
2829 129
2830 140
2831 268
2832 127
2833 190
2834 236
2835 207
2836 163
2837 185
2838 128
2839 287
2840 120
2841 189
2842 205
2843 45
2844 213
2845 109
2846 206
2847 264
2848 193
2849 174
2850 122
2851 287
2852 154
2853 172
2854 187
2855 12
2856 282
2857 107
2858 310
2859 376
2860 191
2861 301
2862 211
2863 105
2864 66
2865 186
2866 159
2867 113
2868 100
2869 206
2870 60
2871 133
2872 207
2873 227
2874 188
2875 44
2876 166
2877 262
2878 210
2879 68
2880 204
2881 87
2882 231
2883 180
2884 282
2885 201
2886 210
2887 147
2888 153
2889 114
2890 85
2891 132
2892 164
2893 111
2894 267
2895 31
2896 197
2897 146
2898 65
2899 327
2900 128
2901 148
2902 296
2903 92
2904 342
2905 167
2906 112
2907 182
2908 363
2909 178
2910 134
2911 188
2912 82
2913 185
2914 105
2915 152
2916 212
2917 243
2918 236
2919 154
2920 425
2921 65
2922 130
2923 389
2924 228
2925 195
2926 97
2927 163
2928 299
2929 189
2930 136
2931 147
2932 295
2933 143
2934 132
2935 214
2936 384
2937 60
2938 324
2939 197
2940 372
2941 121
2942 82
2943 80
2944 280
2945 168
2946 299
2947 116
2948 190
2949 119
2950 105
2951 189
2952 200
2953 112
2954 183
2955 130
2956 245
2957 186
2958 210
2959 185
2960 318
2961 160
2962 329
2963 184
2964 221
2965 141
2966 74
2967 392
2968 122
2969 219
2970 100
2971 97
2972 180
2973 107
2974 152
2975 115
2976 190
2977 49
2978 315
2979 157
2980 319
2981 170
2982 131
2983 148
2984 163
2985 93
2986 189
2987 186
2988 57
2989 377
2990 122
2991 169
2992 149
2993 76
2994 199
2995 143
2996 76
2997 188
2998 38
2999 117
3000 133
3001 165
3002 254
3003 212
3004 166
3005 211
3006 361
3007 190
3008 277
3009 180
3010 192
3011 151
3012 241
3013 59
3014 145
3015 118
3016 126
3017 249
3018 102
3019 116
3020 216
3021 159
3022 119
3023 111
3024 304
3025 66
3026 136
3027 283
3028 48
3029 73
3030 151
3031 117
3032 303
3033 246
3034 237
3035 134
3036 135
3037 158
3038 204
3039 196
3040 171
3041 172
3042 170
3043 189
3044 267
3045 363
3046 272
3047 144
3048 73
3049 107
3050 214
3051 92
3052 224
3053 228
3054 145
3055 214
3056 201
3057 156
3058 137
3059 103
3060 19
3061 175
3062 49
3063 213
3064 100
3065 38
3066 162
3067 305
3068 201
3069 277
3070 212
3071 260
3072 229
3073 236
3074 315
3075 229
3076 401
3077 112
3078 173
3079 143
3080 210
3081 148
3082 264
3083 247
3084 217
3085 126
3086 157
3087 91
3088 164
3089 174
3090 384
3091 110
3092 360
3093 164
3094 23
3095 332
3096 376
3097 165
3098 145
3099 165
3100 88
3101 116
3102 193
3103 203
3104 202
3105 150
3106 102
3107 184
3108 137
3109 37
3110 146
3111 379
3112 318
3113 131
3114 141
3115 121
3116 281
3117 148
3118 172
3119 339
3120 222
3121 188
3122 245
3123 170
3124 159
3125 126
3126 94
3127 192
3128 203
3129 194
3130 197
3131 175
3132 179
3133 88
3134 166
3135 133
3136 113
3137 157
3138 85
3139 143
3140 106
3141 208
3142 211
3143 112
3144 152
3145 38
3146 153
3147 257
3148 149
3149 168
3150 165
3151 232
3152 98
3153 209
3154 81
3155 103
3156 158
3157 179
3158 130
3159 294
3160 162
3161 206
3162 187
3163 183
3164 111
3165 180
3166 135
3167 177
3168 75
3169 80
3170 152
3171 186
3172 164
3173 30
3174 94
3175 404
3176 231
3177 170
3178 190
3179 160
3180 181
3181 88
3182 287
3183 130
3184 128
3185 148
3186 172
3187 181
3188 146
3189 186
3190 148
3191 111
3192 59
3193 98
3194 114
3195 154
3196 169
3197 165
3198 171
3199 140
3200 295
3201 286
3202 134
3203 229
3204 203
3205 66
3206 159
3207 308
3208 348
3209 166
3210 261
3211 222
3212 61
3213 248
3214 200
3215 109
3216 128
3217 212
3218 149
3219 170
3220 209
3221 57
3222 122
3223 262
3224 108
3225 177
3226 74
3227 111
3228 211
3229 237
3230 263
3231 297
3232 251
3233 214
3234 188
3235 127
3236 96
3237 121
3238 159
3239 234
3240 214
3241 197
3242 156
3243 212
3244 235
3245 63
3246 114
3247 181
3248 86
3249 161
3250 87
3251 147
3252 111
3253 284
3254 261
3255 197
3256 157
3257 290
3258 132
3259 108
3260 227
3261 225
3262 192
3263 138
3264 261
3265 31
3266 274
3267 238
3268 123
3269 163
3270 83
3271 125
3272 201
3273 208
3274 148
3275 207
3276 11
3277 66
3278 227
3279 83
3280 94
3281 101
3282 89
3283 405
3284 125
3285 306
3286 82
3287 173
3288 186
3289 94
3290 51
3291 205
3292 268
3293 117
3294 183
3295 175
3296 160
3297 85
3298 273
3299 210
3300 134
3301 110
3302 176
3303 133
3304 86
3305 89
3306 94
3307 153
3308 87
3309 137
3310 164
3311 166
3312 149
3313 119
3314 247
3315 151
3316 252
3317 195
3318 124
3319 278
3320 260
3321 100
3322 61
3323 167
3324 138
3325 149
3326 102
3327 133
3328 202
3329 154
3330 276
3331 241
3332 440
3333 80
3334 66
3335 140
3336 193
3337 228
3338 172
3339 202
3340 177
3341 194
3342 299
3343 203
3344 323
3345 135
3346 234
3347 155
3348 114
3349 133
3350 287
3351 285
3352 145
3353 117
3354 207
3355 132
3356 238
3357 304
3358 182
3359 209
3360 107
3361 116
3362 191
3363 202
3364 353
3365 67
3366 263
3367 162
3368 159
3369 99
3370 298
3371 319
3372 250
3373 126
3374 79
3375 98
3376 224
3377 156
3378 75
3379 117
3380 12
3381 318
3382 184
3383 207
3384 185
3385 159
3386 144
3387 167
3388 180
3389 140
3390 129
3391 112
3392 212
3393 180
3394 145
3395 132
3396 172
3397 174
3398 186
3399 115
3400 225
3401 186
3402 168
3403 227
3404 90
3405 144
3406 144
3407 142
3408 233
3409 178
3410 -4
3411 237
3412 60
3413 384
3414 120
3415 14
3416 150
3417 223
3418 323
3419 185
3420 194
3421 202
3422 267
3423 89
3424 96
3425 135
3426 211
3427 185
3428 100
3429 176
3430 154
3431 275
3432 191
3433 332
3434 51
3435 212
3436 129
3437 208
3438 74
3439 200
3440 238
3441 198
3442 313
3443 208
3444 181
3445 121
3446 136
3447 213
3448 184
3449 97
3450 307
3451 155
3452 137
3453 144
3454 106
3455 79
3456 149
3457 162
3458 107
3459 239
3460 177
3461 106
3462 157
3463 93
3464 196
3465 84
3466 214
3467 61
3468 171
3469 155
3470 71
3471 158
3472 115
3473 256
3474 106
3475 47
3476 133
3477 251
3478 309
3479 320
3480 147
3481 396
3482 203
3483 241
3484 276
3485 206
3486 48
3487 68
3488 290
3489 101
3490 349
3491 390
3492 171
3493 156
3494 269
3495 48
3496 170
3497 246
3498 59
3499 141
3500 117
3501 310
3502 115
3503 200
3504 143
3505 94
3506 267
3507 197
3508 86
3509 136
3510 129
3511 169
3512 191
3513 108
3514 233
3515 197
3516 38
3517 243
3518 53
3519 57
3520 343
3521 240
3522 99
3523 255
3524 295
3525 148
3526 38
3527 104
3528 17
3529 78
3530 179
3531 334
3532 135
3533 125
3534 134
3535 128
3536 179
3537 115
3538 256
3539 117
3540 148
3541 137
3542 110
3543 203
3544 186
3545 175
3546 161
3547 42
3548 82
3549 16
3550 208
3551 52
3552 96
3553 308
3554 135
3555 168
3556 193
3557 162
3558 37
3559 156
3560 192
3561 147
3562 151
3563 228
3564 40
3565 196
3566 95
3567 179
3568 121
3569 42
3570 134
3571 233
3572 137
3573 129
3574 68
3575 174
3576 127
3577 165
3578 356
3579 152
3580 220
3581 172
3582 167
3583 156
3584 174
3585 205
3586 181
3587 205
3588 107
3589 157
3590 34
3591 95
3592 179
3593 154
3594 159
3595 136
3596 98
3597 94
3598 136
3599 117
3600 139
3601 64
3602 197
3603 186
3604 113
3605 84
3606 85
3607 278
3608 403
3609 100
3610 329
3611 96
3612 117
3613 22
3614 86
3615 -21
3616 162
3617 230
3618 167
3619 134
3620 177
3621 216
3622 204
3623 221
3624 204
3625 122
3626 149
3627 218
3628 185
3629 79
3630 76
3631 168
3632 145
3633 104
3634 310
3635 203
3636 211
3637 304
3638 261
3639 124
3640 179
3641 264
3642 44
3643 342
3644 210
3645 2
3646 423
3647 178
3648 109
3649 283
3650 235
3651 211
3652 204
3653 90
3654 205
3655 141
3656 164
3657 177
3658 127
3659 166
3660 120
3661 132
3662 151
3663 120
3664 252
3665 76
3666 107
3667 71
3668 232
3669 207
3670 202
3671 121
3672 195
3673 194
3674 261
3675 128
3676 129
3677 163
3678 144
3679 195
3680 111
3681 61
3682 253
3683 53
3684 188
3685 170
3686 192
3687 68
3688 250
3689 168
3690 221
3691 196
3692 145
3693 162
3694 94
3695 185
3696 252
3697 365
3698 332
3699 125
3700 166
3701 150
3702 143
3703 154
3704 159
3705 237
3706 55
3707 114
3708 149
3709 83
3710 54
3711 377
3712 231
3713 170
3714 184
3715 178
3716 173
3717 377
3718 143
3719 53
3720 229
3721 121
3722 76
3723 179
3724 160
3725 150
3726 201
3727 222
3728 217
3729 158
3730 173
3731 102
3732 145
3733 185
3734 275
3735 169
3736 238
3737 308
3738 145
3739 146
3740 38
3741 208
3742 248
3743 219
3744 199
3745 128
3746 291
3747 172
3748 164
3749 197
3750 224
3751 229
3752 232
3753 130
3754 222
3755 36
3756 151
3757 -5
3758 149
3759 148
3760 181
3761 215
3762 284
3763 196
3764 46
3765 216
3766 134
3767 110
3768 132
3769 148
3770 189
3771 214
3772 132
3773 102
3774 105
3775 263
3776 97
3777 205
3778 192
3779 135
3780 135
3781 200
3782 131
3783 229
3784 262
3785 167
3786 151
3787 166
3788 92
3789 220
3790 21
3791 140
3792 100
3793 21
3794 216
3795 219
3796 70
3797 110
3798 379
3799 182
3800 115
3801 198
3802 264
3803 85
3804 385
3805 -5
3806 150
3807 174
3808 242
3809 156
3810 133
3811 180
3812 126
3813 282
3814 186
3815 264
3816 269
3817 157
3818 221
3819 137
3820 210
3821 269
3822 322
3823 145
3824 329
3825 83
3826 323
3827 191
3828 131
3829 293
3830 219
3831 233
3832 224
3833 114
3834 142
3835 85
3836 105
3837 275
3838 49
3839 228
3840 331
3841 157
3842 131
3843 204
3844 187
3845 221
3846 183
3847 127
3848 129
3849 125
3850 267
3851 119
3852 189
3853 135
3854 171
3855 114
3856 338
3857 265
3858 191
3859 35
3860 205
3861 241
3862 155
3863 70
3864 225
3865 235
3866 204
3867 192
3868 254
3869 199
3870 146
3871 119
3872 364
3873 158
3874 306
3875 157
3876 176
3877 91
3878 168
3879 186
3880 169
3881 310
3882 160
3883 213
3884 165
3885 202
3886 157
3887 107
3888 200
3889 340
3890 141
3891 185
3892 112
3893 264
3894 426
3895 160
3896 259
3897 192
3898 55
3899 210
3900 56
3901 198
3902 341
3903 128
3904 49
3905 122
3906 193
3907 249
3908 81
3909 125
3910 230
3911 203
3912 260
3913 195
3914 110
3915 171
3916 81
3917 180
3918 215
3919 305
3920 247
3921 42
3922 153
3923 94
3924 224
3925 89
3926 64
3927 112
3928 42
3929 323
3930 259
3931 178
3932 194
3933 166
3934 144
3935 199
3936 188
3937 173
3938 103
3939 175
3940 168
3941 195
3942 150
3943 168
3944 155
3945 208
3946 178
3947 249
3948 99
3949 48
3950 180
3951 121
3952 344
3953 221
3954 14
3955 98
3956 175
3957 71
3958 269
3959 148
3960 291
3961 239
3962 269
3963 102
3964 186
3965 72
3966 27
3967 331
3968 186
3969 39
3970 207
3971 128
3972 191
3973 129
3974 122
3975 205
3976 111
3977 118
3978 142
3979 236
3980 205
3981 237
3982 177
3983 91
3984 148
3985 193
3986 132
3987 97
3988 94
3989 191
3990 118
3991 297
3992 169
3993 74
3994 375
3995 204
3996 349
3997 168
3998 307
3999 101
4000 203
4001 82
4002 23
4003 269
4004 213
4005 305
4006 353
4007 150
4008 321
4009 177
4010 102
4011 254
4012 237
4013 264
4014 88
4015 211
4016 149
4017 190
4018 458
4019 162
4020 162
4021 173
4022 95
4023 227
4024 263
4025 155
4026 196
4027 201
4028 36
4029 135
4030 268
4031 135
4032 89
4033 180
4034 284
4035 58
4036 232
4037 273
4038 234
4039 193
4040 170
4041 113
4042 105
4043 129
4044 162
4045 219
4046 301
4047 248
4048 140
4049 127
4050 127
4051 139
4052 437
4053 172
4054 447
4055 270
4056 235
4057 174
4058 54
4059 136
4060 185
4061 147
4062 265
4063 245
4064 189
4065 257
4066 150
4067 221
4068 94
4069 146
4070 191
4071 149
4072 66
4073 152
4074 135
4075 178
4076 195
4077 165
4078 222
4079 202
4080 99
4081 303
4082 152
4083 160
4084 173
4085 311
4086 395
4087 83
4088 116
4089 120
4090 104
4091 141
4092 120
4093 248
4094 132
4095 218
4096 84
4097 65
4098 96
4099 202
4100 126
4101 221
4102 163
4103 107
4104 185
4105 254
4106 148
4107 205
4108 178
4109 2
4110 276
4111 133
4112 381
4113 143
4114 405
4115 214
4116 48
4117 102
4118 257
4119 198
4120 206
4121 186
4122 152
4123 128
4124 142
4125 173
4126 225
4127 346
4128 365
4129 342
4130 114
4131 174
4132 165
4133 128
4134 32
4135 128
4136 68
4137 146
4138 193
4139 93
4140 176
4141 102
4142 116
4143 329
4144 152
4145 211
4146 212
4147 83
4148 100
4149 213
4150 198
4151 93
4152 286
4153 98
4154 188
4155 123
4156 228
4157 228
4158 234
4159 173
4160 118
4161 135
4162 43
4163 263
4164 109
4165 192
4166 156
4167 296
4168 174
4169 141
4170 89
4171 243
4172 136
4173 105
4174 159
4175 213
4176 98
4177 34
4178 107
4179 252
4180 154
4181 232
4182 139
4183 43
4184 291
4185 255
4186 145
4187 135
4188 181
4189 201
4190 167
4191 148
4192 143
4193 67
4194 91
4195 176
4196 114
4197 155
4198 103
4199 194
4200 183
4201 222
4202 161
4203 287
4204 155
4205 295
4206 147
4207 269
4208 393
4209 201
4210 80
4211 107
4212 154
4213 270
4214 117
4215 292
4216 279
4217 203
4218 34
4219 74
4220 18
4221 34
4222 37
4223 98
4224 168
4225 184
4226 153
4227 197
4228 105
4229 150
4230 162
4231 212
4232 204
4233 289
4234 178
4235 150
4236 88
4237 102
4238 82
4239 99
4240 206
4241 411
4242 106
4243 271
4244 159
4245 181
4246 101
4247 154
4248 121
4249 119
4250 68
4251 142
4252 13
4253 162
4254 116
4255 281
4256 325
4257 71
4258 74
4259 42
4260 205
4261 456
4262 71
4263 208
4264 80
4265 132
4266 31
4267 66
4268 128
4269 205
4270 68
4271 192
4272 81
4273 145
4274 75
4275 126
4276 42
4277 201
4278 337
4279 103
4280 135
4281 266
4282 60
4283 208
4284 34
4285 106
4286 218
4287 118
4288 32
4289 138
4290 266
4291 199
4292 219
4293 280
4294 174
4295 200
4296 101
4297 178
4298 131
4299 189
4300 227
4301 300
4302 392
4303 247
4304 145
4305 233
4306 178
4307 285
4308 134
4309 152
4310 265
4311 253
4312 70
4313 151
4314 149
4315 113
4316 130
4317 218
4318 8
4319 99
4320 200
4321 214
4322 157
4323 194
4324 116
4325 133
4326 223
4327 108
4328 145
4329 150
4330 204
4331 57
4332 81
4333 164
4334 119
4335 139
4336 247
4337 183
4338 331
4339 95
4340 124
4341 171
4342 223
4343 128
4344 202
4345 120
4346 94
4347 265
4348 106
4349 207
4350 145
4351 70
4352 146
4353 58
4354 177
4355 73
4356 230
4357 110
4358 139
4359 162
4360 141
4361 112
4362 105
4363 170
4364 216
4365 302
4366 178
4367 322
4368 159
4369 288
4370 217
4371 163
4372 239
4373 172
4374 243
4375 157
4376 236
4377 108
4378 46
4379 224
4380 125
4381 25
4382 160
4383 147
4384 140
4385 202
4386 367
4387 145
4388 221
4389 112
4390 132
4391 142
4392 44
4393 237
4394 209
4395 371
4396 275
4397 54
4398 123
4399 250
4400 271
4401 181
4402 108
4403 225
4404 135
4405 214
4406 144
4407 233
4408 233
4409 129
4410 161
4411 106
4412 183
4413 85
4414 217
4415 81
4416 172
4417 145
4418 183
4419 8
4420 174
4421 139
4422 191
4423 122
4424 115
4425 186
4426 483
4427 102
4428 194
4429 97
4430 149
4431 201
4432 349
4433 92
4434 154
4435 101
4436 182
4437 126
4438 207
4439 49
4440 168
4441 197
4442 148
4443 118
4444 312
4445 225
4446 64
4447 185
4448 213
4449 67
4450 226
4451 193
4452 86
4453 272
4454 103
4455 28
4456 205
4457 235
4458 293
4459 283
4460 181
4461 199
4462 137
4463 259
4464 236
4465 288
4466 131
4467 351
4468 175
4469 267
4470 39
4471 84
4472 238
4473 44
4474 203
4475 121
4476 123
4477 102
4478 171
4479 49
4480 383
4481 317
4482 270
4483 127
4484 190
4485 143
4486 128
4487 102
4488 93
4489 85
4490 232
4491 226
4492 182
4493 243
4494 130
4495 91
4496 306
4497 11
4498 272
4499 153
4500 97
4501 202
4502 217
4503 406
4504 230
4505 124
4506 149
4507 70
4508 164
4509 138
4510 217
4511 239
4512 48
4513 266
4514 38
4515 197
4516 197
4517 58
4518 126
4519 156
4520 198
4521 249
4522 58
4523 186
4524 265
4525 104
4526 103
4527 190
4528 124
4529 256
4530 291
4531 75
4532 135
4533 125
4534 370
4535 132
4536 274
4537 241
4538 179
4539 233
4540 254
4541 109
4542 116
4543 268
4544 217
4545 122
4546 317
4547 108
4548 160
4549 156
4550 223
4551 110
4552 127
4553 214
4554 107
4555 167
4556 269
4557 387
4558 120
4559 346
4560 270
4561 185
4562 142
4563 122
4564 128
4565 191
4566 379
4567 147
4568 163
4569 65
4570 17
4571 103
4572 184
4573 183
4574 203
4575 197
4576 194
4577 119
4578 126
4579 195
4580 132
4581 231
4582 49
4583 248
4584 119
4585 200
4586 248
4587 171
4588 279
4589 -21
4590 151
4591 195
4592 211
4593 356
4594 160
4595 99
4596 234
4597 144
4598 236
4599 358
4600 334
4601 295
4602 130
4603 95
4604 325
4605 178
4606 191
4607 207
4608 114
4609 224
4610 67
4611 150
4612 52
4613 282
4614 187
4615 212
4616 159
4617 233
4618 128
4619 142
4620 278
4621 189
4622 139
4623 196
4624 157
4625 258
4626 102
4627 207
4628 108
4629 126
4630 154
4631 186
4632 78
4633 196
4634 172
4635 311
4636 167
4637 273
4638 343
4639 143
4640 138
4641 121
4642 276
4643 160
4644 76
4645 79
4646 111
4647 168
4648 230
4649 108
4650 283
4651 204
4652 -14
4653 437
4654 85
4655 82
4656 113
4657 104
4658 381
4659 112
4660 315
4661 267
4662 117
4663 52
4664 75
4665 87
4666 246
4667 117
4668 151
4669 178
4670 236
4671 154
4672 31
4673 149
4674 176
4675 317
4676 216
4677 124
4678 120
4679 177
4680 209
4681 248
4682 288
4683 183
4684 132
4685 215
4686 280
4687 171
4688 306
4689 282
4690 240
4691 147
4692 55
4693 182
4694 186
4695 57
4696 178
4697 405
4698 118
4699 75
4700 84
4701 324
4702 104
4703 168
4704 142
4705 240
4706 176
4707 97
4708 58
4709 28
4710 268
4711 226
4712 160
4713 298
4714 160
4715 247
4716 184
4717 261
4718 243
4719 248
4720 157
4721 240
4722 161
4723 197
4724 161
4725 247
4726 116
4727 221
4728 200
4729 143
4730 324
4731 144
4732 223
4733 150
4734 229
4735 311
4736 81
4737 153
4738 42
4739 106
4740 235
4741 332
4742 129
4743 108
4744 91
4745 148
4746 191
4747 196
4748 221
4749 9
4750 254
4751 50
4752 101
4753 140
4754 202
4755 183
4756 261
4757 66
4758 63
4759 355
4760 329
4761 104
4762 198
4763 216
4764 58
4765 25
4766 213
4767 91
4768 48
4769 162
4770 353
4771 253
4772 165
4773 194
4774 265
4775 184
4776 161
4777 217
4778 99
4779 84
4780 139
4781 88
4782 111
4783 119
4784 175
4785 83
4786 9
4787 112
4788 242
4789 295
4790 280
4791 134
4792 232
4793 72
4794 14
4795 138
4796 58
4797 240
4798 292
4799 129
4800 149
4801 145
4802 152
4803 90
4804 324
4805 260
4806 137
4807 336
4808 181
4809 145
4810 374
4811 217
4812 397
4813 149
4814 114
4815 68
4816 83
4817 72
4818 290
4819 129
4820 211
4821 131
4822 135
4823 203
4824 224
4825 184
4826 211
4827 66
4828 177
4829 62
4830 155
4831 54
4832 172
4833 155
4834 177
4835 186
4836 88
4837 138
4838 64
4839 191
4840 171
4841 291
4842 261
4843 238
4844 39
4845 167
4846 166
4847 38
4848 181
4849 132
4850 126
4851 248
4852 191
4853 255
4854 180
4855 246
4856 161
4857 175
4858 110
4859 62
4860 142
4861 320
4862 237
4863 66
4864 202
4865 125
4866 283
4867 216
4868 143
4869 117
4870 60
4871 149
4872 223
4873 148
4874 223
4875 49
4876 290
4877 320
4878 132
4879 332
4880 146
4881 59
4882 42
4883 115
4884 276
4885 236
4886 107
4887 56
4888 115
4889 252
4890 245
4891 218
4892 147
4893 232
4894 253
4895 82
4896 128
4897 82
4898 232
4899 254
4900 218
4901 150
4902 141
4903 204
4904 235
4905 179
4906 173
4907 269
4908 213
4909 127
4910 225
4911 196
4912 158
4913 267
4914 455
4915 307
4916 117
4917 209
4918 139
4919 159
4920 174
4921 181
4922 323
4923 157
4924 235
4925 305
4926 94
4927 188
4928 43
4929 183
4930 129
4931 295
4932 147
4933 120
4934 164
4935 39
4936 150
4937 26
4938 403
4939 123
4940 157
4941 89
4942 214
4943 39
4944 395
4945 165
4946 81
4947 65
4948 180
4949 264
4950 180
4951 222
4952 306
4953 250
4954 237
4955 201
4956 182
4957 170
4958 239
4959 75
4960 34
4961 188
4962 387
4963 419
4964 107
4965 174
4966 150
4967 120
4968 166
4969 185
4970 135
4971 162
4972 236
4973 77
4974 94
4975 128
4976 151
4977 182
4978 84
4979 288
4980 237
4981 70
4982 269
4983 155
4984 183
4985 118
4986 234
4987 136
4988 223
4989 191
4990 180
4991 139
4992 270
4993 92
4994 207
4995 186
4996 60
4997 130
4998 141
4999 60
5000 224
5001 169
5002 125
5003 149
5004 268
5005 110
5006 182
5007 90
5008 205
5009 87
5010 110
5011 216
5012 47
5013 197
5014 100
5015 202
5016 37
5017 36
5018 271
5019 130
5020 201
5021 155
5022 254
5023 119
5024 27
5025 243
5026 198
5027 251
5028 266
5029 214
5030 198
5031 240
5032 116
5033 201
5034 244
5035 50
5036 72
5037 356
5038 83
5039 310
5040 254
5041 127
5042 90
5043 131
5044 320
5045 139
5046 198
5047 247
5048 174
5049 262
5050 290
5051 202
5052 147
5053 136
5054 140
5055 286
5056 278
5057 111
5058 259
5059 238
5060 153
5061 233
5062 244
5063 165
5064 207
5065 196
5066 123
5067 94
5068 163
5069 95
5070 173
5071 284
5072 190
5073 217
5074 60
5075 327
5076 324
5077 300
5078 237
5079 218
5080 139
5081 146
5082 224
5083 318
5084 108
5085 87
5086 69
5087 193
5088 205
5089 106
5090 68
5091 121
5092 192
5093 46
5094 178
5095 209
5096 144
5097 80
5098 208
5099 84
5100 136
5101 160
5102 221
5103 153
5104 138
5105 212
5106 252
5107 286
5108 356
5109 156
5110 444
5111 316
5112 36
5113 127
5114 199
5115 75
5116 49
5117 161
5118 123
5119 110
5120 170
5121 229
5122 134
5123 89
5124 298
5125 221
5126 193
5127 59
5128 33
5129 111
5130 424
5131 263
5132 184
5133 186
5134 209
5135 279
5136 204
5137 137
5138 277
5139 153
5140 193
5141 246
5142 155
5143 143
5144 136
5145 184
5146 132
5147 269
5148 108
5149 239
5150 148
5151 312
5152 390
5153 173
5154 111
5155 151
5156 308
5157 119
5158 146
5159 208
5160 187
5161 142
5162 289
5163 52
5164 114
5165 414
5166 83
5167 154
5168 93
5169 141
5170 60
5171 96
5172 121
5173 249
5174 75
5175 182
5176 226
5177 215
5178 97
5179 209
5180 137
5181 148
5182 258
5183 145
5184 142
5185 115
5186 272
5187 274
5188 170
5189 167
5190 320
5191 45
5192 -8
5193 142
5194 171
5195 367
5196 245
5197 170
5198 196
5199 186
5200 148
5201 266
5202 333
5203 82
5204 268
5205 260
5206 218
5207 191
5208 73
5209 86
5210 310
5211 84
5212 71
5213 279
5214 204
5215 196
5216 181
5217 86
5218 183
5219 192
5220 86
5221 188
5222 85
5223 137
5224 253
5225 250
5226 145
5227 90
5228 364
5229 79
5230 117
5231 150
5232 143
5233 91
5234 299
5235 243
5236 220
5237 80
5238 181
5239 153
5240 85
5241 185
5242 161
5243 109
5244 144
5245 151
5246 293
5247 149
5248 204
5249 136
5250 252
5251 143
5252 152
5253 254
5254 291
5255 129
5256 92
5257 67
5258 169
5259 88
5260 127
5261 254
5262 214
5263 171
5264 209
5265 152
5266 240
5267 208
5268 202
5269 106
5270 198
5271 234
5272 365
5273 241
5274 188
5275 211
5276 97
5277 161
5278 29
5279 181
5280 194
5281 139
5282 134
5283 160
5284 159
5285 125
5286 140
5287 179
5288 155
5289 190
5290 58
5291 151
5292 237
5293 132
5294 215
5295 136
5296 241
5297 156
5298 78
5299 79
5300 296
5301 130
5302 54
5303 288
5304 189
5305 181
5306 198
5307 64
5308 136
5309 183
5310 195
5311 48
5312 327
5313 120
5314 191
5315 205
5316 94
5317 209
5318 178
5319 186
5320 81
5321 266
5322 105
5323 194
5324 73
5325 344
5326 134
5327 176
5328 88
5329 168
5330 189
5331 102
5332 368
5333 114
5334 369
5335 118
5336 177
5337 90
5338 246
5339 231
5340 100
5341 180
5342 143
5343 155
5344 147
5345 227
5346 279
5347 93
5348 92
5349 188
5350 132
5351 172
5352 141
5353 176
5354 139
5355 116
5356 133
5357 90
5358 115
5359 175
5360 330
5361 165
5362 238
5363 227
5364 376
5365 129
5366 138
5367 33
5368 64
5369 157
5370 355
5371 249
5372 237
5373 308
5374 151
5375 45
5376 156
5377 36
5378 82
5379 184
5380 134
5381 97
5382 222
5383 162
5384 159
5385 378
5386 139
5387 132
5388 123
5389 180
5390 88
5391 106
5392 156
5393 2
5394 74
5395 218
5396 143
5397 172
5398 84
5399 84
5400 150
5401 85
5402 222
5403 172
5404 218
5405 258
5406 182
5407 193
5408 102
5409 252
5410 274
5411 96
5412 238
5413 343
5414 136
5415 407
5416 140
5417 327
5418 196
5419 217
5420 159
5421 179
5422 115
5423 291
5424 335
5425 149
5426 53
5427 246
5428 157
5429 153
5430 52
5431 154
5432 173
5433 165
5434 244
5435 182
5436 195
5437 194
5438 190
5439 437
5440 129
5441 184
5442 212
5443 262
5444 155
5445 54
5446 138
5447 180
5448 249
5449 103
5450 120
5451 136
5452 184
5453 170
5454 102
5455 166
5456 258
5457 307
5458 187
5459 159
5460 141
5461 106
5462 129
5463 192
5464 119
5465 129
5466 233
5467 343
5468 146
5469 220
5470 185
5471 228
5472 219
5473 164
5474 41
5475 171
5476 140
5477 80
5478 284
5479 156
5480 218
5481 367
5482 116
5483 190
5484 113
5485 238
5486 152
5487 211
5488 232
5489 131
5490 104
5491 167
5492 89
5493 70
5494 181
5495 132
5496 161
5497 233
5498 248
5499 171
5500 151
5501 128
5502 32
5503 383
5504 262
5505 63
5506 61
5507 114
5508 333
5509 131
5510 110
5511 172
5512 335
5513 170
5514 193
5515 119
5516 129
5517 89
5518 41
5519 180
5520 100
5521 164
5522 402
5523 71
5524 156
5525 130
5526 365
5527 219
5528 80
5529 170
5530 149
5531 99
5532 99
5533 254
5534 264
5535 157
5536 215
5537 187
5538 79
5539 179
5540 250
5541 66
5542 140
5543 123
5544 204
5545 186
5546 24
5547 178
5548 101
5549 337
5550 206
5551 163
5552 142
5553 32
5554 97
5555 113
5556 150
5557 254
5558 130
5559 165
5560 146
5561 99
5562 88
5563 93
5564 258
5565 168
5566 168
5567 181
5568 308
5569 112
5570 212
5571 350
5572 198
5573 310
5574 147
5575 92
5576 216
5577 235
5578 191
5579 164
5580 108
5581 116
5582 91
5583 417
5584 167
5585 126
5586 156
5587 342
5588 203
5589 159
5590 292
5591 241
5592 328
5593 106
5594 69
5595 73
5596 248
5597 183
5598 179
5599 120
5600 309
5601 262
5602 312
5603 275
5604 155
5605 140
5606 225
5607 244
5608 399
5609 185
5610 259
5611 90
5612 119
5613 381
5614 169
5615 224
5616 105
5617 160
5618 214
5619 164
5620 278
5621 36
5622 56
5623 165
5624 173
5625 166
5626 102
5627 131
5628 168
5629 184
5630 290
5631 62
5632 230
5633 260
5634 216
5635 52
5636 156
5637 136
5638 344
5639 70
5640 162
5641 297
5642 62
5643 273
5644 138
5645 158
5646 147
5647 152
5648 178
5649 202
5650 54
5651 308
5652 172
5653 146
5654 119
5655 91
5656 123
5657 236
5658 380
5659 94
5660 83
5661 146
5662 169
5663 162
5664 400
5665 138
5666 130
5667 241
5668 324
5669 251
5670 167
5671 89
5672 212
5673 268
5674 140
5675 214
5676 107
5677 131
5678 125
5679 120
5680 215
5681 149
5682 108
5683 182
5684 131
5685 103
5686 125
5687 243
5688 194
5689 167
5690 86
5691 130
5692 235
5693 172
5694 73
5695 195
5696 180
5697 298
5698 227
5699 90
5700 140
5701 140
5702 133
5703 87
5704 170
5705 58
5706 192
5707 237
5708 70
5709 245
5710 273
5711 207
5712 120
5713 253
5714 203
5715 209
5716 186
5717 217
5718 112
5719 167
5720 220
5721 183
5722 141
5723 114
5724 146
5725 28
5726 144
5727 173
5728 256
5729 78
5730 171
5731 117
5732 227
5733 329
5734 204
5735 146
5736 193
5737 192
5738 57
5739 174
5740 123
5741 220
5742 150
5743 174
5744 117
5745 294
5746 138
5747 189
5748 131
5749 92
5750 148
5751 133
5752 160
5753 84
5754 273
5755 242
5756 110
5757 232
5758 138
5759 82
5760 126
5761 375
5762 145
5763 238
5764 165
5765 251
5766 102
5767 65
5768 146
5769 175
5770 114
5771 239
5772 255
5773 67
5774 106
5775 151
5776 160
5777 131
5778 190
5779 89
5780 124
5781 202
5782 165
5783 162
5784 95
5785 328
5786 206
5787 172
5788 276
5789 216
5790 155
5791 164
5792 152
5793 50
5794 299
5795 188
5796 327
5797 110
5798 93
5799 180
5800 31
5801 22
5802 101
5803 176
5804 328
5805 183
5806 193
5807 191
5808 215
5809 253
5810 368
5811 148
5812 159
5813 324
5814 83
5815 173
5816 122
5817 237
5818 246
5819 240
5820 202
5821 149
5822 260
5823 156
5824 104
5825 57
5826 31
5827 59
5828 153
5829 136
5830 191
5831 162
5832 181
5833 255
5834 26
5835 156
5836 85
5837 219
5838 249
5839 210
5840 105
5841 345
5842 253
5843 160
5844 89
5845 94
5846 201
5847 145
5848 209
5849 177
5850 179
5851 179
5852 176
5853 149
5854 109
5855 291
5856 224
5857 167
5858 150
5859 103
5860 223
5861 47
5862 62
5863 193
5864 244
5865 180
5866 85
5867 139
5868 119
5869 149
5870 174
5871 261
5872 110
5873 140
5874 74
5875 232
5876 213
5877 311
5878 213
5879 149
5880 129
5881 136
5882 102
5883 146
5884 135
5885 260
5886 143
5887 359
5888 70
5889 309
5890 293
5891 250
5892 18
5893 389
5894 142
5895 219
5896 333
5897 165
5898 69
5899 167
5900 191
5901 155
5902 168
5903 167
5904 193
5905 192
5906 44
5907 319
5908 192
5909 233
5910 72
5911 199
5912 256
5913 137
5914 155
5915 118
5916 166
5917 257
5918 304
5919 158
5920 286
5921 347
5922 191
5923 108
5924 100
5925 125
5926 119
5927 79
5928 258
5929 161
5930 131
5931 86
5932 236
5933 179
5934 119
5935 203
5936 144
5937 170
5938 112
5939 226
5940 216
5941 92
5942 200
5943 98
5944 127
5945 184
5946 396
5947 96
5948 131
5949 170
5950 160
5951 52
5952 103
5953 208
5954 176
5955 205
5956 283
5957 194
5958 126
5959 184
5960 130
5961 108
5962 160
5963 121
5964 216
5965 202
5966 199
5967 206
5968 180
5969 191
5970 175
5971 90
5972 214
5973 101
5974 113
5975 228
5976 351
5977 167
5978 64
5979 193
5980 314
5981 14
5982 242
5983 247
5984 209
5985 288
5986 235
5987 139
5988 183
5989 112
5990 105
5991 96
5992 214
5993 140
5994 205
5995 242
5996 141
5997 285
5998 183
5999 239
6000 134
6001 177
6002 85
6003 243
6004 225
6005 214
6006 269
6007 226
6008 106
6009 87
6010 150
6011 143
6012 131
6013 165
6014 62
6015 201
6016 111
6017 75
6018 102
6019 217
6020 71
6021 303
6022 110
6023 157
6024 279
6025 32
6026 267
6027 145
6028 140
6029 26
6030 228
6031 134
6032 74
6033 41
6034 20
6035 195
6036 154
6037 217
6038 161
6039 146
6040 196
6041 148
6042 82
6043 133
6044 235
6045 208
6046 152
6047 145
6048 86
6049 227
6050 99
6051 140
6052 121
6053 153
6054 165
6055 333
6056 83
6057 225
6058 157
6059 148
6060 243
6061 204
6062 161
6063 53
6064 119
6065 105
6066 157
6067 241
6068 107
6069 140
6070 141
6071 121
6072 96
6073 133
6074 113
6075 165
6076 141
6077 169
6078 35
6079 66
6080 136
6081 98
6082 171
6083 113
6084 345
6085 113
6086 72
6087 132
6088 205
6089 260
6090 170
6091 175
6092 164
6093 282
6094 164
6095 291
6096 149
6097 230
6098 95
6099 166
6100 140
6101 121
6102 108
6103 174
6104 453
6105 178
6106 109
6107 99
6108 44
6109 229
6110 101
6111 333
6112 482
6113 180
6114 209
6115 80
6116 231
6117 141
6118 227
6119 150
6120 210
6121 134
6122 233
6123 212
6124 163
6125 141
6126 135
6127 232
6128 254
6129 205
6130 117
6131 183
6132 305
6133 167
6134 63
6135 90
6136 133
6137 132
6138 398
6139 329
6140 324
6141 181
6142 329
6143 122
6144 24
6145 129
6146 200
6147 60
6148 145
6149 120
6150 190
6151 209
6152 56
6153 287
6154 414
6155 137
6156 300
6157 159
6158 59
6159 165
6160 67
6161 155
6162 156
6163 187
6164 102
6165 145
6166 110
6167 200
6168 289
6169 190
6170 98
6171 139
6172 194
6173 265
6174 167
6175 168
6176 141
6177 227
6178 70
6179 228
6180 167
6181 200
6182 34
6183 348
6184 242
6185 204
6186 173
6187 203
6188 95
6189 125
6190 289
6191 232
6192 176
6193 148
6194 267
6195 94
6196 130
6197 144
6198 89
6199 150
6200 398
6201 269
6202 90
6203 185
6204 180
6205 280
6206 146
6207 77
6208 263
6209 156
6210 228
6211 152
6212 78
6213 157
6214 231
6215 57
6216 126
6217 181
6218 387
6219 51
6220 205
6221 172
6222 323
6223 213
6224 165
6225 248
6226 258
6227 240
6228 222
6229 186
6230 210
6231 107
6232 348
6233 144
6234 147
6235 237
6236 93
6237 120
6238 158
6239 112
6240 240
6241 228
6242 154
6243 232
6244 331
6245 142
6246 187
6247 126
6248 234
6249 218
6250 180
6251 106
6252 140
6253 72
6254 94
6255 122
6256 181
6257 158
6258 89
6259 134
6260 108
6261 172
6262 106
6263 123
6264 102
6265 82
6266 208
6267 122
6268 366
6269 110
6270 97
6271 164
6272 365
6273 217
6274 222
6275 218
6276 349
6277 121
6278 169
6279 158
6280 143
6281 155
6282 93
6283 225
6284 126
6285 147
6286 166
6287 75
6288 147
6289 135
6290 112
6291 73
6292 158
6293 145
6294 275
6295 158
6296 310
6297 252
6298 141
6299 148
6300 125
6301 170
6302 62
6303 266
6304 55
6305 174
6306 125
6307 82
6308 178
6309 178
6310 217
6311 247
6312 128
6313 160
6314 215
6315 53
6316 330
6317 78
6318 140
6319 250
6320 137
6321 297
6322 323
6323 216
6324 248
6325 102
6326 150
6327 227
6328 333
6329 169
6330 101
6331 173
6332 114
6333 244
6334 178
6335 112
6336 218
6337 76
6338 185
6339 113
6340 177
6341 152
6342 79
6343 201
6344 126
6345 215
6346 458
6347 162
6348 158
6349 190
6350 130
6351 231
6352 147
6353 96
6354 294
6355 177
6356 213
6357 147
6358 96
6359 125
6360 166
6361 378
6362 144
6363 113
6364 237
6365 309
6366 154
6367 115
6368 250
6369 239
6370 205
6371 197
6372 251
6373 119
6374 89
6375 178
6376 69
6377 260
6378 368
6379 258
6380 197
6381 203
6382 227
6383 334
6384 85
6385 125
6386 243
6387 235
6388 249
6389 60
6390 77
6391 206
6392 79
6393 110
6394 137
6395 276
6396 153
6397 140
6398 69
6399 129
6400 132
6401 130
6402 182
6403 260
6404 213
6405 27
6406 196
6407 172
6408 123
6409 205
6410 191
6411 153
6412 369
6413 135
6414 184
6415 323
6416 228
6417 217
6418 336
6419 145
6420 304
6421 179
6422 104
6423 221
6424 213
6425 185
6426 242
6427 151
6428 179
6429 132
6430 94
6431 225
6432 256
6433 212
6434 149
6435 248
6436 223
6437 87
6438 263
6439 102
6440 166
6441 170
6442 335
6443 219
6444 166
6445 146
6446 108
6447 203
6448 109
6449 81
6450 91
6451 83
6452 97
6453 94
6454 110
6455 224
6456 81
6457 192
6458 157
6459 140
6460 94
6461 245
6462 162
6463 195
6464 90
6465 173
6466 100
6467 212
6468 157
6469 141
6470 106
6471 281
6472 191
6473 189
6474 192
6475 267
6476 418
6477 228
6478 125
6479 66
6480 147
6481 134
6482 225
6483 349
6484 167
6485 211
6486 261
6487 88
6488 220
6489 87
6490 123
6491 200
6492 209
6493 77
6494 264
6495 209
6496 176
6497 179
6498 183
6499 155
6500 180
6501 383
6502 313
6503 151
6504 277
6505 236
6506 211
6507 126
6508 339
6509 251
6510 144
6511 132
6512 168
6513 86
6514 77
6515 389
6516 242
6517 392
6518 127
6519 286
6520 217
6521 223
6522 147
6523 241
6524 63
6525 190
6526 203
6527 212
6528 258
6529 209
6530 186
6531 166
6532 70
6533 150
6534 266
6535 230
6536 143
6537 88
6538 223
6539 194
6540 148
6541 254
6542 241
6543 135
6544 139
6545 134
6546 313
6547 134
6548 188
6549 34
6550 137
6551 233
6552 70
6553 86
6554 80
6555 345
6556 178
6557 266
6558 170
6559 209
6560 240
6561 219
6562 257
6563 51
6564 28
6565 202
6566 152
6567 140
6568 234
6569 152
6570 319
6571 24
6572 103
6573 59
6574 118
6575 281
6576 208
6577 185
6578 158
6579 140
6580 247
6581 206
6582 247
6583 61
6584 165
6585 85
6586 176
6587 295
6588 191
6589 200
6590 406
6591 163
6592 100
6593 143
6594 388
6595 255
6596 186
6597 133
6598 122
6599 45
6600 234
6601 90
6602 362
6603 279
6604 201
6605 160
6606 123
6607 249
6608 79
6609 72
6610 185
6611 194
6612 162
6613 53
6614 318
6615 214
6616 252
6617 215
6618 153
6619 213
6620 115
6621 82
6622 32
6623 424
6624 309
6625 267
6626 241
6627 181
6628 317
6629 271
6630 90
6631 134
6632 170
6633 105
6634 230
6635 222
6636 96
6637 135
6638 111
6639 260
6640 230
6641 162
6642 136
6643 143
6644 61
6645 132
6646 78
6647 218
6648 176
6649 73
6650 94
6651 129
6652 122
6653 331
6654 169
6655 208
6656 114
6657 151
6658 96
6659 186
6660 113
6661 209
6662 35
6663 279
6664 87
6665 144
6666 211
6667 117
6668 147
6669 190
6670 191
6671 211
6672 129
6673 106
6674 309
6675 227
6676 290
6677 152
6678 429
6679 412
6680 276
6681 130
6682 228
6683 215
6684 137
6685 256
6686 51
6687 167
6688 140
6689 155
6690 139
6691 205
6692 426
6693 152
6694 155
6695 90
6696 156
6697 287
6698 104
6699 120
6700 82
6701 174
6702 120
6703 184
6704 117
6705 301
6706 -5
6707 239
6708 267
6709 87
6710 340
6711 185
6712 196
6713 161
6714 310
6715 180
6716 172
6717 130
6718 134
6719 129
6720 84
6721 384
6722 203
6723 262
6724 184
6725 50
6726 301
6727 106
6728 193
6729 182
6730 83
6731 155
6732 148
6733 166
6734 136
6735 205
6736 263
6737 243
6738 365
6739 284
6740 166
6741 156
6742 152
6743 255
6744 234
6745 239
6746 159
6747 172
6748 336
6749 82
6750 165
6751 177
6752 105
6753 194
6754 185
6755 305
6756 120
6757 113
6758 213
6759 47
6760 156
6761 114
6762 191
6763 218
6764 183
6765 93
6766 222
6767 77
6768 56
6769 127
6770 162
6771 176
6772 162
6773 269
6774 123
6775 14
6776 148
6777 148
6778 154
6779 86
6780 146
6781 153
6782 181
6783 109
6784 98
6785 100
6786 260
6787 242
6788 337
6789 -4
6790 198
6791 222
6792 225
6793 128
6794 385
6795 44
6796 159
6797 174
6798 71
6799 302
6800 294
6801 91
6802 170
6803 112
6804 123
6805 183
6806 146
6807 86
6808 121
6809 76
6810 180
6811 268
6812 200
6813 242
6814 361
6815 157
6816 204
6817 115
6818 222
6819 147
6820 204
6821 220
6822 459
6823 149
6824 143
6825 137
6826 134
6827 102
6828 72
6829 194
6830 123
6831 52
6832 238
6833 165
6834 266
6835 194
6836 112
6837 130
6838 186
6839 157
6840 127
6841 115
6842 221
6843 208
6844 297
6845 138
6846 185
6847 167
6848 149
6849 95
6850 152
6851 349
6852 167
6853 243
6854 67
6855 170
6856 224
6857 190
6858 262
6859 200
6860 194
6861 165
6862 209
6863 283
6864 114
6865 147
6866 194
6867 104
6868 212
6869 158
6870 156
6871 250
6872 121
6873 206
6874 152
6875 213
6876 362
6877 261
6878 202
6879 180
6880 253
6881 292
6882 72
6883 154
6884 150
6885 155
6886 325
6887 76
6888 153
6889 136
6890 192
6891 217
6892 159
6893 136
6894 93
6895 319
6896 90
6897 236
6898 152
6899 65
6900 196
6901 304
6902 104
6903 185
6904 258
6905 210
6906 137
6907 96
6908 462
6909 139
6910 140
6911 110
6912 316
6913 79
6914 263
6915 162
6916 35
6917 144
6918 117
6919 130
6920 145
6921 196
6922 164
6923 273
6924 221
6925 188
6926 137
6927 169
6928 115
6929 71
6930 239
6931 245
6932 149
6933 184
6934 148
6935 396
6936 154
6937 155
6938 188
6939 114
6940 98
6941 218
6942 157
6943 99
6944 140
6945 150
6946 181
6947 270
6948 244
6949 214
6950 142
6951 165
6952 253
6953 207
6954 75
6955 80
6956 49
6957 243
6958 192
6959 -10
6960 64
6961 237
6962 100
6963 103
6964 126
6965 359
6966 114
6967 165
6968 122
6969 199
6970 83
6971 14
6972 166
6973 175
6974 159
6975 138
6976 173
6977 251
6978 205
6979 200
6980 186
6981 165
6982 234
6983 198
6984 66
6985 225
6986 115
6987 396
6988 175
6989 278
6990 66
6991 112
6992 92
6993 196
6994 317
6995 229
6996 127
6997 130
6998 111
6999 162
7000 327
7001 129
7002 140
7003 105
7004 129
7005 152
7006 159
7007 39
7008 144
7009 91
7010 68
7011 91
7012 319
7013 153
7014 194
7015 118
7016 98
7017 194
7018 215
7019 404
7020 193
7021 372
7022 136
7023 212
7024 156
7025 298
7026 196
7027 137
7028 240
7029 179
7030 243
7031 104
7032 153
7033 179
7034 187
7035 195
7036 158
7037 300
7038 227
7039 148
7040 201
7041 96
7042 155
7043 290
7044 156
7045 44
7046 35
7047 195
7048 117
7049 226
7050 328
7051 184
7052 138
7053 156
7054 205
7055 291
7056 72
7057 87
7058 69
7059 235
7060 99
7061 193
7062 90
7063 138
7064 297
7065 132
7066 212
7067 130
7068 171
7069 103
7070 271
7071 343
7072 137
7073 245
7074 175
7075 92
7076 189
7077 88
7078 184
7079 103
7080 82
7081 67
7082 81
7083 143
7084 305
7085 318
7086 129
7087 134
7088 133
7089 233
7090 85
7091 89
7092 258
7093 195
7094 124
7095 164
7096 197
7097 153
7098 241
7099 198
7100 225
7101 38
7102 224
7103 231
7104 118
7105 136
7106 121
7107 237
7108 330
7109 248
7110 67
7111 139
7112 387
7113 190
7114 43
7115 194
7116 153
7117 161
7118 243
7119 96
7120 82
7121 211
7122 181
7123 196
7124 264
7125 205
7126 170
7127 62
7128 213
7129 295
7130 195
7131 70
7132 193
7133 341
7134 222
7135 152
7136 146
7137 358
7138 36
7139 105
7140 15
7141 179
7142 93
7143 212
7144 59
7145 194
7146 218
7147 138
7148 312
7149 92
7150 221
7151 283
7152 146
7153 199
7154 274
7155 281
7156 325
7157 215
7158 158
7159 357
7160 161
7161 262
7162 219
7163 202
7164 250
7165 100
7166 214
7167 92
7168 132
7169 217
7170 266
7171 254
7172 261
7173 277
7174 137
7175 118
7176 140
7177 197
7178 182
7179 80
7180 170
7181 254
7182 116
7183 187
7184 197
7185 209
7186 160
7187 90
7188 342
7189 134
7190 157
7191 305
7192 -14
7193 211
7194 168
7195 279
7196 140
7197 127
7198 13
7199 223
7200 386
7201 114
7202 124
7203 310
7204 210
7205 157
7206 164
7207 94
7208 139
7209 82
7210 317
7211 101
7212 374
7213 223
7214 114
7215 116
7216 101
7217 200
7218 302
7219 196
7220 162
7221 174
7222 67
7223 163
7224 167
7225 188
7226 253
7227 87
7228 102
7229 101
7230 176
7231 137
7232 223
7233 180
7234 207
7235 136
7236 169
7237 378
7238 149
7239 211
7240 207
7241 38
7242 344
7243 317
7244 318
7245 202
7246 199
7247 107
7248 72
7249 196
7250 206
7251 276
7252 356
7253 165
7254 238
7255 101
7256 115
7257 139
7258 170
7259 214
7260 94
7261 153
7262 17
7263 49
7264 72
7265 31
7266 187
7267 244
7268 86
7269 231
7270 272
7271 112
7272 102
7273 75
7274 255
7275 114
7276 111
7277 84
7278 145
7279 116
7280 33
7281 121
7282 260
7283 259
7284 207
7285 169
7286 101
7287 166
7288 165
7289 152
7290 231
7291 196
7292 81
7293 158
7294 162
7295 215
7296 174
7297 123
7298 132
7299 331
7300 197
7301 190
7302 132
7303 129
7304 199
7305 317
7306 184
7307 272
7308 162
7309 207
7310 209
7311 191
7312 150
7313 234
7314 206
7315 70
7316 275
7317 135
7318 104
7319 61
7320 217
7321 109
7322 122
7323 135
7324 60
7325 133
7326 215
7327 179
7328 135
7329 182
7330 194
7331 101
7332 180
7333 160
7334 95
7335 85
7336 155
7337 142
7338 140
7339 353
7340 33
7341 167
7342 442
7343 144
7344 133
7345 307
7346 115
7347 174
7348 160
7349 238
7350 190
7351 176
7352 271
7353 128
7354 185
7355 190
7356 206
7357 100
7358 250
7359 346
7360 205
7361 229
7362 245
7363 142
7364 39
7365 59
7366 170
7367 112
7368 77
7369 164
7370 198
7371 123
7372 274
7373 437
7374 126
7375 184
7376 225
7377 275
7378 467
7379 178
7380 252
7381 44
7382 233
7383 278
7384 155
7385 137
7386 117
7387 32
7388 254
7389 122
7390 127
7391 241
7392 146
7393 89
7394 130
7395 254
7396 240
7397 131
7398 150
7399 164
7400 139
7401 170
7402 129
7403 69
7404 163
7405 158
7406 276
7407 86
7408 131
7409 99
7410 123
7411 133
7412 104
7413 241
7414 177
7415 129
7416 296
7417 220
7418 147
7419 169
7420 76
7421 193
7422 197
7423 165
7424 166
7425 231
7426 42
7427 112
7428 24
7429 118
7430 138
7431 136
7432 244
7433 313
7434 231
7435 237
7436 169
7437 175
7438 199
7439 188
7440 188
7441 289
7442 155
7443 287
7444 27
7445 146
7446 96
7447 135
7448 173
7449 226
7450 224
7451 207
7452 159
7453 359
7454 253
7455 147
7456 137
7457 172
7458 57
7459 240
7460 121
7461 167
7462 120
7463 154
7464 45
7465 203
7466 209
7467 174
7468 137
7469 150
7470 167
7471 78
7472 265
7473 170
7474 229
7475 132
7476 99
7477 90
7478 192
7479 120
7480 227
7481 215
7482 333
7483 176
7484 249
7485 96
7486 147
7487 126
7488 146
7489 96
7490 209
7491 244
7492 89
7493 176
7494 123
7495 66
7496 133
7497 146
7498 255
7499 95
7500 76
7501 155
7502 281
7503 116
7504 121
7505 152
7506 57
7507 83
7508 75
7509 88
7510 178
7511 167
7512 60
7513 45
7514 237
7515 129
7516 188
7517 122
7518 142
7519 163
7520 293
7521 61
7522 149
7523 286
7524 134
7525 91
7526 164
7527 163
7528 168
7529 196
7530 142
7531 81
7532 171
7533 70
7534 149
7535 209
7536 89
7537 155
7538 71
7539 202
7540 128
7541 57
7542 95
7543 106
7544 144
7545 266
7546 127
7547 103
7548 114
7549 66
7550 169
7551 100
7552 167
7553 185
7554 118
7555 118
7556 172
7557 85
7558 240
7559 110
7560 221
7561 165
7562 148
7563 472
7564 158
7565 235
7566 191
7567 157
7568 108
7569 225
7570 62
7571 272
7572 99
7573 153
7574 123
7575 244
7576 100
7577 163
7578 368
7579 116
7580 179
7581 70
7582 200
7583 154
7584 203
7585 89
7586 95
7587 286
7588 208
7589 276
7590 245
7591 42
7592 182
7593 0
7594 173
7595 38
7596 259
7597 171
7598 147
7599 117
7600 310
7601 100
7602 142
7603 304
7604 312
7605 201
7606 189
7607 193
7608 17
7609 265
7610 265
7611 198
7612 112
7613 197
7614 204
7615 175
7616 124
7617 249
7618 113
7619 126
7620 272
7621 170
7622 92
7623 174
7624 238
7625 146
7626 153
7627 208
7628 249
7629 80
7630 159
7631 180
7632 206
7633 111
7634 137
7635 71
7636 151
7637 164
7638 213
7639 150
7640 201
7641 122
7642 282
7643 101
7644 94
7645 147
7646 48
7647 93
7648 117
7649 155
7650 332
7651 237
7652 233
7653 294
7654 101
7655 149
7656 78
7657 198
7658 138
7659 326
7660 33
7661 152
7662 104
7663 348
7664 49
7665 246
7666 415
7667 177
7668 201
7669 428
7670 189
7671 226
7672 206
7673 108
7674 175
7675 198
7676 286
7677 148
7678 244
7679 104
7680 63
7681 161
7682 133
7683 358
7684 119
7685 79
7686 161
7687 151
7688 194
7689 134
7690 293
7691 206
7692 242
7693 215
7694 116
7695 159
7696 177
7697 428
7698 83
7699 99
7700 282
7701 102
7702 73
7703 303
7704 123
7705 89
7706 159
7707 26
7708 166
7709 195
7710 128
7711 278
7712 191
7713 174
7714 210
7715 142
7716 167
7717 149
7718 354
7719 215
7720 229
7721 341
7722 199
7723 133
7724 212
7725 89
7726 130
7727 219
7728 97
7729 154
7730 194
7731 193
7732 248
7733 315
7734 84
7735 70
7736 68
7737 168
7738 94
7739 154
7740 55
7741 157
7742 89
7743 205
7744 331
7745 190
7746 203
7747 122
7748 287
7749 174
7750 242
7751 135
7752 298
7753 68
7754 184
7755 225
7756 106
7757 214
7758 117
7759 81
7760 171
7761 62
7762 87
7763 70
7764 338
7765 134
7766 230
7767 79
7768 199
7769 262
7770 277
7771 153
7772 188
7773 185
7774 122
7775 202
7776 115
7777 144
7778 135
7779 74
7780 17
7781 195
7782 120
7783 239
7784 272
7785 127
7786 143
7787 77
7788 81
7789 151
7790 148
7791 188
7792 262
7793 243
7794 234
7795 81
7796 191
7797 101
7798 256
7799 172
7800 154
7801 68
7802 89
7803 98
7804 263
7805 206
7806 246
7807 229
7808 38
7809 190
7810 170
7811 164
7812 374
7813 200
7814 67
7815 143
7816 78
7817 180
7818 299
7819 206
7820 310
7821 102
7822 165
7823 159
7824 77
7825 271
7826 127
7827 181
7828 14
7829 204
7830 24
7831 280
7832 260
7833 298
7834 66
7835 385
7836 382
7837 170
7838 230
7839 225
7840 242
7841 272
7842 181
7843 146
7844 121
7845 140
7846 99
7847 215
7848 93
7849 27
7850 123
7851 174
7852 212
7853 101
7854 206
7855 429
7856 87
7857 238
7858 151
7859 147
7860 200
7861 236
7862 151
7863 366
7864 204
7865 95
7866 118
7867 211
7868 102
7869 53
7870 56
7871 198
7872 122
7873 222
7874 153
7875 77
7876 167
7877 165
7878 236
7879 259
7880 265
7881 121
7882 190
7883 197
7884 49
7885 166
7886 163
7887 230
7888 81
7889 232
7890 239
7891 178
7892 258
7893 181
7894 161
7895 213
7896 73
7897 200
7898 84
7899 70
7900 166
7901 253
7902 202
7903 308
7904 184
7905 164
7906 79
7907 255
7908 77
7909 211
7910 314
7911 124
7912 327
7913 132
7914 275
7915 39
7916 109
7917 295
7918 285
7919 218
7920 186
7921 125
7922 194
7923 165
7924 88
7925 147
7926 132
7927 132
7928 240
7929 86
7930 77
7931 241
7932 197
7933 451
7934 103
7935 137
7936 120
7937 104
7938 275
7939 141
7940 281
7941 81
7942 164
7943 158
7944 160
7945 179
7946 158
7947 155
7948 152
7949 80
7950 190
7951 231
7952 214
7953 75
7954 121
7955 184
7956 300
7957 77
7958 74
7959 286
7960 126
7961 204
7962 146
7963 79
7964 169
7965 51
7966 248
7967 93
7968 111
7969 189
7970 158
7971 145
7972 44
7973 184
7974 126
7975 218
7976 164
7977 175
7978 188
7979 295
7980 243
7981 67
7982 133
7983 101
7984 233
7985 169
7986 177
7987 151
7988 126
7989 130
7990 139
7991 102
7992 85
7993 179
7994 161
7995 258
7996 108
7997 129
7998 242
7999 230
8000 150
8001 131
8002 282
8003 199
8004 266
8005 289
8006 103
8007 94
8008 103
8009 278
8010 118
8011 63
8012 126
8013 266
8014 55
8015 221
8016 187
8017 93
8018 169
8019 95
8020 117
8021 235
8022 110
8023 66
8024 22
8025 129
8026 131
8027 304
8028 83
8029 157
8030 268
8031 79
8032 165
8033 122
8034 281
8035 161
8036 316
8037 53
8038 99
8039 79
8040 111
8041 102
8042 339
8043 279
8044 227
8045 156
8046 237
8047 145
8048 158
8049 118
8050 342
8051 114
8052 230
8053 219
8054 244
8055 155
8056 171
8057 168
8058 155
8059 177
8060 172
8061 93
8062 101
8063 45
8064 246
8065 230
8066 90
8067 94
8068 84
8069 234
8070 207
8071 152
8072 351
8073 133
8074 185
8075 185
8076 232
8077 167
8078 201
8079 312
8080 183
8081 194
8082 277
8083 172
8084 257
8085 96
8086 98
8087 152
8088 88
8089 88
8090 126
8091 364
8092 186
8093 459
8094 104
8095 235
8096 227
8097 157
8098 80
8099 167
8100 184
8101 149
8102 198
8103 224
8104 118
8105 120
8106 82
8107 125
8108 283
8109 140
8110 170
8111 243
8112 170
8113 144
8114 125
8115 147
8116 120
8117 118
8118 9
8119 142
8120 102
8121 131
8122 92
8123 188
8124 180
8125 177
8126 60
8127 69
8128 128
8129 213
8130 162
8131 171
8132 68
8133 298
8134 33
8135 112
8136 280
8137 228
8138 176
8139 244
8140 89
8141 153
8142 145
8143 48
8144 222
8145 142
8146 174
8147 236
8148 13
8149 377
8150 131
8151 353
8152 192
8153 135
8154 164
8155 100
8156 326
8157 171
8158 354
8159 52
8160 172
8161 131
8162 195
8163 100
8164 135
8165 110
8166 210
8167 215
8168 145
8169 166
8170 71
8171 145
8172 195
8173 175
8174 117
8175 315
8176 16
8177 94
8178 76
8179 166
8180 100
8181 156
8182 165
8183 94
8184 38
8185 192
8186 10
8187 60
8188 100
8189 142
8190 82
8191 92
8192 123
8193 57
8194 173
8195 139
8196 119
8197 146
8198 116
8199 196
8200 154
8201 106
8202 297
8203 158
8204 224
8205 101
8206 234
8207 176
8208 112
8209 132
8210 259
8211 251
8212 225
8213 152
8214 159
8215 114
8216 169
8217 80
8218 142
8219 169
8220 120
8221 229
8222 105
8223 132
8224 105
8225 326
8226 138
8227 134
8228 118
8229 182
8230 108
8231 82
8232 90
8233 160
8234 155
8235 219
8236 105
8237 79
8238 128
8239 222
8240 452
8241 73
8242 171
8243 227
8244 140
8245 288
8246 98
8247 195
8248 65
8249 195
8250 161
8251 233
8252 112
8253 159
8254 171
8255 313
8256 179
8257 99
8258 125
8259 125
8260 139
8261 217
8262 143
8263 224
8264 176
8265 140
8266 82
8267 167
8268 227
8269 142
8270 198
8271 119
8272 197
8273 178
8274 209
8275 118
8276 123
8277 94
8278 190
8279 135
8280 34
8281 174
8282 193
8283 118
8284 190
8285 167
8286 148
8287 77
8288 241
8289 160
8290 102
8291 157
8292 231
8293 211
8294 144
8295 247
8296 315
8297 154
8298 171
8299 392
8300 186
8301 128
8302 155
8303 129
8304 83
8305 157
8306 37
8307 171
8308 94
8309 372
8310 276
8311 126
8312 138
8313 88
8314 151
8315 207
8316 159
8317 67
8318 129
8319 204
8320 263
8321 385
8322 146
8323 119
8324 249
8325 141
8326 220
8327 45
8328 213
8329 157
8330 124
8331 322
8332 124
8333 55
8334 350
8335 153
8336 129
8337 334
8338 109
8339 132
8340 107
8341 228
8342 54
8343 161
8344 123
8345 177
8346 68
8347 156
8348 161
8349 325
8350 179
8351 92
8352 99
8353 224
8354 79
8355 58
8356 98
8357 82
8358 160
8359 296
8360 91
8361 137
8362 72
8363 214
8364 157
8365 256
8366 157
8367 106
8368 201
8369 156
8370 153
8371 291
8372 141
8373 233
8374 219
8375 282
8376 96
8377 183
8378 112
8379 208
8380 132
8381 305
8382 235
8383 221
8384 178
8385 300
8386 217
8387 192
8388 228
8389 235
8390 176
8391 286
8392 257
8393 317
8394 54
8395 227
8396 70
8397 127
8398 199
8399 242
8400 283
8401 432
8402 34
8403 127
8404 82
8405 117
8406 348
8407 313
8408 296
8409 128
8410 214
8411 103
8412 86
8413 186
8414 173
8415 118
8416 478
8417 136
8418 285
8419 137
8420 214
8421 165
8422 126
8423 185
8424 90
8425 199
8426 162
8427 254
8428 128
8429 174
8430 145
8431 152
8432 104
8433 153
8434 116
8435 145
8436 425
8437 195
8438 183
8439 316
8440 39
8441 204
8442 136
8443 130
8444 160
8445 168
8446 190
8447 258
8448 182
8449 159
8450 200
8451 218
8452 55
8453 171
8454 130
8455 125
8456 167
8457 239
8458 404
8459 179
8460 125
8461 173
8462 211
8463 172
8464 232
8465 103
8466 136
8467 167
8468 397
8469 166
8470 444
8471 203
8472 192
8473 82
8474 133
8475 291
8476 111
8477 139
8478 286
8479 152
8480 318
8481 96
8482 150
8483 175
8484 333
8485 172
8486 126
8487 111
8488 160
8489 184
8490 218
8491 224
8492 207
8493 107
8494 272
8495 108
8496 357
8497 238
8498 119
8499 78
8500 58
8501 107
8502 160
8503 119
8504 270
8505 123
8506 9
8507 328
8508 32
8509 76
8510 30
8511 121
8512 291
8513 71
8514 190
8515 162
8516 225
8517 158
8518 104
8519 110
8520 238
8521 191
8522 92
8523 131
8524 137
8525 233
8526 145
8527 137
8528 272
8529 389
8530 188
8531 464
8532 156
8533 137
8534 206
8535 225
8536 187
8537 94
8538 121
8539 138
8540 106
8541 212
8542 187
8543 186
8544 159
8545 297
8546 201
8547 110
8548 131
8549 271
8550 187
8551 199
8552 27
8553 187
8554 149
8555 148
8556 151
8557 84
8558 249
8559 165
8560 249
8561 155
8562 252
8563 130
8564 178
8565 90
8566 172
8567 52
8568 185
8569 83
8570 194
8571 95
8572 248
8573 61
8574 109
8575 105
8576 141
8577 227
8578 50
8579 48
8580 247
8581 217
8582 206
8583 371
8584 153
8585 131
8586 121
8587 112
8588 124
8589 83
8590 252
8591 148
8592 149
8593 95
8594 210
8595 131
8596 110
8597 185
8598 22
8599 206
8600 98
8601 360
8602 200
8603 353
8604 168
8605 163
8606 153
8607 108
8608 170
8609 158
8610 365
8611 159
8612 299
8613 140
8614 198
8615 159
8616 346
8617 211
8618 399
8619 48
8620 270
8621 127
8622 120
8623 232
8624 279
8625 214
8626 265
8627 144
8628 84
8629 367
8630 209
8631 148
8632 196
8633 93
8634 207
8635 91
8636 164
8637 84
8638 177
8639 144
8640 137
8641 249
8642 166
8643 112
8644 349
8645 66
8646 252
8647 206
8648 106
8649 128
8650 96
8651 264
8652 338
8653 162
8654 129
8655 197
8656 78
8657 224
8658 195
8659 125
8660 186
8661 185
8662 103
8663 91
8664 209
8665 250
8666 173
8667 139
8668 283
8669 234
8670 166
8671 146
8672 115
8673 28
8674 161
8675 441
8676 238
8677 139
8678 47
8679 171
8680 93
8681 233
8682 83
8683 101
8684 172
8685 317
8686 177
8687 177
8688 185
8689 141
8690 69
8691 152
8692 243
8693 136
8694 217
8695 175
8696 130
8697 307
8698 89
8699 144
8700 93
8701 62
8702 97
8703 289
8704 168
8705 72
8706 192
8707 353
8708 193
8709 112
8710 146
8711 227
8712 202
8713 165
8714 160
8715 155
8716 74
8717 256
8718 148
8719 119
8720 304
8721 223
8722 182
8723 76
8724 63
8725 284
8726 157
8727 271
8728 235
8729 244
8730 147
8731 76
8732 77
8733 145
8734 138
8735 129
8736 213
8737 161
8738 364
8739 68
8740 106
8741 186
8742 221
8743 175
8744 210
8745 153
8746 177
8747 202
8748 286
8749 152
8750 135
8751 227
8752 200
8753 132
8754 239
8755 100
8756 229
8757 161
8758 216
8759 222
8760 84
8761 156
8762 169
8763 88
8764 104
8765 243
8766 323
8767 188
8768 242
8769 208
8770 188
8771 141
8772 147
8773 187
8774 140
8775 123
8776 237
8777 352
8778 171
8779 210
8780 125
8781 195
8782 156
8783 152
8784 163
8785 133
8786 143
8787 87
8788 174
8789 18
8790 155
8791 0
8792 244
8793 297
8794 332
8795 222
8796 83
8797 132
8798 167
8799 108
8800 127
8801 180
8802 287
8803 430
8804 179
8805 131
8806 252
8807 68
8808 152
8809 152
8810 121
8811 148
8812 75
8813 116
8814 163
8815 172
8816 369
8817 169
8818 156
8819 112
8820 199
8821 185
8822 118
8823 203
8824 62
8825 107
8826 145
8827 71
8828 328
8829 77
8830 153
8831 184
8832 219
8833 66
8834 62
8835 121
8836 181
8837 247
8838 278
8839 213
8840 171
8841 181
8842 83
8843 201
8844 94
8845 172
8846 89
8847 199
8848 204
8849 194
8850 115
8851 149
8852 114
8853 131
8854 82
8855 232
8856 15
8857 97
8858 67
8859 86
8860 177
8861 135
8862 346
8863 253
8864 234
8865 127
8866 127
8867 208
8868 272
8869 116
8870 197
8871 77
8872 182
8873 115
8874 205
8875 163
8876 207
8877 308
8878 190
8879 265
8880 68
8881 162
8882 166
8883 7
8884 94
8885 133
8886 58
8887 149
8888 59
8889 143
8890 189
8891 119
8892 39
8893 155
8894 159
8895 52
8896 103
8897 158
8898 172
8899 221
8900 318
8901 59
8902 107
8903 176
8904 241
8905 170
8906 262
8907 89
8908 84
8909 167
8910 192
8911 132
8912 357
8913 260
8914 185
8915 219
8916 184
8917 169
8918 91
8919 100
8920 397
8921 146
8922 85
8923 143
8924 295
8925 213
8926 166
8927 154
8928 92
8929 246
8930 159
8931 135
8932 256
8933 110
8934 97
8935 233
8936 178
8937 261
8938 187
8939 119
8940 71
8941 252
8942 201
8943 137
8944 77
8945 91
8946 213
8947 226
8948 224
8949 107
8950 97
8951 68
8952 195
8953 144
8954 162
8955 236
8956 229
8957 283
8958 76
8959 61
8960 104
8961 248
8962 228
8963 122
8964 353
8965 27
8966 62
8967 89
8968 121
8969 155
8970 103
8971 178
8972 302
8973 358
8974 140
8975 242
8976 276
8977 166
8978 128
8979 232
8980 243
8981 260
8982 266
8983 88
8984 114
8985 221
8986 305
8987 101
8988 153
8989 150
8990 250
8991 145
8992 75
8993 27
8994 100
8995 228
8996 117
8997 97
8998 298
8999 100
9000 93
9001 95
9002 188
9003 155
9004 393
9005 169
9006 272
9007 22
9008 354
9009 123
9010 142
9011 281
9012 112
9013 186
9014 155
9015 172
9016 189
9017 229
9018 46
9019 155
9020 247
9021 188
9022 113
9023 195
9024 194
9025 82
9026 79
9027 76
9028 132
9029 145
9030 208
9031 267
9032 230
9033 223
9034 117
9035 124
9036 335
9037 150
9038 390
9039 224
9040 176
9041 118
9042 93
9043 182
9044 186
9045 166
9046 151
9047 120
9048 180
9049 76
9050 150
9051 265
9052 283
9053 134
9054 88
9055 87
9056 81
9057 221
9058 262
9059 322
9060 75
9061 77
9062 243
9063 108
9064 139
9065 144
9066 130
9067 29
9068 125
9069 166
9070 262
9071 309
9072 198
9073 184
9074 113
9075 110
9076 229
9077 234
9078 202
9079 280
9080 241
9081 179
9082 139
9083 188
9084 155
9085 181
9086 92
9087 69
9088 157
9089 99
9090 203
9091 150
9092 173
9093 180
9094 56
9095 130
9096 63
9097 274
9098 209
9099 212
9100 106
9101 95
9102 290
9103 106
9104 285
9105 275
9106 91
9107 131
9108 216
9109 131
9110 240
9111 235
9112 238
9113 184
9114 72
9115 177
9116 149
9117 125
9118 162
9119 128
9120 123
9121 107
9122 26
9123 233
9124 33
9125 452
9126 219
9127 272
9128 235
9129 174
9130 166
9131 357
9132 51
9133 165
9134 152
9135 131
9136 224
9137 243
9138 196
9139 301
9140 205
9141 221
9142 407
9143 122
9144 214
9145 130
9146 188
9147 118
9148 194
9149 236
9150 53
9151 95
9152 143
9153 114
9154 75
9155 391
9156 92
9157 229
9158 312
9159 88
9160 110
9161 326
9162 134
9163 231
9164 84
9165 68
9166 107
9167 59
9168 341
9169 180
9170 137
9171 219
9172 100
9173 338
9174 204
9175 295
9176 315
9177 84
9178 205
9179 116
9180 117
9181 74
9182 150
9183 404
9184 229
9185 96
9186 128
9187 79
9188 369
9189 182
9190 146
9191 278
9192 148
9193 314
9194 177
9195 153
9196 254
9197 228
9198 139
9199 374
9200 353
9201 122
9202 220
9203 182
9204 116
9205 184
9206 155
9207 242
9208 168
9209 147
9210 225
9211 295
9212 89
9213 174
9214 54
9215 129
9216 176
9217 88
9218 94
9219 158
9220 80
9221 163
9222 103
9223 163
9224 65
9225 121
9226 63
9227 105
9228 187
9229 292
9230 85
9231 120
9232 201
9233 130
9234 141
9235 156
9236 115
9237 150
9238 145
9239 159
9240 134
9241 87
9242 228
9243 156
9244 197
9245 248
9246 164
9247 37
9248 196
9249 133
9250 111
9251 109
9252 111
9253 126
9254 156
9255 198
9256 145
9257 417
9258 214
9259 123
9260 143
9261 87
9262 88
9263 148
9264 264
9265 113
9266 221
9267 357
9268 132
9269 315
9270 40
9271 120
9272 310
9273 258
9274 87
9275 279
9276 233
9277 122
9278 229
9279 57
9280 154
9281 41
9282 91
9283 43
9284 73
9285 147
9286 77
9287 144
9288 73
9289 175
9290 225
9291 103
9292 264
9293 197
9294 205
9295 203
9296 78
9297 182
9298 77
9299 101
9300 248
9301 59
9302 217
9303 181
9304 188
9305 174
9306 412
9307 181
9308 246
9309 32
9310 166
9311 133
9312 310
9313 13
9314 286
9315 102
9316 184
9317 25
9318 107
9319 45
9320 109
9321 205
9322 245
9323 217
9324 4
9325 199
9326 51
9327 132
9328 157
9329 80
9330 223
9331 131
9332 30
9333 174
9334 278
9335 153
9336 87
9337 156
9338 95
9339 79
9340 151
9341 120
9342 182
9343 271
9344 106
9345 138
9346 253
9347 259
9348 135
9349 121
9350 150
9351 190
9352 114
9353 62
9354 358
9355 159
9356 154
9357 120
9358 224
9359 207
9360 304
9361 224
9362 212
9363 87
9364 194
9365 318
9366 122
9367 124
9368 81
9369 144
9370 128
9371 141
9372 128
9373 174
9374 170
9375 134
9376 159
9377 132
9378 176
9379 136
9380 333
9381 141
9382 206
9383 53
9384 160
9385 169
9386 162
9387 297
9388 227
9389 174
9390 342
9391 151
9392 156
9393 142
9394 180
9395 227
9396 221
9397 169
9398 152
9399 202
9400 114
9401 77
9402 117
9403 27
9404 264
9405 97
9406 115
9407 133
9408 151
9409 100
9410 226
9411 49
9412 278
9413 99
9414 174
9415 157
9416 131
9417 108
9418 154
9419 244
9420 356
9421 205
9422 112
9423 126
9424 213
9425 180
9426 115
9427 262
9428 126
9429 117
9430 189
9431 78
9432 83
9433 150
9434 82
9435 111
9436 78
9437 213
9438 192
9439 103
9440 205
9441 193
9442 192
9443 175
9444 204
9445 157
9446 197
9447 23
9448 211
9449 134
9450 137
9451 230
9452 179
9453 79
9454 299
9455 133
9456 142
9457 87
9458 116
9459 128
9460 236
9461 107
9462 172
9463 96
9464 76
9465 113
9466 169
9467 134
9468 70
9469 255
9470 209
9471 125
9472 113
9473 63
9474 61
9475 69
9476 181
9477 152
9478 81
9479 76
9480 12
9481 223
9482 295
9483 155
9484 60
9485 138
9486 117
9487 175
9488 302
9489 223
9490 247
9491 250
9492 166
9493 159
9494 401
9495 173
9496 316
9497 136
9498 103
9499 55
9500 108
9501 99
9502 100
9503 64
9504 213
9505 53
9506 202
9507 147
9508 268
9509 147
9510 198
9511 52
9512 268
9513 141
9514 230
9515 122
9516 169
9517 294
9518 239
9519 202
9520 170
9521 311
9522 326
9523 188
9524 156
9525 198
9526 92
9527 193
9528 167
9529 81
9530 229
9531 114
9532 119
9533 189
9534 216
9535 166
9536 153
9537 200
9538 135
9539 164
9540 185
9541 93
9542 144
9543 161
9544 101
9545 71
9546 165
9547 134
9548 259
9549 300
9550 110
9551 233
9552 136
9553 271
9554 237
9555 299
9556 199
9557 106
9558 86
9559 11
9560 192
9561 52
9562 185
9563 180
9564 158
9565 173
9566 150
9567 165
9568 185
9569 146
9570 169
9571 236
9572 146
9573 134
9574 70
9575 90
9576 69
9577 108
9578 129
9579 120
9580 107
9581 184
9582 110
9583 144
9584 164
9585 156
9586 197
9587 399
9588 123
9589 105
9590 93
9591 153
9592 248
9593 283
9594 296
9595 68
9596 120
9597 82
9598 276
9599 88
9600 118
9601 130
9602 123
9603 105
9604 191
9605 152
9606 157
9607 184
9608 271
9609 190
9610 237
9611 152
9612 93
9613 198
9614 36
9615 156
9616 100
9617 142
9618 79
9619 191
9620 167
9621 263
9622 111
9623 222
9624 225
9625 269
9626 182
9627 132
9628 188
9629 216
9630 89
9631 130
9632 249
9633 182
9634 171
9635 214
9636 143
9637 203
9638 69
9639 65
9640 114
9641 240
9642 187
9643 234
9644 64
9645 269
9646 230
9647 148
9648 126
9649 226
9650 233
9651 79
9652 105
9653 122
9654 160
9655 96
9656 174
9657 224
9658 223
9659 53
9660 231
9661 199
9662 161
9663 56
9664 156
9665 139
9666 274
9667 121
9668 25
9669 86
9670 67
9671 183
9672 214
9673 233
9674 352
9675 205
9676 188
9677 107
9678 198
9679 183
9680 315
9681 38
9682 297
9683 155
9684 76
9685 108
9686 221
9687 173
9688 98
9689 153
9690 49
9691 196
9692 175
9693 198
9694 148
9695 200
9696 260
9697 184
9698 143
9699 253
9700 209
9701 151
9702 111
9703 124
9704 159
9705 118
9706 175
9707 241
9708 65
9709 116
9710 206
9711 105
9712 206
9713 138
9714 335
9715 245
9716 185
9717 391
9718 177
9719 108
9720 117
9721 255
9722 83
9723 118
9724 47
9725 204
9726 126
9727 131
9728 85
9729 163
9730 122
9731 319
9732 435
9733 114
9734 393
9735 150
9736 166
9737 166
9738 318
9739 305
9740 336
9741 143
9742 119
9743 251
9744 124
9745 188
9746 98
9747 218
9748 165
9749 132
9750 145
9751 60
9752 116
9753 188
9754 233
9755 251
9756 188
9757 192
9758 243
9759 98
9760 310
9761 213
9762 225
9763 164
9764 185
9765 107
9766 196
9767 111
9768 153
9769 281
9770 264
9771 136
9772 361
9773 132
9774 197
9775 242
9776 158
9777 106
9778 216
9779 272
9780 146
9781 286
9782 119
9783 130
9784 8
9785 132
9786 389
9787 93
9788 181
9789 215
9790 265
9791 122
9792 157
9793 177
9794 178
9795 222
9796 188
9797 106
9798 274
9799 144
9800 171
9801 97
9802 123
9803 138
9804 103
9805 266
9806 193
9807 304
9808 169
9809 98
9810 323
9811 253
9812 161
9813 354
9814 191
9815 223
9816 95
9817 212
9818 272
9819 69
9820 232
9821 131
9822 124
9823 156
9824 104
9825 185
9826 99
9827 246
9828 265
9829 124
9830 128
9831 101
9832 241
9833 350
9834 205
9835 94
9836 228
9837 154
9838 201
9839 116
9840 165
9841 198
9842 278
9843 117
9844 48
9845 286
9846 79
9847 176
9848 169
9849 100
9850 156
9851 115
9852 252
9853 94
9854 183
9855 186
9856 86
9857 253
9858 118
9859 395
9860 96
9861 121
9862 273
9863 142
9864 195
9865 186
9866 373
9867 19
9868 70
9869 152
9870 155
9871 186
9872 72
9873 177
9874 247
9875 78
9876 211
9877 154
9878 186
9879 140
9880 102
9881 369
9882 86
9883 278
9884 167
9885 368
9886 244
9887 95
9888 132
9889 72
9890 220
9891 179
9892 145
9893 142
9894 99
9895 101
9896 180
9897 179
9898 204
9899 154
9900 115
9901 254
9902 221
9903 54
9904 269
9905 159
9906 258
9907 96
9908 286
9909 245
9910 207
9911 59
9912 160
9913 143
9914 59
9915 203
9916 167
9917 161
9918 156
9919 107
9920 315
9921 392
9922 59
9923 166
9924 240
9925 159
9926 183
9927 129
9928 286
9929 159
9930 172
9931 262
9932 193
9933 144
9934 97
9935 99
9936 91
9937 278
9938 72
9939 149
9940 74
9941 266
9942 176
9943 61
9944 271
9945 95
9946 108
9947 80
9948 150
9949 321
9950 167
9951 172
9952 90
9953 136
9954 104
9955 148
9956 49
9957 161
9958 360
9959 216
9960 212
9961 43
9962 71
9963 178
9964 271
9965 99
9966 169
9967 44
9968 394
9969 114
9970 172
9971 149
9972 21
9973 59
9974 218
9975 118
9976 48
9977 257
9978 241
9979 185
9980 163
9981 214
9982 125
9983 171
9984 140
9985 305
9986 129
9987 171
9988 224
9989 157
9990 130
9991 278
9992 113
9993 164
9994 163
9995 183
9996 73
9997 29
9998 188
9999 124
10000 82
10001 90
10002 228
10003 135
10004 209
10005 202
10006 190
10007 180
10008 159
10009 103
10010 106
10011 102
10012 95
10013 179
10014 351
10015 156
10016 155
10017 125
10018 48
10019 140
10020 69
10021 336
10022 223
10023 103
10024 149
10025 235
10026 160
10027 172
10028 122
10029 163
10030 115
10031 187
10032 173
10033 188
10034 141
10035 189
10036 212
10037 299
10038 129
10039 157
10040 85
10041 175
10042 187
10043 157
10044 186
10045 66
10046 78
10047 216
10048 285
10049 85
10050 217
10051 221
10052 195
10053 70
10054 124
10055 219
10056 45
10057 133
10058 243
10059 235
10060 378
10061 156
10062 239
10063 125
10064 120
10065 311
10066 186
10067 123
10068 211
10069 190
10070 144
10071 211
10072 304
10073 173
10074 24
10075 52
10076 99
10077 196
10078 135
10079 193
10080 117
10081 141
10082 277
10083 215
10084 148
10085 166
10086 161
10087 224
10088 125
10089 185
10090 203
10091 175
10092 67
10093 34
10094 22
10095 332
10096 195
10097 288
10098 167
10099 325
10100 215
10101 230
10102 328
10103 145
10104 197
10105 209
10106 109
10107 83
10108 40
10109 81
10110 151
10111 44
10112 153
10113 135
10114 203
10115 94
10116 77
10117 171
10118 147
10119 102
10120 148
10121 200
10122 209
10123 326
10124 46
10125 193
10126 208
10127 181
10128 139
10129 161
10130 173
10131 103
10132 212
10133 214
10134 125
10135 179
10136 128
10137 322
10138 171
10139 229
10140 86
10141 103
10142 211
10143 231
10144 138
10145 129
10146 158
10147 413
10148 97
10149 148
10150 149
10151 127
10152 71
10153 104
10154 265
10155 84
10156 125
10157 253
10158 172
10159 135
10160 116
10161 173
10162 190
10163 312
10164 321
10165 179
10166 238
10167 280
10168 169
10169 107
10170 358
10171 173
10172 153
10173 254
10174 186
10175 175
10176 159
10177 154
10178 266
10179 209
10180 211
10181 165
10182 153
10183 166
10184 182
10185 94
10186 218
10187 136
10188 178
10189 149
10190 137
10191 52
10192 143
10193 165
10194 88
10195 172
10196 199
10197 152
10198 179
10199 388
10200 148
10201 170
10202 126
10203 72
10204 132
10205 21
10206 162
10207 142
10208 52
10209 102
10210 189
10211 151
10212 231
10213 256
10214 101
10215 102
10216 110
10217 150
10218 140
10219 142
10220 180
10221 116
10222 83
10223 56
10224 347
10225 310
10226 164
10227 193
10228 115
10229 141
10230 161
10231 235
10232 162
10233 170
10234 131
10235 130
10236 16
10237 248
10238 326
10239 216
10240 222
10241 191
10242 226
10243 131
10244 149
10245 131
10246 102
10247 170
10248 176
10249 231
10250 50
10251 72
10252 44
10253 107
10254 127
10255 283
10256 319
10257 92
10258 20
10259 175
10260 30
10261 236
10262 309
10263 174
10264 151
10265 49
10266 136
10267 118
10268 219
10269 115
10270 156
10271 103
10272 298
10273 157
10274 288
10275 100
10276 110
10277 90
10278 172
10279 302
10280 89
10281 427
10282 150
10283 194
10284 287
10285 191
10286 149
10287 186
10288 114
10289 170
10290 108
10291 40
10292 179
10293 117
10294 242
10295 122
10296 282
10297 317
10298 128
10299 17
10300 171
10301 140
10302 224
10303 258
10304 35
10305 152
10306 313
10307 146
10308 159
10309 221
10310 211
10311 217
10312 140
10313 123
10314 145
10315 148
10316 175
10317 76
10318 196
10319 152
10320 145
10321 151
10322 84
10323 128
10324 198
10325 182
10326 124
10327 196
10328 93
10329 197
10330 227
10331 125
10332 145
10333 294
10334 159
10335 92
10336 166
10337 96
10338 132
10339 289
10340 273
10341 39
10342 123
10343 235
10344 198
10345 178
10346 173
10347 272
10348 120
10349 222
10350 177
10351 153
10352 172
10353 152
10354 63
10355 208
10356 375
10357 70
10358 162
10359 229
10360 211
10361 164
10362 160
10363 147
10364 268
10365 51
10366 248
10367 153
10368 143
10369 410
10370 177
10371 183
10372 199
10373 334
10374 79
10375 196
10376 259
10377 149
10378 189
10379 85
10380 162
10381 139
10382 107
10383 317
10384 325
10385 111
10386 304
10387 83
10388 149
10389 201
10390 239
10391 155
10392 189
10393 202
10394 242
10395 131
10396 163
10397 175
10398 191
10399 174
10400 124
10401 180
10402 217
10403 179
10404 215
10405 196
10406 102
10407 112
10408 169
10409 136
10410 61
10411 165
10412 120
10413 200
10414 86
10415 123
10416 244
10417 138
10418 301
10419 160
10420 204
10421 172
10422 142
10423 125
10424 96
10425 264
10426 330
10427 143
10428 90
10429 186
10430 300
10431 50
10432 170
10433 167
10434 242
10435 204
10436 69
10437 120
10438 50
10439 181
10440 284
10441 137
10442 210
10443 27
10444 124
10445 185
10446 198
10447 99
10448 78
10449 107
10450 153
10451 261
10452 222
10453 175
10454 192
10455 157
10456 124
10457 199
10458 148
10459 68
10460 111
10461 152
10462 254
10463 154
10464 214
10465 284
10466 309
10467 140
10468 69
10469 72
10470 172
10471 151
10472 175
10473 166
10474 137
10475 226
10476 225
10477 121
10478 -16
10479 172
10480 175
10481 196
10482 155
10483 158
10484 151
10485 123
10486 148
10487 176
10488 107
10489 72
10490 207
10491 153
10492 243
10493 40
10494 139
10495 90
10496 107
10497 103
10498 144
10499 181
10500 132
10501 170
10502 140
10503 204
10504 307
10505 196
10506 237
10507 133
10508 84
10509 71
10510 153
10511 201
10512 102
10513 150
10514 253
10515 230
10516 272
10517 119
10518 129
10519 34
10520 128
10521 182
10522 171
10523 78
10524 122
10525 140
10526 105
10527 118
10528 99
10529 194
10530 92
10531 160
10532 78
10533 137
10534 258
10535 231
10536 135
10537 235
10538 86
10539 131
10540 170
10541 311
10542 291
10543 355
10544 192
10545 48
10546 43
10547 183
10548 185
10549 50
10550 188
10551 57
10552 218
10553 92
10554 127
10555 101
10556 185
10557 226
10558 229
10559 69
10560 36
10561 209
10562 167
10563 145
10564 172
10565 109
10566 84
10567 206
10568 228
10569 111
10570 150
10571 220
10572 61
10573 296
10574 183
10575 162
10576 205
10577 46
10578 118
10579 137
10580 34
10581 252
10582 53
10583 188
10584 133
10585 145
10586 174
10587 286
10588 108
10589 179
10590 70
10591 233
10592 75
10593 44
10594 26
10595 118
10596 72
10597 113
10598 326
10599 78
10600 75
10601 297
10602 192
10603 58
10604 143
10605 76
10606 272
10607 136
10608 51
10609 98
10610 183
10611 63
10612 118
10613 166
10614 94
10615 312
10616 64
10617 68
10618 206
10619 117
10620 125
10621 198
10622 95
10623 229
10624 80
10625 144
10626 169
10627 178
10628 176
10629 131
10630 121
10631 202
10632 110
10633 99
10634 118
10635 195
10636 187
10637 145
10638 122
10639 238
10640 198
10641 237
10642 100
10643 233
10644 40
10645 169
10646 249
10647 365
10648 127
10649 346
10650 193
10651 312
10652 73
10653 89
10654 80
10655 211
10656 55
10657 148
10658 195
10659 139
10660 100
10661 241
10662 102
10663 211
10664 324
10665 149
10666 242
10667 27
10668 213
10669 260
10670 296
10671 155
10672 86
10673 135
10674 156
10675 111
10676 179
10677 79
10678 196
10679 177
10680 106
10681 296
10682 99
10683 118
10684 160
10685 321
10686 202
10687 145
10688 126
10689 305
10690 134
10691 150
10692 128
10693 57
10694 97
10695 58
10696 96
10697 259
10698 207
10699 160
10700 291
10701 128
10702 89
10703 170
10704 341
10705 88
10706 164
10707 113
10708 91
10709 125
10710 243
10711 108
10712 381
10713 149
10714 157
10715 268
10716 146
10717 161
10718 144
10719 97
10720 183
10721 41
10722 312
10723 82
10724 156
10725 177
10726 71
10727 119
10728 146
10729 221
10730 92
10731 95
10732 147
10733 125
10734 361
10735 134
10736 147
10737 121
10738 122
10739 148
10740 190
10741 195
10742 48
10743 334
10744 117
10745 169
10746 189
10747 124
10748 157
10749 91
10750 150
10751 128
10752 84
10753 79
10754 82
10755 136
10756 253
10757 107
10758 323
10759 204
10760 135
10761 154
10762 32
10763 140
10764 210
10765 34
10766 198
10767 173
10768 72
10769 166
10770 150
10771 226
10772 223
10773 150
10774 201
10775 103
10776 141
10777 185
10778 131
10779 116
10780 168
10781 82
10782 156
10783 154
10784 92
10785 95
10786 111
10787 122
10788 167
10789 196
10790 184
10791 85
10792 322
10793 116
10794 92
10795 202
10796 203
10797 83
10798 237
10799 149
10800 296
10801 93
10802 106
10803 89
10804 235
10805 238
10806 88
10807 194
10808 159
10809 68
10810 325
10811 123
10812 183
10813 231
10814 212
10815 199
10816 329
10817 326
10818 215
10819 98
10820 157
10821 178
10822 129
10823 148
10824 167
10825 140
10826 243
10827 308
10828 169
10829 143
10830 80
10831 234
10832 137
10833 100
10834 228
10835 127
10836 173
10837 121
10838 272
10839 105
10840 151
10841 250
10842 185
10843 93
10844 180
10845 217
10846 148
10847 211
10848 136
10849 64
10850 53
10851 99
10852 135
10853 186
10854 281
10855 143
10856 175
10857 192
10858 106
10859 152
10860 177
10861 82
10862 195
10863 143
10864 126
10865 169
10866 172
10867 156
10868 188
10869 144
10870 66
10871 269
10872 231
10873 186
10874 134
10875 141
10876 138
10877 259
10878 174
10879 267
10880 9
10881 125
10882 63
10883 234
10884 109
10885 118
10886 75
10887 114
10888 134
10889 231
10890 181
10891 230
10892 133
10893 132
10894 105
10895 117
10896 258
10897 95
10898 166
10899 175
10900 147
10901 52
10902 74
10903 120
10904 159
10905 201
10906 147
10907 129
10908 117
10909 85
10910 190
10911 100
10912 135
10913 160
10914 293
10915 248
10916 109
10917 147
10918 119
10919 178
10920 128
10921 164
10922 148
10923 127
10924 145
10925 129
10926 131
10927 76
10928 75
10929 117
10930 31
10931 160
10932 63
10933 235
10934 140
10935 122
10936 310
10937 40
10938 342
10939 203
10940 23
10941 216
10942 179
10943 110
10944 72
10945 259
10946 391
10947 126
10948 175
10949 90
10950 198
10951 161
10952 95
10953 109
10954 113
10955 89
10956 112
10957 204
10958 127
10959 99
10960 108
10961 63
10962 316
10963 182
10964 429
10965 148
10966 77
10967 193
10968 176
10969 67
10970 93
10971 151
10972 157
10973 367
10974 298
10975 212
10976 138
10977 143
10978 165
10979 164
10980 201
10981 140
10982 200
10983 176
10984 27
10985 68
10986 150
10987 150
10988 183
10989 178
10990 123
10991 128
10992 129
10993 86
10994 103
10995 202
10996 137
10997 89
10998 96
10999 159
11000 154
11001 89
11002 118
11003 146
11004 157
11005 229
11006 275
11007 102
11008 68
11009 123
11010 143
11011 123
11012 80
11013 182
11014 232
11015 246
11016 227
11017 139
11018 177
11019 219
11020 138
11021 113
11022 350
11023 117
11024 142
11025 98
11026 387
11027 123
11028 195
11029 207
11030 265
11031 175
11032 72
11033 325
11034 196
11035 143
11036 99
11037 112
11038 44
11039 244
11040 390
11041 74
11042 202
11043 161
11044 136
11045 123
11046 298
11047 196
11048 246
11049 186
11050 127
11051 162
11052 268
11053 213
11054 168
11055 184
11056 100
11057 84
11058 157
11059 127
11060 175
11061 92
11062 171
11063 162
11064 147
11065 237
11066 92
11067 159
11068 200
11069 210
11070 30
11071 424
11072 169
11073 309
11074 129
11075 234
11076 213
11077 253
11078 87
11079 44
11080 416
11081 82
11082 201
11083 131
11084 125
11085 202
11086 232
11087 141
11088 175
11089 198
11090 244
11091 78
11092 99
11093 139
11094 172
11095 160
11096 5
11097 322
11098 146
11099 232
11100 131
11101 207
11102 112
11103 162
11104 263
11105 115
11106 230
11107 119
11108 197
11109 84
11110 254
11111 164
11112 142
11113 78
11114 62
11115 79
11116 198
11117 197
11118 140
11119 159
11120 15
11121 213
11122 220
11123 132
11124 187
11125 176
11126 320
11127 379
11128 169
11129 161
11130 181
11131 220
11132 181
11133 220
11134 135
11135 114
11136 260
11137 233
11138 49
11139 67
11140 232
11141 58
11142 136
11143 162
11144 249
11145 84
11146 181
11147 273
11148 218
11149 185
11150 178
11151 214
11152 182
11153 167
11154 180
11155 166
11156 86
11157 142
11158 215
11159 146
11160 149
11161 82
11162 148
11163 151
11164 150
11165 374
11166 96
11167 264
11168 143
11169 116
11170 300
11171 161
11172 234
11173 48
11174 167
11175 99
11176 86
11177 112
11178 38
11179 46
11180 148
11181 194
11182 129
11183 123
11184 237
11185 67
11186 140
11187 149
11188 241
11189 45
11190 145
11191 136
11192 177
11193 154
11194 161
11195 112
11196 264
11197 202
11198 201
11199 91
11200 141
11201 104
11202 201
11203 196
11204 206
11205 74
11206 231
11207 250
11208 336
11209 284
11210 156
11211 289
11212 212
11213 163
11214 132
11215 56
11216 69
11217 158
11218 76
11219 94
11220 227
11221 229
11222 202
11223 154
11224 96
11225 223
11226 173
11227 177
11228 174
11229 131
11230 197
11231 110
11232 283
11233 274
11234 76
11235 192
11236 135
11237 249
11238 113
11239 185
11240 146
11241 216
11242 125
11243 182
11244 149
11245 74
11246 284
11247 109
11248 163
11249 214
11250 214
11251 151
11252 58
11253 118
11254 361
11255 122
11256 103
11257 198
11258 17
11259 204
11260 221
11261 136
11262 275
11263 183
11264 207
11265 308
11266 173
11267 257
11268 47
11269 278
11270 138
11271 95
11272 206
11273 198
11274 180
11275 139
11276 48
11277 132
11278 175
11279 112
11280 325
11281 48
11282 135
11283 309
11284 80
11285 150
11286 192
11287 204
11288 90
11289 268
11290 139
11291 181
11292 408
11293 405
11294 100
11295 228
11296 86
11297 71
11298 204
11299 154
11300 228
11301 292
11302 112
11303 58
11304 146
11305 163
11306 224
11307 295
11308 145
11309 105
11310 314
11311 207
11312 178
11313 197
11314 132
11315 164
11316 229
11317 43
11318 155
11319 213
11320 171
11321 72
11322 157
11323 87
11324 95
11325 164
11326 161
11327 155
11328 229
11329 189
11330 232
11331 129
11332 174
11333 82
11334 85
11335 79
11336 301
11337 200
11338 132
11339 199
11340 190
11341 190
11342 190
11343 214
11344 235
11345 241
11346 124
11347 316
11348 122
11349 181
11350 22
11351 159
11352 115
11353 189
11354 99
11355 201
11356 131
11357 177
11358 159
11359 300
11360 19
11361 285
11362 269
11363 262
11364 176
11365 168
11366 193
11367 169
11368 159
11369 436
11370 139
11371 232
11372 199
11373 190
11374 257
11375 205
11376 79
11377 230
11378 137
11379 190
11380 182
11381 142
11382 108
11383 191
11384 57
11385 183
11386 234
11387 361
11388 132
11389 223
11390 135
11391 108
11392 147
11393 184
11394 67
11395 65
11396 169
11397 279
11398 122
11399 137
11400 141
11401 244
11402 253
11403 215
11404 106
11405 215
11406 106
11407 198
11408 142
11409 135
11410 225
11411 114
11412 327
11413 249
11414 200
11415 126
11416 204
11417 167
11418 275
11419 301
11420 185
11421 132
11422 104
11423 163
11424 128
11425 185
11426 251
11427 283
11428 238
11429 236
11430 229
11431 362
11432 96
11433 133
11434 188
11435 109
11436 81
11437 56
11438 117
11439 179
11440 354
11441 157
11442 116
11443 191
11444 136
11445 126
11446 232
11447 115
11448 257
11449 150
11450 323
11451 181
11452 162
11453 259
11454 130
11455 180
11456 297
11457 211
11458 164
11459 114
11460 197
11461 100
11462 195
11463 223
11464 132
11465 259
11466 98
11467 203
11468 149
11469 181
11470 201
11471 114
11472 130
11473 208
11474 180
11475 219
11476 229
11477 200
11478 216
11479 165
11480 112
11481 173
11482 195
11483 160
11484 123
11485 95
11486 256
11487 181
11488 172
11489 148
11490 222
11491 158
11492 199
11493 87
11494 105
11495 181
11496 132
11497 135
11498 197
11499 205
11500 225
11501 66
11502 130
11503 73
11504 348
11505 175
11506 188
11507 55
11508 125
11509 161
11510 194
11511 315
11512 80
11513 89
11514 216
11515 142
11516 176
11517 191
11518 220
11519 172
11520 231
11521 306
11522 177
11523 222
11524 199
11525 95
11526 151
11527 165
11528 112
11529 342
11530 196
11531 114
11532 166
11533 92
11534 129
11535 265
11536 25
11537 54
11538 224
11539 88
11540 258
11541 154
11542 118
11543 40
11544 48
11545 159
11546 348
11547 189
11548 161
11549 254
11550 192
11551 141
11552 135
11553 163
11554 181
11555 92
11556 135
11557 85
11558 139
11559 107
11560 205
11561 175
11562 149
11563 203
11564 298
11565 129
11566 181
11567 211
11568 156
11569 142
11570 194
11571 182
11572 226
11573 150
11574 75
11575 115
11576 258
11577 344
11578 314
11579 110
11580 156
11581 242
11582 54
11583 105
11584 139
11585 222
11586 82
11587 105
11588 181
11589 119
11590 151
11591 183
11592 155
11593 139
11594 9
11595 84
11596 126
11597 363
11598 140
11599 143
11600 49
11601 130
11602 99
11603 201
11604 238
11605 121
11606 117
11607 118
11608 191
11609 94
11610 121
11611 114
11612 182
11613 106
11614 182
11615 168
11616 135
11617 178
11618 87
11619 52
11620 261
11621 132
11622 107
11623 123
11624 152
11625 113
11626 185
11627 207
11628 172
11629 211
11630 391
11631 134
11632 134
11633 166
11634 108
11635 191
11636 53
11637 289
11638 186
11639 105
11640 141
11641 187
11642 304
11643 -14
11644 201
11645 223
11646 78
11647 137
11648 215
11649 177
11650 80
11651 92
11652 347
11653 49
11654 102
11655 291
11656 186
11657 85
11658 246
11659 93
11660 193
11661 223
11662 259
11663 225
11664 84
11665 127
11666 110
11667 121
11668 173
11669 198
11670 123
11671 37
11672 116
11673 119
11674 418
11675 324
11676 211
11677 112
11678 121
11679 146
11680 196
11681 69
11682 203
11683 169
11684 94
11685 166
11686 68
11687 115
11688 343
11689 75
11690 215
11691 106
11692 130
11693 98
11694 274
11695 120
11696 269
11697 120
11698 214
11699 339
11700 164
11701 251
11702 133
11703 279
11704 224
11705 233
11706 109
11707 161
11708 325
11709 106
11710 287
11711 107
11712 183
11713 249
11714 169
11715 216
11716 138
11717 72
11718 143
11719 84
11720 162
11721 91
11722 253
11723 85
11724 270
11725 294
11726 254
11727 155
11728 179
11729 101
11730 150
11731 178
11732 241
11733 75
11734 62
11735 175
11736 252
11737 45
11738 205
11739 215
11740 115
11741 179
11742 184
11743 140
11744 227
11745 174
11746 205
11747 124
11748 133
11749 247
11750 157
11751 58
11752 75
11753 184
11754 131
11755 137
11756 278
11757 90
11758 144
11759 155
11760 93
11761 198
11762 175
11763 15
11764 69
11765 257
11766 116
11767 152
11768 109
11769 102
11770 131
11771 310
11772 268
11773 206
11774 245
11775 217
11776 172
11777 169
11778 145
11779 117
11780 230
11781 132
11782 250
11783 134
11784 154
11785 314
11786 75
11787 273
11788 247
11789 141
11790 155
11791 81
11792 91
11793 189
11794 114
11795 169
11796 82
11797 187
11798 162
11799 441
11800 78
11801 113
11802 201
11803 175
11804 184
11805 269
11806 162
11807 110
11808 129
11809 293
11810 124
11811 89
11812 340
11813 317
11814 129
11815 164
11816 182
11817 159
11818 113
11819 111
11820 174
11821 106
11822 187
11823 177
11824 103
11825 122
11826 156
11827 139
11828 194
11829 261
11830 369
11831 75
11832 152
11833 89
11834 60
11835 89
11836 63
11837 374
11838 139
11839 237
11840 145
11841 196
11842 185
11843 55
11844 141
11845 210
11846 158
11847 130
11848 203
11849 299
11850 151
11851 169
11852 206
11853 129
11854 90
11855 135
11856 192
11857 120
11858 265
11859 338
11860 182
11861 204
11862 62
11863 118
11864 123
11865 80
11866 281
11867 239
11868 97
11869 207
11870 88
11871 271
11872 126
11873 -13
11874 103
11875 238
11876 234
11877 95
11878 410
11879 146
11880 118
11881 36
11882 137
11883 97
11884 177
11885 122
11886 137
11887 234
11888 142
11889 228
11890 152
11891 215
11892 226
11893 192
11894 188
11895 114
11896 145
11897 342
11898 154
11899 115
11900 87
11901 130
11902 51
11903 132
11904 89
11905 187
11906 131
11907 155
11908 88
11909 202
11910 107
11911 259
11912 162
11913 107
11914 249
11915 95
11916 139
11917 153
11918 112
11919 165
11920 265
11921 184
11922 192
11923 299
11924 192
11925 94
11926 113
11927 172
11928 191
11929 133
11930 177
11931 104
11932 291
11933 120
11934 266
11935 145
11936 99
11937 327
11938 105
11939 203
11940 275
11941 70
11942 129
11943 193
11944 114
11945 121
11946 112
11947 183
11948 216
11949 151
11950 97
11951 216
11952 93
11953 131
11954 99
11955 167
11956 157
11957 161
11958 287
11959 440
11960 172
11961 96
11962 114
11963 94
11964 145
11965 225
11966 110
11967 50
11968 137
11969 224
11970 145
11971 181
11972 109
11973 79
11974 126
11975 244
11976 106
11977 391
11978 161
11979 174
11980 197
11981 78
11982 134
11983 268
11984 364
11985 123
11986 263
11987 148
11988 179
11989 181
11990 169
11991 299
11992 146
11993 244
11994 138
11995 179
11996 179
11997 181
11998 147
11999 121
12000 169
12001 210
12002 152
12003 104
12004 170
12005 179
12006 84
12007 54
12008 163
12009 152
12010 189
12011 331
12012 382
12013 195
12014 298
12015 282
12016 106
12017 73
12018 187
12019 120
12020 84
12021 133
12022 94
12023 126
12024 219
12025 130
12026 152
12027 163
12028 142
12029 172
12030 122
12031 178
12032 219
12033 173
12034 139
12035 162
12036 78
12037 130
12038 235
12039 65
12040 109
12041 287
12042 162
12043 317
12044 156
12045 302
12046 187
12047 114
12048 137
12049 71
12050 276
12051 127
12052 110
12053 129
12054 132
12055 108
12056 92
12057 253
12058 114
12059 69
12060 190
12061 162
12062 129
12063 159
12064 259
12065 210
12066 177
12067 135
12068 3
12069 245
12070 137
12071 232
12072 204
12073 189
12074 180
12075 184
12076 89
12077 220
12078 194
12079 159
12080 196
12081 206
12082 171
12083 272
12084 165
12085 154
12086 114
12087 189
12088 168
12089 59
12090 132
12091 235
12092 49
12093 137
12094 160
12095 174
12096 301
12097 102
12098 133
12099 259
12100 148
12101 284
12102 165
12103 55
12104 216
12105 130
12106 58
12107 187
12108 128
12109 157
12110 161
12111 163
12112 51
12113 191
12114 174
12115 164
12116 121
12117 198
12118 137
12119 29
12120 146
12121 359
12122 87
12123 125
12124 155
12125 119
12126 140
12127 130
12128 120
12129 124
12130 287
12131 252
12132 125
12133 278
12134 132
12135 58
12136 232
12137 91
12138 73
12139 171
12140 289
12141 121
12142 70
12143 89
12144 158
12145 180
12146 201
12147 115
12148 122
12149 147
12150 196
12151 209
12152 221
12153 99
12154 36
12155 209
12156 157
12157 256
12158 84
12159 428
12160 58
12161 138
12162 255
12163 131
12164 158
12165 129
12166 90
12167 218
12168 188
12169 56
12170 370
12171 207
12172 109
12173 140
12174 161
12175 87
12176 251
12177 207
12178 253
12179 182
12180 187
12181 132
12182 145
12183 143
12184 84
12185 380
12186 212
12187 271
12188 222
12189 179
12190 169
12191 86
12192 139
12193 25
12194 52
12195 171
12196 242
12197 164
12198 167
12199 53
12200 155
12201 374
12202 250
12203 234
12204 81
12205 306
12206 306
12207 104
12208 160
12209 78
12210 157
12211 128
12212 169
12213 210
12214 159
12215 374
12216 169
12217 43
12218 164
12219 161
12220 139
12221 285
12222 235
12223 204
12224 190
12225 241
12226 236
12227 160
12228 260
12229 202
12230 218
12231 219
12232 143
12233 146
12234 134
12235 95
12236 169
12237 197
12238 68
12239 273
12240 73
12241 21
12242 108
12243 45
12244 208
12245 142
12246 266
12247 297
12248 183
12249 132
12250 244
12251 140
12252 120
12253 196
12254 198
12255 187
12256 129
12257 207
12258 126
12259 84
12260 173
12261 137
12262 149
12263 376
12264 241
12265 143
12266 290
12267 257
12268 340
12269 93
12270 84
12271 81
12272 142
12273 68
12274 128
12275 326
12276 118
12277 123
12278 244
12279 196
12280 153
12281 91
12282 197
12283 182
12284 104
12285 219
12286 227
12287 119
12288 124
12289 137
12290 217
12291 287
12292 179
12293 80
12294 150
12295 105
12296 147
12297 135
12298 219
12299 73
12300 116
12301 158
12302 174
12303 119
12304 147
12305 68
12306 274
12307 165
12308 145
12309 66
12310 169
12311 124
12312 194
12313 37
12314 78
12315 81
12316 78
12317 56
12318 231
12319 150
12320 160
12321 172
12322 175
12323 146
12324 232
12325 148
12326 83
12327 171
12328 127
12329 30
12330 143
12331 140
12332 194
12333 399
12334 129
12335 49
12336 362
12337 17
12338 200
12339 162
12340 196
12341 176
12342 199
12343 142
12344 200
12345 206
12346 370
12347 284
12348 289
12349 123
12350 97
12351 115
12352 143
12353 123
12354 138
12355 85
12356 78
12357 79
12358 112
12359 195
12360 81
12361 14
12362 218
12363 278
12364 283
12365 183
12366 109
12367 168
12368 272
12369 76
12370 84
12371 106
12372 81
12373 301
12374 54
12375 223
12376 116
12377 252
12378 294
12379 246
12380 36
12381 191
12382 183
12383 149
12384 183
12385 174
12386 167
12387 251
12388 109
12389 164
12390 170
12391 200
12392 7
12393 82
12394 153
12395 100
12396 162
12397 225
12398 155
12399 199
12400 405
12401 92
12402 152
12403 175
12404 62
12405 69
12406 80
12407 136
12408 60
12409 213
12410 163
12411 229
12412 199
12413 189
12414 254
12415 93
12416 134
12417 132
12418 151
12419 67
12420 154
12421 147
12422 102
12423 241
12424 107
12425 383
12426 133
12427 229
12428 97
12429 129
12430 207
12431 165
12432 107
12433 108
12434 274
12435 189
12436 170
12437 205
12438 197
12439 166
12440 214
12441 24
12442 219
12443 168
12444 149
12445 136
12446 111
12447 187
12448 209
12449 168
12450 126
12451 51
12452 118
12453 251
12454 185
12455 216
12456 138
12457 85
12458 357
12459 133
12460 140
12461 245
12462 154
12463 214
12464 153
12465 198
12466 168
12467 98
12468 169
12469 430
12470 191
12471 128
12472 173
12473 160
12474 273
12475 258
12476 143
12477 104
12478 147
12479 156
12480 344
12481 210
12482 162
12483 268
12484 178
12485 62
12486 93
12487 368
12488 129
12489 148
12490 90
12491 185
12492 162
12493 96
12494 211
12495 27
12496 190
12497 59
12498 108
12499 33
12500 210
12501 116
12502 125
12503 147
12504 107
12505 192
12506 144
12507 118
12508 164
12509 79
12510 202
12511 114
12512 116
12513 205
12514 243
12515 97
12516 130
12517 293
12518 177
12519 150
12520 297
12521 121
12522 30
12523 126
12524 181
12525 56
12526 148
12527 173
12528 180
12529 165
12530 121
12531 135
12532 75
12533 81
12534 100
12535 87
12536 164
12537 254
12538 216
12539 31
12540 232
12541 223
12542 187
12543 132
12544 110
12545 238
12546 152
12547 84
12548 114
12549 149
12550 405
12551 90
12552 295
12553 132
12554 166
12555 95
12556 226
12557 191
12558 110
12559 53
12560 109
12561 345
12562 132
12563 233
12564 144
12565 225
12566 219
12567 77
12568 166
12569 105
12570 173
12571 163
12572 207
12573 202
12574 42
12575 88
12576 76
12577 93
12578 181
12579 154
12580 128
12581 129
12582 193
12583 119
12584 39
12585 156
12586 132
12587 177
12588 84
12589 150
12590 209
12591 205
12592 89
12593 414
12594 179
12595 162
12596 161
12597 216
12598 188
12599 244
12600 128
12601 132
12602 143
12603 156
12604 211
12605 108
12606 160
12607 158
12608 147
12609 78
12610 137
12611 96
12612 16
12613 122
12614 102
12615 115
12616 275
12617 87
12618 152
12619 273
12620 332
12621 130
12622 132
12623 218
12624 149
12625 239
12626 134
12627 111
12628 119
12629 83
12630 254
12631 113
12632 42
12633 130
12634 172
12635 184
12636 186
12637 131
12638 204
12639 216
12640 130
12641 325
12642 169
12643 167
12644 205
12645 289
12646 92
12647 163
12648 217
12649 176
12650 115
12651 218
12652 107
12653 52
12654 74
12655 168
12656 183
12657 172
12658 83
12659 222
12660 128
12661 179
12662 179
12663 185
12664 159
12665 45
12666 85
12667 122
12668 136
12669 80
12670 85
12671 293
12672 278
12673 305
12674 253
12675 178
12676 280
12677 216
12678 107
12679 146
12680 98
12681 245
12682 185
12683 246
12684 100
12685 197
12686 167
12687 173
12688 199
12689 107
12690 109
12691 114
12692 231
12693 73
12694 157
12695 372
12696 157
12697 269
12698 112
12699 224
12700 57
12701 66
12702 137
12703 203
12704 144
12705 160
12706 132
12707 210
12708 178
12709 82
12710 82
12711 155
12712 143
12713 157
12714 155
12715 -5
12716 154
12717 121
12718 83
12719 227
12720 129
12721 60
12722 111
12723 180
12724 67
12725 147
12726 363
12727 287
12728 177
12729 119
12730 201
12731 200
12732 144
12733 136
12734 136
12735 177
12736 248
12737 229
12738 212
12739 176
12740 173
12741 134
12742 73
12743 256
12744 170
12745 133
12746 97
12747 133
12748 63
12749 208
12750 97
12751 267
12752 172
12753 152
12754 211
12755 200
12756 216
12757 159
12758 100
12759 127
12760 192
12761 147
12762 81
12763 97
12764 166
12765 222
12766 195
12767 166
12768 167
12769 216
12770 96
12771 53
12772 455
12773 111
12774 246
12775 94
12776 67
12777 140
12778 188
12779 138
12780 260
12781 52
12782 400
12783 209
12784 106
12785 148
12786 110
12787 63
12788 129
12789 351
12790 174
12791 284
12792 125
12793 149
12794 161
12795 370
12796 30
12797 117
12798 193
12799 97
12800 234
12801 254
12802 179
12803 212
12804 170
12805 50
12806 183
12807 108
12808 210
12809 159
12810 123
12811 90
12812 140
12813 157
12814 369
12815 186
12816 55
12817 12
12818 169
12819 142
12820 179
12821 229
12822 92
12823 142
12824 122
12825 31
12826 208
12827 98
12828 115
12829 126
12830 192
12831 169
12832 145
12833 166
12834 270
12835 70
12836 225
12837 147
12838 158
12839 233
12840 186
12841 263
12842 109
12843 111
12844 118
12845 208
12846 137
12847 205
12848 136
12849 214
12850 233
12851 169
12852 104
12853 248
12854 276
12855 166
12856 141
12857 202
12858 116
12859 258
12860 148
12861 115
12862 248
12863 143
12864 149
12865 134
12866 175
12867 174
12868 64
12869 222
12870 194
12871 183
12872 140
12873 171
12874 177
12875 89
12876 191
12877 116
12878 218
12879 71
12880 236
12881 108
12882 163
12883 188
12884 268
12885 167
12886 146
12887 144
12888 71
12889 198
12890 121
12891 106
12892 148
12893 4
12894 275
12895 66
12896 221
12897 240
12898 117
12899 271
12900 105
12901 210
12902 147
12903 133
12904 154
12905 97
12906 40
12907 375
12908 120
12909 65
12910 199
12911 128
12912 170
12913 244
12914 3
12915 136
12916 180
12917 197
12918 184
12919 95
12920 34
12921 110
12922 297
12923 111
12924 282
12925 171
12926 122
12927 164
12928 139
12929 153
12930 285
12931 232
12932 141
12933 193
12934 161
12935 191
12936 159
12937 204
12938 118
12939 168
12940 128
12941 267
12942 111
12943 175
12944 75
12945 49
12946 65
12947 132
12948 249
12949 113
12950 70
12951 89
12952 148
12953 213
12954 160
12955 322
12956 132
12957 24
12958 105
12959 170
12960 80
12961 81
12962 87
12963 115
12964 228
12965 114
12966 327
12967 129
12968 184
12969 126
12970 211
12971 274
12972 72
12973 261
12974 68
12975 214
12976 208
12977 173
12978 52
12979 184
12980 92
12981 146
12982 230
12983 197
12984 238
12985 231
12986 81
12987 65
12988 209
12989 164
12990 166
12991 134
12992 178
12993 245
12994 85
12995 179
12996 129
12997 82
12998 214
12999 47
13000 113
13001 279
13002 79
13003 123
13004 150
13005 214
13006 198
13007 57
13008 165
13009 286
13010 131
13011 156
13012 371
13013 235
13014 208
13015 155
13016 137
13017 135
13018 212
13019 210
13020 116
13021 142
13022 191
13023 331
13024 178
13025 197
13026 85
13027 200
13028 87
13029 186
13030 93
13031 55
13032 351
13033 217
13034 341
13035 124
13036 121
13037 77
13038 97
13039 148
13040 147
13041 258
13042 116
13043 131
13044 452
13045 3
13046 178
13047 76
13048 176
13049 170
13050 271
13051 141
13052 422
13053 77
13054 208
13055 196
13056 73
13057 155
13058 154
13059 114
13060 252
13061 174
13062 207
13063 137
13064 192
13065 178
13066 170
13067 133
13068 198
13069 204
13070 132
13071 185
13072 292
13073 242
13074 140
13075 182
13076 141
13077 150
13078 197
13079 161
13080 256
13081 164
13082 134
13083 224
13084 210
13085 83
13086 197
13087 75
13088 148
13089 217
13090 223
13091 98
13092 185
13093 209
13094 194
13095 184
13096 125
13097 191
13098 274
13099 121
13100 235
13101 149
13102 129
13103 182
13104 132
13105 91
13106 184
13107 113
13108 96
13109 180
13110 177
13111 132
13112 230
13113 303
13114 168
13115 311
13116 149
13117 128
13118 139
13119 151
13120 173
13121 129
13122 140
13123 309
13124 160
13125 214
13126 406
13127 111
13128 36
13129 191
13130 130
13131 105
13132 103
13133 37
13134 245
13135 175
13136 131
13137 200
13138 173
13139 179
13140 93
13141 135
13142 229
13143 155
13144 213
13145 253
13146 126
13147 114
13148 296
13149 99
13150 378
13151 71
13152 182
13153 116
13154 209
13155 261
13156 207
13157 147
13158 166
13159 279
13160 138
13161 202
13162 126
13163 348
13164 96
13165 91
13166 84
13167 264
13168 98
13169 195
13170 172
13171 157
13172 283
13173 126
13174 218
13175 137
13176 196
13177 139
13178 32
13179 132
13180 288
13181 274
13182 54
13183 104
13184 172
13185 144
13186 81
13187 139
13188 198
13189 97
13190 187
13191 104
13192 142
13193 193
13194 235
13195 195
13196 118
13197 232
13198 126
13199 144
13200 107
13201 172
13202 97
13203 214
13204 145
13205 65
13206 63
13207 187
13208 96
13209 162
13210 75
13211 238
13212 218
13213 107
13214 195
13215 120
13216 128
13217 230
13218 166
13219 150
13220 157
13221 118
13222 244
13223 146
13224 99
13225 91
13226 170
13227 223
13228 226
13229 92
13230 280
13231 191
13232 161
13233 93
13234 175
13235 214
13236 156
13237 215
13238 170
13239 128
13240 217
13241 89
13242 248
13243 122
13244 88
13245 114
13246 210
13247 364
13248 35
13249 82
13250 243
13251 215
13252 126
13253 269
13254 181
13255 94
13256 181
13257 185
13258 30
13259 211
13260 251
13261 165
13262 162
13263 46
13264 116
13265 298
13266 84
13267 101
13268 107
13269 103
13270 247
13271 82
13272 276
13273 161
13274 277
13275 215
13276 129
13277 71
13278 151
13279 206
13280 93
13281 133
13282 72
13283 76
13284 224
13285 293
13286 75
13287 278
13288 164
13289 148
13290 161
13291 108
13292 171
13293 223
13294 254
13295 245
13296 165
13297 319
13298 134
13299 325
13300 18
13301 273
13302 120
13303 124
13304 89
13305 120
13306 280
13307 121
13308 153
13309 108
13310 270
13311 75
13312 65
13313 188
13314 303
13315 74
13316 259
13317 89
13318 237
13319 316
13320 92
13321 136
13322 120
13323 276
13324 139
13325 145
13326 471
13327 110
13328 193
13329 291
13330 188
13331 85
13332 137
13333 131
13334 242
13335 52
13336 167
13337 205
13338 131
13339 201
13340 243
13341 95
13342 441
13343 163
13344 129
13345 159
13346 103
13347 80
13348 42
13349 167
13350 101
13351 85
13352 84
13353 80
13354 99
13355 128
13356 176
13357 205
13358 105
13359 166
13360 228
13361 161
13362 49
13363 149
13364 188
13365 61
13366 435
13367 241
13368 142
13369 179
13370 96
13371 268
13372 111
13373 108
13374 126
13375 199
13376 253
13377 121
13378 147
13379 178
13380 21
13381 339
13382 103
13383 356
13384 153
13385 252
13386 80
13387 353
13388 83
13389 212
13390 110
13391 107
13392 44
13393 111
13394 111
13395 313
13396 159
13397 100
13398 207
13399 124
13400 233
13401 171
13402 286
13403 124
13404 149
13405 88
13406 72
13407 148
13408 141
13409 147
13410 230
13411 149
13412 228
13413 206
13414 101
13415 153
13416 157
13417 115
13418 188
13419 71
13420 103
13421 179
13422 137
13423 -9
13424 231
13425 65
13426 347
13427 159
13428 206
13429 245
13430 181
13431 53
13432 169
13433 116
13434 91
13435 161
13436 269
13437 137
13438 99
13439 202
13440 151
13441 12
13442 261
13443 156
13444 216
13445 286
13446 114
13447 343
13448 185
13449 65
13450 440
13451 180
13452 203
13453 88
13454 230
13455 234
13456 88
13457 311
13458 285
13459 201
13460 86
13461 325
13462 131
13463 181
13464 36
13465 111
13466 236
13467 109
13468 226
13469 159
13470 103
13471 294
13472 221
13473 140
13474 242
13475 80
13476 122
13477 192
13478 244
13479 108
13480 278
13481 141
13482 261
13483 116
13484 102
13485 157
13486 228
13487 185
13488 114
13489 85
13490 119
13491 114
13492 312
13493 190
13494 215
13495 73
13496 72
13497 102
13498 163
13499 176
13500 98
13501 201
13502 133
13503 78
13504 138
13505 180
13506 125
13507 297
13508 139
13509 145
13510 124
13511 97
13512 151
13513 100
13514 182
13515 410
13516 209
13517 142
13518 156
13519 107
13520 231
13521 120
13522 76
13523 101
13524 209
13525 376
13526 55
13527 186
13528 185
13529 42
13530 148
13531 286
13532 248
13533 97
13534 98
13535 185
13536 73
13537 202
13538 178
13539 95
13540 250
13541 96
13542 162
13543 158
13544 36
13545 168
13546 42
13547 137
13548 160
13549 23
13550 120
13551 138
13552 124
13553 149
13554 151
13555 279
13556 211
13557 256
13558 125
13559 160
13560 156
13561 280
13562 137
13563 450
13564 182
13565 294
13566 80
13567 179
13568 155
13569 296
13570 180
13571 258
13572 141
13573 206
13574 341
13575 111
13576 53
13577 185
13578 193
13579 250
13580 115
13581 183
13582 133
13583 107
13584 112
13585 331
13586 127
13587 276
13588 126
13589 248
13590 185
13591 125
13592 161
13593 92
13594 272
13595 255
13596 259
13597 132
13598 147
13599 228
13600 148
13601 47
13602 197
13603 323
13604 229
13605 165
13606 171
13607 145
13608 82
13609 178
13610 238
13611 174
13612 146
13613 142
13614 100
13615 171
13616 217
13617 197
13618 148
13619 175
13620 126
13621 208
13622 97
13623 46
13624 207
13625 49
13626 419
13627 177
13628 117
13629 247
13630 53
13631 155
13632 150
13633 89
13634 205
13635 194
13636 286
13637 43
13638 138
13639 153
13640 162
13641 71
13642 212
13643 120
13644 69
13645 182
13646 135
13647 97
13648 92
13649 233
13650 223
13651 219
13652 152
13653 104
13654 224
13655 243
13656 165
13657 141
13658 261
13659 77
13660 128
13661 118
13662 131
13663 148
13664 184
13665 15
13666 68
13667 109
13668 85
13669 148
13670 144
13671 182
13672 125
13673 109
13674 126
13675 104
13676 148
13677 182
13678 144
13679 170
13680 187
13681 186
13682 282
13683 133
13684 302
13685 97
13686 192
13687 143
13688 72
13689 24
13690 173
13691 107
13692 163
13693 191
13694 158
13695 29
13696 135
13697 184
13698 133
13699 191
13700 152
13701 136
13702 48
13703 167
13704 115
13705 166
13706 104
13707 222
13708 87
13709 207
13710 164
13711 35
13712 250
13713 200
13714 152
13715 1
13716 62
13717 120
13718 192
13719 178
13720 181
13721 131
13722 124
13723 175
13724 27
13725 238
13726 148
13727 106
13728 151
13729 96
13730 124
13731 173
13732 216
13733 202
13734 156
13735 149
13736 123
13737 259
13738 73
13739 175
13740 210
13741 272
13742 262
13743 270
13744 124
13745 62
13746 280
13747 125
13748 109
13749 100
13750 159
13751 221
13752 65
13753 127
13754 183
13755 168
13756 271
13757 179
13758 142
13759 262
13760 87
13761 186
13762 267
13763 77
13764 121
13765 120
13766 65
13767 163
13768 193
13769 137
13770 111
13771 226
13772 257
13773 98
13774 152
13775 295
13776 134
13777 157
13778 320
13779 138
13780 148
13781 156
13782 180
13783 253
13784 64
13785 138
13786 204
13787 107
13788 153
13789 179
13790 87
13791 142
13792 122
13793 159
13794 304
13795 225
13796 388
13797 131
13798 300
13799 198
13800 204
13801 242
13802 98
13803 169
13804 185
13805 154
13806 230
13807 37
13808 111
13809 69
13810 193
13811 144
13812 61
13813 154
13814 186
13815 121
13816 127
13817 199
13818 215
13819 103
13820 188
13821 245
13822 162
13823 206
13824 144
13825 226
13826 149
13827 88
13828 230
13829 267
13830 185
13831 158
13832 172
13833 58
13834 150
13835 188
13836 121
13837 344
13838 220
13839 193
13840 163
13841 125
13842 157
13843 161
13844 66
13845 193
13846 130
13847 253
13848 197
13849 58
13850 30
13851 73
13852 153
13853 49
13854 57
13855 176
13856 44
13857 16
13858 111
13859 164
13860 163
13861 200
13862 165
13863 132
13864 179
13865 192
13866 195
13867 222
13868 328
13869 163
13870 264
13871 125
13872 223
13873 412
13874 169
13875 127
13876 205
13877 200
13878 166
13879 -14
13880 160
13881 219
13882 173
13883 145
13884 138
13885 197
13886 141
13887 116
13888 200
13889 345
13890 106
13891 158
13892 177
13893 147
13894 104
13895 101
13896 123
13897 139
13898 223
13899 252
13900 187
13901 157
13902 223
13903 76
13904 200
13905 108
13906 380
13907 30
13908 250
13909 220
13910 365
13911 172
13912 177
13913 206
13914 133
13915 147
13916 176
13917 125
13918 118
13919 271
13920 102
13921 162
13922 194
13923 213
13924 98
13925 193
13926 130
13927 163
13928 226
13929 112
13930 112
13931 87
13932 91
13933 138
13934 220
13935 150
13936 181
13937 286
13938 192
13939 93
13940 284
13941 442
13942 118
13943 164
13944 148
13945 268
13946 173
13947 177
13948 218
13949 203
13950 20
13951 112
13952 62
13953 120
13954 153
13955 164
13956 267
13957 173
13958 211
13959 191
13960 212
13961 95
13962 150
13963 149
13964 245
13965 104
13966 141
13967 198
13968 162
13969 238
13970 175
13971 112
13972 112
13973 113
13974 37
13975 150
13976 146
13977 95
13978 134
13979 159
13980 210
13981 170
13982 204
13983 254
13984 93
13985 129
13986 146
13987 215
13988 202
13989 262
13990 51
13991 100
13992 97
13993 258
13994 27
13995 143
13996 201
13997 116
13998 146
13999 175
14000 86
14001 132
14002 124
14003 56
14004 161
14005 119
14006 95
14007 220
14008 78
14009 129
14010 316
14011 145
14012 56
14013 264
14014 51
14015 177
14016 94
14017 182
14018 99
14019 128
14020 116
14021 71
14022 180
14023 65
14024 211
14025 109
14026 152
14027 77
14028 206
14029 98
14030 34
14031 129
14032 138
14033 49
14034 55
14035 159
14036 169
14037 202
14038 113
14039 143
14040 178
14041 180
14042 227
14043 144
14044 187
14045 144
14046 205
14047 194
14048 259
14049 100
14050 249
14051 124
14052 229
14053 99
14054 171
14055 152
14056 211
14057 210
14058 97
14059 63
14060 162
14061 236
14062 129
14063 141
14064 95
14065 200
14066 158
14067 115
14068 140
14069 136
14070 152
14071 141
14072 166
14073 149
14074 212
14075 32
14076 80
14077 187
14078 118
14079 270
14080 240
14081 145
14082 134
14083 156
14084 374
14085 197
14086 304
14087 97
14088 186
14089 111
14090 168
14091 41
14092 78
14093 141
14094 172
14095 194
14096 79
14097 172
14098 64
14099 113
14100 154
14101 302
14102 86
14103 135
14104 212
14105 107
14106 340
14107 182
14108 252
14109 322
14110 203
14111 168
14112 91
14113 107
14114 83
14115 434
14116 222
14117 47
14118 263
14119 192
14120 181
14121 154
14122 209
14123 108
14124 175
14125 112
14126 239
14127 201
14128 136
14129 123
14130 98
14131 198
14132 125
14133 121
14134 209
14135 191
14136 119
14137 60
14138 137
14139 177
14140 224
14141 233
14142 211
14143 59
14144 124
14145 137
14146 434
14147 316
14148 327
14149 141
14150 145
14151 143
14152 161
14153 120
14154 141
14155 287
14156 171
14157 178
14158 162
14159 182
14160 182
14161 146
14162 177
14163 128
14164 88
14165 193
14166 211
14167 170
14168 127
14169 280
14170 191
14171 114
14172 217
14173 231
14174 149
14175 133
14176 151
14177 65
14178 298
14179 170
14180 109
14181 263
14182 143
14183 246
14184 95
14185 104
14186 145
14187 106
14188 134
14189 82
14190 139
14191 129
14192 205
14193 24
14194 277
14195 97
14196 281
14197 41
14198 169
14199 218
14200 44
14201 202
14202 175
14203 155
14204 269
14205 149
14206 199
14207 199
14208 132
14209 237
14210 286
14211 103
14212 235
14213 196
14214 48
14215 118
14216 189
14217 368
14218 213
14219 168
14220 175
14221 155
14222 401
14223 251
14224 269
14225 86
14226 72
14227 102
14228 59
14229 313
14230 103
14231 70
14232 185
14233 109
14234 169
14235 276
14236 112
14237 220
14238 261
14239 299
14240 179
14241 64
14242 162
14243 165
14244 193
14245 182
14246 114
14247 222
14248 203
14249 211
14250 101
14251 209
14252 89
14253 90
14254 227
14255 115
14256 207
14257 94
14258 312
14259 235
14260 180
14261 193
14262 80
14263 254
14264 119
14265 126
14266 75
14267 208
14268 93
14269 89
14270 88
14271 204
14272 166
14273 214
14274 141
14275 119
14276 185
14277 211
14278 107
14279 202
14280 137
14281 191
14282 109
14283 131
14284 130
14285 218
14286 198
14287 247
14288 164
14289 210
14290 155
14291 119
14292 88
14293 128
14294 239
14295 392
14296 130
14297 162
14298 181
14299 17
14300 172
14301 273
14302 106
14303 246
14304 94
14305 244
14306 159
14307 128
14308 173
14309 92
14310 123
14311 189
14312 148
14313 141
14314 130
14315 269
14316 106
14317 243
14318 153
14319 218
14320 174
14321 172
14322 151
14323 294
14324 234
14325 123
14326 147
14327 355
14328 108
14329 172
14330 155
14331 201
14332 225
14333 102
14334 187
14335 125
14336 253
14337 155
14338 207
14339 105
14340 147
14341 173
14342 228
14343 143
14344 132
14345 114
14346 188
14347 212
14348 95
14349 130
14350 150
14351 193
14352 168
14353 123
14354 57
14355 262
14356 101
14357 122
14358 138
14359 170
14360 130
14361 142
14362 201
14363 145
14364 238
14365 190
14366 42
14367 95
14368 205
14369 137
14370 149
14371 90
14372 173
14373 134
14374 261
14375 194
14376 169
14377 106
14378 133
14379 217
14380 199
14381 189
14382 200
14383 63
14384 278
14385 104
14386 223
14387 89
14388 120
14389 115
14390 133
14391 47
14392 138
14393 162
14394 63
14395 85
14396 170
14397 185
14398 186
14399 138
14400 114
14401 128
14402 170
14403 153
14404 95
14405 271
14406 171
14407 180
14408 197
14409 201
14410 221
14411 300
14412 77
14413 289
14414 107
14415 130
14416 180
14417 52
14418 247
14419 139
14420 97
14421 285
14422 179
14423 149
14424 123
14425 134
14426 232
14427 151
14428 262
14429 374
14430 126
14431 278
14432 140
14433 197
14434 208
14435 149
14436 244
14437 150
14438 137
14439 108
14440 283
14441 265
14442 80
14443 342
14444 151
14445 134
14446 232
14447 193
14448 107
14449 122
14450 153
14451 116
14452 232
14453 109
14454 109
14455 171
14456 329
14457 67
14458 228
14459 102
14460 168
14461 126
14462 155
14463 168
14464 178
14465 32
14466 145
14467 148
14468 147
14469 59
14470 116
14471 232
14472 114
14473 223
14474 134
14475 249
14476 57
14477 174
14478 183
14479 233
14480 122
14481 103
14482 175
14483 184
14484 148
14485 97
14486 300
14487 187
14488 164
14489 69
14490 100
14491 93
14492 163
14493 125
14494 246
14495 124
14496 152
14497 133
14498 134
14499 134
14500 117
14501 137
14502 179
14503 147
14504 223
14505 248
14506 168
14507 113
14508 61
14509 298
14510 176
14511 142
14512 296
14513 176
14514 239
14515 127
14516 77
14517 208
14518 102
14519 26
14520 298
14521 100
14522 245
14523 142
14524 45
14525 296
14526 50
14527 213
14528 131
14529 23
14530 154
14531 255
14532 304
14533 183
14534 193
14535 136
14536 104
14537 82
14538 104
14539 395
14540 161
14541 185
14542 93
14543 177
14544 165
14545 153
14546 235
14547 117
14548 238
14549 226
14550 280
14551 287
14552 107
14553 146
14554 200
14555 182
14556 171
14557 212
14558 104
14559 107
14560 145
14561 133
14562 155
14563 133
14564 131
14565 42
14566 204
14567 55
14568 110
14569 188
14570 120
14571 151
14572 185
14573 196
14574 175
14575 97
14576 119
14577 147
14578 64
14579 107
14580 107
14581 298
14582 256
14583 204
14584 243
14585 107
14586 305
14587 218
14588 108
14589 69
14590 238
14591 254
14592 270
14593 106
14594 67
14595 88
14596 141
14597 114
14598 179
14599 111
14600 34
14601 253
14602 186
14603 66
14604 460
14605 146
14606 177
14607 227
14608 228
14609 248
14610 141
14611 188
14612 85
14613 95
14614 184
14615 91
14616 155
14617 100
14618 163
14619 142
14620 197
14621 93
14622 157
14623 162
14624 400
14625 286
14626 93
14627 169
14628 165
14629 177
14630 119
14631 185
14632 275
14633 78
14634 213
14635 244
14636 227
14637 96
14638 99
14639 211
14640 165
14641 239
14642 203
14643 146
14644 136
14645 269
14646 200
14647 128
14648 181
14649 65
14650 84
14651 106
14652 71
14653 127
14654 125
14655 108
14656 102
14657 173
14658 244
14659 130
14660 220
14661 205
14662 147
14663 212
14664 -17
14665 77
14666 159
14667 192
14668 143
14669 61
14670 108
14671 99
14672 132
14673 141
14674 206
14675 193
14676 203
14677 337
14678 279
14679 232
14680 118
14681 173
14682 155
14683 115
14684 169
14685 111
14686 376
14687 118
14688 146
14689 154
14690 174
14691 210
14692 366
14693 234
14694 118
14695 260
14696 113
14697 97
14698 408
14699 101
14700 160
14701 238
14702 153
14703 216
14704 138
14705 44
14706 149
14707 213
14708 85
14709 265
14710 73
14711 215
14712 140
14713 205
14714 51
14715 215
14716 332
14717 165
14718 198
14719 89
14720 200
14721 182
14722 96
14723 272
14724 147
14725 64
14726 247
14727 18
14728 126
14729 62
14730 193
14731 95
14732 247
14733 107
14734 202
14735 181
14736 126
14737 149
14738 221
14739 229
14740 83
14741 114
14742 266
14743 79
14744 164
14745 50
14746 204
14747 90
14748 165
14749 115
14750 123
14751 129
14752 30
14753 44
14754 296
14755 266
14756 99
14757 138
14758 290
14759 183
14760 140
14761 144
14762 54
14763 199
14764 206
14765 215
14766 95
14767 71
14768 82
14769 177
14770 150
14771 259
14772 425
14773 102
14774 273
14775 82
14776 92
14777 88
14778 99
14779 125
14780 182
14781 66
14782 133
14783 143
14784 124
14785 144
14786 155
14787 162
14788 198
14789 204
14790 163
14791 163
14792 226
14793 202
14794 250
14795 122
14796 162
14797 118
14798 159
14799 227
14800 229
14801 176
14802 93
14803 124
14804 280
14805 142
14806 64
14807 224
14808 84
14809 83
14810 97
14811 197
14812 36
14813 84
14814 170
14815 162
14816 171
14817 274
14818 100
14819 173
14820 150
14821 74
14822 147
14823 148
14824 84
14825 146
14826 148
14827 127
14828 88
14829 100
14830 160
14831 197
14832 124
14833 217
14834 65
14835 177
14836 214
14837 142
14838 182
14839 62
14840 189
14841 16
14842 129
14843 153
14844 147
14845 140
14846 213
14847 233
14848 154
14849 451
14850 99
14851 228
14852 138
14853 84
14854 100
14855 146
14856 104
14857 175
14858 134
14859 125
14860 210
14861 70
14862 202
14863 81
14864 83
14865 214
14866 276
14867 85
14868 284
14869 129
14870 324
14871 266
14872 164
14873 68
14874 164
14875 98
14876 301
14877 57
14878 64
14879 184
14880 202
14881 222
14882 231
14883 138
14884 99
14885 207
14886 258
14887 171
14888 383
14889 245
14890 177
14891 102
14892 63
14893 173
14894 96
14895 157
14896 101
14897 164
14898 110
14899 169
14900 189
14901 82
14902 143
14903 158
14904 128
14905 170
14906 215
14907 277
14908 164
14909 149
14910 151
14911 199
14912 103
14913 242
14914 285
14915 101
14916 222
14917 115
14918 180
14919 102
14920 131
14921 344
14922 107
14923 188
14924 104
14925 304
14926 223
14927 80
14928 213
14929 135
14930 142
14931 122
14932 266
14933 274
14934 176
14935 147
14936 81
14937 197
14938 133
14939 65
14940 232
14941 54
14942 87
14943 212
14944 183
14945 212
14946 282
14947 336
14948 271
14949 286
14950 183
14951 57
14952 208
14953 248
14954 117
14955 193
14956 193
14957 257
14958 174
14959 180
14960 106
14961 153
14962 87
14963 95
14964 195
14965 168
14966 84
14967 96
14968 132
14969 214
14970 217
14971 190
14972 171
14973 259
14974 93
14975 156
14976 125
14977 134
14978 128
14979 419
14980 267
14981 176
14982 131
14983 170
14984 174
14985 88
14986 247
14987 148
14988 165
14989 168
14990 59
14991 76
14992 150
14993 195
14994 182
14995 279
14996 116
14997 32
14998 197
14999 192
15000 233
15001 208
15002 207
15003 203
15004 129
15005 236
15006 149
15007 124
15008 217
15009 127
15010 187
15011 81
15012 94
15013 356
15014 157
15015 86
15016 171
15017 254
15018 178
15019 116
15020 231
15021 198
15022 97
15023 256
15024 167
15025 220
15026 158
15027 213
15028 169
15029 202
15030 199
15031 122
15032 244
15033 271
15034 115
15035 64
15036 68
15037 92
15038 70
15039 101
15040 214
15041 61
15042 121
15043 163
15044 30
15045 146
15046 152
15047 263
15048 156
15049 45
15050 52
15051 182
15052 131
15053 194
15054 110
15055 123
15056 59
15057 74
15058 110
15059 78
15060 160
15061 122
15062 48
15063 74
15064 212
15065 94
15066 206
15067 179
15068 58
15069 256
15070 195
15071 218
15072 188
15073 77
15074 137
15075 181
15076 263
15077 198
15078 105
15079 411
15080 126
15081 230
15082 245
15083 139
15084 54
15085 123
15086 210
15087 111
15088 69
15089 275
15090 166
15091 95
15092 135
15093 178
15094 121
15095 117
15096 300
15097 87
15098 164
15099 60
15100 250
15101 172
15102 139
15103 127
15104 197
15105 133
15106 102
15107 200
15108 187
15109 230
15110 37
15111 222
15112 332
15113 227
15114 198
15115 115
15116 161
15117 222
15118 281
15119 199
15120 217
15121 398
15122 273
15123 144
15124 143
15125 118
15126 170
15127 266
15128 171
15129 118
15130 29
15131 145
15132 160
15133 53
15134 56
15135 117
15136 177
15137 75
15138 123
15139 114
15140 257
15141 146
15142 147
15143 101
15144 144
15145 204
15146 223
15147 161
15148 180
15149 196
15150 200
15151 76
15152 192
15153 148
15154 115
15155 143
15156 95
15157 178
15158 99
15159 74
15160 304
15161 209
15162 133
15163 210
15164 161
15165 91
15166 160
15167 210
15168 69
15169 191
15170 166
15171 171
15172 95
15173 260
15174 152
15175 283
15176 167
15177 100
15178 230
15179 181
15180 109
15181 260
15182 89
15183 275
15184 111
15185 206
15186 115
15187 64
15188 167
15189 213
15190 166
15191 144
15192 130
15193 115
15194 362
15195 204
15196 99
15197 86
15198 196
15199 163
15200 109
15201 190
15202 157
15203 99
15204 180
15205 177
15206 193
15207 238
15208 191
15209 177
15210 277
15211 296
15212 324
15213 122
15214 135
15215 106
15216 173
15217 146
15218 111
15219 148
15220 151
15221 108
15222 147
15223 46
15224 147
15225 128
15226 183
15227 210
15228 303
15229 50
15230 139
15231 153
15232 223
15233 205
15234 246
15235 196
15236 140
15237 150
15238 206
15239 190
15240 198
15241 44
15242 167
15243 165
15244 188
15245 84
15246 168
15247 231
15248 125
15249 99
15250 69
15251 75
15252 188
15253 95
15254 199
15255 178
15256 95
15257 79
15258 190
15259 171
15260 108
15261 56
15262 171
15263 185
15264 108
15265 115
15266 334
15267 88
15268 126
15269 121
15270 234
15271 61
15272 162
15273 130
15274 144
15275 38
15276 131
15277 114
15278 128
15279 95
15280 267
15281 387
15282 184
15283 83
15284 206
15285 77
15286 186
15287 188
15288 115
15289 260
15290 170
15291 101
15292 175
15293 234
15294 97
15295 135
15296 137
15297 171
15298 82
15299 123
15300 101
15301 130
15302 296
15303 116
15304 129
15305 224
15306 69
15307 89
15308 90
15309 196
15310 109
15311 147
15312 240
15313 81
15314 65
15315 188
15316 154
15317 49
15318 88
15319 28
15320 98
15321 102
15322 177
15323 178
15324 146
15325 45
15326 188
15327 76
15328 115
15329 118
15330 211
15331 70
15332 106
15333 164
15334 121
15335 178
15336 123
15337 232
15338 205
15339 190
15340 -12
15341 67
15342 45
15343 65
15344 136
15345 134
15346 179
15347 174
15348 137
15349 114
15350 301
15351 400
15352 142
15353 193
15354 319
15355 180
15356 74
15357 96
15358 130
15359 113
15360 293
15361 103
15362 146
15363 230
15364 163
15365 246
15366 105
15367 135
15368 149
15369 171
15370 63
15371 128
15372 184
15373 122
15374 227
15375 294
15376 142
15377 83
15378 74
15379 68
15380 98
15381 149
15382 210
15383 140
15384 219
15385 94
15386 106
15387 150
15388 180
15389 183
15390 116
15391 223
15392 58
15393 79
15394 63
15395 207
15396 148
15397 202
15398 102
15399 134
15400 102
15401 189
15402 125
15403 174
15404 150
15405 199
15406 165
15407 177
15408 159
15409 132
15410 253
15411 52
15412 126
15413 321
15414 318
15415 39
15416 157
15417 147
15418 133
15419 149
15420 155
15421 168
15422 116
15423 52
15424 56
15425 275
15426 194
15427 189
15428 223
15429 95
15430 57
15431 194
15432 177
15433 181
15434 254
15435 225
15436 148
15437 71
15438 66
15439 108
15440 162
15441 163
15442 221
15443 134
15444 109
15445 154
15446 159
15447 215
15448 268
15449 91
15450 231
15451 100
15452 206
15453 243
15454 227
15455 228
15456 204
15457 266
15458 202
15459 46
15460 150
15461 145
15462 131
15463 325
15464 87
15465 193
15466 115
15467 211
15468 123
15469 105
15470 199
15471 101
15472 197
15473 180
15474 344
15475 158
15476 134
15477 236
15478 288
15479 100
15480 126
15481 132
15482 151
15483 31
15484 150
15485 193
15486 96
15487 172
15488 124
15489 173
15490 375
15491 116
15492 136
15493 119
15494 168
15495 200
15496 114
15497 164
15498 189
15499 104
15500 280
15501 204
15502 188
15503 328
15504 233
15505 65
15506 211
15507 153
15508 166
15509 242
15510 272
15511 196
15512 64
15513 220
15514 207
15515 182
15516 110
15517 188
15518 176
15519 235
15520 307
15521 128
15522 181
15523 52
15524 146
15525 135
15526 130
15527 290
15528 234
15529 64
15530 71
15531 90
15532 152
15533 117
15534 114
15535 223
15536 193
15537 232
15538 296
15539 217
15540 73
15541 217
15542 163
15543 52
15544 132
15545 169
15546 200
15547 154
15548 174
15549 177
15550 322
15551 272
15552 169
15553 178
15554 152
15555 162
15556 118
15557 127
15558 106
15559 64
15560 117
15561 250
15562 271
15563 157
15564 50
15565 180
15566 138
15567 200
15568 74
15569 143
15570 45
15571 278
15572 152
15573 141
15574 29
15575 83
15576 228
15577 343
15578 186
15579 373
15580 55
15581 68
15582 283
15583 139
15584 217
15585 229
15586 177
15587 367
15588 113
15589 100
15590 162
15591 108
15592 92
15593 168
15594 202
15595 173
15596 72
15597 183
15598 249
15599 208
15600 168
15601 104
15602 118
15603 256
15604 170
15605 211
15606 97
15607 332
15608 205
15609 133
15610 85
15611 190
15612 234
15613 154
15614 215
15615 88
15616 142
15617 188
15618 126
15619 97
15620 268
15621 212
15622 108
15623 397
15624 269
15625 220
15626 123
15627 227
15628 31
15629 234
15630 221
15631 139
15632 215
15633 92
15634 89
15635 398
15636 125
15637 213
15638 195
15639 101
15640 132
15641 143
15642 103
15643 208
15644 87
15645 273
15646 263
15647 143
15648 99
15649 77
15650 197
15651 137
15652 165
15653 180
15654 171
15655 168
15656 89
15657 184
15658 150
15659 128
15660 195
15661 170
15662 93
15663 94
15664 112
15665 264
15666 213
15667 212
15668 152
15669 198
15670 48
15671 98
15672 192
15673 168
15674 200
15675 105
15676 334
15677 80
15678 125
15679 118
15680 159
15681 211
15682 105
15683 11
15684 199
15685 189
15686 216
15687 230
15688 108
15689 103
15690 66
15691 245
15692 224
15693 224
15694 171
15695 157
15696 86
15697 133
15698 160
15699 148
15700 333
15701 207
15702 89
15703 218
15704 173
15705 153
15706 115
15707 221
15708 174
15709 249
15710 137
15711 140
15712 56
15713 98
15714 147
15715 143
15716 339
15717 150
15718 113
15719 153
15720 217
15721 56
15722 35
15723 214
15724 147
15725 89
15726 182
15727 117
15728 123
15729 239
15730 290
15731 129
15732 178
15733 199
15734 179
15735 179
15736 68
15737 121
15738 84
15739 147
15740 95
15741 208
15742 81
15743 149
15744 212
15745 112
15746 117
15747 -26
15748 120
15749 156
15750 197
15751 311
15752 199
15753 109
15754 108
15755 150
15756 76
15757 179
15758 100
15759 172
15760 149
15761 128
15762 159
15763 157
15764 46
15765 193
15766 127
15767 155
15768 127
15769 323
15770 198
15771 210
15772 146
15773 136
15774 168
15775 92
15776 164
15777 165
15778 67
15779 154
15780 157
15781 144
15782 188
15783 134
15784 383
15785 90
15786 173
15787 102
15788 234
15789 101
15790 282
15791 414
15792 65
15793 160
15794 114
15795 185
15796 104
15797 114
15798 190
15799 50
15800 34
15801 151
15802 212
15803 191
15804 83
15805 145
15806 209
15807 121
15808 54
15809 65
15810 57
15811 79
15812 185
15813 277
15814 76
15815 178
15816 120
15817 111
15818 155
15819 162
15820 37
15821 85
15822 213
15823 274
15824 148
15825 135
15826 183
15827 122
15828 268
15829 140
15830 111
15831 140
15832 160
15833 280
15834 122
15835 246
15836 77
15837 190
15838 217
15839 173
15840 109
15841 143
15842 160
15843 153
15844 110
15845 116
15846 174
15847 148
15848 105
15849 213
15850 188
15851 119
15852 212
15853 60
15854 205
15855 75
15856 126
15857 91
15858 287
15859 107
15860 193
15861 183
15862 136
15863 137
15864 301
15865 186
15866 253
15867 -12
15868 215
15869 186
15870 172
15871 46
15872 126
15873 210
15874 72
15875 71
15876 169
15877 217
15878 261
15879 149
15880 148
15881 169
15882 151
15883 103
15884 129
15885 164
15886 152
15887 121
15888 253
15889 62
15890 95
15891 140
15892 198
15893 108
15894 122
15895 180
15896 95
15897 52
15898 192
15899 223
15900 129
15901 345
15902 155
15903 149
15904 128
15905 278
15906 75
15907 123
15908 298
15909 152
15910 224
15911 128
15912 164
15913 239
15914 83
15915 79
15916 156
15917 243
15918 228
15919 191
15920 312
15921 177
15922 264
15923 128
15924 120
15925 111
15926 245
15927 35
15928 130
15929 93
15930 187
15931 279
15932 334
15933 238
15934 305
15935 313
15936 76
15937 146
15938 140
15939 -12
15940 153
15941 147
15942 141
15943 241
15944 182
15945 192
15946 201
15947 121
15948 155
15949 191
15950 109
15951 83
15952 233
15953 164
15954 86
15955 126
15956 120
15957 201
15958 270
15959 118
15960 186
15961 101
15962 128
15963 125
15964 97
15965 164
15966 180
15967 138
15968 238
15969 206
15970 64
15971 83
15972 181
15973 162
15974 83
15975 136
15976 27
15977 125
15978 143
15979 110
15980 206
15981 164
15982 148
15983 360
15984 266
15985 213
15986 214
15987 81
15988 102
15989 127
15990 142
15991 157
15992 96
15993 126
15994 247
15995 132
15996 207
15997 201
15998 150
15999 139
16000 57
16001 242
16002 268
16003 100
16004 172
16005 323
16006 153
16007 93
16008 144
16009 104
16010 135
16011 218
16012 231
16013 216
16014 99
16015 124
16016 239
16017 31
16018 31
16019 194
16020 154
16021 154
16022 186
16023 109
16024 227
16025 273
16026 128
16027 145
16028 159
16029 109
16030 119
16031 80
16032 221
16033 9
16034 147
16035 255
16036 207
16037 262
16038 152
16039 153
16040 85
16041 167
16042 156
16043 177
16044 133
16045 271
16046 137
16047 129
16048 144
16049 165
16050 287
16051 161
16052 220
16053 200
16054 91
16055 48
16056 126
16057 184
16058 75
16059 102
16060 163
16061 125
16062 198
16063 130
16064 432
16065 298
16066 177
16067 143
16068 196
16069 118
16070 279
16071 114
16072 92
16073 90
16074 213
16075 160
16076 202
16077 154
16078 206
16079 89
16080 107
16081 108
16082 85
16083 11
16084 199
16085 266
16086 190
16087 170
16088 44
16089 191
16090 267
16091 161
16092 283
16093 136
16094 309
16095 115
16096 145
16097 206
16098 213
16099 187
16100 158
16101 79
16102 128
16103 75
16104 139
16105 155
16106 156
16107 213
16108 190
16109 146
16110 178
16111 356
16112 135
16113 82
16114 186
16115 152
16116 244
16117 76
16118 131
16119 187
16120 120
16121 98
16122 161
16123 221
16124 193
16125 361
16126 106
16127 208
16128 98
16129 94
16130 142
16131 99
16132 122
16133 52
16134 160
16135 146
16136 101
16137 183
16138 143
16139 146
16140 161
16141 111
16142 219
16143 55
16144 228
16145 208
16146 187
16147 252
16148 147
16149 144
16150 147
16151 137
16152 208
16153 135
16154 48
16155 204
16156 255
16157 171
16158 105
16159 242
16160 173
16161 273
16162 79
16163 81
16164 162
16165 267
16166 132
16167 306
16168 177
16169 138
16170 131
16171 102
16172 106
16173 319
16174 43
16175 238
16176 123
16177 100
16178 45
16179 147
16180 170
16181 229
16182 137
16183 117
16184 215
16185 158
16186 74
16187 223
16188 51
16189 132
16190 314
16191 124
16192 97
16193 167
16194 223
16195 223
16196 240
16197 432
16198 229
16199 114
16200 146
16201 92
16202 84
16203 520
16204 151
16205 164
16206 230
16207 163
16208 263
16209 150
16210 178
16211 155
16212 299
16213 148
16214 209
16215 109
16216 129
16217 138
16218 153
16219 121
16220 189
16221 155
16222 255
16223 146
16224 58
16225 62
16226 124
16227 117
16228 142
16229 176
16230 97
16231 254
16232 174
16233 181
16234 172
16235 373
16236 276
16237 152
16238 120
16239 163
16240 92
16241 228
16242 223
16243 117
16244 109
16245 152
16246 96
16247 134
16248 128
16249 209
16250 143
16251 329
16252 97
16253 120
16254 153
16255 222
16256 215
16257 96
16258 66
16259 81
16260 120
16261 169
16262 183
16263 197
16264 142
16265 88
16266 242
16267 55
16268 119
16269 181
16270 192
16271 37
16272 135
16273 252
16274 117
16275 232
16276 152
16277 138
16278 254
16279 164
16280 150
16281 163
16282 208
16283 109
16284 287
16285 50
16286 144
16287 165
16288 140
16289 152
16290 126
16291 149
16292 105
16293 87
16294 102
16295 146
16296 100
16297 140
16298 181
16299 240
16300 160
16301 104
16302 187
16303 132
16304 91
16305 265
16306 82
16307 145
16308 291
16309 301
16310 231
16311 143
16312 194
16313 128
16314 187
16315 145
16316 227
16317 122
16318 185
16319 333
16320 89
16321 136
16322 94
16323 152
16324 40
16325 163
16326 86
16327 149
16328 223
16329 112
16330 196
16331 220
16332 87
16333 96
16334 104
16335 196
16336 74
16337 207
16338 101
16339 167
16340 392
16341 178
16342 242
16343 163
16344 319
16345 128
16346 64
16347 54
16348 146
16349 196
16350 181
16351 174
16352 235
16353 13
16354 104
16355 265
16356 362
16357 170
16358 225
16359 197
16360 216
16361 205
16362 101
16363 63
16364 138
16365 123
16366 124
16367 116
16368 207
16369 256
16370 172
16371 120
16372 99
16373 158
16374 123
16375 152
16376 63
16377 181
16378 106
16379 89
16380 152
16381 201
16382 213
16383 248
16384 249
16385 135
16386 317
16387 215
16388 101
16389 302
16390 83
16391 121
16392 91
16393 184
16394 49
16395 225
16396 151
16397 251
16398 166
16399 116
16400 78
16401 173
16402 227
16403 181
16404 141
16405 65
16406 200
16407 160
16408 144
16409 176
16410 102
16411 446
16412 78
16413 187
16414 262
16415 191
16416 135
16417 325
16418 141
16419 129
16420 180
16421 122
16422 113
16423 188
16424 29
16425 211
16426 95
16427 82
16428 153
16429 184
16430 164
16431 64
16432 75
16433 170
16434 229
16435 80
16436 174
16437 126
16438 289
16439 122
16440 214
16441 218
16442 156
16443 222
16444 176
16445 50
16446 81
16447 215
16448 160
16449 117
16450 224
16451 121
16452 330
16453 110
16454 256
16455 207
16456 225
16457 110
16458 388
16459 191
16460 259
16461 209
16462 172
16463 131
16464 75
16465 54
16466 241
16467 177
16468 68
16469 168
16470 99
16471 71
16472 179
16473 121
16474 212
16475 178
16476 148
16477 130
16478 137
16479 137
16480 208
16481 153
16482 212
16483 155
16484 141
16485 44
16486 102
16487 133
16488 140
16489 105
16490 206
16491 43
16492 339
16493 61
16494 62
16495 170
16496 219
16497 161
16498 162
16499 225
16500 155
16501 242
16502 196
16503 221
16504 107
16505 51
16506 190
16507 272
16508 185
16509 178
16510 188
16511 9
16512 304
16513 302
16514 142
16515 106
16516 279
16517 172
16518 169
16519 117
16520 111
16521 147
16522 115
16523 133
16524 204
16525 113
16526 46
16527 46
16528 144
16529 254
16530 98
16531 153
16532 133
16533 253
16534 107
16535 84
16536 80
16537 63
16538 146
16539 124
16540 164
16541 198
16542 275
16543 148
16544 186
16545 105
16546 132
16547 196
16548 81
16549 184
16550 105
16551 223
16552 152
16553 226
16554 152
16555 189
16556 117
16557 310
16558 37
16559 205
16560 29
16561 95
16562 175
16563 75
16564 98
16565 170
16566 231
16567 129
16568 128
16569 180
16570 156
16571 115
16572 146
16573 141
16574 197
16575 183
16576 129
16577 170
16578 250
16579 208
16580 187
16581 156
16582 103
16583 231
16584 156
16585 140
16586 164
16587 175
16588 124
16589 113
16590 180
16591 77
16592 144
16593 149
16594 39
16595 184
16596 227
16597 144
16598 68
16599 140
16600 138
16601 130
16602 332
16603 87
16604 226
16605 110
16606 186
16607 195
16608 44
16609 158
16610 166
16611 177
16612 135
16613 115
16614 232
16615 109
16616 69
16617 251
16618 118
16619 138
16620 139
16621 172
16622 210
16623 155
16624 112
16625 226
16626 148
16627 209
16628 105
16629 260
16630 148
16631 39
16632 169
16633 440
16634 211
16635 59
16636 176
16637 118
16638 66
16639 171
16640 214
16641 177
16642 105
16643 260
16644 183
16645 123
16646 264
16647 105
16648 63
16649 106
16650 57
16651 25
16652 39
16653 362
16654 193
16655 245
16656 96
16657 246
16658 104
16659 110
16660 158
16661 110
16662 117
16663 183
16664 204
16665 107
16666 216
16667 175
16668 117
16669 173
16670 194
16671 176
16672 138
16673 193
16674 126
16675 185
16676 116
16677 166
16678 188
16679 164
16680 190
16681 89
16682 66
16683 263
16684 273
16685 168
16686 163
16687 117
16688 159
16689 113
16690 91
16691 65
16692 56
16693 128
16694 92
16695 182
16696 133
16697 59
16698 132
16699 130
16700 101
16701 293
16702 269
16703 126
16704 145
16705 130
16706 92
16707 124
16708 102
16709 152
16710 56
16711 133
16712 77
16713 205
16714 264
16715 201
16716 233
16717 184
16718 99
16719 137
16720 103
16721 177
16722 150
16723 71
16724 267
16725 461
16726 192
16727 209
16728 173
16729 151
16730 119
16731 155
16732 136
16733 179
16734 177
16735 122
16736 103
16737 80
16738 180
16739 169
16740 119
16741 156
16742 207
16743 225
16744 178
16745 220
16746 211
16747 145
16748 231
16749 69
16750 169
16751 207
16752 196
16753 118
16754 148
16755 143
16756 113
16757 173
16758 67
16759 102
16760 103
16761 362
16762 188
16763 172
16764 114
16765 91
16766 58
16767 50
16768 152
16769 177
16770 159
16771 139
16772 184
16773 139
16774 62
16775 88
16776 108
16777 172
16778 147
16779 127
16780 165
16781 275
16782 260
16783 352
16784 177
16785 58
16786 107
16787 85
16788 127
16789 256
16790 191
16791 136
16792 111
16793 69
16794 166
16795 126
16796 200
16797 107
16798 102
16799 156
16800 126
16801 203
16802 106
16803 53
16804 129
16805 145
16806 192
16807 123
16808 172
16809 39
16810 284
16811 81
16812 134
16813 164
16814 94
16815 96
16816 80
16817 175
16818 118
16819 29
16820 61
16821 183
16822 168
16823 209
16824 148
16825 287
16826 110
16827 382
16828 284
16829 89
16830 117
16831 187
16832 62
16833 161
16834 118
16835 104
16836 250
16837 170
16838 102
16839 178
16840 97
16841 142
16842 198
16843 221
16844 112
16845 44
16846 190
16847 37
16848 310
16849 145
16850 -23
16851 38
16852 220
16853 210
16854 196
16855 252
16856 136
16857 52
16858 177
16859 56
16860 117
16861 18
16862 92
16863 115
16864 258
16865 120
16866 355
16867 118
16868 120
16869 217
16870 212
16871 237
16872 116
16873 218
16874 181
16875 72
16876 176
16877 60
16878 59
16879 82
16880 172
16881 206
16882 288
16883 190
16884 333
16885 148
16886 165
16887 221
16888 188
16889 184
16890 49
16891 317
16892 89
16893 85
16894 163
16895 100
16896 39
16897 159
16898 180
16899 222
16900 146
16901 94
16902 91
16903 242
16904 113
16905 146
16906 94
16907 139
16908 131
16909 201
16910 404
16911 79
16912 146
16913 81
16914 254
16915 259
16916 216
16917 63
16918 314
16919 198
16920 109
16921 107
16922 142
16923 284
16924 67
16925 119
16926 134
16927 246
16928 170
16929 105
16930 323
16931 62
16932 99
16933 89
16934 127
16935 195
16936 151
16937 219
16938 96
16939 178
16940 198
16941 149
16942 150
16943 119
16944 136
16945 135
16946 201
16947 191
16948 144
16949 187
16950 437
16951 143
16952 73
16953 105
16954 216
16955 36
16956 235
16957 211
16958 157
16959 106
16960 213
16961 171
16962 201
16963 255
16964 124
16965 32
16966 185
16967 188
16968 105
16969 146
16970 86
16971 133
16972 144
16973 331
16974 150
16975 80
16976 120
16977 131
16978 32
16979 105
16980 167
16981 100
16982 139
16983 127
16984 102
16985 166
16986 40
16987 102
16988 91
16989 246
16990 78
16991 240
16992 142
16993 203
16994 123
16995 230
16996 144
16997 92
16998 137
16999 81
17000 103
17001 153
17002 152
17003 71
17004 164
17005 106
17006 157
17007 176
17008 128
17009 191
17010 213
17011 131
17012 114
17013 93
17014 155
17015 161
17016 200
17017 75
17018 234
17019 197
17020 93
17021 223
17022 377
17023 170
17024 221
17025 80
17026 38
17027 129
17028 122
17029 80
17030 260
17031 133
17032 134
17033 219
17034 487
17035 120
17036 159
17037 176
17038 113
17039 108
17040 114
17041 275
17042 137
17043 33
17044 239
17045 173
17046 361
17047 49
17048 279
17049 130
17050 424
17051 85
17052 183
17053 228
17054 92
17055 138
17056 195
17057 131
17058 23
17059 138
17060 125
17061 256
17062 176
17063 178
17064 73
17065 275
17066 243
17067 201
17068 126
17069 87
17070 201
17071 190
17072 152
17073 183
17074 218
17075 147
17076 69
17077 159
17078 254
17079 197
17080 272
17081 177
17082 53
17083 65
17084 208
17085 236
17086 130
17087 259
17088 111
17089 48
17090 204
17091 49
17092 246
17093 122
17094 162
17095 106
17096 62
17097 109
17098 96
17099 130
17100 156
17101 156
17102 125
17103 137
17104 242
17105 156
17106 273
17107 152
17108 112
17109 102
17110 158
17111 82
17112 99
17113 122
17114 248
17115 119
17116 122
17117 196
17118 125
17119 121
17120 286
17121 114
17122 163
17123 149
17124 94
17125 110
17126 143
17127 118
17128 459
17129 214
17130 101
17131 166
17132 154
17133 170
17134 271
17135 246
17136 69
17137 193
17138 399
17139 170
17140 99
17141 182
17142 164
17143 192
17144 104
17145 287
17146 144
17147 75
17148 183
17149 254
17150 138
17151 130
17152 136
17153 106
17154 125
17155 108
17156 228
17157 107
17158 88
17159 316
17160 112
17161 70
17162 126
17163 295
17164 137
17165 168
17166 35
17167 162
17168 76
17169 134
17170 135
17171 94
17172 312
17173 155
17174 93
17175 175
17176 215
17177 210
17178 82
17179 72
17180 170
17181 48
17182 118
17183 200
17184 114
17185 122
17186 76
17187 105
17188 137
17189 226
17190 83
17191 123
17192 186
17193 144
17194 162
17195 146
17196 98
17197 237
17198 329
17199 124
17200 54
17201 312
17202 172
17203 86
17204 81
17205 302
17206 135
17207 263
17208 59
17209 114
17210 72
17211 286
17212 24
17213 237
17214 153
17215 46
17216 204
17217 276
17218 129
17219 153
17220 278
17221 -8
17222 103
17223 231
17224 276
17225 57
17226 163
17227 127
17228 219
17229 150
17230 166
17231 185
17232 183
17233 102
17234 210
17235 244
17236 265
17237 101
17238 171
17239 97
17240 149
17241 207
17242 69
17243 194
17244 91
17245 49
17246 159
17247 130
17248 86
17249 204
17250 308
17251 138
17252 119
17253 117
17254 141
17255 65
17256 110
17257 181
17258 176
17259 131
17260 132
17261 225
17262 105
17263 162
17264 186
17265 422
17266 191
17267 131
17268 220
17269 137
17270 150
17271 89
17272 212
17273 94
17274 56
17275 139
17276 143
17277 198
17278 155
17279 51
17280 160
17281 227
17282 183
17283 184
17284 106
17285 130
17286 296
17287 131
17288 97
17289 191
17290 125
17291 134
17292 257
17293 136
17294 52
17295 124
17296 200
17297 240
17298 139
17299 110
17300 84
17301 117
17302 153
17303 140
17304 230
17305 116
17306 211
17307 210
17308 95
17309 131
17310 165
17311 152
17312 101
17313 99
17314 44
17315 154
17316 185
17317 117
17318 104
17319 171
17320 114
17321 252
17322 252
17323 130
17324 162
17325 111
17326 183
17327 95
17328 298
17329 249
17330 155
17331 128
17332 111
17333 93
17334 38
17335 83
17336 129
17337 139
17338 121
17339 21
17340 112
17341 98
17342 120
17343 211
17344 38
17345 195
17346 190
17347 137
17348 122
17349 163
17350 57
17351 72
17352 210
17353 88
17354 99
17355 112
17356 230
17357 130
17358 86
17359 84
17360 93
17361 104
17362 318
17363 127
17364 117
17365 87
17366 252
17367 133
17368 154
17369 137
17370 94
17371 138
17372 127
17373 112
17374 123
17375 98
17376 140
17377 210
17378 77
17379 108
17380 263
17381 82
17382 107
17383 188
17384 214
17385 112
17386 221
17387 142
17388 69
17389 107
17390 134
17391 64
17392 265
17393 220
17394 207
17395 199
17396 271
17397 236
17398 71
17399 169
17400 222
17401 249
17402 79
17403 168
17404 115
17405 136
17406 75
17407 133
17408 211
17409 69
17410 112
17411 112
17412 166
17413 226
17414 274
17415 106
17416 188
17417 129
17418 91
17419 71
17420 138
17421 162
17422 78
17423 222
17424 372
17425 155
17426 209
17427 63
17428 162
17429 137
17430 96
17431 144
17432 103
17433 206
17434 181
17435 183
17436 110
17437 189
17438 436
17439 182
17440 159
17441 269
17442 141
17443 190
17444 208
17445 125
17446 182
17447 99
17448 310
17449 90
17450 132
17451 163
17452 112
17453 89
17454 224
17455 99
17456 113
17457 181
17458 147
17459 149
17460 205
17461 104
17462 96
17463 106
17464 125
17465 113
17466 179
17467 97
17468 53
17469 216
17470 25
17471 161
17472 171
17473 202
17474 152
17475 199
17476 209
17477 42
17478 115
17479 202
17480 333
17481 431
17482 142
17483 22
17484 178
17485 71
17486 156
17487 74
17488 118
17489 155
17490 223
17491 250
17492 148
17493 95
17494 82
17495 102
17496 195
17497 229
17498 185
17499 208
17500 115
17501 99
17502 67
17503 80
17504 351
17505 283
17506 100
17507 83
17508 165
17509 113
17510 206
17511 147
17512 239
17513 146
17514 166
17515 186
17516 143
17517 88
17518 63
17519 201
17520 199
17521 161
17522 25
17523 66
17524 38
17525 84
17526 112
17527 199
17528 87
17529 123
17530 236
17531 137
17532 106
17533 154
17534 88
17535 155
17536 207
17537 30
17538 221
17539 180
17540 138
17541 209
17542 168
17543 208
17544 148
17545 143
17546 131
17547 206
17548 150
17549 135
17550 98
17551 139
17552 114
17553 337
17554 36
17555 168
17556 87
17557 116
17558 167
17559 155
17560 240
17561 177
17562 131
17563 243
17564 143
17565 202
17566 120
17567 41
17568 248
17569 140
17570 121
17571 104
17572 139
17573 166
17574 181
17575 144
17576 85
17577 191
17578 38
17579 146
17580 67
17581 139
17582 106
17583 182
17584 261
17585 181
17586 188
17587 144
17588 97
17589 202
17590 123
17591 75
17592 320
17593 365
17594 207
17595 192
17596 108
17597 207
17598 106
17599 84
17600 171
17601 169
17602 172
17603 169
17604 70
17605 68
17606 443
17607 167
17608 212
17609 136
17610 102
17611 57
17612 150
17613 183
17614 16
17615 117
17616 125
17617 71
17618 167
17619 218
17620 180
17621 208
17622 221
17623 118
17624 116
17625 231
17626 193
17627 111
17628 166
17629 52
17630 117
17631 194
17632 223
17633 143
17634 324
17635 131
17636 226
17637 82
17638 97
17639 73
17640 214
17641 183
17642 380
17643 151
17644 145
17645 123
17646 170
17647 190
17648 85
17649 125
17650 190
17651 184
17652 255
17653 257
17654 24
17655 186
17656 80
17657 262
17658 106
17659 109
17660 173
17661 108
17662 89
17663 155
17664 25
17665 246
17666 401
17667 203
17668 252
17669 170
17670 201
17671 164
17672 144
17673 109
17674 149
17675 65
17676 180
17677 98
17678 153
17679 170
17680 134
17681 95
17682 188
17683 196
17684 121
17685 89
17686 23
17687 160
17688 199
17689 183
17690 168
17691 311
17692 79
17693 136
17694 114
17695 122
17696 120
17697 244
17698 52
17699 151
17700 179
17701 63
17702 103
17703 105
17704 227
17705 200
17706 135
17707 50
17708 248
17709 105
17710 134
17711 188
17712 192
17713 154
17714 107
17715 101
17716 158
17717 59
17718 134
17719 139
17720 212
17721 234
17722 193
17723 145
17724 98
17725 144
17726 179
17727 214
17728 186
17729 137
17730 149
17731 117
17732 228
17733 106
17734 185
17735 33
17736 257
17737 77
17738 147
17739 148
17740 176
17741 103
17742 116
17743 138
17744 128
17745 173
17746 127
17747 228
17748 115
17749 151
17750 56
17751 239
17752 57
17753 103
17754 67
17755 52
17756 150
17757 61
17758 136
17759 232
17760 70
17761 261
17762 236
17763 301
17764 214
17765 189
17766 152
17767 99
17768 178
17769 108
17770 131
17771 86
17772 257
17773 282
17774 116
17775 138
17776 91
17777 155
17778 116
17779 229
17780 100
17781 215
17782 124
17783 154
17784 158
17785 170
17786 128
17787 71
17788 184
17789 190
17790 68
17791 151
17792 109
17793 168
17794 445
17795 131
17796 154
17797 44
17798 148
17799 183
17800 155
17801 75
17802 226
17803 136
17804 218
17805 233
17806 83
17807 195
17808 159
17809 170
17810 185
17811 119
17812 93
17813 62
17814 262
17815 125
17816 91
17817 261
17818 280
17819 354
17820 265
17821 139
17822 45
17823 76
17824 240
17825 231
17826 122
17827 295
17828 144
17829 188
17830 122
17831 149
17832 91
17833 244
17834 130
17835 114
17836 287
17837 218
17838 166
17839 67
17840 137
17841 95
17842 139
17843 58
17844 134
17845 137
17846 170
17847 70
17848 201
17849 174
17850 249
17851 153
17852 194
17853 175
17854 116
17855 222
17856 100
17857 407
17858 107
17859 202
17860 103
17861 187
17862 179
17863 143
17864 167
17865 279
17866 180
17867 110
17868 158
17869 170
17870 157
17871 184
17872 140
17873 129
17874 88
17875 208
17876 166
17877 135
17878 180
17879 186
17880 242
17881 354
17882 211
17883 183
17884 83
17885 139
17886 162
17887 96
17888 151
17889 142
17890 196
17891 263
17892 209
17893 132
17894 105
17895 137
17896 160
17897 198
17898 181
17899 72
17900 24
17901 -14
17902 186
17903 133
17904 187
17905 142
17906 269
17907 171
17908 119
17909 291
17910 127
17911 117
17912 113
17913 119
17914 207
17915 199
17916 292
17917 127
17918 166
17919 193
17920 150
17921 95
17922 160
17923 189
17924 76
17925 164
17926 320
17927 230
17928 61
17929 167
17930 131
17931 220
17932 223
17933 132
17934 251
17935 185
17936 95
17937 255
17938 166
17939 165
17940 244
17941 29
17942 140
17943 158
17944 194
17945 203
17946 161
17947 93
17948 79
17949 131
17950 178
17951 194
17952 226
17953 248
17954 109
17955 212
17956 73
17957 101
17958 75
17959 79
17960 211
17961 161
17962 181
17963 216
17964 178
17965 48
17966 172
17967 157
17968 111
17969 166
17970 164
17971 221
17972 200
17973 133
17974 95
17975 366
17976 134
17977 128
17978 139
17979 184
17980 267
17981 162
17982 82
17983 123
17984 213
17985 147
17986 64
17987 174
17988 199
17989 260
17990 249
17991 222
17992 158
17993 210
17994 154
17995 271
17996 172
17997 79
17998 138
17999 114
18000 168
18001 117
18002 266
18003 155
18004 189
18005 172
18006 224
18007 89
18008 151
18009 242
18010 123
18011 256
18012 111
18013 150
18014 75
18015 209
18016 142
18017 36
18018 116
18019 35
18020 28
18021 228
18022 141
18023 101
18024 193
18025 85
18026 205
18027 182
18028 121
18029 129
18030 143
18031 120
18032 144
18033 127
18034 180
18035 99
18036 135
18037 149
18038 86
18039 51
18040 230
18041 86
18042 112
18043 184
18044 167
18045 94
18046 204
18047 82
18048 187
18049 220
18050 170
18051 101
18052 243
18053 5
18054 212
18055 225
18056 177
18057 73
18058 127
18059 179
18060 96
18061 104
18062 116
18063 169
18064 143
18065 92
18066 181
18067 340
18068 205
18069 183
18070 136
18071 223
18072 164
18073 188
18074 88
18075 172
18076 168
18077 127
18078 61
18079 78
18080 159
18081 130
18082 114
18083 102
18084 159
18085 143
18086 318
18087 68
18088 216
18089 215
18090 109
18091 70
18092 129
18093 126
18094 162
18095 114
18096 54
18097 136
18098 55
18099 218
18100 274
18101 130
18102 53
18103 117
18104 132
18105 165
18106 159
18107 147
18108 212
18109 131
18110 83
18111 159
18112 140
18113 160
18114 262
18115 191
18116 58
18117 339
18118 188
18119 99
18120 80
18121 206
18122 194
18123 159
18124 114
18125 133
18126 240
18127 172
18128 159
18129 73
18130 133
18131 129
18132 76
18133 172
18134 137
18135 148
18136 114
18137 271
18138 155
18139 141
18140 162
18141 208
18142 134
18143 154
18144 167
18145 59
18146 325
18147 187
18148 217
18149 91
18150 125
18151 250
18152 149
18153 111
18154 327
18155 97
18156 226
18157 256
18158 118
18159 139
18160 234
18161 132
18162 181
18163 180
18164 182
18165 92
18166 148
18167 257
18168 185
18169 297
18170 87
18171 172
18172 122
18173 91
18174 387
18175 112
18176 160
18177 258
18178 261
18179 243
18180 167
18181 47
18182 126
18183 191
18184 130
18185 68
18186 180
18187 162
18188 153
18189 177
18190 181
18191 147
18192 127
18193 33
18194 61
18195 81
18196 75
18197 94
18198 110
18199 93
18200 217
18201 190
18202 81
18203 100
18204 137
18205 121
18206 179
18207 153
18208 164
18209 34
18210 90
18211 192
18212 104
18213 202
18214 176
18215 106
18216 216
18217 222
18218 179
18219 214
18220 246
18221 174
18222 190
18223 104
18224 267
18225 187
18226 120
18227 232
18228 105
18229 152
18230 209
18231 214
18232 171
18233 107
18234 94
18235 319
18236 165
18237 275
18238 209
18239 194
18240 135
18241 91
18242 173
18243 95
18244 212
18245 102
18246 268
18247 49
18248 254
18249 246
18250 159
18251 82
18252 174
18253 132
18254 100
18255 200
18256 166
18257 169
18258 74
18259 118
18260 199
18261 229
18262 145
18263 112
18264 7
18265 117
18266 94
18267 206
18268 201
18269 174
18270 133
18271 250
18272 231
18273 97
18274 193
18275 113
18276 93
18277 205
18278 31
18279 131
18280 90
18281 157
18282 279
18283 189
18284 197
18285 158
18286 217
18287 226
18288 100
18289 244
18290 150
18291 167
18292 129
18293 127
18294 125
18295 112
18296 151
18297 29
18298 140
18299 164
18300 110
18301 113
18302 90
18303 194
18304 34
18305 80
18306 151
18307 168
18308 111
18309 165
18310 117
18311 123
18312 180
18313 148
18314 222
18315 280
18316 123
18317 136
18318 159
18319 202
18320 84
18321 195
18322 414
18323 173
18324 125
18325 157
18326 253
18327 80
18328 327
18329 187
18330 221
18331 103
18332 132
18333 194
18334 90
18335 199
18336 95
18337 138
18338 226
18339 8
18340 165
18341 282
18342 193
18343 145
18344 100
18345 56
18346 183
18347 141
18348 142
18349 131
18350 134
18351 163
18352 246
18353 145
18354 141
18355 98
18356 154
18357 146
18358 291
18359 210
18360 336
18361 149
18362 149
18363 151
18364 33
18365 158
18366 61
18367 155
18368 163
18369 187
18370 195
18371 90
18372 112
18373 117
18374 287
18375 202
18376 186
18377 187
18378 192
18379 237
18380 119
18381 145
18382 200
18383 178
18384 232
18385 217
18386 89
18387 139
18388 47
18389 156
18390 45
18391 98
18392 15
18393 179
18394 219
18395 35
18396 138
18397 108
18398 227
18399 282
18400 210
18401 248
18402 125
18403 322
18404 192
18405 79
18406 93
18407 151
18408 215
18409 138
18410 78
18411 163
18412 133
18413 199
18414 134
18415 207
18416 163
18417 164
18418 98
18419 93
18420 139
18421 140
18422 285
18423 86
18424 157
18425 125
18426 103
18427 185
18428 114
18429 65
18430 155
18431 191
18432 208
18433 78
18434 84
18435 170
18436 284
18437 189
18438 156
18439 161
18440 49
18441 179
18442 62
18443 164
18444 98
18445 277
18446 50
18447 202
18448 145
18449 50
18450 163
18451 91
18452 85
18453 90
18454 115
18455 298
18456 66
18457 183
18458 127
18459 57
18460 195
18461 429
18462 136
18463 175
18464 97
18465 154
18466 148
18467 109
18468 105
18469 230
18470 113
18471 101
18472 175
18473 143
18474 175
18475 131
18476 134
18477 114
18478 69
18479 130
18480 96
18481 292
18482 38
18483 108
18484 133
18485 188
18486 122
18487 128
18488 233
18489 134
18490 154
18491 217
18492 73
18493 380
18494 132
18495 170
18496 119
18497 161
18498 173
18499 144
18500 70
18501 388
18502 46
18503 124
18504 125
18505 331
18506 211
18507 144
18508 30
18509 128
18510 148
18511 75
18512 84
18513 171
18514 96
18515 209
18516 128
18517 184
18518 94
18519 137
18520 48
18521 332
18522 163
18523 250
18524 263
18525 105
18526 196
18527 122
18528 147
18529 97
18530 152
18531 140
18532 200
18533 243
18534 92
18535 158
18536 177
18537 70
18538 174
18539 372
18540 66
18541 112
18542 120
18543 12
18544 173
18545 195
18546 89
18547 159
18548 113
18549 68
18550 58
18551 155
18552 356
18553 137
18554 222
18555 185
18556 132
18557 102
18558 76
18559 105
18560 148
18561 117
18562 290
18563 286
18564 126
18565 155
18566 296
18567 109
18568 209
18569 316
18570 187
18571 130
18572 29
18573 124
18574 105
18575 74
18576 46
18577 48
18578 116
18579 270
18580 152
18581 156
18582 240
18583 199
18584 135
18585 5
18586 107
18587 231
18588 193
18589 164
18590 283
18591 162
18592 123
18593 100
18594 129
18595 47
18596 162
18597 150
18598 247
18599 150
18600 107
18601 208
18602 177
18603 103
18604 314
18605 148
18606 173
18607 64
18608 141
18609 198
18610 219
18611 203
18612 166
18613 75
18614 168
18615 71
18616 149
18617 128
18618 297
18619 33
18620 168
18621 109
18622 6
18623 45
18624 146
18625 100
18626 120
18627 133
18628 213
18629 244
18630 147
18631 121
18632 126
18633 98
18634 148
18635 179
18636 88
18637 181
18638 74
18639 176
18640 139
18641 36
18642 48
18643 84
18644 187
18645 108
18646 74
18647 94
18648 267
18649 173
18650 163
18651 -7
18652 69
18653 40
18654 156
18655 153
18656 136
18657 26
18658 86
18659 129
18660 80
18661 245
18662 182
18663 27
18664 133
18665 94
18666 54
18667 149
18668 171
18669 160
18670 139
18671 104
18672 110
18673 127
18674 122
18675 108
18676 75
18677 266
18678 299
18679 85
18680 181
18681 109
18682 301
18683 127
18684 158
18685 163
18686 128
18687 261
18688 147
18689 181
18690 74
18691 215
18692 127
18693 106
18694 125
18695 148
18696 197
18697 84
18698 78
18699 254
18700 87
18701 85
18702 125
18703 165
18704 69
18705 115
18706 83
18707 67
18708 107
18709 221
18710 144
18711 147
18712 126
18713 123
18714 186
18715 119
18716 34
18717 113
18718 174
18719 119
18720 95
18721 140
18722 129
18723 130
18724 104
18725 170
18726 119
18727 26
18728 85
18729 140
18730 89
18731 45
18732 264
18733 182
18734 105
18735 185
18736 236
18737 60
18738 157
18739 186
18740 21
18741 87
18742 189
18743 93
18744 211
18745 149
18746 88
18747 90
18748 63
18749 128
18750 135
18751 99
18752 73
18753 294
18754 230
18755 381
18756 76
18757 238
18758 385
18759 136
18760 69
18761 143
18762 99
18763 40
18764 78
18765 324
18766 235
18767 127
18768 121
18769 224
18770 139
18771 305
18772 160
18773 199
18774 126
18775 241
18776 138
18777 79
18778 183
18779 73
18780 188
18781 247
18782 150
18783 138
18784 198
18785 182
18786 169
18787 78
18788 217
18789 345
18790 176
18791 135
18792 168
18793 216
18794 89
18795 41
18796 131
18797 273
18798 96
18799 176
18800 53
18801 215
18802 237
18803 258
18804 160
18805 233
18806 135
18807 231
18808 230
18809 36
18810 86
18811 208
18812 171
18813 204
18814 244
18815 197
18816 159
18817 190
18818 211
18819 174
18820 128
18821 96
18822 170
18823 43
18824 33
18825 192
18826 37
18827 159
18828 67
18829 75
18830 186
18831 148
18832 112
18833 354
18834 73
18835 145
18836 143
18837 63
18838 104
18839 218
18840 277
18841 110
18842 212
18843 217
18844 133
18845 125
18846 171
18847 215
18848 214
18849 143
18850 105
18851 103
18852 296
18853 191
18854 140
18855 141
18856 126
18857 105
18858 122
18859 111
18860 184
18861 201
18862 90
18863 116
18864 119
18865 132
18866 120
18867 123
18868 208
18869 257
18870 121
18871 155
18872 350
18873 92
18874 169
18875 107
18876 308
18877 90
18878 153
18879 453
18880 72
18881 118
18882 130
18883 275
18884 151
18885 102
18886 178
18887 84
18888 206
18889 141
18890 77
18891 158
18892 102
18893 154
18894 93
18895 232
18896 175
18897 313
18898 143
18899 111
18900 150
18901 107
18902 192
18903 182
18904 481
18905 79
18906 134
18907 195
18908 111
18909 126
18910 140
18911 54
18912 55
18913 179
18914 233
18915 206
18916 19
18917 139
18918 81
18919 303
18920 102
18921 197
18922 98
18923 133
18924 238
18925 198
18926 151
18927 196
18928 127
18929 154
18930 150
18931 116
18932 166
18933 150
18934 130
18935 96
18936 155
18937 73
18938 85
18939 141
18940 95
18941 79
18942 241
18943 60
18944 141
18945 270
18946 202
18947 151
18948 199
18949 153
18950 142
18951 165
18952 221
18953 60
18954 177
18955 118
18956 110
18957 173
18958 99
18959 118
18960 96
18961 122
18962 113
18963 156
18964 77
18965 229
18966 56
18967 122
18968 207
18969 103
18970 105
18971 182
18972 65
18973 102
18974 226
18975 227
18976 240
18977 115
18978 118
18979 141
18980 76
18981 123
18982 205
18983 189
18984 213
18985 152
18986 113
18987 159
18988 159
18989 84
18990 227
18991 187
18992 151
18993 175
18994 127
18995 248
18996 126
18997 199
18998 113
18999 227
19000 210
19001 49
19002 129
19003 206
19004 163
19005 169
19006 137
19007 277
19008 179
19009 136
19010 118
19011 289
19012 102
19013 176
19014 239
19015 135
19016 236
19017 343
19018 71
19019 219
19020 83
19021 247
19022 229
19023 118
19024 226
19025 187
19026 219
19027 159
19028 166
19029 87
19030 156
19031 94
19032 127
19033 134
19034 172
19035 237
19036 226
19037 74
19038 97
19039 141
19040 80
19041 326
19042 91
19043 159
19044 235
19045 182
19046 172
19047 176
19048 175
19049 185
19050 39
19051 73
19052 133
19053 218
19054 82
19055 143
19056 92
19057 121
19058 126
19059 47
19060 23
19061 156
19062 212
19063 105
19064 196
19065 113
19066 126
19067 194
19068 182
19069 163
19070 227
19071 182
19072 113
19073 229
19074 125
19075 193
19076 160
19077 201
19078 256
19079 269
19080 155
19081 156
19082 173
19083 183
19084 173
19085 166
19086 102
19087 203
19088 103
19089 69
19090 216
19091 273
19092 199
19093 93
19094 133
19095 205
19096 16
19097 135
19098 270
19099 161
19100 149
19101 193
19102 90
19103 165
19104 90
19105 139
19106 120
19107 417
19108 118
19109 113
19110 178
19111 47
19112 416
19113 286
19114 202
19115 240
19116 274
19117 155
19118 117
19119 131
19120 155
19121 96
19122 114
19123 205
19124 95
19125 100
19126 109
19127 259
19128 189
19129 143
19130 207
19131 127
19132 232
19133 133
19134 37
19135 191
19136 54
19137 272
19138 126
19139 132
19140 135
19141 91
19142 66
19143 291
19144 260
19145 121
19146 132
19147 59
19148 128
19149 190
19150 75
19151 130
19152 108
19153 63
19154 198
19155 188
19156 127
19157 21
19158 37
19159 67
19160 123
19161 74
19162 123
19163 94
19164 90
19165 155
19166 55
19167 178
19168 80
19169 132
19170 140
19171 84
19172 53
19173 129
19174 130
19175 79
19176 184
19177 141
19178 119
19179 142
19180 138
19181 127
19182 169
19183 152
19184 281
19185 214
19186 128
19187 176
19188 67
19189 61
19190 290
19191 103
19192 123
19193 239
19194 212
19195 75
19196 80
19197 198
19198 447
19199 158
19200 86
19201 111
19202 88
19203 224
19204 115
19205 189
19206 87
19207 275
19208 104
19209 128
19210 155
19211 89
19212 186
19213 52
19214 191
19215 152
19216 65
19217 148
19218 6
19219 144
19220 175
19221 207
19222 129
19223 191
19224 91
19225 90
19226 144
19227 81
19228 134
19229 179
19230 48
19231 62
19232 120
19233 317
19234 82
19235 283
19236 41
19237 153
19238 189
19239 229
19240 162
19241 175
19242 123
19243 76
19244 132
19245 242
19246 152
19247 143
19248 307
19249 116
19250 104
19251 184
19252 217
19253 123
19254 170
19255 117
19256 137
19257 231
19258 190
19259 315
19260 82
19261 155
19262 28
19263 94
19264 186
19265 95
19266 344
19267 176
19268 151
19269 87
19270 115
19271 109
19272 243
19273 131
19274 449
19275 144
19276 142
19277 169
19278 72
19279 33
19280 127
19281 127
19282 106
19283 118
19284 67
19285 65
19286 183
19287 124
19288 116
19289 155
19290 97
19291 31
19292 102
19293 111
19294 90
19295 222
19296 80
19297 101
19298 10
19299 166
19300 152
19301 107
19302 125
19303 113
19304 260
19305 121
19306 53
19307 199
19308 82
19309 224
19310 63
19311 -13
19312 112
19313 187
19314 158
19315 119
19316 180
19317 35
19318 166
19319 179
19320 130
19321 40
19322 154
19323 151
19324 125
19325 362
19326 274
19327 132
19328 102
19329 125
19330 172
19331 100
19332 238
19333 216
19334 255
19335 130
19336 173
19337 23
19338 14
19339 55
19340 125
19341 232
19342 206
19343 68
19344 126
19345 164
19346 77
19347 145
19348 192
19349 99
19350 153
19351 235
19352 78
19353 90
19354 121
19355 85
19356 199
19357 112
19358 96
19359 175
19360 409
19361 256
19362 248
19363 157
19364 134
19365 204
19366 48
19367 153
19368 223
19369 67
19370 226
19371 192
19372 195
19373 128
19374 91
19375 283
19376 145
19377 141
19378 157
19379 177
19380 119
19381 152
19382 271
19383 180
19384 116
19385 156
19386 155
19387 104
19388 185
19389 102
19390 62
19391 74
19392 154
19393 215
19394 229
19395 132
19396 151
19397 52
19398 62
19399 141
19400 204
19401 87
19402 142
19403 145
19404 60
19405 128
19406 165
19407 146
19408 65
19409 130
19410 202
19411 243
19412 297
19413 62
19414 209
19415 273
19416 -14
19417 194
19418 222
19419 216
19420 321
19421 111
19422 55
19423 222
19424 159
19425 142
19426 192
19427 126
19428 190
19429 190
19430 137
19431 119
19432 118
19433 123
19434 257
19435 151
19436 159
19437 26
19438 138
19439 124
19440 193
19441 114
19442 139
19443 138
19444 130
19445 112
19446 214
19447 73
19448 418
19449 143
19450 135
19451 176
19452 62
19453 225
19454 142
19455 222
19456 125
19457 195
19458 29
19459 85
19460 39
19461 34
19462 147
19463 113
19464 228
19465 137
19466 141
19467 150
19468 148
19469 145
19470 225
19471 149
19472 139
19473 122
19474 400
19475 114
19476 144
19477 174
19478 -9
19479 97
19480 110
19481 79
19482 125
19483 85
19484 64
19485 224
19486 95
19487 252
19488 95
19489 164
19490 119
19491 157
19492 206
19493 103
19494 109
19495 159
19496 145
19497 129
19498 50
19499 88
19500 286
19501 114
19502 143
19503 45
19504 81
19505 190
19506 152
19507 185
19508 100
19509 117
19510 128
19511 268
19512 253
19513 180
19514 107
19515 158
19516 74
19517 149
19518 184
19519 122
19520 157
19521 90
19522 85
19523 161
19524 111
19525 154
19526 185
19527 270
19528 87
19529 168
19530 171
19531 171
19532 93
19533 116
19534 131
19535 211
19536 132
19537 216
19538 199
19539 109
19540 245
19541 63
19542 120
19543 138
19544 135
19545 108
19546 198
19547 138
19548 233
19549 161
19550 131
19551 194
19552 251
19553 128
19554 101
19555 255
19556 121
19557 86
19558 179
19559 218
19560 156
19561 226
19562 72
19563 142
19564 61
19565 81
19566 97
19567 226
19568 186
19569 91
19570 149
19571 96
19572 167
19573 213
19574 98
19575 215
19576 304
19577 255
19578 277
19579 110
19580 75
19581 88
19582 223
19583 29
19584 66
19585 248
19586 126
19587 97
19588 84
19589 215
19590 171
19591 137
19592 121
19593 184
19594 44
19595 255
19596 187
19597 154
19598 130
19599 36
19600 312
19601 194
19602 139
19603 169
19604 122
19605 131
19606 170
19607 41
19608 107
19609 190
19610 233
19611 128
19612 160
19613 229
19614 263
19615 143
19616 290
19617 78
19618 127
19619 153
19620 151
19621 121
19622 150
19623 148
19624 60
19625 208
19626 186
19627 86
19628 188
19629 143
19630 148
19631 259
19632 96
19633 265
19634 122
19635 110
19636 266
19637 138
19638 148
19639 217
19640 54
19641 119
19642 143
19643 374
19644 107
19645 263
19646 162
19647 292
19648 101
19649 95
19650 169
19651 149
19652 341
19653 159
19654 154
19655 89
19656 148
19657 126
19658 36
19659 107
19660 111
19661 92
19662 89
19663 149
19664 147
19665 95
19666 193
19667 106
19668 72
19669 263
19670 111
19671 34
19672 100
19673 108
19674 94
19675 188
19676 119
19677 109
19678 77
19679 107
19680 250
19681 187
19682 98
19683 147
19684 167
19685 154
19686 151
19687 239
19688 197
19689 213
19690 121
19691 157
19692 187
19693 157
19694 76
19695 23
19696 95
19697 127
19698 251
19699 177
19700 159
19701 260
19702 140
19703 187
19704 172
19705 137
19706 124
19707 163
19708 61
19709 176
19710 190
19711 232
19712 134
19713 60
19714 137
19715 224
19716 343
19717 246
19718 99
19719 189
19720 158
19721 250
19722 77
19723 183
19724 263
19725 61
19726 244
19727 84
19728 107
19729 113
19730 59
19731 92
19732 84
19733 236
19734 196
19735 41
19736 177
19737 99
19738 145
19739 125
19740 148
19741 183
19742 209
19743 129
19744 267
19745 186
19746 102
19747 220
19748 246
19749 166
19750 156
19751 117
19752 160
19753 162
19754 259
19755 105
19756 180
19757 129
19758 258
19759 166
19760 410
19761 144
19762 414
19763 94
19764 233
19765 124
19766 37
19767 272
19768 194
19769 -3
19770 135
19771 137
19772 201
19773 100
19774 99
19775 189
19776 208
19777 51
19778 138
19779 122
19780 171
19781 115
19782 229
19783 135
19784 151
19785 103
19786 131
19787 112
19788 130
19789 131
19790 182
19791 114
19792 131
19793 188
19794 106
19795 40
19796 97
19797 108
19798 68
19799 105
19800 118
19801 72
19802 101
19803 33
19804 190
19805 49
19806 139
19807 131
19808 107
19809 73
19810 163
19811 225
19812 102
19813 132
19814 77
19815 183
19816 198
19817 166
19818 196
19819 169
19820 312
19821 163
19822 217
19823 133
19824 137
19825 109
19826 49
19827 112
19828 288
19829 283
19830 202
19831 200
19832 212
19833 124
19834 184
19835 33
19836 88
19837 194
19838 293
19839 281
19840 131
19841 369
19842 145
19843 76
19844 79
19845 80
19846 131
19847 105
19848 159
19849 157
19850 154
19851 137
19852 145
19853 59
19854 148
19855 96
19856 97
19857 233
19858 159
19859 113
19860 172
19861 132
19862 80
19863 60
19864 140
19865 213
19866 172
19867 58
19868 125
19869 214
19870 135
19871 89
19872 84
19873 75
19874 123
19875 238
19876 40
19877 169
19878 123
19879 207
19880 117
19881 136
19882 303
19883 205
19884 252
19885 124
19886 155
19887 130
19888 127
19889 72
19890 138
19891 118
19892 116
19893 223
19894 156
19895 67
19896 333
19897 170
19898 114
19899 87
19900 142
19901 76
19902 161
19903 256
19904 248
19905 182
19906 84
19907 193
19908 107
19909 231
19910 41
19911 104
19912 173
19913 286
19914 200
19915 54
19916 166
19917 79
19918 246
19919 191
19920 158
19921 89
19922 150
19923 138
19924 258
19925 267
19926 129
19927 238
19928 78
19929 133
19930 49
19931 213
19932 119
19933 251
19934 144
19935 147
19936 193
19937 102
19938 176
19939 120
19940 150
19941 188
19942 86
19943 70
19944 245
19945 137
19946 147
19947 113
19948 341
19949 109
19950 92
19951 255
19952 297
19953 87
19954 166
19955 139
19956 199
19957 151
19958 115
19959 233
19960 246
19961 121
19962 89
19963 138
19964 191
19965 82
19966 214
19967 174
19968 69
19969 135
19970 100
19971 132
19972 62
19973 102
19974 164
19975 146
19976 120
19977 53
19978 266
19979 113
19980 134
19981 163
19982 112
19983 73
19984 196
19985 111
19986 215
19987 170
19988 151
19989 63
19990 96
19991 227
19992 178
19993 109
19994 145
19995 91
19996 138
19997 286
19998 132
19999 96
20000 89
20001 199
20002 119
20003 135
20004 158
20005 121
20006 104
20007 30
20008 12
20009 139
20010 65
20011 156
20012 306
20013 106
20014 135
20015 156
20016 77
20017 157
20018 137
20019 171
20020 181
20021 146
20022 133
20023 153
20024 65
20025 99
20026 55
20027 232
20028 176
20029 174
20030 260
20031 150
20032 83
20033 141
20034 45
20035 112
20036 137
20037 219
20038 118
20039 257
20040 219
20041 99
20042 250
20043 171
20044 38
20045 20
20046 81
20047 244
20048 176
20049 150
20050 66
20051 121
20052 126
20053 69
20054 58
20055 154
20056 344
20057 140
20058 95
20059 62
20060 329
20061 118
20062 151
20063 162
20064 124
20065 194
20066 134
20067 198
20068 228
20069 108
20070 96
20071 147
20072 172
20073 198
20074 156
20075 131
20076 130
20077 74
20078 102
20079 154
20080 103
20081 253
20082 123
20083 174
20084 111
20085 89
20086 70
20087 52
20088 56
20089 88
20090 139
20091 264
20092 23
20093 140
20094 114
20095 128
20096 143
20097 185
20098 199
20099 129
20100 139
20101 158
20102 159
20103 135
20104 192
20105 256
20106 71
20107 88
20108 132
20109 107
20110 188
20111 204
20112 128
20113 175
20114 155
20115 -18
20116 234
20117 12
20118 215
20119 261
20120 152
20121 193
20122 218
20123 322
20124 60
20125 129
20126 69
20127 29
20128 94
20129 91
20130 150
20131 111
20132 105
20133 210
20134 94
20135 130
20136 140
20137 106
20138 155
20139 95
20140 207
20141 125
20142 364
20143 202
20144 125
20145 190
20146 58
20147 140
20148 156
20149 204
20150 272
20151 139
20152 46
20153 111
20154 193
20155 117
20156 252
20157 193
20158 268
20159 116
20160 149
20161 171
20162 153
20163 95
20164 94
20165 265
20166 228
20167 266
20168 186
20169 90
20170 203
20171 164
20172 106
20173 76
20174 89
20175 167
20176 106
20177 22
20178 152
20179 115
20180 76
20181 96
20182 152
20183 140
20184 120
20185 130
20186 87
20187 103
20188 86
20189 42
20190 255
20191 145
20192 131
20193 75
20194 125
20195 138
20196 193
20197 61
20198 405
20199 102
20200 122
20201 102
20202 100
20203 108
20204 126
20205 223
20206 193
20207 103
20208 212
20209 153
20210 185
20211 159
20212 106
20213 177
20214 38
20215 116
20216 100
20217 165
20218 159
20219 217
20220 182
20221 144
20222 265
20223 86
20224 124
20225 110
20226 109
20227 79
20228 128
20229 105
20230 209
20231 126
20232 47
20233 117
20234 198
20235 140
20236 64
20237 80
20238 218
20239 105
20240 209
20241 148
20242 68
20243 215
20244 317
20245 273
20246 202
20247 131
20248 54
20249 175
20250 199
20251 184
20252 278
20253 38
20254 153
20255 180
20256 72
20257 212
20258 63
20259 278
20260 30
20261 236
20262 212
20263 112
20264 206
20265 110
20266 184
20267 232
20268 134
20269 72
20270 88
20271 177
20272 205
20273 139
20274 156
20275 172
20276 154
20277 191
20278 182
20279 47
20280 106
20281 227
20282 308
20283 146
20284 93
20285 132
20286 114
20287 193
20288 343
20289 140
20290 202
20291 135
20292 294
20293 160
20294 242
20295 61
20296 148
20297 164
20298 155
20299 173
20300 191
20301 217
20302 89
20303 138
20304 192
20305 113
20306 71
20307 107
20308 39
20309 169
20310 86
20311 153
20312 143
20313 154
20314 168
20315 101
20316 169
20317 113
20318 152
20319 166
20320 180
20321 87
20322 66
20323 213
20324 119
20325 4
20326 192
20327 164
20328 177
20329 106
20330 160
20331 118
20332 39
20333 140
20334 100
20335 120
20336 136
20337 116
20338 160
20339 204
20340 131
20341 154
20342 210
20343 58
20344 6
20345 56
20346 164
20347 247
20348 124
20349 173
20350 22
20351 135
20352 140
20353 294
20354 137
20355 269
20356 174
20357 164
20358 208
20359 232
20360 71
20361 165
20362 224
20363 49
20364 150
20365 104
20366 147
20367 122
20368 101
20369 156
20370 133
20371 126
20372 196
20373 129
20374 25
20375 64
20376 109
20377 159
20378 114
20379 106
20380 177
20381 84
20382 134
20383 350
20384 180
20385 212
20386 117
20387 57
20388 118
20389 110
20390 141
20391 12
20392 123
20393 172
20394 208
20395 121
20396 146
20397 97
20398 267
20399 182
20400 197
20401 204
20402 82
20403 254
20404 247
20405 179
20406 133
20407 242
20408 174
20409 143
20410 115
20411 318
20412 57
20413 192
20414 33
20415 72
20416 105
20417 320
20418 108
20419 190
20420 160
20421 171
20422 118
20423 235
20424 115
20425 164
20426 294
20427 50
20428 162
20429 115
20430 255
20431 16
20432 187
20433 308
20434 75
20435 78
20436 112
20437 151
20438 369
20439 178
20440 155
20441 222
20442 172
20443 81
20444 187
20445 407
20446 119
20447 146
20448 152
20449 223
20450 159
20451 157
20452 106
20453 102
20454 155
20455 267
20456 267
20457 260
20458 191
20459 110
20460 117
20461 146
20462 48
20463 208
20464 87
20465 375
20466 146
20467 104
20468 342
20469 55
20470 130
20471 74
20472 172
20473 162
20474 493
20475 21
20476 197
20477 195
20478 174
20479 228
20480 59
20481 207
20482 120
20483 245
20484 268
20485 56
20486 166
20487 166
20488 137
20489 126
20490 194
20491 61
20492 167
20493 325
20494 100
20495 145
20496 226
20497 173
20498 207
20499 114
20500 269
20501 207
20502 89
20503 115
20504 76
20505 118
20506 69
20507 173
20508 105
20509 151
20510 99
20511 84
20512 299
20513 173
20514 134
20515 152
20516 108
20517 194
20518 132
20519 179
20520 116
20521 214
20522 19
20523 206
20524 124
20525 416
20526 150
20527 178
20528 135
20529 127
20530 208
20531 140
20532 44
20533 125
20534 184
20535 163
20536 264
20537 110
20538 87
20539 281
20540 104
20541 99
20542 140
20543 93
20544 149
20545 154
20546 180
20547 420
20548 59
20549 201
20550 217
20551 201
20552 49
20553 128
20554 200
20555 31
20556 161
20557 22
20558 122
20559 136
20560 123
20561 186
20562 152
20563 139
20564 133
20565 202
20566 175
20567 118
20568 181
20569 177
20570 127
20571 163
20572 266
20573 103
20574 204
20575 113
20576 99
20577 205
20578 35
20579 194
20580 156
20581 259
20582 80
20583 207
20584 90
20585 294
20586 222
20587 66
20588 90
20589 76
20590 118
20591 148
20592 245
20593 67
20594 192
20595 130
20596 127
20597 41
20598 150
20599 109
20600 72
20601 235
20602 106
20603 95
20604 48
20605 146
20606 78
20607 45
20608 21
20609 148
20610 93
20611 160
20612 294
20613 198
20614 175
20615 166
20616 155
20617 94
20618 36
20619 164
20620 101
20621 147
20622 114
20623 85
20624 247
20625 392
20626 141
20627 338
20628 197
20629 111
20630 220
20631 147
20632 80
20633 79
20634 132
20635 102
20636 101
20637 135
20638 113
20639 73
20640 150
20641 162
20642 187
20643 124
20644 57
20645 102
20646 113
20647 177
20648 125
20649 203
20650 142
20651 151
20652 123
20653 137
20654 124
20655 161
20656 354
20657 214
20658 80
20659 310
20660 182
20661 142
20662 124
20663 138
20664 135
20665 72
20666 251
20667 136
20668 78
20669 216
20670 181
20671 187
20672 216
20673 84
20674 154
20675 158
20676 189
20677 77
20678 99
20679 231
20680 289
20681 142
20682 126
20683 185
20684 193
20685 97
20686 139
20687 122
20688 111
20689 256
20690 166
20691 105
20692 54
20693 76
20694 172
20695 191
20696 94
20697 76
20698 147
20699 482
20700 57
20701 83
20702 112
20703 344
20704 254
20705 96
20706 81
20707 174
20708 129
20709 168
20710 97
20711 164
20712 196
20713 110
20714 119
20715 163
20716 136
20717 125
20718 81
20719 144
20720 56
20721 148
20722 123
20723 65
20724 153
20725 167
20726 37
20727 125
20728 183
20729 162
20730 103
20731 187
20732 174
20733 186
20734 39
20735 76
20736 293
20737 198
20738 131
20739 188
20740 122
20741 149
20742 186
20743 150
20744 121
20745 179
20746 79
20747 227
20748 167
20749 194
20750 283
20751 177
20752 189
20753 138
20754 112
20755 195
20756 137
20757 143
20758 308
20759 83
20760 100
20761 107
20762 128
20763 122
20764 84
20765 155
20766 71
20767 168
20768 133
20769 236
20770 37
20771 295
20772 173
20773 41
20774 195
20775 173
20776 160
20777 172
20778 150
20779 127
20780 83
20781 103
20782 272
20783 18
20784 154
20785 187
20786 279
20787 158
20788 294
20789 130
20790 164
20791 120
20792 265
20793 113
20794 167
20795 95
20796 322
20797 142
20798 73
20799 125
20800 59
20801 95
20802 147
20803 193
20804 102
20805 156
20806 172
20807 165
20808 244
20809 170
20810 239
20811 162
20812 21
20813 73
20814 41
20815 127
20816 86
20817 109
20818 254
20819 111
20820 83
20821 234
20822 112
20823 84
20824 29
20825 160
20826 140
20827 52
20828 170
20829 211
20830 71
20831 82
20832 187
20833 50
20834 36
20835 104
20836 128
20837 54
20838 262
20839 192
20840 71
20841 221
20842 251
20843 174
20844 161
20845 92
20846 142
20847 101
20848 159
20849 96
20850 164
20851 87
20852 104
20853 108
20854 51
20855 237
20856 78
20857 174
20858 169
20859 124
20860 92
20861 158
20862 139
20863 159
20864 94
20865 127
20866 74
20867 136
20868 207
20869 132
20870 218
20871 9
20872 72
20873 100
20874 32
20875 237
20876 134
20877 399
20878 114
20879 32
20880 253
20881 267
20882 144
20883 152
20884 160
20885 128
20886 209
20887 154
20888 301
20889 43
20890 319
20891 115
20892 127
20893 422
20894 76
20895 168
20896 129
20897 110
20898 350
20899 115
20900 135
20901 102
20902 49
20903 144
20904 68
20905 383
20906 130
20907 123
20908 268
20909 112
20910 124
20911 159
20912 158
20913 181
20914 149
20915 136
20916 115
20917 69
20918 97
20919 145
20920 162
20921 96
20922 295
20923 272
20924 259
20925 186
20926 217
20927 159
20928 218
20929 122
20930 131
20931 193
20932 205
20933 217
20934 163
20935 70
20936 85
20937 104
20938 131
20939 159
20940 42
20941 109
20942 132
20943 235
20944 38
20945 92
20946 274
20947 284
20948 148
20949 351
20950 212
20951 311
20952 142
20953 226
20954 169
20955 77
20956 166
20957 79
20958 72
20959 119
20960 85
20961 280
20962 245
20963 141
20964 60
20965 116
20966 202
20967 365
20968 163
20969 41
20970 116
20971 125
20972 216
20973 174
20974 524
20975 59
20976 210
20977 180
20978 94
20979 174
20980 101
20981 124
20982 89
20983 72
20984 169
20985 137
20986 98
20987 107
20988 38
20989 68
20990 136
20991 134
20992 209
20993 215
20994 163
20995 117
20996 102
20997 130
20998 110
20999 114
21000 49
21001 129
21002 130
21003 157
21004 113
21005 126
21006 161
21007 127
21008 98
21009 169
21010 132
21011 86
21012 170
21013 42
21014 138
21015 144
21016 153
21017 117
21018 200
21019 168
21020 152
21021 76
21022 100
21023 216
21024 84
21025 140
21026 45
21027 114
21028 99
21029 225
21030 202
21031 131
21032 119
21033 52
21034 138
21035 398
21036 155
21037 104
21038 124
21039 198
21040 142
21041 99
21042 270
21043 108
21044 55
21045 124
21046 170
21047 85
21048 123
21049 157
21050 172
21051 201
21052 200
21053 131
21054 233
21055 142
21056 217
21057 81
21058 134
21059 305
21060 182
21061 147
21062 85
21063 193
21064 81
21065 202
21066 153
21067 167
21068 129
21069 187
21070 93
21071 41
21072 199
21073 49
21074 118
21075 157
21076 305
21077 191
21078 87
21079 12
21080 149
21081 119
21082 47
21083 115
21084 172
21085 213
21086 129
21087 150
21088 167
21089 321
21090 79
21091 126
21092 220
21093 161
21094 113
21095 127
21096 167
21097 115
21098 188
21099 85
21100 161
21101 109
21102 29
21103 134
21104 72
21105 175
21106 107
21107 85
21108 89
21109 74
21110 174
21111 190
21112 142
21113 146
21114 154
21115 60
21116 120
21117 213
21118 175
21119 143
21120 118
21121 269
21122 79
21123 92
21124 157
21125 134
21126 92
21127 119
21128 155
21129 69
21130 199
21131 101
21132 179
21133 245
21134 140
21135 91
21136 236
21137 243
21138 253
21139 112
21140 104
21141 226
21142 124
21143 63
21144 141
21145 91
21146 176
21147 256
21148 103
21149 122
21150 122
21151 205
21152 132
21153 217
21154 178
21155 142
21156 75
21157 189
21158 93
21159 86
21160 62
21161 90
21162 191
21163 329
21164 104
21165 180
21166 5
21167 128
21168 66
21169 141
21170 108
21171 194
21172 64
21173 223
21174 59
21175 99
21176 101
21177 123
21178 180
21179 121
21180 194
21181 29
21182 144
21183 232
21184 169
21185 194
21186 72
21187 4
21188 193
21189 182
21190 213
21191 210
21192 120
21193 347
21194 143
21195 186
21196 166
21197 127
21198 102
21199 103
21200 267
21201 77
21202 209
21203 105
21204 228
21205 72
21206 56
21207 156
21208 157
21209 99
21210 243
21211 129
21212 127
21213 95
21214 155
21215 193
21216 130
21217 152
21218 104
21219 205
21220 184
21221 168
21222 47
21223 118
21224 242
21225 79
21226 163
21227 106
21228 264
21229 82
21230 167
21231 141
21232 88
21233 122
21234 65
21235 175
21236 84
21237 143
21238 128
21239 182
21240 136
21241 85
21242 64
21243 98
21244 59
21245 205
21246 90
21247 215
21248 177
21249 150
21250 282
21251 74
21252 89
21253 219
21254 184
21255 91
21256 290
21257 112
21258 197
21259 121
21260 147
21261 56
21262 139
21263 53
21264 215
21265 131
21266 117
21267 204
21268 155
21269 214
21270 34
21271 237
21272 -18
21273 164
21274 115
21275 146
21276 141
21277 114
21278 137
21279 154
21280 106
21281 230
21282 81
21283 148
21284 141
21285 139
21286 94
21287 229
21288 133
21289 151
21290 141
21291 105
21292 203
21293 183
21294 234
21295 55
21296 136
21297 417
21298 73
21299 88
21300 162
21301 188
21302 219
21303 146
21304 135
21305 105
21306 143
21307 73
21308 339
21309 123
21310 186
21311 49
21312 208
21313 98
21314 168
21315 363
21316 160
21317 146
21318 87
21319 120
21320 106
21321 152
21322 180
21323 128
21324 104
21325 199
21326 159
21327 177
21328 166
21329 107
21330 185
21331 45
21332 151
21333 213
21334 85
21335 72
21336 47
21337 269
21338 208
21339 79
21340 108
21341 156
21342 237
21343 188
21344 115
21345 156
21346 198
21347 162
21348 126
21349 151
21350 117
21351 325
21352 136
21353 172
21354 153
21355 112
21356 187
21357 238
21358 70
21359 51
21360 119
21361 201
21362 93
21363 162
21364 211
21365 326
21366 76
21367 213
21368 47
21369 117
21370 32
21371 90
21372 93
21373 131
21374 113
21375 209
21376 89
21377 191
21378 88
21379 114
21380 116
21381 103
21382 95
21383 95
21384 111
21385 126
21386 56
21387 105
21388 345
21389 173
21390 180
21391 83
21392 228
21393 202
21394 120
21395 178
21396 235
21397 220
21398 111
21399 195
21400 108
21401 213
21402 91
21403 126
21404 175
21405 120
21406 126
21407 56
21408 139
21409 147
21410 112
21411 109
21412 82
21413 108
21414 77
21415 186
21416 188
21417 156
21418 80
21419 108
21420 151
21421 159
21422 233
21423 157
21424 163
21425 39
21426 101
21427 72
21428 163
21429 37
21430 98
21431 142
21432 115
21433 40
21434 32
21435 146
21436 216
21437 143
21438 144
21439 134
21440 244
21441 148
21442 73
21443 368
21444 256
21445 138
21446 123
21447 157
21448 142
21449 153
21450 209
21451 81
21452 139
21453 251
21454 174
21455 195
21456 101
21457 130
21458 132
21459 52
21460 136
21461 104
21462 224
21463 149
21464 238
21465 104
21466 136
21467 112
21468 156
21469 112
21470 147
21471 122
21472 137
21473 89
21474 114
21475 71
21476 213
21477 132
21478 167
21479 193
21480 118
21481 195
21482 113
21483 95
21484 130
21485 126
21486 92
21487 150
21488 107
21489 249
21490 164
21491 109
21492 152
21493 113
21494 109
21495 101
21496 113
21497 185
21498 163
21499 53
21500 152
21501 186
21502 48
21503 31
21504 181
21505 126
21506 141
21507 201
21508 73
21509 152
21510 308
21511 155
21512 171
21513 67
21514 92
21515 111
21516 42
21517 132
21518 171
21519 142
21520 184
21521 69
21522 164
21523 136
21524 164
21525 191
21526 144
21527 122
21528 137
21529 108
21530 162
21531 262
21532 40
21533 44
21534 67
21535 95
21536 180
21537 123
21538 127
21539 156
21540 53
21541 118
21542 141
21543 176
21544 175
21545 197
21546 203
21547 219
21548 243
21549 98
21550 19
21551 111
21552 140
21553 142
21554 181
21555 20
21556 4
21557 131
21558 112
21559 239
21560 128
21561 129
21562 224
21563 149
21564 22
21565 99
21566 106
21567 171
21568 94
21569 99
21570 172
21571 308
21572 71
21573 168
21574 218
21575 223
21576 69
21577 170
21578 153
21579 196
21580 123
21581 127
21582 226
21583 119
21584 154
21585 32
21586 80
21587 147
21588 63
21589 164
21590 59
21591 81
21592 139
21593 194
21594 231
21595 134
21596 192
21597 141
21598 137
21599 108
21600 70
21601 216
21602 213
21603 119
21604 258
21605 195
21606 146
21607 87
21608 208
21609 139
21610 72
21611 259
21612 63
21613 81
21614 161
21615 269
21616 119
21617 214
21618 254
21619 109
21620 83
21621 169
21622 101
21623 215
21624 111
21625 248
21626 114
21627 165
21628 140
21629 268
21630 176
21631 155
21632 179
21633 131
21634 161
21635 98
21636 310
21637 59
21638 138
21639 35
21640 82
21641 174
21642 102
21643 104
21644 119
21645 42
21646 114
21647 149
21648 157
21649 162
21650 161
21651 129
21652 118
21653 196
21654 108
21655 254
21656 157
21657 169
21658 80
21659 210
21660 186
21661 173
21662 86
21663 154
21664 257
21665 174
21666 126
21667 218
21668 131
21669 84
21670 118
21671 117
21672 148
21673 141
21674 116
21675 49
21676 164
21677 88
21678 130
21679 198
21680 156
21681 194
21682 56
21683 70
21684 156
21685 315
21686 250
21687 87
21688 148
21689 73
21690 176
21691 208
21692 252
21693 249
21694 260
21695 260
21696 205
21697 121
21698 135
21699 132
21700 135
21701 174
21702 370
21703 229
21704 -6
21705 108
21706 175
21707 171
21708 170
21709 68
21710 136
21711 153
21712 164
21713 116
21714 108
21715 116
21716 102
21717 70
21718 139
21719 156
21720 205
21721 84
21722 80
21723 119
21724 225
21725 117
21726 171
21727 94
21728 80
21729 163
21730 115
21731 303
21732 94
21733 157
21734 80
21735 149
21736 141
21737 197
21738 46
21739 232
21740 132
21741 106
21742 108
21743 131
21744 238
21745 168
21746 250
21747 102
21748 188
21749 130
21750 284
21751 74
21752 55
21753 268
21754 50
21755 79
21756 123
21757 308
21758 159
21759 164
21760 67
21761 105
21762 265
21763 111
21764 43
21765 147
21766 59
21767 56
21768 100
21769 8
21770 188
21771 93
21772 128
21773 145
21774 153
21775 195
21776 150
21777 131
21778 162
21779 29
21780 95
21781 192
21782 139
21783 142
21784 180
21785 39
21786 158
21787 50
21788 92
21789 97
21790 115
21791 189
21792 188
21793 100
21794 86
21795 137
21796 263
21797 94
21798 87
21799 170
21800 116
21801 65
21802 54
21803 106
21804 143
21805 168
21806 171
21807 71
21808 140
21809 124
21810 136
21811 113
21812 85
21813 230
21814 95
21815 156
21816 86
21817 179
21818 206
21819 69
21820 87
21821 35
21822 186
21823 225
21824 191
21825 252
21826 117
21827 136
21828 103
21829 121
21830 42
21831 131
21832 111
21833 120
21834 134
21835 226
21836 152
21837 238
21838 177
21839 235
21840 275
21841 157
21842 112
21843 108
21844 334
21845 176
21846 117
21847 115
21848 192
21849 178
21850 125
21851 133
21852 65
21853 146
21854 121
21855 226
21856 90
21857 160
21858 108
21859 245
21860 97
21861 164
21862 43
21863 105
21864 250
21865 357
21866 143
21867 112
21868 65
21869 198
21870 179
21871 26
21872 148
21873 69
21874 76
21875 88
21876 60
21877 59
21878 88
21879 123
21880 75
21881 174
21882 177
21883 320
21884 259
21885 204
21886 206
21887 270
21888 159
21889 72
21890 157
21891 84
21892 189
21893 164
21894 77
21895 177
21896 161
21897 130
21898 161
21899 104
21900 105
21901 84
21902 116
21903 63
21904 177
21905 137
21906 79
21907 158
21908 265
21909 106
21910 142
21911 207
21912 188
21913 113
21914 203
21915 231
21916 65
21917 104
21918 244
21919 157
21920 9
21921 161
21922 274
21923 131
21924 175
21925 169
21926 85
21927 138
21928 92
21929 117
21930 202
21931 297
21932 48
21933 131
21934 72
21935 200
21936 35
21937 215
21938 169
21939 178
21940 146
21941 230
21942 122
21943 74
21944 171
21945 89
21946 165
21947 192
21948 101
21949 34
21950 138
21951 169
21952 143
21953 151
21954 197
21955 112
21956 167
21957 204
21958 54
21959 138
21960 91
21961 193
21962 85
21963 303
21964 282
21965 119
21966 124
21967 214
21968 113
21969 129
21970 138
21971 96
21972 178
21973 132
21974 123
21975 4
21976 201
21977 97
21978 125
21979 79
21980 170
21981 111
21982 136
21983 95
21984 71
21985 33
21986 208
21987 108
21988 253
21989 123
21990 213
21991 11
21992 176
21993 76
21994 205
21995 62
21996 440
21997 119
21998 134
21999 89
22000 53
22001 146
22002 253
22003 205
22004 140
22005 145
22006 198
22007 107
22008 67
22009 129
22010 129
22011 107
22012 89
22013 112
22014 68
22015 217
22016 127
22017 130
22018 169
22019 122
22020 344
22021 124
22022 266
22023 198
22024 127
22025 135
22026 225
22027 198
22028 84
22029 324
22030 46
22031 116
22032 139
22033 93
22034 45
22035 192
22036 104
22037 138
22038 232
22039 86
22040 155
22041 129
22042 221
22043 102
22044 114
22045 145
22046 114
22047 296
22048 156
22049 104
22050 135
22051 63
22052 130
22053 80
22054 108
22055 136
22056 159
22057 151
22058 72
22059 148
22060 98
22061 377
22062 47
22063 121
22064 186
22065 42
22066 36
22067 177
22068 102
22069 126
22070 143
22071 134
22072 163
22073 220
22074 175
22075 129
22076 155
22077 178
22078 84
22079 155
22080 150
22081 316
22082 78
22083 139
22084 110
22085 226
22086 86
22087 173
22088 153
22089 105
22090 168
22091 164
22092 258
22093 141
22094 127
22095 119
22096 134
22097 73
22098 105
22099 79
22100 184
22101 54
22102 44
22103 85
22104 171
22105 42
22106 161
22107 45
22108 153
22109 67
22110 509
22111 148
22112 174
22113 74
22114 131
22115 195
22116 190
22117 106
22118 166
22119 165
22120 106
22121 209
22122 64
22123 149
22124 226
22125 87
22126 157
22127 124
22128 248
22129 182
22130 48
22131 159
22132 65
22133 65
22134 136
22135 171
22136 186
22137 96
22138 126
22139 102
22140 111
22141 237
22142 110
22143 181
22144 121
22145 127
22146 244
22147 192
22148 137
22149 137
22150 123
22151 207
22152 134
22153 92
22154 98
22155 246
22156 81
22157 134
22158 60
22159 115
22160 157
22161 83
22162 45
22163 105
22164 347
22165 87
22166 159
22167 145
22168 338
22169 61
22170 36
22171 331
22172 148
22173 90
22174 99
22175 65
22176 333
22177 135
22178 25
22179 128
22180 122
22181 187
22182 126
22183 90
22184 232
22185 261
22186 126
22187 49
22188 210
22189 131
22190 314
22191 245
22192 134
22193 162
22194 174
22195 74
22196 182
22197 160
22198 271
22199 146
22200 142
22201 341
22202 316
22203 405
22204 132
22205 95
22206 84
22207 76
22208 183
22209 82
22210 250
22211 65
22212 198
22213 102
22214 42
22215 164
22216 163
22217 173
22218 265
22219 135
22220 130
22221 81
22222 170
22223 158
22224 206
22225 160
22226 106
22227 319
22228 103
22229 158
22230 148
22231 94
22232 132
22233 134
22234 241
22235 165
22236 141
22237 100
22238 412
22239 58
22240 170
22241 278
22242 98
22243 147
22244 84
22245 110
22246 223
22247 171
22248 165
22249 219
22250 104
22251 140
22252 201
22253 228
22254 116
22255 127
22256 136
22257 88
22258 244
22259 141
22260 60
22261 389
22262 141
22263 213
22264 109
22265 106
22266 75
22267 100
22268 72
22269 112
22270 194
22271 34
22272 133
22273 288
22274 177
22275 142
22276 38
22277 141
22278 118
22279 152
22280 353
22281 6
22282 150
22283 44
22284 76
22285 78
22286 105
22287 144
22288 244
22289 224
22290 112
22291 173
22292 91
22293 80
22294 176
22295 233
22296 201
22297 94
22298 94
22299 211
22300 121
22301 193
22302 210
22303 88
22304 152
22305 119
22306 182
22307 110
22308 111
22309 108
22310 126
22311 165
22312 137
22313 161
22314 175
22315 167
22316 183
22317 59
22318 160
22319 224
22320 227
22321 246
22322 127
22323 68
22324 116
22325 206
22326 102
22327 402
22328 115
22329 178
22330 132
22331 277
22332 258
22333 123
22334 119
22335 91
22336 61
22337 134
22338 252
22339 135
22340 191
22341 330
22342 210
22343 155
22344 116
22345 162
22346 199
22347 161
22348 178
22349 174
22350 92
22351 94
22352 82
22353 105
22354 182
22355 106
22356 127
22357 43
22358 209
22359 114
22360 186
22361 97
22362 117
22363 111
22364 288
22365 109
22366 32
22367 222
22368 83
22369 141
22370 126
22371 65
22372 149
22373 186
22374 98
22375 110
22376 97
22377 55
22378 138
22379 76
22380 156
22381 155
22382 166
22383 162
22384 125
22385 73
22386 72
22387 131
22388 217
22389 131
22390 147
22391 197
22392 205
22393 155
22394 59
22395 186
22396 211
22397 95
22398 150
22399 168
22400 250
22401 165
22402 246
22403 51
22404 142
22405 111
22406 122
22407 99
22408 224
22409 204
22410 151
22411 113
22412 225
22413 224
22414 143
22415 103
22416 247
22417 112
22418 135
22419 153
22420 98
22421 73
22422 150
22423 146
22424 198
22425 268
22426 189
22427 130
22428 46
22429 171
22430 129
22431 73
22432 154
22433 109
22434 203
22435 107
22436 115
22437 81
22438 132
22439 83
22440 178
22441 35
22442 172
22443 286
22444 149
22445 166
22446 218
22447 56
22448 211
22449 95
22450 55
22451 163
22452 163
22453 217
22454 167
22455 61
22456 145
22457 31
22458 126
22459 267
22460 49
22461 89
22462 200
22463 42
22464 126
22465 145
22466 165
22467 80
22468 83
22469 189
22470 219
22471 98
22472 66
22473 141
22474 77
22475 97
22476 128
22477 257
22478 78
22479 151
22480 155
22481 116
22482 225
22483 121
22484 166
22485 26
22486 200
22487 67
22488 130
22489 97
22490 40
22491 115
22492 151
22493 173
22494 85
22495 71
22496 113
22497 125
22498 73
22499 72
22500 214
22501 106
22502 110
22503 199
22504 43
22505 179
22506 51
22507 201
22508 177
22509 155
22510 265
22511 131
22512 59
22513 293
22514 163
22515 82
22516 413
22517 145
22518 112
22519 113
22520 80
22521 304
22522 110
22523 319
22524 231
22525 59
22526 360
22527 124
22528 144
22529 289
22530 205
22531 242
22532 22
22533 130
22534 130
22535 181
22536 59
22537 119
22538 94
22539 141
22540 141
22541 165
22542 105
22543 137
22544 188
22545 175
22546 128
22547 120
22548 99
22549 146
22550 73
22551 171
22552 258
22553 64
22554 155
22555 206
22556 80
22557 255
22558 113
22559 150
22560 229
22561 176
22562 90
22563 193
22564 177
22565 111
22566 134
22567 143
22568 173
22569 150
22570 142
22571 132
22572 136
22573 137
22574 105
22575 79
22576 120
22577 243
22578 165
22579 173
22580 77
22581 195
22582 106
22583 55
22584 177
22585 206
22586 82
22587 155
22588 174
22589 141
22590 67
22591 162
22592 136
22593 249
22594 151
22595 -5
22596 222
22597 181
22598 157
22599 221
22600 114
22601 108
22602 154
22603 166
22604 77
22605 116
22606 162
22607 109
22608 204
22609 120
22610 128
22611 313
22612 137
22613 402
22614 49
22615 198
22616 131
22617 231
22618 293
22619 187
22620 108
22621 128
22622 142
22623 136
22624 153
22625 114
22626 141
22627 126
22628 56
22629 97
22630 46
22631 139
22632 149
22633 70
22634 111
22635 105
22636 73
22637 141
22638 150
22639 162
22640 98
22641 99
22642 224
22643 150
22644 317
22645 184
22646 309
22647 182
22648 184
22649 143
22650 187
22651 128
22652 194
22653 118
22654 26
22655 125
22656 106
22657 35
22658 176
22659 129
22660 119
22661 121
22662 84
22663 122
22664 131
22665 137
22666 156
22667 104
22668 180
22669 122
22670 38
22671 266
22672 121
22673 60
22674 244
22675 160
22676 77
22677 107
22678 111
22679 268
22680 117
22681 113
22682 152
22683 38
22684 116
22685 69
22686 270
22687 236
22688 122
22689 173
22690 208
22691 215
22692 44
22693 161
22694 197
22695 205
22696 138
22697 133
22698 94
22699 161
22700 143
22701 151
22702 118
22703 153
22704 194
22705 180
22706 170
22707 220
22708 37
22709 186
22710 225
22711 73
22712 82
22713 113
22714 188
22715 357
22716 87
22717 160
22718 231
22719 214
22720 131
22721 222
22722 92
22723 64
22724 155
22725 223
22726 70
22727 58
22728 182
22729 314
22730 218
22731 118
22732 152
22733 143
22734 90
22735 219
22736 165
22737 215
22738 259
22739 60
22740 157
22741 57
22742 34
22743 215
22744 177
22745 234
22746 91
22747 154
22748 123
22749 308
22750 146
22751 109
22752 135
22753 239
22754 120
22755 111
22756 181
22757 196
22758 110
22759 205
22760 136
22761 212
22762 132
22763 127
22764 162
22765 122
22766 66
22767 151
22768 172
22769 145
22770 133
22771 270
22772 173
22773 144
22774 115
22775 56
22776 154
22777 166
22778 77
22779 152
22780 213
22781 51
22782 100
22783 65
22784 157
22785 310
22786 61
22787 93
22788 403
22789 88
22790 179
22791 36
22792 128
22793 215
22794 118
22795 177
22796 222
22797 157
22798 114
22799 189
22800 253
22801 240
22802 214
22803 142
22804 119
22805 81
22806 165
22807 191
22808 144
22809 191
22810 145
22811 156
22812 191
22813 110
22814 151
22815 86
22816 137
22817 246
22818 148
22819 195
22820 145
22821 301
22822 207
22823 298
22824 86
22825 142
22826 170
22827 155
22828 241
22829 114
22830 90
22831 172
22832 92
22833 197
22834 62
22835 120
22836 241
22837 151
22838 175
22839 115
22840 0
22841 143
22842 159
22843 172
22844 98
22845 100
22846 150
22847 136
22848 132
22849 174
22850 159
22851 85
22852 162
22853 87
22854 179
22855 197
22856 217
22857 65
22858 123
22859 121
22860 204
22861 153
22862 60
22863 126
22864 180
22865 162
22866 91
22867 191
22868 192
22869 124
22870 147
22871 75
22872 139
22873 116
22874 138
22875 97
22876 112
22877 194
22878 176
22879 179
22880 39
22881 145
22882 97
22883 109
22884 85
22885 214
22886 202
22887 184
22888 120
22889 87
22890 107
22891 178
22892 43
22893 233
22894 279
22895 112
22896 168
22897 160
22898 74
22899 267
22900 92
22901 158
22902 113
22903 89
22904 213
22905 89
22906 138
22907 175
22908 102
22909 129
22910 289
22911 176
22912 197
22913 116
22914 165
22915 159
22916 348
22917 163
22918 196
22919 166
22920 97
22921 204
22922 302
22923 235
22924 115
22925 97
22926 169
22927 164
22928 123
22929 126
22930 249
22931 128
22932 106
22933 304
22934 106
22935 106
22936 24
22937 149
22938 53
22939 115
22940 138
22941 51
22942 180
22943 156
22944 209
22945 166
22946 100
22947 165
22948 106
22949 87
22950 127
22951 115
22952 179
22953 154
22954 92
22955 163
22956 53
22957 324
22958 115
22959 78
22960 229
22961 63
22962 97
22963 146
22964 295
22965 214
22966 174
22967 74
22968 83
22969 106
22970 191
22971 156
22972 251
22973 0
22974 108
22975 118
22976 106
22977 205
22978 66
22979 104
22980 97
22981 141
22982 161
22983 122
22984 135
22985 169
22986 217
22987 142
22988 82
22989 172
22990 91
22991 230
22992 174
22993 137
22994 168
22995 132
22996 242
22997 121
22998 185
22999 143
23000 187
23001 136
23002 129
23003 133
23004 235
23005 147
23006 207
23007 208
23008 42
23009 87
23010 196
23011 120
23012 139
23013 136
23014 210
23015 161
23016 123
23017 112
23018 170
23019 69
23020 141
23021 113
23022 389
23023 164
23024 317
23025 53
23026 132
23027 91
23028 113
23029 217
23030 282
23031 22
23032 154
23033 166
23034 245
23035 141
23036 250
23037 158
23038 94
23039 148
23040 47
23041 62
23042 139
23043 135
23044 119
23045 149
23046 85
23047 327
23048 84
23049 269
23050 213
23051 167
23052 138
23053 98
23054 199
23055 98
23056 214
23057 64
23058 187
23059 199
23060 28
23061 71
23062 27
23063 97
23064 164
23065 133
23066 130
23067 146
23068 169
23069 106
23070 23
23071 236
23072 159
23073 93
23074 199
23075 159
23076 174
23077 230
23078 76
23079 92
23080 306
23081 135
23082 244
23083 114
23084 202
23085 180
23086 200
23087 226
23088 135
23089 74
23090 170
23091 125
23092 88
23093 48
23094 158
23095 308
23096 61
23097 145
23098 136
23099 146
23100 114
23101 149
23102 175
23103 202
23104 262
23105 70
23106 129
23107 234
23108 175
23109 151
23110 191
23111 227
23112 141
23113 89
23114 277
23115 253
23116 198
23117 116
23118 82
23119 128
23120 109
23121 182
23122 75
23123 146
23124 93
23125 180
23126 106
23127 276
23128 152
23129 173
23130 149
23131 114
23132 75
23133 146
23134 122
23135 145
23136 178
23137 193
23138 132
23139 143
23140 54
23141 83
23142 226
23143 89
23144 335
23145 144
23146 143
23147 135
23148 136
23149 140
23150 102
23151 91
23152 175
23153 160
23154 139
23155 34
23156 429
23157 124
23158 225
23159 183
23160 107
23161 95
23162 132
23163 217
23164 207
23165 130
23166 192
23167 131
23168 68
23169 122
23170 129
23171 255
23172 52
23173 78
23174 172
23175 106
23176 20
23177 182
23178 183
23179 68
23180 298
23181 215
23182 159
23183 57
23184 157
23185 87
23186 97
23187 207
23188 152
23189 190
23190 104
23191 176
23192 108
23193 179
23194 172
23195 144
23196 122
23197 179
23198 161
23199 116
23200 70
23201 118
23202 319
23203 136
23204 144
23205 229
23206 174
23207 216
23208 151
23209 166
23210 207
23211 244
23212 121
23213 125
23214 412
23215 68
23216 216
23217 113
23218 92
23219 74
23220 134
23221 207
23222 133
23223 171
23224 234
23225 272
23226 263
23227 87
23228 116
23229 112
23230 123
23231 114
23232 172
23233 159
23234 94
23235 35
23236 213
23237 136
23238 104
23239 27
23240 281
23241 135
23242 160
23243 142
23244 131
23245 65
23246 140
23247 131
23248 155
23249 231
23250 137
23251 207
23252 168
23253 182
23254 74
23255 70
23256 144
23257 244
23258 156
23259 76
23260 107
23261 149
23262 158
23263 85
23264 154
23265 141
23266 59
23267 167
23268 165
23269 177
23270 184
23271 112
23272 162
23273 75
23274 162
23275 94
23276 385
23277 63
23278 151
23279 104
23280 162
23281 166
23282 128
23283 289
23284 59
23285 111
23286 166
23287 118
23288 116
23289 149
23290 179
23291 252
23292 156
23293 123
23294 236
23295 19
23296 143
23297 101
23298 146
23299 186
23300 246
23301 153
23302 136
23303 264
23304 125
23305 146
23306 182
23307 263
23308 115
23309 76
23310 183
23311 165
23312 93
23313 91
23314 219
23315 73
23316 226
23317 84
23318 296
23319 110
23320 232
23321 118
23322 128
23323 200
23324 114
23325 124
23326 167
23327 226
23328 188
23329 164
23330 128
23331 245
23332 126
23333 105
23334 28
23335 98
23336 74
23337 245
23338 176
23339 144
23340 110
23341 135
23342 203
23343 186
23344 114
23345 205
23346 154
23347 128
23348 188
23349 320
23350 190
23351 135
23352 261
23353 33
23354 152
23355 201
23356 204
23357 95
23358 173
23359 256
23360 139
23361 151
23362 203
23363 158
23364 110
23365 97
23366 116
23367 27
23368 96
23369 363
23370 61
23371 147
23372 130
23373 262
23374 218
23375 166
23376 138
23377 123
23378 161
23379 155
23380 157
23381 142
23382 156
23383 47
23384 184
23385 65
23386 128
23387 143
23388 210
23389 172
23390 214
23391 79
23392 86
23393 193
23394 190
23395 191
23396 116
23397 73
23398 263
23399 138
23400 104
23401 31
23402 128
23403 125
23404 131
23405 177
23406 236
23407 60
23408 96
23409 185
23410 154
23411 77
23412 227
23413 155
23414 220
23415 156
23416 109
23417 185
23418 74
23419 150
23420 128
23421 126
23422 118
23423 85
23424 226
23425 143
23426 35
23427 85
23428 140
23429 232
23430 98
23431 100
23432 52
23433 83
23434 173
23435 205
23436 166
23437 62
23438 87
23439 155
23440 138
23441 130
23442 145
23443 108
23444 148
23445 123
23446 83
23447 227
23448 194
23449 183
23450 325
23451 153
23452 108
23453 234
23454 132
23455 149
23456 106
23457 131
23458 227
23459 64
23460 185
23461 162
23462 203
23463 77
23464 196
23465 130
23466 100
23467 96
23468 262
23469 91
23470 109
23471 221
23472 142
23473 202
23474 171
23475 136
23476 58
23477 256
23478 177
23479 217
23480 242
23481 161
23482 141
23483 119
23484 192
23485 60
23486 105
23487 64
23488 143
23489 179
23490 53
23491 90
23492 88
23493 47
23494 89
23495 129
23496 42
23497 357
23498 96
23499 103
23500 121
23501 133
23502 191
23503 152
23504 164
23505 32
23506 130
23507 133
23508 184
23509 88
23510 38
23511 101
23512 124
23513 117
23514 68
23515 22
23516 153
23517 152
23518 206
23519 144
23520 157
23521 138
23522 30
23523 133
23524 195
23525 130
23526 251
23527 116
23528 64
23529 149
23530 240
23531 174
23532 240
23533 88
23534 136
23535 111
23536 134
23537 201
23538 162
23539 123
23540 162
23541 138
23542 214
23543 200
23544 160
23545 123
23546 125
23547 151
23548 163
23549 114
23550 116
23551 198
23552 93
23553 175
23554 180
23555 93
23556 90
23557 189
23558 117
23559 62
23560 176
23561 115
23562 185
23563 170
23564 233
23565 126
23566 62
23567 291
23568 138
23569 141
23570 21
23571 145
23572 147
23573 47
23574 228
23575 145
23576 239
23577 82
23578 79
23579 113
23580 157
23581 95
23582 189
23583 149
23584 155
23585 95
23586 277
23587 163
23588 294
23589 98
23590 265
23591 199
23592 105
23593 139
23594 20
23595 95
23596 92
23597 63
23598 176
23599 142
23600 165
23601 49
23602 94
23603 111
23604 126
23605 114
23606 165
23607 172
23608 176
23609 125
23610 132
23611 118
23612 152
23613 172
23614 141
23615 217
23616 122
23617 255
23618 81
23619 152
23620 144
23621 99
23622 84
23623 144
23624 103
23625 246
23626 78
23627 125
23628 125
23629 136
23630 110
23631 163
23632 174
23633 110
23634 17
23635 142
23636 100
23637 100
23638 158
23639 164
23640 72
23641 64
23642 56
23643 170
23644 190
23645 254
23646 164
23647 93
23648 103
23649 143
23650 138
23651 154
23652 58
23653 189
23654 179
23655 264
23656 81
23657 175
23658 131
23659 102
23660 130
23661 151
23662 92
23663 82
23664 123
23665 121
23666 135
23667 187
23668 77
23669 142
23670 206
23671 173
23672 167
23673 156
23674 61
23675 127
23676 51
23677 151
23678 118
23679 125
23680 128
23681 143
23682 171
23683 33
23684 121
23685 116
23686 128
23687 137
23688 115
23689 147
23690 62
23691 77
23692 191
23693 150
23694 64
23695 201
23696 129
23697 185
23698 114
23699 140
23700 141
23701 45
23702 422
23703 60
23704 97
23705 79
23706 115
23707 78
23708 210
23709 64
23710 53
23711 119
23712 222
23713 127
23714 184
23715 107
23716 97
23717 185
23718 184
23719 89
23720 169
23721 156
23722 201
23723 141
23724 61
23725 78
23726 49
23727 82
23728 196
23729 91
23730 174
23731 139
23732 238
23733 384
23734 99
23735 71
23736 104
23737 55
23738 66
23739 162
23740 17
23741 52
23742 195
23743 121
23744 116
23745 197
23746 141
23747 100
23748 140
23749 95
23750 152
23751 122
23752 61
23753 160
23754 322
23755 151
23756 140
23757 149
23758 218
23759 74
23760 341
23761 71
23762 83
23763 159
23764 144
23765 239
23766 101
23767 226
23768 92
23769 89
23770 131
23771 104
23772 183
23773 90
23774 92
23775 151
23776 97
23777 119
23778 267
23779 334
23780 48
23781 107
23782 141
23783 134
23784 89
23785 160
23786 121
23787 108
23788 48
23789 147
23790 147
23791 143
23792 231
23793 251
23794 80
23795 166
23796 135
23797 145
23798 112
23799 120
23800 101
23801 179
23802 122
23803 101
23804 215
23805 145
23806 128
23807 135
23808 219
23809 115
23810 229
23811 86
23812 120
23813 87
23814 93
23815 173
23816 62
23817 109
23818 182
23819 148
23820 126
23821 91
23822 92
23823 111
23824 159
23825 175
23826 230
23827 297
23828 173
23829 223
23830 129
23831 111
23832 142
23833 113
23834 215
23835 129
23836 373
23837 125
23838 310
23839 125
23840 145
23841 170
23842 157
23843 8
23844 128
23845 133
23846 128
23847 201
23848 38
23849 143
23850 167
23851 155
23852 109
23853 198
23854 258
23855 84
23856 95
23857 120
23858 107
23859 190
23860 88
23861 133
23862 94
23863 50
23864 120
23865 88
23866 147
23867 163
23868 111
23869 186
23870 207
23871 221
23872 118
23873 121
23874 333
23875 40
23876 120
23877 143
23878 160
23879 184
23880 192
23881 94
23882 205
23883 129
23884 119
23885 176
23886 64
23887 238
23888 91
23889 141
23890 168
23891 162
23892 41
23893 327
23894 147
23895 237
23896 101
23897 124
23898 181
23899 148
23900 139
23901 155
23902 143
23903 169
23904 191
23905 116
23906 26
23907 107
23908 177
23909 143
23910 155
23911 96
23912 144
23913 254
23914 111
23915 96
23916 92
23917 179
23918 132
23919 96
23920 31
23921 122
23922 64
23923 85
23924 207
23925 106
23926 168
23927 166
23928 134
23929 221
23930 87
23931 75
23932 263
23933 130
23934 149
23935 138
23936 228
23937 77
23938 174
23939 80
23940 205
23941 149
23942 76
23943 231
23944 79
23945 279
23946 142
23947 175
23948 151
23949 205
23950 157
23951 124
23952 168
23953 144
23954 136
23955 203
23956 51
23957 125
23958 150
23959 183
23960 133
23961 100
23962 125
23963 148
23964 229
23965 74
23966 128
23967 198
23968 112
23969 107
23970 123
23971 173
23972 55
23973 118
23974 142
23975 154
23976 118
23977 237
23978 111
23979 127
23980 144
23981 112
23982 203
23983 62
23984 86
23985 201
23986 109
23987 156
23988 150
23989 166
23990 156
23991 166
23992 96
23993 179
23994 208
23995 91
23996 200
23997 82
23998 170
23999 101
24000 129
24001 90
24002 75
24003 153
24004 187
24005 168
24006 176
24007 253
24008 252
24009 128
24010 237
24011 135
24012 111
24013 67
24014 176
24015 101
24016 216
24017 201
24018 195
24019 110
24020 183
24021 280
24022 71
24023 108
24024 386
24025 170
24026 186
24027 115
24028 99
24029 98
24030 68
24031 130
24032 131
24033 253
24034 120
24035 123
24036 146
24037 159
24038 177
24039 206
24040 181
24041 170
24042 155
24043 82
24044 259
24045 97
24046 122
24047 254
24048 154
24049 139
24050 180
24051 187
24052 160
24053 377
24054 146
24055 87
24056 111
24057 248
24058 180
24059 116
24060 109
24061 26
24062 90
24063 261
24064 138
24065 113
24066 43
24067 32
24068 47
24069 186
24070 253
24071 149
24072 157
24073 99
24074 103
24075 126
24076 -14
24077 190
24078 98
24079 60
24080 151
24081 114
24082 135
24083 45
24084 110
24085 94
24086 130
24087 176
24088 149
24089 190
24090 203
24091 178
24092 148
24093 66
24094 99
24095 147
24096 71
24097 93
24098 117
24099 122
24100 44
24101 122
24102 95
24103 56
24104 201
24105 176
24106 61
24107 82
24108 249
24109 110
24110 221
24111 185
24112 86
24113 134
24114 112
24115 125
24116 171
24117 199
24118 71
24119 144
24120 56
24121 185
24122 149
24123 179
24124 180
24125 80
24126 139
24127 90
24128 165
24129 182
24130 105
24131 134
24132 332
24133 162
24134 81
24135 87
24136 262
24137 226
24138 92
24139 181
24140 244
24141 98
24142 246
24143 123
24144 124
24145 131
24146 147
24147 232
24148 55
24149 138
24150 225
24151 177
24152 116
24153 162
24154 43
24155 117
24156 231
24157 170
24158 132
24159 81
24160 99
24161 71
24162 48
24163 58
24164 198
24165 173
24166 363
24167 129
24168 133
24169 128
24170 138
24171 85
24172 153
24173 149
24174 142
24175 190
24176 183
24177 234
24178 206
24179 132
24180 48
24181 57
24182 132
24183 96
24184 133
24185 68
24186 135
24187 257
24188 227
24189 19
24190 154
24191 185
24192 105
24193 257
24194 134
24195 24
24196 218
24197 85
24198 159
24199 173
24200 206
24201 83
24202 175
24203 150
24204 142
24205 175
24206 173
24207 209
24208 85
24209 190
24210 119
24211 70
24212 157
24213 131
24214 123
24215 92
24216 183
24217 149
24218 31
24219 119
24220 124
24221 140
24222 109
24223 83
24224 59
24225 109
24226 143
24227 114
24228 70
24229 134
24230 120
24231 313
24232 156
24233 71
24234 215
24235 173
24236 108
24237 148
24238 144
24239 41
24240 83
24241 114
24242 200
24243 55
24244 110
24245 148
24246 114
24247 139
24248 174
24249 88
24250 72
24251 162
24252 102
24253 218
24254 86
24255 127
24256 140
24257 101
24258 170
24259 26
24260 156
24261 136
24262 46
24263 56
24264 140
24265 147
24266 131
24267 212
24268 119
24269 124
24270 227
24271 54
24272 59
24273 452
24274 148
24275 196
24276 170
24277 153
24278 192
24279 189
24280 130
24281 230
24282 78
24283 46
24284 243
24285 49
24286 221
24287 241
24288 207
24289 178
24290 185
24291 113
24292 194
24293 122
24294 31
24295 113
24296 137
24297 1
24298 146
24299 162
24300 135
24301 245
24302 122
24303 262
24304 172
24305 176
24306 117
24307 63
24308 100
24309 148
24310 100
24311 163
24312 134
24313 46
24314 423
24315 83
24316 150
24317 141
24318 67
24319 139
24320 150
24321 75
24322 157
24323 175
24324 124
24325 132
24326 27
24327 103
24328 201
24329 172
24330 213
24331 181
24332 43
24333 122
24334 50
24335 150
24336 169
24337 148
24338 40
24339 123
24340 216
24341 124
24342 147
24343 379
24344 51
24345 165
24346 184
24347 230
24348 90
24349 42
24350 161
24351 161
24352 310
24353 170
24354 70
24355 208
24356 133
24357 198
24358 119
24359 190
24360 62
24361 104
24362 171
24363 4
24364 95
24365 155
24366 129
24367 176
24368 82
24369 97
24370 84
24371 167
24372 183
24373 78
24374 147
24375 154
24376 189
24377 27
24378 107
24379 173
24380 116
24381 28
24382 60
24383 123
24384 97
24385 189
24386 142
24387 114
24388 152
24389 137
24390 97
24391 118
24392 48
24393 57
24394 195
24395 194
24396 219
24397 192
24398 219
24399 139
24400 167
24401 176
24402 135
24403 98
24404 78
24405 162
24406 177
24407 225
24408 104
24409 130
24410 125
24411 152
24412 190
24413 65
24414 103
24415 82
24416 98
24417 127
24418 118
24419 138
24420 175
24421 97
24422 155
24423 160
24424 75
24425 404
24426 61
24427 166
24428 103
24429 139
24430 120
24431 92
24432 127
24433 153
24434 278
24435 217
24436 90
24437 237
24438 149
24439 145
24440 174
24441 157
24442 176
24443 190
24444 177
24445 180
24446 91
24447 116
24448 88
24449 235
24450 141
24451 80
24452 160
24453 126
24454 3
24455 76
24456 183
24457 138
24458 209
24459 307
24460 120
24461 125
24462 166
24463 127
24464 184
24465 106
24466 99
24467 111
24468 149
24469 126
24470 66
24471 121
24472 116
24473 157
24474 106
24475 88
24476 167
24477 112
24478 143
24479 145
24480 106
24481 202
24482 127
24483 223
24484 247
24485 66
24486 159
24487 88
24488 105
24489 431
24490 110
24491 145
24492 21
24493 108
24494 132
24495 104
24496 184
24497 67
24498 210
24499 147
24500 68
24501 41
24502 128
24503 150
24504 117
24505 173
24506 173
24507 65
24508 243
24509 14
24510 60
24511 181
24512 121
24513 207
24514 176
24515 138
24516 159
24517 70
24518 211
24519 163
24520 228
24521 260
24522 56
24523 73
24524 145
24525 413
24526 336
24527 130
24528 198
24529 146
24530 178
24531 267
24532 128
24533 91
24534 118
24535 146
24536 65
24537 211
24538 131
24539 90
24540 187
24541 123
24542 161
24543 373
24544 136
24545 153
24546 109
24547 155
24548 348
24549 146
24550 162
24551 168
24552 190
24553 357
24554 115
24555 102
24556 108
24557 96
24558 249
24559 86
24560 176
24561 149
24562 82
24563 22
24564 185
24565 103
24566 140
24567 83
24568 133
24569 188
24570 129
24571 3
24572 138
24573 99
24574 117
24575 84
24576 141
24577 81
24578 41
24579 160
24580 182
24581 90
24582 205
24583 167
24584 203
24585 73
24586 103
24587 130
24588 98
24589 151
24590 155
24591 164
24592 105
24593 133
24594 159
24595 89
24596 101
24597 84
24598 152
24599 201
24600 172
24601 106
24602 145
24603 72
24604 159
24605 124
24606 157
24607 250
24608 142
24609 203
24610 249
24611 266
24612 208
24613 175
24614 99
24615 229
24616 108
24617 170
24618 209
24619 103
24620 154
24621 210
24622 127
24623 129
24624 126
24625 106
24626 119
24627 51
24628 229
24629 64
24630 203
24631 156
24632 88
24633 62
24634 197
24635 39
24636 74
24637 326
24638 161
24639 51
24640 205
24641 116
24642 176
24643 184
24644 85
24645 343
24646 76
24647 135
24648 81
24649 145
24650 156
24651 159
24652 128
24653 87
24654 149
24655 155
24656 143
24657 70
24658 215
24659 91
24660 129
24661 284
24662 72
24663 188
24664 70
24665 189
24666 146
24667 110
24668 327
24669 96
24670 107
24671 183
24672 168
24673 345
24674 166
24675 139
24676 163
24677 88
24678 136
24679 152
24680 114
24681 71
24682 138
24683 96
24684 69
24685 173
24686 89
24687 165
24688 185
24689 180
24690 79
24691 65
24692 104
24693 72
24694 156
24695 102
24696 329
24697 81
24698 214
24699 144
24700 3
24701 92
24702 135
24703 125
24704 107
24705 114
24706 178
24707 52
24708 83
24709 153
24710 150
24711 52
24712 176
24713 186
24714 174
24715 193
24716 74
24717 96
24718 121
24719 195
24720 116
24721 245
24722 108
24723 123
24724 101
24725 200
24726 197
24727 158
24728 158
24729 38
24730 183
24731 152
24732 57
24733 194
24734 200
24735 204
24736 152
24737 193
24738 136
24739 118
24740 95
24741 194
24742 161
24743 134
24744 83
24745 179
24746 76
24747 92
24748 199
24749 49
24750 378
24751 161
24752 135
24753 192
24754 62
24755 6
24756 205
24757 198
24758 172
24759 95
24760 143
24761 233
24762 155
24763 142
24764 143
24765 252
24766 111
24767 306
24768 27
24769 156
24770 55
24771 124
24772 98
24773 163
24774 149
24775 121
24776 155
24777 81
24778 19
24779 197
24780 155
24781 322
24782 156
24783 100
24784 170
24785 141
24786 93
24787 175
24788 115
24789 253
24790 123
24791 170
24792 181
24793 92
24794 271
24795 28
24796 88
24797 76
24798 147
24799 109
24800 113
24801 182
24802 117
24803 254
24804 98
24805 109
24806 127
24807 62
24808 216
24809 130
24810 168
24811 107
24812 184
24813 185
24814 96
24815 151
24816 235
24817 177
24818 184
24819 164
24820 176
24821 254
24822 83
24823 83
24824 167
24825 192
24826 114
24827 395
24828 200
24829 447
24830 194
24831 55
24832 203
24833 73
24834 146
24835 128
24836 282
24837 112
24838 214
24839 165
24840 105
24841 71
24842 76
24843 103
24844 101
24845 115
24846 53
24847 104
24848 37
24849 43
24850 47
24851 150
24852 119
24853 132
24854 183
24855 128
24856 115
24857 156
24858 74
24859 112
24860 36
24861 79
24862 102
24863 111
24864 121
24865 106
24866 183
24867 10
24868 128
24869 127
24870 266
24871 147
24872 80
24873 209
24874 349
24875 181
24876 158
24877 91
24878 172
24879 199
24880 160
24881 115
24882 178
24883 242
24884 144
24885 87
24886 268
24887 86
24888 253
24889 110
24890 142
24891 170
24892 88
24893 119
24894 118
24895 54
24896 99
24897 132
24898 185
24899 47
24900 70
24901 70
24902 96
24903 126
24904 78
24905 112
24906 85
24907 27
24908 145
24909 127
24910 167
24911 92
24912 175
24913 13
24914 147
24915 252
24916 208
24917 22
24918 118
24919 132
24920 38
24921 170
24922 114
24923 123
24924 122
24925 102
24926 148
24927 115
24928 16
24929 210
24930 160
24931 151
24932 207
24933 76
24934 123
24935 142
24936 76
24937 115
24938 93
24939 120
24940 70
24941 68
24942 97
24943 32
24944 41
24945 257
24946 289
24947 92
24948 138
24949 169
24950 309
24951 80
24952 140
24953 189
24954 104
24955 51
24956 109
24957 167
24958 155
24959 199
24960 100
24961 189
24962 71
24963 118
24964 197
24965 225
24966 124
24967 189
24968 156
24969 95
24970 171
24971 214
24972 268
24973 158
24974 171
24975 203
24976 139
24977 88
24978 203
24979 200
24980 183
24981 170
24982 253
24983 103
24984 92
24985 107
24986 178
24987 162
24988 118
24989 106
24990 147
24991 170
24992 120
24993 137
24994 92
24995 95
24996 105
24997 94
24998 33
24999 156
25000 122
25001 120
25002 91
25003 24
25004 221
25005 177
25006 86
25007 100
25008 130
25009 86
25010 189
25011 213
25012 160
25013 76
25014 126
25015 97
25016 139
25017 100
25018 195
25019 78
25020 143
25021 142
25022 73
25023 112
25024 119
25025 207
25026 141
25027 67
25028 6
25029 231
25030 186
25031 259
25032 138
25033 157
25034 246
25035 108
25036 73
25037 111
25038 57
25039 142
25040 331
25041 189
25042 70
25043 147
25044 118
25045 139
25046 128
25047 43
25048 139
25049 145
25050 173
25051 158
25052 305
25053 146
25054 61
25055 52
25056 240
25057 229
25058 167
25059 140
25060 192
25061 135
25062 103
25063 34
25064 56
25065 112
25066 235
25067 60
25068 108
25069 188
25070 140
25071 125
25072 329
25073 34
25074 132
25075 285
25076 57
25077 236
25078 159
25079 97
25080 97
25081 160
25082 168
25083 116
25084 64
25085 331
25086 149
25087 80
25088 142
25089 241
25090 135
25091 150
25092 60
25093 371
25094 125
25095 140
25096 79
25097 122
25098 226
25099 143
25100 48
25101 87
25102 95
25103 105
25104 246
25105 122
25106 172
25107 154
25108 107
25109 256
25110 44
25111 121
25112 198
25113 34
25114 53
25115 200
25116 37
25117 161
25118 138
25119 60
25120 185
25121 83
25122 112
25123 61
25124 325
25125 228
25126 88
25127 264
25128 137
25129 47
25130 145
25131 87
25132 151
25133 155
25134 -16
25135 163
25136 123
25137 72
25138 280
25139 243
25140 207
25141 277
25142 128
25143 176
25144 109
25145 137
25146 155
25147 71
25148 147
25149 103
25150 120
25151 66
25152 38
25153 56
25154 29
25155 184
25156 125
25157 73
25158 52
25159 111
25160 91
25161 61
25162 141
25163 58
25164 75
25165 143
25166 166
25167 196
25168 192
25169 75
25170 231
25171 207
25172 68
25173 146
25174 165
25175 140
25176 54
25177 186
25178 103
25179 150
25180 55
25181 166
25182 77
25183 102
25184 221
25185 58
25186 126
25187 120
25188 142
25189 118
25190 5
25191 175
25192 150
25193 149
25194 57
25195 254
25196 194
25197 52
25198 157
25199 188
25200 172
25201 62
25202 105
25203 118
25204 161
25205 102
25206 152
25207 220
25208 99
25209 137
25210 86
25211 252
25212 218
25213 6
25214 102
25215 175
25216 395
25217 323
25218 248
25219 160
25220 152
25221 157
25222 137
25223 176
25224 167
25225 4
25226 147
25227 134
25228 133
25229 135
25230 180
25231 96
25232 148
25233 170
25234 241
25235 81
25236 389
25237 102
25238 429
25239 201
25240 201
25241 308
25242 83
25243 133
25244 167
25245 286
25246 229
25247 133
25248 112
25249 167
25250 93
25251 72
25252 76
25253 97
25254 261
25255 83
25256 100
25257 101
25258 297
25259 47
25260 127
25261 253
25262 106
25263 111
25264 71
25265 176
25266 108
25267 115
25268 205
25269 19
25270 131
25271 122
25272 160
25273 120
25274 216
25275 144
25276 136
25277 156
25278 78
25279 99
25280 143
25281 172
25282 93
25283 175
25284 75
25285 192
25286 106
25287 169
25288 161
25289 62
25290 229
25291 117
25292 174
25293 207
25294 116
25295 158
25296 264
25297 166
25298 185
25299 209
25300 215
25301 116
25302 115
25303 127
25304 161
25305 54
25306 130
25307 105
25308 106
25309 108
25310 160
25311 174
25312 145
25313 100
25314 174
25315 280
25316 120
25317 122
25318 226
25319 149
25320 114
25321 162
25322 117
25323 98
25324 164
25325 114
25326 422
25327 174
25328 134
25329 65
25330 310
25331 143
25332 91
25333 103
25334 220
25335 95
25336 96
25337 119
25338 95
25339 143
25340 138
25341 116
25342 154
25343 109
25344 86
25345 126
25346 176
25347 140
25348 121
25349 167
25350 138
25351 133
25352 148
25353 397
25354 199
25355 165
25356 145
25357 144
25358 152
25359 102
25360 138
25361 82
25362 29
25363 93
25364 128
25365 146
25366 75
25367 204
25368 108
25369 179
25370 155
25371 297
25372 164
25373 176
25374 213
25375 147
25376 26
25377 97
25378 168
25379 233
25380 138
25381 111
25382 90
25383 66
25384 185
25385 81
25386 108
25387 354
25388 301
25389 127
25390 212
25391 127
25392 111
25393 288
25394 123
25395 167
25396 113
25397 117
25398 115
25399 171
25400 114
25401 122
25402 99
25403 102
25404 134
25405 126
25406 150
25407 50
25408 184
25409 229
25410 206
25411 141
25412 131
25413 132
25414 91
25415 109
25416 76
25417 136
25418 82
25419 91
25420 102
25421 238
25422 55
25423 131
25424 94
25425 51
25426 39
25427 75
25428 174
25429 206
25430 116
25431 158
25432 74
25433 157
25434 63
25435 99
25436 221
25437 136
25438 144
25439 80
25440 223
25441 114
25442 151
25443 279
25444 63
25445 71
25446 79
25447 320
25448 72
25449 60
25450 171
25451 125
25452 57
25453 218
25454 141
25455 124
25456 256
25457 205
25458 166
25459 149
25460 241
25461 73
25462 144
25463 110
25464 129
25465 107
25466 159
25467 167
25468 149
25469 160
25470 151
25471 43
25472 170
25473 167
25474 218
25475 144
25476 91
25477 135
25478 108
25479 127
25480 106
25481 182
25482 95
25483 118
25484 184
25485 104
25486 122
25487 191
25488 90
25489 252
25490 135
25491 168
25492 187
25493 223
25494 132
25495 139
25496 136
25497 50
25498 139
25499 99
25500 179
25501 129
25502 245
25503 136
25504 72
25505 153
25506 202
25507 165
25508 236
25509 204
25510 217
25511 272
25512 21
25513 161
25514 80
25515 102
25516 101
25517 241
25518 268
25519 172
25520 106
25521 115
25522 125
25523 86
25524 164
25525 131
25526 32
25527 154
25528 141
25529 98
25530 131
25531 88
25532 147
25533 111
25534 103
25535 136
25536 106
25537 133
25538 273
25539 418
25540 103
25541 170
25542 84
25543 162
25544 161
25545 164
25546 89
25547 104
25548 166
25549 230
25550 129
25551 60
25552 131
25553 176
25554 140
25555 165
25556 117
25557 161
25558 146
25559 114
25560 297
25561 68
25562 214
25563 104
25564 149
25565 97
25566 143
25567 108
25568 171
25569 153
25570 226
25571 190
25572 185
25573 303
25574 87
25575 149
25576 58
25577 112
25578 95
25579 123
25580 143
25581 196
25582 155
25583 125
25584 118
25585 173
25586 100
25587 132
25588 127
25589 76
25590 207
25591 90
25592 159
25593 112
25594 242
25595 126
25596 159
25597 86
25598 208
25599 99
25600 200
25601 301
25602 114
25603 162
25604 114
25605 48
25606 214
25607 77
25608 120
25609 57
25610 75
25611 134
25612 207
25613 109
25614 125
25615 145
25616 99
25617 87
25618 319
25619 142
25620 91
25621 121
25622 231
25623 102
25624 129
25625 162
25626 150
25627 103
25628 77
25629 31
25630 158
25631 78
25632 218
25633 206
25634 172
25635 68
25636 134
25637 79
25638 90
25639 136
25640 101
25641 141
25642 262
25643 80
25644 81
25645 60
25646 34
25647 147
25648 94
25649 252
25650 193
25651 79
25652 87
25653 122
25654 110
25655 89
25656 73
25657 238
25658 135
25659 129
25660 75
25661 91
25662 181
25663 65
25664 220
25665 47
25666 118
25667 106
25668 182
25669 177
25670 84
25671 169
25672 240
25673 123
25674 218
25675 73
25676 43
25677 123
25678 87
25679 173
25680 218
25681 124
25682 133
25683 77
25684 48
25685 126
25686 165
25687 58
25688 85
25689 254
25690 134
25691 -9
25692 133
25693 124
25694 113
25695 167
25696 131
25697 174
25698 94
25699 85
25700 73
25701 83
25702 152
25703 68
25704 63
25705 80
25706 157
25707 99
25708 152
25709 287
25710 121
25711 196
25712 151
25713 121
25714 202
25715 140
25716 91
25717 45
25718 64
25719 122
25720 185
25721 229
25722 18
25723 107
25724 86
25725 120
25726 99
25727 137
25728 51
25729 80
25730 233
25731 165
25732 59
25733 180
25734 140
25735 167
25736 61
25737 93
25738 172
25739 176
25740 161
25741 33
25742 151
25743 272
25744 135
25745 60
25746 260
25747 80
25748 178
25749 126
25750 29
25751 95
25752 156
25753 50
25754 96
25755 278
25756 136
25757 93
25758 197
25759 44
25760 104
25761 184
25762 228
25763 215
25764 130
25765 108
25766 173
25767 124
25768 137
25769 147
25770 104
25771 218
25772 91
25773 120
25774 210
25775 235
25776 60
25777 128
25778 191
25779 151
25780 137
25781 69
25782 50
25783 152
25784 42
25785 136
25786 88
25787 72
25788 179
25789 171
25790 127
25791 147
25792 123
25793 165
25794 233
25795 98
25796 114
25797 38
25798 154
25799 142
25800 96
25801 46
25802 119
25803 282
25804 85
25805 167
25806 215
25807 108
25808 96
25809 95
25810 87
25811 43
25812 88
25813 11
25814 171
25815 226
25816 96
25817 97
25818 155
25819 156
25820 138
25821 100
25822 173
25823 219
25824 284
25825 116
25826 194
25827 162
25828 145
25829 16
25830 112
25831 283
25832 131
25833 74
25834 12
25835 251
25836 254
25837 127
25838 62
25839 169
25840 176
25841 156
25842 0
25843 152
25844 105
25845 241
25846 92
25847 87
25848 98
25849 96
25850 119
25851 93
25852 77
25853 147
25854 155
25855 85
25856 193
25857 137
25858 51
25859 86
25860 92
25861 198
25862 93
25863 128
25864 211
25865 127
25866 76
25867 153
25868 0
25869 124
25870 203
25871 88
25872 130
25873 241
25874 144
25875 149
25876 144
25877 58
25878 186
25879 76
25880 199
25881 129
25882 148
25883 136
25884 155
25885 167
25886 90
25887 308
25888 101
25889 52
25890 135
25891 139
25892 63
25893 104
25894 105
25895 171
25896 88
25897 105
25898 144
25899 166
25900 81
25901 107
25902 303
25903 94
25904 110
25905 265
25906 141
25907 76
25908 185
25909 76
25910 123
25911 106
25912 207
25913 206
25914 122
25915 127
25916 127
25917 187
25918 120
25919 62
25920 139
25921 125
25922 137
25923 140
25924 29
25925 128
25926 23
25927 59
25928 197
25929 50
25930 156
25931 99
25932 158
25933 148
25934 178
25935 190
25936 52
25937 79
25938 259
25939 119
25940 154
25941 153
25942 239
25943 128
25944 150
25945 162
25946 284
25947 154
25948 161
25949 56
25950 107
25951 86
25952 132
25953 136
25954 151
25955 154
25956 96
25957 91
25958 258
25959 120
25960 107
25961 67
25962 62
25963 124
25964 35
25965 137
25966 117
25967 311
25968 68
25969 224
25970 93
25971 94
25972 182
25973 137
25974 94
25975 85
25976 171
25977 195
25978 80
25979 117
25980 175
25981 126
25982 149
25983 105
25984 130
25985 146
25986 311
25987 148
25988 124
25989 118
25990 125
25991 112
25992 130
25993 158
25994 156
25995 86
25996 185
25997 173
25998 35
25999 85
26000 95
26001 339
26002 78
26003 115
26004 151
26005 180
26006 118
26007 -5
26008 146
26009 191
26010 82
26011 104
26012 116
26013 159
26014 403
26015 326
26016 288
26017 144
26018 134
26019 85
26020 110
26021 141
26022 168
26023 138
26024 120
26025 107
26026 126
26027 162
26028 209
26029 39
26030 143
26031 74
26032 79
26033 91
26034 103
26035 86
26036 103
26037 198
26038 125
26039 143
26040 42
26041 136
26042 169
26043 54
26044 68
26045 122
26046 146
26047 171
26048 294
26049 166
26050 134
26051 157
26052 163
26053 196
26054 115
26055 64
26056 95
26057 107
26058 139
26059 122
26060 251
26061 185
26062 130
26063 117
26064 161
26065 146
26066 21
26067 103
26068 57
26069 58
26070 108
26071 156
26072 142
26073 378
26074 127
26075 89
26076 117
26077 230
26078 91
26079 169
26080 104
26081 185
26082 55
26083 120
26084 206
26085 198
26086 154
26087 150
26088 138
26089 148
26090 126
26091 88
26092 64
26093 131
26094 97
26095 150
26096 72
26097 92
26098 304
26099 107
26100 25
26101 75
26102 82
26103 82
26104 196
26105 36
26106 190
26107 288
26108 203
26109 113
26110 127
26111 111
26112 140
26113 131
26114 207
26115 252
26116 74
26117 130
26118 93
26119 111
26120 126
26121 123
26122 230
26123 125
26124 119
26125 176
26126 102
26127 41
26128 55
26129 98
26130 94
26131 67
26132 56
26133 128
26134 156
26135 123
26136 175
26137 212
26138 129
26139 47
26140 134
26141 181
26142 38
26143 124
26144 145
26145 117
26146 77
26147 93
26148 169
26149 113
26150 151
26151 96
26152 35
26153 195
26154 91
26155 341
26156 145
26157 207
26158 400
26159 160
26160 168
26161 212
26162 160
26163 203
26164 278
26165 -15
26166 48
26167 189
26168 133
26169 140
26170 137
26171 157
26172 96
26173 42
26174 116
26175 66
26176 201
26177 192
26178 96
26179 159
26180 63
26181 75
26182 217
26183 174
26184 16
26185 66
26186 182
26187 80
26188 98
26189 195
26190 287
26191 83
26192 109
26193 129
26194 74
26195 201
26196 166
26197 99
26198 161
26199 112
26200 105
26201 421
26202 175
26203 130
26204 210
26205 201
26206 116
26207 155
26208 46
26209 56
26210 82
26211 145
26212 55
26213 202
26214 112
26215 149
26216 55
26217 88
26218 94
26219 147
26220 203
26221 76
26222 175
26223 126
26224 119
26225 115
26226 192
26227 90
26228 57
26229 168
26230 249
26231 132
26232 285
26233 253
26234 107
26235 322
26236 86
26237 92
26238 114
26239 56
26240 61
26241 57
26242 143
26243 183
26244 180
26245 70
26246 146
26247 228
26248 99
26249 114
26250 99
26251 167
26252 178
26253 84
26254 162
26255 117
26256 81
26257 84
26258 143
26259 152
26260 41
26261 81
26262 121
26263 134
26264 62
26265 103
26266 154
26267 154
26268 248
26269 90
26270 142
26271 49
26272 126
26273 110
26274 75
26275 150
26276 124
26277 145
26278 57
26279 224
26280 177
26281 97
26282 170
26283 115
26284 172
26285 57
26286 114
26287 109
26288 109
26289 60
26290 205
26291 112
26292 205
26293 68
26294 221
26295 137
26296 111
26297 156
26298 11
26299 167
26300 115
26301 276
26302 200
26303 56
26304 128
26305 122
26306 168
26307 6
26308 84
26309 98
26310 88
26311 145
26312 195
26313 153
26314 107
26315 197
26316 180
26317 80
26318 48
26319 205
26320 112
26321 91
26322 147
26323 103
26324 188
26325 70
26326 297
26327 105
26328 146
26329 148
26330 134
26331 153
26332 55
26333 91
26334 152
26335 195
26336 131
26337 188
26338 124
26339 130
26340 153
26341 105
26342 72
26343 148
26344 48
26345 127
26346 123
26347 195
26348 157
26349 96
26350 150
26351 114
26352 155
26353 193
26354 152
26355 115
26356 153
26357 122
26358 85
26359 161
26360 137
26361 8
26362 146
26363 159
26364 185
26365 144
26366 180
26367 200
26368 128
26369 242
26370 50
26371 128
26372 23
26373 180
26374 85
26375 377
26376 136
26377 76
26378 111
26379 123
26380 30
26381 12
26382 155
26383 114
26384 66
26385 106
26386 153
26387 130
26388 90
26389 181
26390 176
26391 134
26392 43
26393 188
26394 26
26395 69
26396 107
26397 199
26398 151
26399 113
26400 131
26401 117
26402 97
26403 122
26404 63
26405 174
26406 30
26407 129
26408 132
26409 160
26410 107
26411 81
26412 124
26413 60
26414 35
26415 121
26416 55
26417 210
26418 155
26419 124
26420 104
26421 146
26422 228
26423 122
26424 125
26425 123
26426 170
26427 244
26428 198
26429 143
26430 187
26431 128
26432 52
26433 236
26434 88
26435 111
26436 177
26437 211
26438 101
26439 362
26440 122
26441 232
26442 90
26443 143
26444 93
26445 75
26446 102
26447 95
26448 132
26449 109
26450 239
26451 151
26452 137
26453 118
26454 145
26455 62
26456 171
26457 136
26458 153
26459 179
26460 144
26461 196
26462 167
26463 138
26464 85
26465 103
26466 59
26467 128
26468 300
26469 197
26470 127
26471 199
26472 142
26473 57
26474 75
26475 160
26476 66
26477 237
26478 194
26479 150
26480 83
26481 197
26482 117
26483 42
26484 118
26485 132
26486 102
26487 198
26488 95
26489 131
26490 127
26491 354
26492 144
26493 81
26494 201
26495 177
26496 106
26497 47
26498 133
26499 232
26500 211
26501 31
26502 215
26503 151
26504 105
26505 168
26506 246
26507 145
26508 146
26509 118
26510 84
26511 119
26512 69
26513 165
26514 181
26515 -19
26516 124
26517 159
26518 121
26519 108
26520 77
26521 154
26522 47
26523 110
26524 121
26525 124
26526 78
26527 131
26528 90
26529 166
26530 242
26531 114
26532 233
26533 210
26534 76
26535 166
26536 112
26537 163
26538 43
26539 143
26540 163
26541 204
26542 85
26543 141
26544 115
26545 123
26546 188
26547 206
26548 125
26549 166
26550 130
26551 149
26552 163
26553 60
26554 160
26555 20
26556 72
26557 135
26558 164
26559 76
26560 138
26561 196
26562 147
26563 113
26564 135
26565 131
26566 115
26567 68
26568 148
26569 154
26570 131
26571 200
26572 255
26573 169
26574 122
26575 245
26576 82
26577 121
26578 53
26579 236
26580 26
26581 131
26582 71
26583 171
26584 89
26585 62
26586 103
26587 65
26588 122
26589 65
26590 162
26591 15
26592 58
26593 187
26594 179
26595 143
26596 157
26597 154
26598 162
26599 146
26600 54
26601 125
26602 149
26603 96
26604 147
26605 97
26606 83
26607 72
26608 128
26609 262
26610 146
26611 82
26612 137
26613 124
26614 122
26615 34
26616 306
26617 46
26618 144
26619 125
26620 223
26621 0
26622 161
26623 170
26624 141
26625 192
26626 156
26627 267
26628 188
26629 73
26630 170
26631 46
26632 55
26633 151
26634 144
26635 221
26636 110
26637 187
26638 100
26639 124
26640 179
26641 76
26642 101
26643 153
26644 130
26645 139
26646 55
26647 225
26648 197
26649 115
26650 223
26651 177
26652 139
26653 63
26654 160
26655 59
26656 123
26657 264
26658 93
26659 115
26660 128
26661 106
26662 197
26663 116
26664 177
26665 232
26666 212
26667 114
26668 129
26669 106
26670 137
26671 30
26672 105
26673 79
26674 24
26675 215
26676 152
26677 154
26678 133
26679 173
26680 143
26681 226
26682 113
26683 71
26684 97
26685 161
26686 190
26687 104
26688 119
26689 183
26690 182
26691 115
26692 131
26693 87
26694 124
26695 98
26696 126
26697 183
26698 108
26699 116
26700 188
26701 103
26702 149
26703 151
26704 90
26705 128
26706 227
26707 35
26708 131
26709 184
26710 116
26711 226
26712 99
26713 176
26714 168
26715 268
26716 120
26717 84
26718 147
26719 97
26720 219
26721 57
26722 128
26723 234
26724 117
26725 239
26726 147
26727 186
26728 69
26729 93
26730 73
26731 332
26732 128
26733 221
26734 87
26735 113
26736 132
26737 92
26738 138
26739 75
26740 68
26741 237
26742 281
26743 128
26744 33
26745 55
26746 133
26747 195
26748 170
26749 95
26750 100
26751 211
26752 298
26753 66
26754 59
26755 168
26756 195
26757 88
26758 109
26759 61
26760 67
26761 155
26762 116
26763 245
26764 91
26765 242
26766 52
26767 80
26768 118
26769 45
26770 102
26771 81
26772 108
26773 37
26774 146
26775 169
26776 171
26777 134
26778 193
26779 154
26780 171
26781 117
26782 152
26783 174
26784 195
26785 68
26786 100
26787 160
26788 75
26789 81
26790 141
26791 179
26792 139
26793 126
26794 256
26795 138
26796 185
26797 195
26798 98
26799 111
26800 133
26801 156
26802 52
26803 170
26804 116
26805 106
26806 186
26807 180
26808 122
26809 308
26810 162
26811 198
26812 250
26813 110
26814 117
26815 176
26816 183
26817 76
26818 83
26819 110
26820 109
26821 127
26822 47
26823 267
26824 172
26825 64
26826 123
26827 68
26828 116
26829 129
26830 45
26831 218
26832 174
26833 111
26834 121
26835 76
26836 56
26837 191
26838 156
26839 260
26840 132
26841 105
26842 79
26843 71
26844 47
26845 233
26846 102
26847 70
26848 124
26849 255
26850 61
26851 20
26852 235
26853 85
26854 145
26855 259
26856 151
26857 58
26858 118
26859 161
26860 59
26861 169
26862 141
26863 113
26864 76
26865 137
26866 185
26867 94
26868 87
26869 98
26870 233
26871 109
26872 67
26873 38
26874 154
26875 27
26876 89
26877 94
26878 50
26879 30
26880 156
26881 52
26882 180
26883 141
26884 118
26885 115
26886 54
26887 108
26888 150
26889 145
26890 183
26891 141
26892 131
26893 173
26894 81
26895 105
26896 256
26897 133
26898 156
26899 166
26900 77
26901 116
26902 98
26903 159
26904 201
26905 105
26906 132
26907 121
26908 127
26909 68
26910 92
26911 178
26912 139
26913 182
26914 106
26915 128
26916 112
26917 152
26918 151
26919 71
26920 88
26921 111
26922 169
26923 79
26924 68
26925 117
26926 155
26927 103
26928 62
26929 72
26930 87
26931 132
26932 149
26933 252
26934 75
26935 67
26936 155
26937 66
26938 137
26939 85
26940 212
26941 74
26942 91
26943 116
26944 81
26945 134
26946 105
26947 139
26948 28
26949 119
26950 65
26951 84
26952 190
26953 92
26954 57
26955 112
26956 212
26957 137
26958 119
26959 164
26960 185
26961 326
26962 72
26963 174
26964 203
26965 81
26966 228
26967 48
26968 152
26969 84
26970 82
26971 125
26972 186
26973 135
26974 131
26975 53
26976 150
26977 111
26978 122
26979 136
26980 156
26981 -13
26982 57
26983 25
26984 217
26985 225
26986 73
26987 81
26988 134
26989 104
26990 18
26991 73
26992 148
26993 92
26994 54
26995 102
26996 193
26997 106
26998 225
26999 178
27000 263
27001 40
27002 154
27003 129
27004 161
27005 94
27006 101
27007 81
27008 148
27009 146
27010 178
27011 175
27012 118
27013 130
27014 119
27015 131
27016 61
27017 202
27018 118
27019 153
27020 51
27021 128
27022 115
27023 189
27024 249
27025 28
27026 82
27027 133
27028 100
27029 92
27030 113
27031 167
27032 177
27033 208
27034 85
27035 195
27036 142
27037 81
27038 58
27039 57
27040 143
27041 135
27042 87
27043 229
27044 43
27045 186
27046 85
27047 136
27048 107
27049 96
27050 143
27051 188
27052 95
27053 138
27054 172
27055 122
27056 77
27057 120
27058 113
27059 221
27060 136
27061 62
27062 109
27063 156
27064 99
27065 193
27066 103
27067 240
27068 143
27069 114
27070 214
27071 184
27072 181
27073 93
27074 200
27075 194
27076 78
27077 199
27078 108
27079 221
27080 164
27081 106
27082 38
27083 145
27084 155
27085 216
27086 156
27087 127
27088 114
27089 171
27090 86
27091 113
27092 135
27093 111
27094 196
27095 41
27096 198
27097 132
27098 126
27099 125
27100 177
27101 93
27102 111
27103 218
27104 155
27105 151
27106 78
27107 137
27108 64
27109 118
27110 235
27111 148
27112 47
27113 202
27114 126
27115 120
27116 99
27117 259
27118 145
27119 176
27120 178
27121 88
27122 120
27123 118
27124 233
27125 117
27126 160
27127 102
27128 156
27129 195
27130 138
27131 167
27132 139
27133 160
27134 111
27135 185
27136 167
27137 150
27138 108
27139 30
27140 128
27141 79
27142 69
27143 101
27144 369
27145 126
27146 122
27147 245
27148 71
27149 310
27150 187
27151 136
27152 84
27153 97
27154 150
27155 69
27156 94
27157 92
27158 165
27159 125
27160 169
27161 182
27162 176
27163 101
27164 98
27165 48
27166 133
27167 137
27168 148
27169 131
27170 221
27171 72
27172 73
27173 99
27174 108
27175 65
27176 154
27177 281
27178 150
27179 304
27180 136
27181 195
27182 112
27183 124
27184 103
27185 115
27186 120
27187 107
27188 81
27189 147
27190 129
27191 69
27192 164
27193 69
27194 56
27195 129
27196 176
27197 117
27198 210
27199 187
27200 125
27201 113
27202 93
27203 131
27204 217
27205 109
27206 168
27207 199
27208 161
27209 164
27210 143
27211 116
27212 138
27213 128
27214 198
27215 162
27216 146
27217 156
27218 182
27219 207
27220 148
27221 209
27222 108
27223 119
27224 287
27225 175
27226 109
27227 163
27228 76
27229 155
27230 46
27231 152
27232 85
27233 115
27234 69
27235 76
27236 190
27237 193
27238 117
27239 159
27240 74
27241 124
27242 72
27243 181
27244 171
27245 142
27246 124
27247 99
27248 149
27249 83
27250 134
27251 115
27252 108
27253 105
27254 120
27255 93
27256 200
27257 234
27258 52
27259 152
27260 197
27261 94
27262 130
27263 35
27264 128
27265 226
27266 153
27267 174
27268 128
27269 125
27270 168
27271 164
27272 107
27273 202
27274 166
27275 156
27276 141
27277 162
27278 284
27279 150
27280 123
27281 59
27282 201
27283 193
27284 251
27285 233
27286 33
27287 40
27288 103
27289 191
27290 147
27291 65
27292 164
27293 76
27294 89
27295 148
27296 78
27297 90
27298 197
27299 198
27300 148
27301 79
27302 16
27303 234
27304 82
27305 111
27306 116
27307 138
27308 73
27309 65
27310 153
27311 191
27312 115
27313 127
27314 142
27315 140
27316 103
27317 123
27318 94
27319 4
27320 147
27321 212
27322 296
27323 198
27324 149
27325 97
27326 146
27327 96
27328 151
27329 83
27330 137
27331 262
27332 72
27333 109
27334 158
27335 98
27336 81
27337 110
27338 148
27339 238
27340 204
27341 99
27342 157
27343 82
27344 79
27345 195
27346 114
27347 62
27348 146
27349 130
27350 63
27351 122
27352 129
27353 158
27354 61
27355 180
27356 120
27357 54
27358 128
27359 137
27360 169
27361 103
27362 68
27363 97
27364 89
27365 166
27366 129
27367 122
27368 168
27369 124
27370 84
27371 9
27372 115
27373 174
27374 86
27375 68
27376 104
27377 161
27378 186
27379 60
27380 159
27381 77
27382 78
27383 330
27384 251
27385 107
27386 102
27387 93
27388 94
27389 106
27390 232
27391 53
27392 90
27393 144
27394 146
27395 142
27396 113
27397 104
27398 150
27399 144
27400 167
27401 74
27402 49
27403 140
27404 108
27405 73
27406 73
27407 130
27408 172
27409 72
27410 108
27411 122
27412 194
27413 147
27414 167
27415 101
27416 54
27417 102
27418 166
27419 27
27420 176
27421 193
27422 176
27423 133
27424 134
27425 237
27426 134
27427 115
27428 54
27429 162
27430 57
27431 284
27432 80
27433 110
27434 110
27435 136
27436 247
27437 72
27438 163
27439 65
27440 197
27441 106
27442 150
27443 132
27444 107
27445 208
27446 165
27447 53
27448 164
27449 388
27450 186
27451 215
27452 76
27453 99
27454 40
27455 274
27456 117
27457 152
27458 72
27459 44
27460 141
27461 88
27462 224
27463 148
27464 66
27465 149
27466 120
27467 225
27468 112
27469 64
27470 174
27471 185
27472 263
27473 146
27474 140
27475 76
27476 116
27477 114
27478 208
27479 65
27480 92
27481 226
27482 157
27483 160
27484 134
27485 113
27486 113
27487 106
27488 231
27489 77
27490 149
27491 89
27492 100
27493 159
27494 31
27495 167
27496 107
27497 203
27498 116
27499 98
27500 141
27501 97
27502 120
27503 154
27504 143
27505 262
27506 109
27507 165
27508 106
27509 160
27510 38
27511 62
27512 111
27513 131
27514 111
27515 82
27516 99
27517 167
27518 93
27519 40
27520 108
27521 119
27522 80
27523 188
27524 100
27525 107
27526 96
27527 65
27528 132
27529 166
27530 132
27531 64
27532 57
27533 87
27534 107
27535 88
27536 38
27537 148
27538 115
27539 145
27540 136
27541 195
27542 117
27543 68
27544 93
27545 330
27546 132
27547 179
27548 236
27549 19
27550 228
27551 158
27552 128
27553 163
27554 96
27555 110
27556 100
27557 77
27558 186
27559 141
27560 77
27561 129
27562 104
27563 145
27564 185
27565 213
27566 105
27567 56
27568 106
27569 129
27570 147
27571 107
27572 70
27573 75
27574 74
27575 68
27576 87
27577 151
27578 141
27579 83
27580 164
27581 38
27582 138
27583 82
27584 92
27585 63
27586 57
27587 131
27588 114
27589 183
27590 177
27591 227
27592 29
27593 188
27594 101
27595 112
27596 160
27597 72
27598 35
27599 184
27600 105
27601 152
27602 186
27603 197
27604 167
27605 188
27606 168
27607 137
27608 116
27609 99
27610 22
27611 428
27612 157
27613 76
27614 153
27615 287
27616 99
27617 109
27618 152
27619 165
27620 174
27621 143
27622 129
27623 71
27624 216
27625 77
27626 -4
27627 127
27628 123
27629 194
27630 157
27631 138
27632 166
27633 169
27634 104
27635 202
27636 109
27637 131
27638 47
27639 128
27640 88
27641 121
27642 212
27643 128
27644 73
27645 67
27646 122
27647 86
27648 107
27649 53
27650 66
27651 139
27652 87
27653 180
27654 94
27655 141
27656 180
27657 78
27658 182
27659 84
27660 135
27661 200
27662 111
27663 172
27664 90
27665 126
27666 99
27667 139
27668 302
27669 108
27670 64
27671 154
27672 161
27673 100
27674 180
27675 326
27676 181
27677 103
27678 194
27679 -4
27680 288
27681 137
27682 56
27683 152
27684 17
27685 160
27686 344
27687 245
27688 94
27689 144
27690 125
27691 135
27692 -1
27693 314
27694 163
27695 122
27696 219
27697 96
27698 185
27699 144
27700 107
27701 114
27702 116
27703 107
27704 150
27705 91
27706 95
27707 157
27708 36
27709 147
27710 48
27711 253
27712 57
27713 159
27714 159
27715 126
27716 59
27717 111
27718 148
27719 145
27720 113
27721 109
27722 163
27723 110
27724 101
27725 110
27726 107
27727 93
27728 175
27729 173
27730 147
27731 235
27732 91
27733 115
27734 172
27735 166
27736 112
27737 65
27738 298
27739 215
27740 101
27741 78
27742 132
27743 111
27744 159
27745 269
27746 119
27747 146
27748 143
27749 192
27750 171
27751 220
27752 103
27753 150
27754 158
27755 92
27756 113
27757 253
27758 41
27759 202
27760 129
27761 90
27762 117
27763 141
27764 133
27765 108
27766 84
27767 169
27768 246
27769 171
27770 215
27771 42
27772 190
27773 204
27774 66
27775 117
27776 160
27777 192
27778 149
27779 114
27780 120
27781 357
27782 217
27783 116
27784 151
27785 314
27786 111
27787 141
27788 123
27789 133
27790 93
27791 187
27792 80
27793 147
27794 126
27795 41
27796 68
27797 137
27798 154
27799 131
27800 107
27801 141
27802 55
27803 332
27804 99
27805 128
27806 153
27807 58
27808 75
27809 28
27810 203
27811 101
27812 69
27813 83
27814 83
27815 47
27816 162
27817 174
27818 170
27819 94
27820 80
27821 145
27822 91
27823 190
27824 172
27825 55
27826 170
27827 139
27828 153
27829 157
27830 125
27831 162
27832 119
27833 86
27834 165
27835 103
27836 171
27837 22
27838 70
27839 141
27840 328
27841 193
27842 70
27843 143
27844 42
27845 245
27846 47
27847 61
27848 97
27849 98
27850 90
27851 110
27852 180
27853 177
27854 183
27855 103
27856 152
27857 178
27858 122
27859 206
27860 127
27861 218
27862 67
27863 180
27864 46
27865 189
27866 220
27867 172
27868 -12
27869 133
27870 75
27871 137
27872 325
27873 212
27874 151
27875 155
27876 138
27877 50
27878 103
27879 153
27880 229
27881 47
27882 164
27883 124
27884 111
27885 99
27886 61
27887 89
27888 138
27889 146
27890 128
27891 201
27892 216
27893 132
27894 140
27895 148
27896 76
27897 150
27898 77
27899 84
27900 91
27901 104
27902 99
27903 125
27904 208
27905 72
27906 114
27907 199
27908 130
27909 51
27910 196
27911 341
27912 191
27913 50
27914 169
27915 94
27916 112
27917 170
27918 134
27919 55
27920 97
27921 103
27922 22
27923 232
27924 251
27925 50
27926 149
27927 58
27928 33
27929 212
27930 293
27931 195
27932 166
27933 209
27934 117
27935 90
27936 146
27937 204
27938 262
27939 155
27940 115
27941 93
27942 53
27943 152
27944 126
27945 131
27946 109
27947 189
27948 106
27949 98
27950 105
27951 148
27952 141
27953 117
27954 137
27955 143
27956 111
27957 94
27958 120
27959 227
27960 256
27961 92
27962 81
27963 119
27964 106
27965 209
27966 112
27967 140
27968 125
27969 150
27970 121
27971 344
27972 207
27973 144
27974 131
27975 70
27976 144
27977 89
27978 120
27979 128
27980 98
27981 123
27982 46
27983 157
27984 77
27985 49
27986 93
27987 120
27988 133
27989 73
27990 109
27991 158
27992 131
27993 205
27994 252
27995 217
27996 143
27997 265
27998 135
27999 134
28000 89
28001 136
28002 205
28003 171
28004 81
28005 17
28006 138
28007 173
28008 85
28009 110
28010 130
28011 66
28012 165
28013 127
28014 176
28015 60
28016 132
28017 127
28018 210
28019 70
28020 150
28021 220
28022 128
28023 101
28024 304
28025 34
28026 63
28027 87
28028 28
28029 228
28030 94
28031 103
28032 102
28033 115
28034 99
28035 115
28036 61
28037 56
28038 107
28039 206
28040 168
28041 142
28042 164
28043 58
28044 140
28045 144
28046 146
28047 162
28048 160
28049 148
28050 118
28051 127
28052 119
28053 129
28054 130
28055 156
28056 134
28057 105
28058 119
28059 72
28060 102
28061 145
28062 24
28063 67
28064 183
28065 91
28066 27
28067 125
28068 146
28069 114
28070 90
28071 124
28072 125
28073 182
28074 122
28075 123
28076 185
28077 100
28078 155
28079 164
28080 212
28081 68
28082 98
28083 58
28084 72
28085 22
28086 136
28087 131
28088 226
28089 121
28090 75
28091 118
28092 125
28093 115
28094 140
28095 102
28096 176
28097 104
28098 146
28099 259
28100 99
28101 203
28102 170
28103 103
28104 127
28105 202
28106 179
28107 64
28108 35
28109 138
28110 209
28111 123
28112 104
28113 70
28114 155
28115 98
28116 345
28117 192
28118 85
28119 120
28120 145
28121 143
28122 117
28123 163
28124 88
28125 104
28126 62
28127 172
28128 162
28129 51
28130 125
28131 164
28132 100
28133 264
28134 89
28135 115
28136 116
28137 243
28138 287
28139 96
28140 127
28141 61
28142 134
28143 79
28144 100
28145 93
28146 55
28147 221
28148 18
28149 100
28150 22
28151 136
28152 116
28153 54
28154 69
28155 133
28156 90
28157 138
28158 62
28159 50
28160 67
28161 131
28162 104
28163 93
28164 103
28165 138
28166 155
28167 137
28168 141
28169 107
28170 122
28171 210
28172 192
28173 424
28174 80
28175 116
28176 142
28177 107
28178 135
28179 145
28180 102
28181 127
28182 118
28183 103
28184 166
28185 76
28186 169
28187 114
28188 141
28189 179
28190 118
28191 88
28192 71
28193 163
28194 145
28195 130
28196 132
28197 89
28198 144
28199 83
28200 169
28201 7
28202 46
28203 88
28204 -11
28205 99
28206 194
28207 186
28208 97
28209 78
28210 154
28211 121
28212 154
28213 51
28214 122
28215 126
28216 21
28217 54
28218 134
28219 181
28220 92
28221 232
28222 66
28223 127
28224 95
28225 371
28226 95
28227 202
28228 85
28229 146
28230 166
28231 96
28232 161
28233 163
28234 156
28235 17
28236 71
28237 62
28238 92
28239 40
28240 201
28241 122
28242 52
28243 201
28244 290
28245 168
28246 98
28247 138
28248 182
28249 170
28250 252
28251 201
28252 106
28253 68
28254 152
28255 57
28256 147
28257 160
28258 147
28259 53
28260 93
28261 54
28262 148
28263 164
28264 94
28265 146
28266 131
28267 198
28268 98
28269 151
28270 84
28271 171
28272 162
28273 42
28274 119
28275 129
28276 90
28277 124
28278 104
28279 171
28280 101
28281 76
28282 245
28283 142
28284 184
28285 169
28286 87
28287 62
28288 123
28289 112
28290 216
28291 145
28292 90
28293 139
28294 117
28295 167
28296 40
28297 124
28298 148
28299 140
28300 15
28301 51
28302 142
28303 88
28304 60
28305 106
28306 70
28307 29
28308 112
28309 117
28310 67
28311 228
28312 227
28313 133
28314 201
28315 72
28316 157
28317 168
28318 153
28319 129
28320 132
28321 169
28322 148
28323 107
28324 71
28325 98
28326 97
28327 62
28328 148
28329 153
28330 129
28331 113
28332 88
28333 112
28334 84
28335 55
28336 76
28337 112
28338 140
28339 58
28340 119
28341 106
28342 82
28343 139
28344 143
28345 150
28346 52
28347 132
28348 162
28349 181
28350 40
28351 117
28352 92
28353 270
28354 172
28355 137
28356 131
28357 146
28358 55
28359 297
28360 66
28361 135
28362 -5
28363 279
28364 108
28365 135
28366 142
28367 97
28368 83
28369 207
28370 38
28371 165
28372 115
28373 134
28374 100
28375 212
28376 115
28377 134
28378 152
28379 116
28380 100
28381 52
28382 147
28383 170
28384 217
28385 79
28386 229
28387 132
28388 141
28389 159
28390 101
28391 133
28392 100
28393 120
28394 142
28395 111
28396 218
28397 215
28398 118
28399 114
28400 53
28401 128
28402 250
28403 132
28404 135
28405 186
28406 136
28407 61
28408 75
28409 182
28410 108
28411 109
28412 121
28413 159
28414 149
28415 45
28416 149
28417 138
28418 172
28419 91
28420 150
28421 243
28422 103
28423 180
28424 165
28425 70
28426 157
28427 186
28428 170
28429 131
28430 82
28431 44
28432 101
28433 120
28434 165
28435 124
28436 186
28437 135
28438 81
28439 66
28440 254
28441 54
28442 70
28443 143
28444 115
28445 88
28446 100
28447 144
28448 173
28449 121
28450 146
28451 89
28452 212
28453 80
28454 495
28455 170
28456 129
28457 80
28458 80
28459 59
28460 108
28461 231
28462 179
28463 89
28464 117
28465 222
28466 107
28467 210
28468 156
28469 128
28470 92
28471 176
28472 79
28473 170
28474 34
28475 95
28476 172
28477 50
28478 191
28479 152
28480 95
28481 18
28482 57
28483 61
28484 95
28485 110
28486 90
28487 31
28488 211
28489 123
28490 127
28491 11
28492 151
28493 103
28494 127
28495 177
28496 96
28497 135
28498 143
28499 90
28500 179
28501 87
28502 133
28503 236
28504 112
28505 122
28506 113
28507 188
28508 96
28509 139
28510 118
28511 199
28512 65
28513 154
28514 98
28515 50
28516 167
28517 136
28518 98
28519 76
28520 82
28521 148
28522 104
28523 188
28524 162
28525 136
28526 134
28527 91
28528 120
28529 186
28530 73
28531 47
28532 85
28533 79
28534 74
28535 121
28536 92
28537 84
28538 143
28539 91
28540 105
28541 96
28542 69
28543 77
28544 328
28545 148
28546 203
28547 204
28548 197
28549 260
28550 186
28551 127
28552 206
28553 202
28554 70
28555 45
28556 59
28557 141
28558 22
28559 110
28560 57
28561 126
28562 143
28563 123
28564 95
28565 176
28566 124
28567 187
28568 49
28569 222
28570 167
28571 236
28572 67
28573 46
28574 134
28575 96
28576 147
28577 85
28578 129
28579 118
28580 62
28581 157
28582 104
28583 169
28584 67
28585 107
28586 127
28587 224
28588 97
28589 137
28590 140
28591 104
28592 152
28593 232
28594 122
28595 125
28596 74
28597 111
28598 143
28599 38
28600 135
28601 66
28602 274
28603 197
28604 61
28605 132
28606 100
28607 98
28608 197
28609 83
28610 190
28611 24
28612 185
28613 80
28614 143
28615 151
28616 94
28617 179
28618 296
28619 113
28620 111
28621 168
28622 204
28623 82
28624 72
28625 169
28626 249
28627 136
28628 207
28629 171
28630 243
28631 88
28632 35
28633 180
28634 190
28635 109
28636 84
28637 136
28638 84
28639 193
28640 161
28641 58
28642 63
28643 162
28644 81
28645 90
28646 154
28647 177
28648 162
28649 101
28650 168
28651 94
28652 219
28653 148
28654 87
28655 64
28656 46
28657 63
28658 138
28659 113
28660 115
28661 58
28662 122
28663 82
28664 35
28665 204
28666 125
28667 98
28668 127
28669 130
28670 108
28671 180
28672 102
28673 150
28674 71
28675 102
28676 109
28677 128
28678 87
28679 91
28680 148
28681 403
28682 111
28683 92
28684 120
28685 117
28686 189
28687 115
28688 139
28689 82
28690 187
28691 157
28692 87
28693 282
28694 166
28695 76
28696 89
28697 177
28698 77
28699 71
28700 97
28701 147
28702 113
28703 108
28704 101
28705 123
28706 50
28707 149
28708 62
28709 118
28710 151
28711 188
28712 86
28713 113
28714 182
28715 140
28716 158
28717 25
28718 114
28719 203
28720 264
28721 129
28722 104
28723 126
28724 56
28725 166
28726 113
28727 80
28728 159
28729 230
28730 163
28731 181
28732 301
28733 162
28734 121
28735 92
28736 99
28737 207
28738 186
28739 207
28740 149
28741 119
28742 29
28743 176
28744 53
28745 187
28746 149
28747 154
28748 143
28749 179
28750 200
28751 169
28752 191
28753 202
28754 42
28755 136
28756 117
28757 116
28758 155
28759 61
28760 189
28761 80
28762 29
28763 131
28764 99
28765 165
28766 37
28767 171
28768 186
28769 129
28770 68
28771 89
28772 88
28773 56
28774 173
28775 155
28776 49
28777 105
28778 118
28779 114
28780 192
28781 78
28782 140
28783 69
28784 145
28785 142
28786 323
28787 184
28788 121
28789 99
28790 155
28791 119
28792 228
28793 81
28794 121
28795 112
28796 153
28797 127
28798 48
28799 126
28800 92
28801 28
28802 167
28803 202
28804 110
28805 82
28806 79
28807 87
28808 37
28809 134
28810 136
28811 119
28812 163
28813 149
28814 46
28815 49
28816 316
28817 153
28818 78
28819 85
28820 132
28821 157
28822 213
28823 159
28824 142
28825 195
28826 126
28827 115
28828 132
28829 115
28830 100
28831 158
28832 218
28833 294
28834 87
28835 193
28836 133
28837 225
28838 48
28839 207
28840 75
28841 125
28842 112
28843 216
28844 94
28845 76
28846 117
28847 111
28848 61
28849 70
28850 194
28851 109
28852 115
28853 223
28854 155
28855 120
28856 137
28857 243
28858 125
28859 52
28860 103
28861 46
28862 149
28863 153
28864 196
28865 145
28866 101
28867 113
28868 107
28869 65
28870 151
28871 147
28872 80
28873 87
28874 150
28875 137
28876 130
28877 106
28878 147
28879 54
28880 113
28881 215
28882 102
28883 56
28884 62
28885 184
28886 62
28887 170
28888 74
28889 118
28890 116
28891 38
28892 54
28893 192
28894 34
28895 134
28896 46
28897 155
28898 125
28899 269
28900 62
28901 168
28902 209
28903 51
28904 193
28905 183
28906 199
28907 154
28908 70
28909 80
28910 148
28911 145
28912 164
28913 107
28914 150
28915 159
28916 91
28917 204
28918 74
28919 102
28920 96
28921 124
28922 209
28923 220
28924 100
28925 140
28926 267
28927 68
28928 32
28929 115
28930 104
28931 268
28932 139
28933 95
28934 267
28935 112
28936 176
28937 135
28938 171
28939 192
28940 201
28941 83
28942 201
28943 150
28944 97
28945 154
28946 74
28947 193
28948 151
28949 75
28950 226
28951 207
28952 30
28953 230
28954 45
28955 88
28956 221
28957 120
28958 193
28959 153
28960 128
28961 210
28962 167
28963 152
28964 118
28965 47
28966 80
28967 210
28968 114
28969 159
28970 122
28971 157
28972 44
28973 104
28974 128
28975 137
28976 116
28977 158
28978 166
28979 147
28980 126
28981 139
28982 114
28983 107
28984 118
28985 151
28986 136
28987 72
28988 190
28989 135
28990 40
28991 160
28992 232
28993 170
28994 242
28995 127
28996 83
28997 160
28998 144
28999 66
29000 154
29001 223
29002 135
29003 143
29004 81
29005 137
29006 110
29007 133
29008 182
29009 86
29010 116
29011 18
29012 128
29013 17
29014 170
29015 154
29016 231
29017 54
29018 204
29019 194
29020 89
29021 105
29022 102
29023 152
29024 154
29025 52
29026 110
29027 197
29028 145
29029 156
29030 49
29031 139
29032 74
29033 177
29034 96
29035 46
29036 100
29037 153
29038 100
29039 90
29040 112
29041 96
29042 123
29043 152
29044 102
29045 66
29046 31
29047 133
29048 105
29049 103
29050 113
29051 149
29052 76
29053 173
29054 368
29055 122
29056 129
29057 41
29058 187
29059 19
29060 193
29061 219
29062 293
29063 158
29064 216
29065 117
29066 152
29067 117
29068 128
29069 127
29070 113
29071 105
29072 158
29073 65
29074 223
29075 141
29076 105
29077 153
29078 83
29079 63
29080 102
29081 90
29082 109
29083 157
29084 -20
29085 22
29086 120
29087 109
29088 104
29089 85
29090 158
29091 95
29092 96
29093 112
29094 81
29095 67
29096 129
29097 87
29098 166
29099 100
29100 137
29101 117
29102 84
29103 160
29104 123
29105 151
29106 59
29107 117
29108 39
29109 145
29110 100
29111 287
29112 185
29113 101
29114 158
29115 147
29116 43
29117 137
29118 147
29119 157
29120 124
29121 17
29122 148
29123 111
29124 98
29125 132
29126 162
29127 122
29128 106
29129 117
29130 115
29131 127
29132 108
29133 189
29134 141
29135 67
29136 125
29137 139
29138 130
29139 124
29140 56
29141 212
29142 62
29143 144
29144 260
29145 84
29146 170
29147 88
29148 147
29149 100
29150 159
29151 127
29152 108
29153 69
29154 172
29155 107
29156 42
29157 37
29158 107
29159 144
29160 189
29161 97
29162 177
29163 184
29164 72
29165 145
29166 321
29167 253
29168 155
29169 127
29170 129
29171 131
29172 98
29173 108
29174 103
29175 121
29176 97
29177 139
29178 105
29179 144
29180 226
29181 137
29182 77
29183 106
29184 113
29185 112
29186 251
29187 60
29188 119
29189 119
29190 94
29191 194
29192 110
29193 127
29194 142
29195 159
29196 115
29197 159
29198 129
29199 218
29200 129
29201 196
29202 126
29203 122
29204 28
29205 172
29206 99
29207 117
29208 178
29209 98
29210 111
29211 84
29212 382
29213 104
29214 153
29215 85
29216 163
29217 179
29218 203
29219 135
29220 185
29221 169
29222 94
29223 121
29224 98
29225 309
29226 179
29227 78
29228 178
29229 58
29230 283
29231 153
29232 84
29233 131
29234 126
29235 100
29236 55
29237 136
29238 9
29239 77
29240 75
29241 125
29242 192
29243 187
29244 156
29245 126
29246 97
29247 146
29248 102
29249 261
29250 168
29251 23
29252 208
29253 101
29254 72
29255 170
29256 103
29257 25
29258 183
29259 26
29260 143
29261 152
29262 59
29263 218
29264 20
29265 85
29266 110
29267 119
29268 184
29269 208
29270 107
29271 108
29272 218
29273 64
29274 43
29275 180
29276 114
29277 236
29278 104
29279 75
29280 250
29281 164
29282 99
29283 103
29284 104
29285 48
29286 121
29287 95
29288 198
29289 91
29290 145
29291 34
29292 146
29293 174
29294 246
29295 128
29296 64
29297 180
29298 128
29299 187
29300 205
29301 171
29302 97
29303 256
29304 8
29305 127
29306 93
29307 127
29308 174
29309 153
29310 204
29311 112
29312 139
29313 124
29314 74
29315 161
29316 77
29317 110
29318 284
29319 180
29320 131
29321 97
29322 157
29323 320
29324 109
29325 22
29326 107
29327 124
29328 95
29329 138
29330 50
29331 99
29332 90
29333 137
29334 44
29335 58
29336 88
29337 175
29338 117
29339 89
29340 119
29341 110
29342 155
29343 151
29344 75
29345 220
29346 96
29347 104
29348 106
29349 209
29350 117
29351 97
29352 156
29353 75
29354 108
29355 142
29356 70
29357 143
29358 192
29359 88
29360 141
29361 39
29362 76
29363 89
29364 32
29365 129
29366 120
29367 78
29368 88
29369 109
29370 189
29371 187
29372 115
29373 24
29374 114
29375 227
29376 103
29377 38
29378 138
29379 157
29380 206
29381 98
29382 215
29383 190
29384 120
29385 128
29386 56
29387 83
29388 96
29389 188
29390 133
29391 90
29392 105
29393 163
29394 144
29395 152
29396 252
29397 114
29398 238
29399 130
29400 199
29401 59
29402 98
29403 107
29404 134
29405 66
29406 170
29407 107
29408 235
29409 146
29410 129
29411 136
29412 94
29413 163
29414 14
29415 106
29416 112
29417 97
29418 88
29419 118
29420 89
29421 55
29422 149
29423 193
29424 60
29425 127
29426 90
29427 92
29428 176
29429 68
29430 84
29431 69
29432 212
29433 136
29434 142
29435 119
29436 153
29437 113
29438 106
29439 170
29440 179
29441 236
29442 90
29443 144
29444 89
29445 114
29446 72
29447 231
29448 74
29449 141
29450 66
29451 83
29452 44
29453 111
29454 106
29455 109
29456 140
29457 93
29458 147
29459 87
29460 132
29461 105
29462 120
29463 124
29464 110
29465 91
29466 74
29467 60
29468 88
29469 160
29470 135
29471 102
29472 102
29473 200
29474 143
29475 121
29476 87
29477 202
29478 90
29479 54
29480 119
29481 155
29482 65
29483 213
29484 49
29485 137
29486 105
29487 81
29488 50
29489 141
29490 142
29491 153
29492 109
29493 174
29494 156
29495 36
29496 224
29497 98
29498 156
29499 44
29500 138
29501 117
29502 122
29503 79
29504 29
29505 109
29506 134
29507 208
29508 137
29509 136
29510 115
29511 115
29512 51
29513 161
29514 119
29515 81
29516 164
29517 20
29518 129
29519 93
29520 194
29521 192
29522 86
29523 108
29524 169
29525 138
29526 189
29527 89
29528 163
29529 128
29530 69
29531 77
29532 123
29533 34
29534 128
29535 215
29536 110
29537 124
29538 58
29539 158
29540 264
29541 131
29542 129
29543 127
29544 76
29545 131
29546 116
29547 178
29548 29
29549 156
29550 115
29551 125
29552 176
29553 224
29554 107
29555 100
29556 128
29557 90
29558 268
29559 174
29560 194
29561 78
29562 218
29563 134
29564 154
29565 56
29566 205
29567 76
29568 237
29569 197
29570 185
29571 280
29572 119
29573 102
29574 66
29575 191
29576 155
29577 169
29578 113
29579 122
29580 202
29581 142
29582 186
29583 116
29584 61
29585 90
29586 23
29587 90
29588 47
29589 91
29590 90
29591 256
29592 104
29593 144
29594 163
29595 32
29596 151
29597 132
29598 122
29599 55
29600 176
29601 346
29602 117
29603 271
29604 129
29605 48
29606 74
29607 355
29608 60
29609 122
29610 147
29611 80
29612 121
29613 59
29614 260
29615 155
29616 106
29617 127
29618 146
29619 123
29620 182
29621 156
29622 115
29623 95
29624 32
29625 111
29626 105
29627 36
29628 94
29629 168
29630 120
29631 259
29632 114
29633 101
29634 179
29635 -15
29636 137
29637 83
29638 71
29639 86
29640 92
29641 199
29642 98
29643 126
29644 136
29645 285
29646 141
29647 49
29648 134
29649 132
29650 154
29651 141
29652 155
29653 98
29654 165
29655 95
29656 203
29657 85
29658 129
29659 136
29660 135
29661 157
29662 249
29663 81
29664 308
29665 177
29666 146
29667 73
29668 95
29669 197
29670 108
29671 127
29672 118
29673 114
29674 243
29675 137
29676 100
29677 125
29678 181
29679 205
29680 94
29681 97
29682 85
29683 41
29684 106
29685 120
29686 67
29687 128
29688 107
29689 65
29690 96
29691 132
29692 223
29693 93
29694 91
29695 143
29696 273
29697 49
29698 173
29699 106
29700 22
29701 150
29702 160
29703 133
29704 31
29705 223
29706 249
29707 147
29708 74
29709 119
29710 224
29711 157
29712 34
29713 29
29714 183
29715 75
29716 68
29717 50
29718 211
29719 125
29720 139
29721 58
29722 97
29723 82
29724 117
29725 127
29726 144
29727 45
29728 101
29729 139
29730 37
29731 111
29732 66
29733 144
29734 31
29735 99
29736 79
29737 176
29738 133
29739 45
29740 93
29741 37
29742 74
29743 157
29744 181
29745 98
29746 91
29747 129
29748 174
29749 162
29750 107
29751 153
29752 127
29753 50
29754 142
29755 101
29756 152
29757 153
29758 142
29759 151
29760 181
29761 89
29762 161
29763 194
29764 111
29765 112
29766 56
29767 190
29768 115
29769 218
29770 112
29771 154
29772 146
29773 60
29774 136
29775 167
29776 118
29777 174
29778 81
29779 79
29780 163
29781 77
29782 118
29783 107
29784 201
29785 79
29786 71
29787 71
29788 105
29789 163
29790 44
29791 90
29792 114
29793 174
29794 170
29795 59
29796 195
29797 109
29798 57
29799 181
29800 87
29801 60
29802 153
29803 99
29804 287
29805 198
29806 113
29807 111
29808 143
29809 33
29810 34
29811 145
29812 82
29813 136
29814 112
29815 80
29816 148
29817 193
29818 158
29819 144
29820 89
29821 116
29822 150
29823 122
29824 75
29825 167
29826 92
29827 55
29828 48
29829 102
29830 158
29831 187
29832 93
29833 140
29834 45
29835 155
29836 123
29837 199
29838 97
29839 207
29840 118
29841 149
29842 20
29843 99
29844 111
29845 158
29846 74
29847 108
29848 104
29849 221
29850 101
29851 286
29852 120
29853 99
29854 98
29855 174
29856 54
29857 107
29858 203
29859 40
29860 107
29861 153
29862 272
29863 148
29864 102
29865 144
29866 127
29867 135
29868 38
29869 128
29870 159
29871 21
29872 87
29873 85
29874 148
29875 84
29876 108
29877 123
29878 136
29879 107
29880 71
29881 179
29882 204
29883 91
29884 159
29885 106
29886 114
29887 233
29888 171
29889 127
29890 229
29891 175
29892 82
29893 65
29894 150
29895 81
29896 257
29897 225
29898 64
29899 189
29900 146
29901 167
29902 124
29903 239
29904 72
29905 116
29906 121
29907 57
29908 83
29909 43
29910 168
29911 17
29912 64
29913 137
29914 97
29915 179
29916 32
29917 107
29918 108
29919 73
29920 187
29921 215
29922 478
29923 104
29924 88
29925 39
29926 115
29927 176
29928 175
29929 124
29930 86
29931 110
29932 72
29933 123
29934 157
29935 81
29936 37
29937 121
29938 274
29939 160
29940 68
29941 259
29942 138
29943 43
29944 87
29945 158
29946 124
29947 239
29948 92
29949 141
29950 218
29951 166
29952 121
29953 75
29954 97
29955 253
29956 108
29957 127
29958 108
29959 138
29960 82
29961 143
29962 181
29963 67
29964 85
29965 124
29966 175
29967 231
29968 143
29969 184
29970 114
29971 153
29972 135
29973 88
29974 43
29975 149
29976 154
29977 202
29978 195
29979 189
29980 53
29981 132
29982 153
29983 142
29984 84
29985 43
29986 63
29987 71
29988 75
29989 146
29990 118
29991 224
29992 112
29993 61
29994 54
29995 187
29996 262
29997 105
29998 136
29999 104
30000 89
30001 160
30002 112
30003 116
30004 345
30005 203
30006 162
30007 139
30008 158
30009 236
30010 134
30011 84
30012 163
30013 174
30014 53
30015 129
30016 125
30017 66
30018 80
30019 161
30020 142
30021 149
30022 131
30023 91
30024 94
30025 92
30026 99
30027 90
30028 51
30029 141
30030 150
30031 90
30032 164
30033 66
30034 222
30035 169
30036 68
30037 177
30038 181
30039 82
30040 92
30041 103
30042 120
30043 108
30044 118
30045 120
30046 88
30047 111
30048 50
30049 97
30050 67
30051 84
30052 95
30053 105
30054 115
30055 34
30056 110
30057 167
30058 80
30059 136
30060 75
30061 86
30062 79
30063 248
30064 98
30065 142
30066 147
30067 60
30068 118
30069 154
30070 136
30071 120
30072 72
30073 98
30074 89
30075 100
30076 64
30077 109
30078 143
30079 140
30080 162
30081 92
30082 30
30083 114
30084 83
30085 66
30086 136
30087 175
30088 212
30089 71
30090 117
30091 116
30092 115
30093 178
30094 137
30095 90
30096 184
30097 125
30098 131
30099 96
30100 113
30101 120
30102 156
30103 93
30104 92
30105 199
30106 108
30107 116
30108 106
30109 106
30110 45
30111 221
30112 153
30113 117
30114 78
30115 166
30116 221
30117 222
30118 87
30119 93
30120 105
30121 78
30122 255
30123 187
30124 174
30125 112
30126 74
30127 133
30128 58
30129 115
30130 145
30131 162
30132 77
30133 173
30134 122
30135 188
30136 71
30137 110
30138 22
30139 135
30140 110
30141 78
30142 42
30143 166
30144 165
30145 322
30146 99
30147 86
30148 87
30149 221
30150 100
30151 89
30152 113
30153 137
30154 88
30155 63
30156 127
30157 77
30158 126
30159 156
30160 129
30161 91
30162 79
30163 172
30164 104
30165 134
30166 108
30167 130
30168 218
30169 190
30170 182
30171 171
30172 200
30173 68
30174 106
30175 122
30176 125
30177 121
30178 14
30179 127
30180 122
30181 329
30182 108
30183 80
30184 123
30185 147
30186 151
30187 133
30188 59
30189 148
30190 96
30191 199
30192 216
30193 95
30194 146
30195 68
30196 116
30197 121
30198 101
30199 161
30200 148
30201 105
30202 135
30203 112
30204 79
30205 241
30206 114
30207 170
30208 194
30209 79
30210 113
30211 78
30212 69
30213 234
30214 109
30215 113
30216 182
30217 53
30218 139
30219 110
30220 117
30221 98
30222 153
30223 137
30224 63
30225 113
30226 107
30227 43
30228 109
30229 185
30230 133
30231 154
30232 71
30233 135
30234 85
30235 79
30236 143
30237 69
30238 72
30239 137
30240 54
30241 45
30242 113
30243 200
30244 46
30245 36
30246 48
30247 114
30248 21
30249 50
30250 122
30251 130
30252 105
30253 159
30254 208
30255 195
30256 137
30257 94
30258 188
30259 138
30260 149
30261 367
30262 74
30263 156
30264 198
30265 164
30266 55
30267 150
30268 227
30269 177
30270 322
30271 149
30272 158
30273 80
30274 96
30275 99
30276 340
30277 181
30278 226
30279 147
30280 75
30281 73
30282 62
30283 185
30284 138
30285 125
30286 83
30287 28
30288 145
30289 111
30290 172
30291 44
30292 105
30293 58
30294 123
30295 130
30296 24
30297 244
30298 110
30299 42
30300 105
30301 95
30302 121
30303 55
30304 199
30305 144
30306 157
30307 100
30308 197
30309 113
30310 103
30311 81
30312 226
30313 247
30314 98
30315 74
30316 74
30317 62
30318 91
30319 110
30320 113
30321 183
30322 106
30323 80
30324 76
30325 113
30326 128
30327 133
30328 155
30329 129
30330 144
30331 237
30332 75
30333 167
30334 109
30335 98
30336 142
30337 104
30338 89
30339 134
30340 123
30341 129
30342 142
30343 104
30344 196
30345 78
30346 59
30347 70
30348 327
30349 269
30350 135
30351 56
30352 142
30353 146
30354 62
30355 124
30356 190
30357 51
30358 54
30359 67
30360 110
30361 73
30362 143
30363 152
30364 127
30365 159
30366 156
30367 67
30368 207
30369 112
30370 95
30371 97
30372 134
30373 199
30374 110
30375 129
30376 119
30377 229
30378 227
30379 113
30380 107
30381 49
30382 86
30383 94
30384 88
30385 118
30386 191
30387 134
30388 109
30389 130
30390 126
30391 39
30392 272
30393 127
30394 -26
30395 122
30396 71
30397 203
30398 76
30399 90
30400 154
30401 150
30402 101
30403 95
30404 103
30405 62
30406 158
30407 100
30408 92
30409 63
30410 1
30411 82
30412 166
30413 93
30414 212
30415 111
30416 67
30417 260
30418 168
30419 156
30420 116
30421 165
30422 138
30423 164
30424 203
30425 80
30426 155
30427 113
30428 92
30429 104
30430 72
30431 57
30432 153
30433 105
30434 69
30435 137
30436 12
30437 94
30438 129
30439 229
30440 172
30441 162
30442 201
30443 63
30444 127
30445 192
30446 64
30447 88
30448 43
30449 149
30450 88
30451 133
30452 79
30453 100
30454 211
30455 77
30456 132
30457 125
30458 164
30459 114
30460 88
30461 129
30462 105
30463 156
30464 47
30465 124
30466 82
30467 41
30468 85
30469 276
30470 25
30471 99
30472 15
30473 72
30474 164
30475 70
30476 98
30477 57
30478 78
30479 72
30480 116
30481 81
30482 128
30483 105
30484 155
30485 255
30486 27
30487 161
30488 52
30489 114
30490 167
30491 276
30492 90
30493 129
30494 124
30495 148
30496 113
30497 39
30498 45
30499 131
30500 164
30501 149
30502 140
30503 115
30504 126
30505 68
30506 227
30507 103
30508 139
30509 36
30510 114
30511 146
30512 169
30513 99
30514 66
30515 50
30516 214
30517 154
30518 92
30519 132
30520 143
30521 56
30522 76
30523 173
30524 204
30525 83
30526 96
30527 133
30528 61
30529 234
30530 175
30531 129
30532 114
30533 79
30534 162
30535 168
30536 102
30537 208
30538 172
30539 120
30540 200
30541 180
30542 33
30543 152
30544 86
30545 108
30546 183
30547 87
30548 36
30549 180
30550 89
30551 81
30552 113
30553 16
30554 80
30555 124
30556 118
30557 204
30558 179
30559 105
30560 114
30561 56
30562 106
30563 96
30564 197
30565 45
30566 110
30567 86
30568 87
30569 105
30570 135
30571 136
30572 97
30573 94
30574 55
30575 59
30576 118
30577 165
30578 53
30579 75
30580 153
30581 168
30582 42
30583 92
30584 89
30585 102
30586 131
30587 131
30588 88
30589 79
30590 161
30591 25
30592 107
30593 124
30594 150
30595 35
30596 106
30597 169
30598 104
30599 140
30600 123
30601 63
30602 138
30603 114
30604 145
30605 114
30606 92
30607 127
30608 148
30609 311
30610 140
30611 167
30612 83
30613 153
30614 135
30615 54
30616 73
30617 189
30618 151
30619 92
30620 150
30621 118
30622 137
30623 135
30624 129
30625 190
30626 121
30627 129
30628 107
30629 131
30630 119
30631 40
30632 138
30633 152
30634 140
30635 87
30636 59
30637 215
30638 203
30639 51
30640 70
30641 122
30642 76
30643 97
30644 131
30645 64
30646 124
30647 149
30648 134
30649 63
30650 174
30651 64
30652 165
30653 87
30654 96
30655 200
30656 81
30657 27
30658 107
30659 63
30660 160
30661 118
30662 46
30663 67
30664 94
30665 201
30666 188
30667 118
30668 128
30669 83
30670 108
30671 139
30672 117
30673 142
30674 133
30675 96
30676 84
30677 59
30678 155
30679 151
30680 172
30681 180
30682 97
30683 87
30684 107
30685 143
30686 56
30687 149
30688 97
30689 135
30690 94
30691 68
30692 108
30693 106
30694 141
30695 154
30696 170
30697 118
30698 110
30699 136
30700 149
30701 115
30702 85
30703 126
30704 139
30705 68
30706 230
30707 109
30708 68
30709 185
30710 64
30711 129
30712 150
30713 126
30714 97
30715 99
30716 127
30717 36
30718 110
30719 91
30720 125
30721 121
30722 94
30723 185
30724 155
30725 119
30726 176
30727 88
30728 107
30729 126
30730 54
30731 129
30732 143
30733 76
30734 49
30735 200
30736 325
30737 82
30738 231
30739 23
30740 108
30741 83
30742 131
30743 257
30744 170
30745 167
30746 198
30747 136
30748 164
30749 209
30750 207
30751 105
30752 110
30753 109
30754 78
30755 121
30756 123
30757 211
30758 19
30759 117
30760 110
30761 8
30762 102
30763 332
30764 149
30765 128
30766 136
30767 178
30768 108
30769 143
30770 88
30771 125
30772 99
30773 72
30774 0
30775 258
30776 153
30777 196
30778 140
30779 55
30780 2
30781 47
30782 139
30783 26
30784 75
30785 85
30786 129
30787 118
30788 104
30789 87
30790 256
30791 100
30792 171
30793 119
30794 212
30795 135
30796 80
30797 83
30798 129
30799 186
30800 139
30801 178
30802 11
30803 114
30804 155
30805 76
30806 191
30807 140
30808 125
30809 164
30810 156
30811 243
30812 126
30813 117
30814 212
30815 129
30816 135
30817 64
30818 94
30819 178
30820 44
30821 173
30822 106
30823 92
30824 154
30825 124
30826 92
30827 140
30828 50
30829 78
30830 129
30831 252
30832 44
30833 133
30834 72
30835 203
30836 88
30837 143
30838 81
30839 73
30840 219
30841 70
30842 84
30843 109
30844 12
30845 127
30846 137
30847 130
30848 72
30849 144
30850 164
30851 90
30852 120
30853 52
30854 138
30855 173
30856 250
30857 58
30858 144
30859 128
30860 105
30861 202
30862 46
30863 264
30864 103
30865 109
30866 152
30867 139
30868 135
30869 144
30870 72
30871 80
30872 60
30873 516
30874 137
30875 103
30876 79
30877 161
30878 116
30879 148
30880 107
30881 213
30882 78
30883 163
30884 108
30885 164
30886 93
30887 91
30888 98
30889 59
30890 176
30891 177
30892 116
30893 70
30894 150
30895 209
30896 157
30897 93
30898 149
30899 123
30900 145
30901 174
30902 75
30903 161
30904 105
30905 139
30906 15
30907 108
30908 155
30909 75
30910 92
30911 29
30912 77
30913 178
30914 150
30915 171
30916 79
30917 93
30918 185
30919 127
30920 91
30921 77
30922 85
30923 88
30924 46
30925 88
30926 119
30927 5
30928 62
30929 104
30930 133
30931 93
30932 142
30933 144
30934 80
30935 143
30936 136
30937 104
30938 210
30939 132
30940 121
30941 148
30942 96
30943 110
30944 94
30945 149
30946 163
30947 187
30948 148
30949 116
30950 179
30951 77
30952 122
30953 133
30954 42
30955 107
30956 172
30957 99
30958 60
30959 150
30960 42
30961 94
30962 146
30963 121
30964 69
30965 110
30966 75
30967 133
30968 74
30969 169
30970 103
30971 100
30972 135
30973 87
30974 152
30975 32
30976 174
30977 69
30978 26
30979 110
30980 201
30981 144
30982 145
30983 118
30984 142
30985 205
30986 170
30987 181
30988 110
30989 128
30990 64
30991 190
30992 122
30993 148
30994 40
30995 59
30996 113
30997 63
30998 161
30999 200
31000 178
31001 232
31002 101
31003 166
31004 98
31005 115
31006 60
31007 322
31008 139
31009 70
31010 64
31011 168
31012 122
31013 118
31014 66
31015 110
31016 87
31017 163
31018 -9
31019 105
31020 46
31021 121
31022 136
31023 58
31024 78
31025 128
31026 189
31027 18
31028 3
31029 118
31030 86
31031 174
31032 131
31033 100
31034 136
31035 33
31036 137
31037 164
31038 106
31039 154
31040 213
31041 89
31042 102
31043 38
31044 51
31045 147
31046 165
31047 86
31048 20
31049 89
31050 328
31051 124
31052 159
31053 185
31054 146
31055 13
31056 196
31057 101
31058 191
31059 136
31060 112
31061 156
31062 78
31063 79
31064 38
31065 97
31066 147
31067 166
31068 208
31069 191
31070 122
31071 111
31072 78
31073 121
31074 146
31075 116
31076 134
31077 100
31078 103
31079 399
31080 303
31081 108
31082 53
31083 125
31084 28
31085 94
31086 113
31087 208
31088 60
31089 79
31090 81
31091 243
31092 35
31093 0
31094 52
31095 12
31096 98
31097 70
31098 173
31099 81
31100 231
31101 136
31102 146
31103 116
31104 114
31105 47
31106 111
31107 156
31108 71
31109 161
31110 94
31111 129
31112 172
31113 101
31114 101
31115 133
31116 77
31117 23
31118 198
31119 148
31120 73
31121 33
31122 157
31123 206
31124 169
31125 168
31126 118
31127 44
31128 62
31129 102
31130 117
31131 45
31132 196
31133 293
31134 147
31135 83
31136 122
31137 68
31138 151
31139 141
31140 139
31141 197
31142 94
31143 59
31144 136
31145 128
31146 143
31147 205
31148 164
31149 148
31150 45
31151 102
31152 105
31153 102
31154 131
31155 57
31156 162
31157 101
31158 151
31159 154
31160 87
31161 85
31162 152
31163 100
31164 81
31165 177
31166 13
31167 186
31168 69
31169 4
31170 81
31171 176
31172 78
31173 130
31174 148
31175 108
31176 285
31177 34
31178 90
31179 80
31180 159
31181 124
31182 89
31183 69
31184 88
31185 98
31186 135
31187 108
31188 85
31189 242
31190 92
31191 101
31192 96
31193 49
31194 166
31195 161
31196 96
31197 102
31198 114
31199 136
31200 51
31201 30
31202 106
31203 100
31204 107
31205 155
31206 98
31207 144
31208 81
31209 93
31210 63
31211 140
31212 89
31213 194
31214 157
31215 175
31216 146
31217 168
31218 104
31219 170
31220 93
31221 133
31222 107
31223 69
31224 40
31225 74
31226 53
31227 100
31228 90
31229 111
31230 85
31231 90
31232 68
31233 110
31234 145
31235 7
31236 157
31237 78
31238 106
31239 119
31240 114
31241 107
31242 131
31243 26
31244 53
31245 145
31246 146
31247 21
31248 227
31249 164
31250 64
31251 120
31252 80
31253 110
31254 139
31255 121
31256 105
31257 143
31258 133
31259 177
31260 97
31261 105
31262 140
31263 75
31264 106
31265 15
31266 59
31267 110
31268 144
31269 44
31270 82
31271 156
31272 105
31273 138
31274 139
31275 74
31276 144
31277 295
31278 119
31279 58
31280 75
31281 94
31282 43
31283 118
31284 45
31285 248
31286 132
31287 219
31288 138
31289 134
31290 112
31291 133
31292 168
31293 154
31294 85
31295 84
31296 128
31297 27
31298 104
31299 98
31300 70
31301 135
31302 137
31303 11
31304 116
31305 43
31306 153
31307 117
31308 131
31309 85
31310 61
31311 171
31312 143
31313 148
31314 115
31315 100
31316 150
31317 149
31318 84
31319 155
31320 14
31321 69
31322 82
31323 133
31324 144
31325 178
31326 87
31327 122
31328 97
31329 129
31330 143
31331 39
31332 176
31333 58
31334 62
31335 87
31336 135
31337 209
31338 101
31339 146
31340 83
31341 124
31342 132
31343 193
31344 55
31345 166
31346 198
31347 190
31348 161
31349 66
31350 96
31351 54
31352 94
31353 121
31354 96
31355 107
31356 58
31357 60
31358 66
31359 158
31360 56
31361 124
31362 95
31363 171
31364 62
31365 36
31366 70
31367 125
31368 71
31369 131
31370 65
31371 67
31372 116
31373 59
31374 105
31375 20
31376 171
31377 102
31378 55
31379 207
31380 164
31381 69
31382 58
31383 175
31384 28
31385 124
31386 73
31387 137
31388 179
31389 54
31390 167
31391 133
31392 229
31393 199
31394 272
31395 61
31396 100
31397 168
31398 128
31399 160
31400 168
31401 138
31402 75
31403 225
31404 106
31405 127
31406 99
31407 18
31408 78
31409 75
31410 82
31411 61
31412 97
31413 220
31414 176
31415 134
31416 115
31417 57
31418 261
31419 236
31420 164
31421 180
31422 138
31423 146
31424 100
31425 216
31426 85
31427 99
31428 121
31429 147
31430 76
31431 79
31432 100
31433 133
31434 135
31435 34
31436 65
31437 182
31438 150
31439 138
31440 106
31441 124
31442 174
31443 52
31444 89
31445 118
31446 103
31447 124
31448 84
31449 141
31450 107
31451 189
31452 93
31453 81
31454 125
31455 162
31456 153
31457 106
31458 74
31459 140
31460 102
31461 121
31462 202
31463 118
31464 93
31465 114
31466 180
31467 90
31468 104
31469 204
31470 136
31471 154
31472 134
31473 87
31474 243
31475 129
31476 63
31477 114
31478 129
31479 85
31480 59
31481 78
31482 248
31483 154
31484 148
31485 137
31486 141
31487 20
31488 93
31489 83
31490 72
31491 138
31492 109
31493 180
31494 158
31495 87
31496 95
31497 126
31498 143
31499 101
31500 175
31501 79
31502 91
31503 166
31504 128
31505 159
31506 114
31507 205
31508 96
31509 81
31510 180
31511 258
31512 202
31513 70
31514 228
31515 27
31516 214
31517 162
31518 99
31519 136
31520 146
31521 10
31522 24
31523 110
31524 133
31525 237
31526 23
31527 151
31528 93
31529 41
31530 150
31531 40
31532 146
31533 146
31534 77
31535 157
31536 63
31537 45
31538 149
31539 47
31540 97
31541 107
31542 110
31543 65
31544 146
31545 98
31546 107
31547 96
31548 77
31549 75
31550 105
31551 75
31552 105
31553 81
31554 190
31555 141
31556 94
31557 107
31558 79
31559 127
31560 82
31561 126
31562 92
31563 186
31564 148
31565 164
31566 32
31567 107
31568 123
31569 79
31570 53
31571 153
31572 68
31573 198
31574 77
31575 33
31576 48
31577 97
31578 93
31579 148
31580 208
31581 132
31582 153
31583 197
31584 93
31585 140
31586 184
31587 98
31588 50
31589 96
31590 296
31591 93
31592 135
31593 75
31594 29
31595 38
31596 95
31597 167
31598 105
31599 104
31600 92
31601 67
31602 78
31603 -24
31604 143
31605 152
31606 146
31607 35
31608 99
31609 120
31610 121
31611 64
31612 83
31613 17
31614 122
31615 241
31616 149
31617 125
31618 135
31619 50
31620 87
31621 151
31622 74
31623 119
31624 109
31625 124
31626 72
31627 141
31628 58
31629 27
31630 51
31631 138
31632 78
31633 142
31634 74
31635 132
31636 151
31637 124
31638 147
31639 83
31640 170
31641 120
31642 55
31643 170
31644 125
31645 28
31646 285
31647 164
31648 165
31649 34
31650 130
31651 1
31652 200
31653 136
31654 45
31655 190
31656 88
31657 158
31658 75
31659 139
31660 139
31661 165
31662 63
31663 37
31664 82
31665 31
31666 183
31667 71
31668 96
31669 95
31670 127
31671 121
31672 123
31673 69
31674 316
31675 64
31676 83
31677 70
31678 98
31679 106
31680 282
31681 58
31682 51
31683 53
31684 114
31685 79
31686 98
31687 116
31688 94
31689 148
31690 105
31691 129
31692 153
31693 163
31694 167
31695 99
31696 128
31697 88
31698 48
31699 263
31700 142
31701 42
31702 69
31703 61
31704 134
31705 87
31706 118
31707 78
31708 164
31709 344
31710 67
31711 102
31712 -5
31713 90
31714 101
31715 103
31716 132
31717 134
31718 178
31719 111
31720 71
31721 30
31722 126
31723 106
31724 188
31725 177
31726 12
31727 151
31728 74
31729 113
31730 139
31731 170
31732 149
31733 153
31734 145
31735 68
31736 122
31737 92
31738 88
31739 155
31740 106
31741 250
31742 129
31743 85
31744 116
31745 182
31746 189
31747 200
31748 19
31749 18
31750 177
31751 149
31752 92
31753 84
31754 168
31755 110
31756 227
31757 113
31758 165
31759 137
31760 37
31761 148
31762 106
31763 133
31764 64
31765 44
31766 108
31767 89
31768 245
31769 108
31770 127
31771 65
31772 170
31773 26
31774 143
31775 177
31776 57
31777 108
31778 64
31779 205
31780 147
31781 137
31782 101
31783 117
31784 144
31785 85
31786 150
31787 134
31788 79
31789 217
31790 83
31791 24
31792 125
31793 136
31794 49
31795 149
31796 163
31797 162
31798 171
31799 128
31800 146
31801 152
31802 103
31803 120
31804 50
31805 116
31806 153
31807 53
31808 133
31809 211
31810 107
31811 151
31812 67
31813 55
31814 170
31815 168
31816 148
31817 21
31818 121
31819 12
31820 123
31821 103
31822 189
31823 176
31824 129
31825 113
31826 190
31827 74
31828 56
31829 70
31830 127
31831 113
31832 88
31833 76
31834 118
31835 117
31836 136
31837 60
31838 63
31839 139
31840 174
31841 52
31842 55
31843 37
31844 193
31845 92
31846 99
31847 39
31848 136
31849 119
31850 136
31851 55
31852 74
31853 175
31854 113
31855 179
31856 98
31857 212
31858 94
31859 161
31860 44
31861 64
31862 106
31863 207
31864 170
31865 73
31866 123
31867 81
31868 69
31869 148
31870 127
31871 16
31872 154
31873 219
31874 44
31875 131
31876 211
31877 78
31878 36
31879 136
31880 113
31881 119
31882 16
31883 99
31884 176
31885 91
31886 34
31887 171
31888 132
31889 183
31890 134
31891 159
31892 138
31893 83
31894 49
31895 18
31896 112
31897 105
31898 78
31899 148
31900 118
31901 110
31902 55
31903 120
31904 140
31905 171
31906 69
31907 153
31908 220
31909 164
31910 127
31911 59
31912 143
31913 126
31914 58
31915 136
31916 168
31917 60
31918 172
31919 104
31920 50
31921 144
31922 97
31923 74
31924 128
31925 158
31926 96
31927 135
31928 133
31929 141
31930 160
31931 112
31932 128
31933 56
31934 93
31935 102
31936 141
31937 387
31938 82
31939 52
31940 127
31941 166
31942 123
31943 148
31944 102
31945 206
31946 208
31947 260
31948 120
31949 189
31950 151
31951 61
31952 172
31953 139
31954 63
31955 122
31956 144
31957 85
31958 129
31959 53
31960 123
31961 87
31962 155
31963 109
31964 206
31965 132
31966 113
31967 41
31968 89
31969 57
31970 139
31971 186
31972 173
31973 72
31974 104
31975 12
31976 149
31977 206
31978 137
31979 154
31980 83
31981 147
31982 177
31983 193
31984 311
31985 66
31986 193
31987 31
31988 104
31989 154
31990 74
31991 78
31992 127
31993 226
31994 154
31995 22
31996 44
31997 103
31998 175
31999 219
32000 70
32001 154
32002 13
32003 90
32004 98
32005 202
32006 164
32007 152
32008 142
32009 45
32010 89
32011 91
32012 107
32013 162
32014 215
32015 114
32016 97
32017 -11
32018 102
32019 117
32020 170
32021 52
32022 78
32023 131
32024 68
32025 155
32026 148
32027 103
32028 79
32029 66
32030 144
32031 93
32032 89
32033 168
32034 35
32035 137
32036 96
32037 110
32038 172
32039 117
32040 147
32041 141
32042 152
32043 89
32044 117
32045 118
32046 109
32047 186
32048 41
32049 236
32050 201
32051 60
32052 131
32053 128
32054 96
32055 78
32056 138
32057 146
32058 151
32059 147
32060 64
32061 190
32062 75
32063 99
32064 33
32065 173
32066 134
32067 129
32068 123
32069 81
32070 183
32071 80
32072 122
32073 135
32074 83
32075 83
32076 134
32077 130
32078 138
32079 49
32080 85
32081 133
32082 186
32083 293
32084 103
32085 95
32086 131
32087 34
32088 125
32089 174
32090 114
32091 78
32092 148
32093 45
32094 63
32095 174
32096 93
32097 182
32098 68
32099 29
32100 179
32101 86
32102 179
32103 93
32104 171
32105 115
32106 194
32107 61
32108 224
32109 76
32110 144
32111 83
32112 39
32113 65
32114 141
32115 130
32116 351
32117 159
32118 66
32119 72
32120 168
32121 111
32122 136
32123 219
32124 74
32125 181
32126 144
32127 39
32128 20
32129 40
32130 114
32131 105
32132 195
32133 106
32134 25
32135 107
32136 68
32137 169
32138 92
32139 72
32140 406
32141 147
32142 191
32143 86
32144 95
32145 85
32146 129
32147 211
32148 128
32149 76
32150 75
32151 59
32152 26
32153 165
32154 117
32155 138
32156 147
32157 86
32158 86
32159 30
32160 170
32161 152
32162 110
32163 88
32164 121
32165 63
32166 275
32167 44
32168 80
32169 73
32170 131
32171 101
32172 45
32173 112
32174 77
32175 101
32176 132
32177 95
32178 137
32179 71
32180 108
32181 134
32182 108
32183 105
32184 132
32185 94
32186 109
32187 103
32188 91
32189 87
32190 133
32191 100
32192 137
32193 158
32194 103
32195 139
32196 167
32197 196
32198 86
32199 87
32200 145
32201 135
32202 177
32203 140
32204 103
32205 75
32206 109
32207 53
32208 88
32209 51
32210 120
32211 68
32212 43
32213 60
32214 59
32215 135
32216 135
32217 107
32218 136
32219 195
32220 96
32221 124
32222 109
32223 160
32224 218
32225 49
32226 146
32227 150
32228 59
32229 84
32230 212
32231 115
32232 201
32233 217
32234 54
32235 122
32236 -10
32237 198
32238 113
32239 150
32240 103
32241 124
32242 123
32243 81
32244 129
32245 126
32246 123
32247 134
32248 132
32249 106
32250 111
32251 136
32252 69
32253 144
32254 140
32255 71
32256 102
32257 106
32258 181
32259 94
32260 29
32261 146
32262 131
32263 61
32264 172
32265 60
32266 100
32267 9
32268 99
32269 140
32270 119
32271 80
32272 94
32273 123
32274 156
32275 171
32276 154
32277 114
32278 54
32279 163
32280 42
32281 133
32282 65
32283 148
32284 127
32285 81
32286 178
32287 210
32288 204
32289 46
32290 51
32291 70
32292 84
32293 99
32294 66
32295 201
32296 107
32297 127
32298 62
32299 49
32300 66
32301 143
32302 71
32303 141
32304 153
32305 49
32306 137
32307 77
32308 140
32309 92
32310 213
32311 84
32312 142
32313 75
32314 135
32315 77
32316 146
32317 156
32318 167
32319 108
32320 77
32321 57
32322 152
32323 50
32324 53
32325 -1
32326 83
32327 162
32328 150
32329 106
32330 43
32331 124
32332 224
32333 95
32334 141
32335 132
32336 16
32337 112
32338 180
32339 34
32340 156
32341 89
32342 212
32343 140
32344 151
32345 133
32346 93
32347 109
32348 128
32349 135
32350 170
32351 139
32352 141
32353 164
32354 114
32355 126
32356 109
32357 177
32358 79
32359 133
32360 64
32361 145
32362 101
32363 97
32364 68
32365 119
32366 209
32367 84
32368 128
32369 53
32370 107
32371 97
32372 188
32373 108
32374 95
32375 127
32376 147
32377 85
32378 144
32379 103
32380 111
32381 46
32382 58
32383 114
32384 190
32385 167
32386 70
32387 81
32388 214
32389 105
32390 177
32391 172
32392 55
32393 148
32394 105
32395 110
32396 50
32397 102
32398 114
32399 172
32400 59
32401 165
32402 166
32403 102
32404 68
32405 74
32406 77
32407 211
32408 166
32409 106
32410 84
32411 141
32412 163
32413 246
32414 163
32415 102
32416 130
32417 73
32418 147
32419 153
32420 141
32421 117
32422 132
32423 108
32424 100
32425 113
32426 13
32427 220
32428 81
32429 21
32430 236
32431 97
32432 92
32433 197
32434 93
32435 54
32436 56
32437 96
32438 181
32439 47
32440 172
32441 185
32442 51
32443 178
32444 217
32445 150
32446 204
32447 83
32448 97
32449 161
32450 142
32451 161
32452 148
32453 92
32454 188
32455 60
32456 102
32457 115
32458 46
32459 111
32460 90
32461 170
32462 126
32463 69
32464 138
32465 100
32466 121
32467 111
32468 166
32469 149
32470 138
32471 12
32472 100
32473 156
32474 131
32475 71
32476 199
32477 92
32478 75
32479 43
32480 98
32481 134
32482 148
32483 32
32484 309
32485 142
32486 141
32487 152
32488 128
32489 45
32490 173
32491 141
32492 79
32493 50
32494 136
32495 242
32496 113
32497 79
32498 134
32499 122
32500 104
32501 157
32502 113
32503 63
32504 124
32505 90
32506 127
32507 172
32508 99
32509 106
32510 163
32511 111
32512 101
32513 172
32514 156
32515 147
32516 167
32517 170
32518 142
32519 58
32520 91
32521 145
32522 117
32523 226
32524 99
32525 116
32526 205
32527 189
32528 217
32529 22
32530 156
32531 118
32532 115
32533 143
32534 79
32535 79
32536 83
32537 74
32538 202
32539 130
32540 70
32541 79
32542 207
32543 150
32544 137
32545 124
32546 145
32547 189
32548 63
32549 144
32550 89
32551 83
32552 140
32553 67
32554 176
32555 206
32556 155
32557 83
32558 129
32559 93
32560 159
32561 91
32562 128
32563 192
32564 42
32565 279
32566 94
32567 117
32568 178
32569 258
32570 83
32571 145
32572 159
32573 122
32574 102
32575 52
32576 81
32577 135
32578 97
32579 114
32580 161
32581 135
32582 34
32583 99
32584 134
32585 193
32586 73
32587 91
32588 151
32589 90
32590 176
32591 101
32592 107
32593 104
32594 94
32595 132
32596 -5
32597 88
32598 84
32599 101
32600 169
32601 94
32602 75
32603 61
32604 156
32605 176
32606 99
32607 179
32608 51
32609 128
32610 108
32611 79
32612 149
32613 173
32614 176
32615 95
32616 100
32617 123
32618 63
32619 181
32620 161
32621 171
32622 134
32623 119
32624 216
32625 105
32626 105
32627 112
32628 437
32629 169
32630 31
32631 132
32632 148
32633 139
32634 168
32635 176
32636 95
32637 109
32638 147
32639 142
32640 62
32641 88
32642 414
32643 111
32644 136
32645 93
32646 102
32647 94
32648 252
32649 163
32650 184
32651 43
32652 233
32653 130
32654 132
32655 145
32656 150
32657 138
32658 97
32659 78
32660 143
32661 99
32662 35
32663 166
32664 133
32665 250
32666 93
32667 87
32668 94
32669 83
32670 86
32671 155
32672 126
32673 159
32674 140
32675 172
32676 115
32677 109
32678 135
32679 142
32680 104
32681 156
32682 77
32683 127
32684 183
32685 38
32686 68
32687 152
32688 145
32689 103
32690 104
32691 25
32692 145
32693 183
32694 102
32695 0
32696 129
32697 131
32698 50
32699 35
32700 172
32701 150
32702 82
32703 106
32704 217
32705 135
32706 167
32707 159
32708 140
32709 187
32710 83
32711 97
32712 26
32713 12
32714 86
32715 116
32716 134
32717 124
32718 55
32719 202
32720 126
32721 169
32722 160
32723 46
32724 119
32725 191
32726 164
32727 96
32728 98
32729 103
32730 178
32731 116
32732 139
32733 131
32734 125
32735 122
32736 92
32737 153
32738 84
32739 232
32740 176
32741 196
32742 132
32743 129
32744 65
32745 159
32746 131
32747 61
32748 113
32749 126
32750 132
32751 149
32752 73
32753 110
32754 36
32755 133
32756 191
32757 153
32758 13
32759 53
32760 121
32761 74
32762 152
32763 158
32764 148
32765 100
32766 134
32767 270
32768 141
32769 85
32770 64
32771 139
32772 166
32773 161
32774 158
32775 91
32776 212
32777 62
32778 81
32779 66
32780 117
32781 19
32782 92
32783 219
32784 191
32785 47
32786 111
32787 105
32788 158
32789 147
32790 100
32791 179
32792 96
32793 118
32794 52
32795 275
32796 49
32797 204
32798 73
32799 223
32800 74
32801 -8
32802 80
32803 123
32804 102
32805 41
32806 148
32807 57
32808 136
32809 126
32810 125
32811 74
32812 109
32813 71
32814 110
32815 90
32816 58
32817 142
32818 106
32819 51
32820 87
32821 87
32822 98
32823 28
32824 89
32825 228
32826 114
32827 72
32828 97
32829 86
32830 93
32831 106
32832 230
32833 140
32834 148
32835 140
32836 102
32837 76
32838 184
32839 117
32840 195
32841 286
32842 132
32843 148
32844 176
32845 141
32846 221
32847 85
32848 51
32849 10
32850 113
32851 178
32852 143
32853 55
32854 143
32855 83
32856 42
32857 87
32858 123
32859 126
32860 152
32861 92
32862 56
32863 130
32864 148
32865 152
32866 62
32867 51
32868 137
32869 101
32870 158
32871 96
32872 98
32873 18
32874 129
32875 130
32876 158
32877 132
32878 110
32879 132
32880 106
32881 100
32882 107
32883 159
32884 131
32885 193
32886 79
32887 94
32888 52
32889 146
32890 73
32891 73
32892 119
32893 268
32894 45
32895 34
32896 45
32897 98
32898 155
32899 62
32900 284
32901 74
32902 168
32903 58
32904 83
32905 98
32906 166
32907 51
32908 160
32909 308
32910 123
32911 106
32912 107
32913 98
32914 171
32915 58
32916 175
32917 110
32918 80
32919 92
32920 151
32921 147
32922 93
32923 27
32924 98
32925 83
32926 94
32927 66
32928 92
32929 136
32930 184
32931 60
32932 148
32933 98
32934 228
32935 56
32936 122
32937 93
32938 80
32939 94
32940 36
32941 29
32942 199
32943 177
32944 94
32945 88
32946 123
32947 59
32948 82
32949 10
32950 89
32951 102
32952 188
32953 54
32954 107
32955 22
32956 127
32957 71
32958 143
32959 34
32960 100
32961 165
32962 77
32963 67
32964 152
32965 105
32966 60
32967 105
32968 191
32969 198
32970 113
32971 58
32972 98
32973 301
32974 128
32975 77
32976 118
32977 95
32978 136
32979 151
32980 66
32981 162
32982 151
32983 108
32984 104
32985 124
32986 214
32987 181
32988 96
32989 141
32990 163
32991 126
32992 125
32993 174
32994 161
32995 112
32996 87
32997 81
32998 168
32999 141
33000 141
33001 101
33002 29
33003 34
33004 102
33005 101
33006 155
33007 144
33008 69
33009 103
33010 84
33011 136
33012 142
33013 78
33014 133
33015 137
33016 30
33017 19
33018 106
33019 295
33020 208
33021 32
33022 56
33023 152
33024 95
33025 139
33026 85
33027 268
33028 110
33029 116
33030 88
33031 158
33032 96
33033 96
33034 36
33035 21
33036 93
33037 92
33038 146
33039 85
33040 136
33041 148
33042 199
33043 112
33044 92
33045 4
33046 98
33047 76
33048 167
33049 84
33050 85
33051 105
33052 75
33053 117
33054 241
33055 136
33056 123
33057 326
33058 90
33059 123
33060 103
33061 144
33062 69
33063 66
33064 59
33065 82
33066 139
33067 100
33068 383
33069 88
33070 57
33071 98
33072 118
33073 136
33074 100
33075 71
33076 156
33077 107
33078 100
33079 90
33080 111
33081 330
33082 47
33083 76
33084 71
33085 133
33086 189
33087 50
33088 165
33089 98
33090 66
33091 78
33092 184
33093 450
33094 205
33095 106
33096 261
33097 81
33098 181
33099 49
33100 106
33101 45
33102 129
33103 138
33104 94
33105 94
33106 166
33107 121
33108 172
33109 78
33110 54
33111 59
33112 312
33113 27
33114 94
33115 158
33116 201
33117 137
33118 52
33119 121
33120 201
33121 129
33122 114
33123 70
33124 153
33125 63
33126 125
33127 95
33128 81
33129 172
33130 56
33131 140
33132 151
33133 169
33134 304
33135 90
33136 103
33137 86
33138 153
33139 68
33140 98
33141 147
33142 130
33143 125
33144 100
33145 73
33146 240
33147 96
33148 92
33149 37
33150 155
33151 113
33152 137
33153 73
33154 120
33155 66
33156 89
33157 144
33158 70
33159 251
33160 53
33161 47
33162 83
33163 192
33164 99
33165 66
33166 104
33167 174
33168 67
33169 113
33170 73
33171 288
33172 147
33173 147
33174 58
33175 147
33176 80
33177 61
33178 172
33179 115
33180 59
33181 67
33182 100
33183 93
33184 98
33185 199
33186 138
33187 113
33188 194
33189 154
33190 137
33191 151
33192 100
33193 60
33194 32
33195 203
33196 125
33197 50
33198 83
33199 128
33200 37
33201 49
33202 143
33203 135
33204 51
33205 82
33206 74
33207 90
33208 205
33209 91
33210 172
33211 102
33212 81
33213 171
33214 156
33215 205
33216 157
33217 85
33218 135
33219 106
33220 82
33221 125
33222 124
33223 115
33224 92
33225 118
33226 95
33227 83
33228 70
33229 89
33230 142
33231 56
33232 143
33233 121
33234 99
33235 107
33236 84
33237 173
33238 327
33239 135
33240 126
33241 107
33242 129
33243 63
33244 101
33245 134
33246 46
33247 139
33248 104
33249 70
33250 106
33251 199
33252 150
33253 106
33254 183
33255 95
33256 173
33257 141
33258 92
33259 78
33260 65
33261 122
33262 134
33263 35
33264 27
33265 130
33266 125
33267 98
33268 79
33269 240
33270 242
33271 145
33272 152
33273 74
33274 57
33275 166
33276 81
33277 115
33278 102
33279 122
33280 89
33281 76
33282 61
33283 46
33284 115
33285 61
33286 89
33287 104
33288 147
33289 149
33290 181
33291 63
33292 20
33293 135
33294 50
33295 117
33296 180
33297 152
33298 125
33299 141
33300 87
33301 126
33302 141
33303 95
33304 48
33305 119
33306 120
33307 220
33308 71
33309 213
33310 201
33311 99
33312 60
33313 53
33314 89
33315 131
33316 131
33317 162
33318 82
33319 126
33320 96
33321 114
33322 72
33323 133
33324 153
33325 20
33326 77
33327 111
33328 68
33329 155
33330 99
33331 175
33332 99
33333 45
33334 84
33335 105
33336 111
33337 79
33338 174
33339 78
33340 144
33341 84
33342 122
33343 59
33344 223
33345 68
33346 87
33347 128
33348 108
33349 129
33350 139
33351 146
33352 222
33353 97
33354 83
33355 139
33356 12
33357 113
33358 71
33359 143
33360 144
33361 139
33362 136
33363 80
33364 138
33365 84
33366 165
33367 128
33368 102
33369 159
33370 106
33371 50
33372 89
33373 96
33374 97
33375 135
33376 143
33377 196
33378 95
33379 84
33380 92
33381 21
33382 130
33383 136
33384 165
33385 109
33386 88
33387 71
33388 94
33389 54
33390 132
33391 93
33392 65
33393 209
33394 141
33395 59
33396 100
33397 117
33398 120
33399 208
33400 146
33401 105
33402 100
33403 95
33404 269
33405 75
33406 10
33407 67
33408 72
33409 151
33410 106
33411 77
33412 137
33413 34
33414 85
33415 95
33416 136
33417 27
33418 139
33419 158
33420 95
33421 103
33422 31
33423 218
33424 125
33425 79
33426 68
33427 101
33428 118
33429 167
33430 96
33431 4
33432 84
33433 211
33434 141
33435 162
33436 79
33437 142
33438 56
33439 146
33440 198
33441 105
33442 120
33443 184
33444 148
33445 90
33446 97
33447 159
33448 141
33449 104
33450 92
33451 111
33452 106
33453 141
33454 171
33455 200
33456 311
33457 137
33458 118
33459 179
33460 97
33461 152
33462 99
33463 42
33464 190
33465 101
33466 70
33467 48
33468 108
33469 92
33470 89
33471 103
33472 104
33473 87
33474 56
33475 117
33476 79
33477 114
33478 92
33479 53
33480 57
33481 185
33482 36
33483 107
33484 121
33485 98
33486 147
33487 140
33488 52
33489 102
33490 120
33491 136
33492 219
33493 199
33494 10
33495 344
33496 119
33497 161
33498 115
33499 109
33500 141
33501 185
33502 82
33503 142
33504 128
33505 23
33506 163
33507 101
33508 36
33509 171
33510 115
33511 81
33512 117
33513 233
33514 115
33515 121
33516 160
33517 187
33518 99
33519 125
33520 111
33521 90
33522 147
33523 100
33524 162
33525 65
33526 168
33527 78
33528 61
33529 187
33530 100
33531 156
33532 81
33533 38
33534 87
33535 92
33536 60
33537 146
33538 100
33539 83
33540 120
33541 33
33542 86
33543 56
33544 164
33545 200
33546 91
33547 67
33548 69
33549 100
33550 94
33551 62
33552 137
33553 157
33554 185
33555 102
33556 160
33557 66
33558 72
33559 75
33560 170
33561 81
33562 192
33563 60
33564 52
33565 119
33566 144
33567 49
33568 81
33569 67
33570 107
33571 120
33572 116
33573 178
33574 114
33575 69
33576 168
33577 135
33578 317
33579 73
33580 191
33581 121
33582 111
33583 168
33584 198
33585 170
33586 85
33587 42
33588 196
33589 125
33590 61
33591 280
33592 1
33593 160
33594 113
33595 110
33596 130
33597 121
33598 196
33599 123
33600 101
33601 106
33602 70
33603 158
33604 49
33605 104
33606 72
33607 36
33608 172
33609 387
33610 123
33611 127
33612 201
33613 99
33614 101
33615 75
33616 168
33617 42
33618 136
33619 178
33620 125
33621 112
33622 73
33623 62
33624 93
33625 112
33626 182
33627 140
33628 84
33629 77
33630 137
33631 61
33632 211
33633 122
33634 175
33635 103
33636 112
33637 147
33638 36
33639 120
33640 104
33641 153
33642 71
33643 154
33644 148
33645 77
33646 28
33647 136
33648 92
33649 87
33650 216
33651 115
33652 135
33653 166
33654 100
33655 9
33656 172
33657 148
33658 103
33659 40
33660 51
33661 151
33662 120
33663 108
33664 191
33665 175
33666 154
33667 164
33668 85
33669 121
33670 202
33671 8
33672 84
33673 73
33674 67
33675 91
33676 82
33677 102
33678 96
33679 69
33680 71
33681 158
33682 119
33683 67
33684 98
33685 91
33686 125
33687 124
33688 187
33689 52
33690 58
33691 47
33692 146
33693 123
33694 131
33695 65
33696 115
33697 160
33698 89
33699 137
33700 57
33701 64
33702 116
33703 97
33704 128
33705 116
33706 107
33707 86
33708 112
33709 110
33710 134
33711 118
33712 102
33713 213
33714 109
33715 30
33716 155
33717 126
33718 85
33719 224
33720 75
33721 50
33722 180
33723 89
33724 56
33725 39
33726 62
33727 207
33728 112
33729 98
33730 108
33731 93
33732 98
33733 38
33734 84
33735 65
33736 77
33737 141
33738 40
33739 165
33740 123
33741 212
33742 95
33743 84
33744 118
33745 55
33746 75
33747 84
33748 134
33749 135
33750 71
33751 128
33752 75
33753 88
33754 132
33755 63
33756 23
33757 32
33758 52
33759 135
33760 200
33761 163
33762 79
33763 108
33764 97
33765 155
33766 107
33767 59
33768 190
33769 110
33770 86
33771 136
33772 150
33773 39
33774 96
33775 71
33776 84
33777 117
33778 87
33779 80
33780 112
33781 103
33782 181
33783 40
33784 42
33785 144
33786 92
33787 119
33788 109
33789 35
33790 139
33791 66
33792 142
33793 171
33794 243
33795 102
33796 125
33797 216
33798 79
33799 244
33800 136
33801 52
33802 94
33803 99
33804 55
33805 125
33806 132
33807 83
33808 199
33809 86
33810 96
33811 136
33812 90
33813 149
33814 23
33815 125
33816 23
33817 52
33818 112
33819 17
33820 60
33821 67
33822 136
33823 112
33824 253
33825 148
33826 67
33827 135
33828 80
33829 122
33830 61
33831 81
33832 94
33833 211
33834 37
33835 165
33836 90
33837 145
33838 26
33839 124
33840 131
33841 171
33842 76
33843 140
33844 162
33845 247
33846 64
33847 2
33848 101
33849 153
33850 85
33851 177
33852 39
33853 61
33854 314
33855 65
33856 119
33857 138
33858 172
33859 155
33860 195
33861 54
33862 96
33863 44
33864 188
33865 184
33866 144
33867 179
33868 207
33869 58
33870 112
33871 116
33872 124
33873 119
33874 142
33875 118
33876 75
33877 113
33878 63
33879 110
33880 91
33881 83
33882 95
33883 114
33884 28
33885 92
33886 129
33887 129
33888 47
33889 42
33890 248
33891 112
33892 141
33893 92
33894 106
33895 72
33896 75
33897 120
33898 100
33899 134
33900 131
33901 175
33902 79
33903 133
33904 116
33905 181
33906 24
33907 82
33908 140
33909 129
33910 42
33911 143
33912 60
33913 139
33914 85
33915 124
33916 172
33917 177
33918 48
33919 147
33920 344
33921 128
33922 147
33923 88
33924 143
33925 232
33926 101
33927 42
33928 85
33929 172
33930 127
33931 206
33932 163
33933 123
33934 -8
33935 160
33936 111
33937 78
33938 129
33939 116
33940 156
33941 44
33942 78
33943 132
33944 68
33945 149
33946 104
33947 110
33948 303
33949 75
33950 130
33951 172
33952 62
33953 160
33954 87
33955 124
33956 188
33957 155
33958 133
33959 28
33960 82
33961 124
33962 34
33963 136
33964 55
33965 146
33966 200
33967 130
33968 198
33969 83
33970 141
33971 181
33972 36
33973 105
33974 99
33975 112
33976 62
33977 108
33978 110
33979 92
33980 103
33981 122
33982 130
33983 106
33984 85
33985 70
33986 56
33987 85
33988 155
33989 72
33990 70
33991 51
33992 131
33993 137
33994 41
33995 146
33996 176
33997 63
33998 137
33999 95
34000 126
34001 104
34002 112
34003 138
34004 125
34005 97
34006 130
34007 41
34008 175
34009 133
34010 148
34011 129
34012 71
34013 80
34014 64
34015 72
34016 184
34017 141
34018 104
34019 97
34020 71
34021 60
34022 56
34023 180
34024 107
34025 216
34026 114
34027 69
34028 181
34029 124
34030 109
34031 115
34032 123
34033 71
34034 207
34035 70
34036 92
34037 151
34038 95
34039 84
34040 124
34041 157
34042 170
34043 121
34044 82
34045 190
34046 178
34047 187
34048 175
34049 106
34050 86
34051 135
34052 95
34053 109
34054 161
34055 83
34056 96
34057 119
34058 115
34059 92
34060 86
34061 245
34062 92
34063 169
34064 74
34065 181
34066 130
34067 133
34068 57
34069 75
34070 131
34071 147
34072 135
34073 0
34074 128
34075 77
34076 86
34077 184
34078 51
34079 135
34080 61
34081 212
34082 129
34083 70
34084 88
34085 59
34086 94
34087 153
34088 183
34089 46
34090 140
34091 134
34092 113
34093 168
34094 48
34095 97
34096 261
34097 98
34098 102
34099 116
34100 99
34101 151
34102 106
34103 92
34104 96
34105 86
34106 133
34107 189
34108 50
34109 189
34110 160
34111 139
34112 210
34113 84
34114 218
34115 63
34116 163
34117 117
34118 141
34119 228
34120 176
34121 73
34122 7
34123 83
34124 98
34125 182
34126 225
34127 129
34128 104
34129 69
34130 129
34131 138
34132 146
34133 90
34134 214
34135 22
34136 110
34137 76
34138 59
34139 39
34140 116
34141 73
34142 81
34143 123
34144 195
34145 72
34146 135
34147 28
34148 174
34149 101
34150 159
34151 163
34152 64
34153 103
34154 120
34155 111
34156 87
34157 97
34158 112
34159 107
34160 160
34161 159
34162 213
34163 76
34164 82
34165 153
34166 100
34167 100
34168 117
34169 138
34170 107
34171 98
34172 170
34173 52
34174 107
34175 131
34176 118
34177 173
34178 81
34179 96
34180 213
34181 181
34182 140
34183 212
34184 96
34185 108
34186 122
34187 140
34188 73
34189 126
34190 77
34191 43
34192 269
34193 128
34194 130
34195 168
34196 80
34197 144
34198 203
34199 138
34200 134
34201 52
34202 229
34203 67
34204 44
34205 98
34206 74
34207 164
34208 151
34209 279
34210 142
34211 185
34212 42
34213 104
34214 143
34215 111
34216 143
34217 79
34218 79
34219 179
34220 134
34221 130
34222 103
34223 164
34224 131
34225 87
34226 87
34227 61
34228 20
34229 -11
34230 97
34231 144
34232 122
34233 107
34234 85
34235 121
34236 161
34237 69
34238 86
34239 114
34240 62
34241 150
34242 70
34243 212
34244 119
34245 96
34246 145
34247 64
34248 197
34249 128
34250 87
34251 166
34252 186
34253 110
34254 70
34255 93
34256 70
34257 80
34258 82
34259 86
34260 143
34261 114
34262 154
34263 198
34264 162
34265 51
34266 96
34267 119
34268 119
34269 252
34270 131
34271 133
34272 101
34273 120
34274 181
34275 148
34276 169
34277 105
34278 52
34279 76
34280 143
34281 116
34282 140
34283 201
34284 96
34285 118
34286 266
34287 130
34288 118
34289 118
34290 167
34291 148
34292 144
34293 126
34294 104
34295 114
34296 57
34297 202
34298 62
34299 53
34300 96
34301 102
34302 144
34303 205
34304 137
34305 116
34306 119
34307 145
34308 128
34309 167
34310 185
34311 29
34312 185
34313 106
34314 122
34315 59
34316 142
34317 100
34318 129
34319 127
34320 130
34321 148
34322 106
34323 141
34324 132
34325 0
34326 141
34327 142
34328 128
34329 217
34330 155
34331 59
34332 159
34333 235
34334 57
34335 126
34336 153
34337 55
34338 168
34339 62
34340 90
34341 143
34342 122
34343 125
34344 38
34345 108
34346 41
34347 103
34348 112
34349 103
34350 95
34351 110
34352 120
34353 132
34354 70
34355 40
34356 82
34357 32
34358 162
34359 129
34360 123
34361 181
34362 131
34363 85
34364 174
34365 82
34366 114
34367 65
34368 52
34369 36
34370 132
34371 56
34372 199
34373 125
34374 77
34375 82
34376 83
34377 29
34378 35
34379 90
34380 166
34381 118
34382 61
34383 134
34384 57
34385 118
34386 139
34387 67
34388 155
34389 112
34390 218
34391 218
34392 55
34393 60
34394 58
34395 103
34396 55
34397 118
34398 139
34399 33
34400 163
34401 93
34402 176
34403 91
34404 95
34405 98
34406 20
34407 139
34408 84
34409 247
34410 135
34411 77
34412 50
34413 114
34414 37
34415 52
34416 83
34417 11
34418 98
34419 66
34420 53
34421 326
34422 72
34423 125
34424 119
34425 132
34426 144
34427 188
34428 120
34429 46
34430 193
34431 91
34432 136
34433 103
34434 90
34435 92
34436 136
34437 106
34438 76
34439 98
34440 141
34441 108
34442 122
34443 153
34444 89
34445 140
34446 105
34447 133
34448 147
34449 90
34450 74
34451 76
34452 76
34453 97
34454 164
34455 131
34456 70
34457 125
34458 81
34459 150
34460 89
34461 98
34462 155
34463 44
34464 51
34465 67
34466 28
34467 88
34468 108
34469 65
34470 87
34471 139
34472 104
34473 118
34474 222
34475 180
34476 116
34477 29
34478 121
34479 30
34480 43
34481 158
34482 202
34483 132
34484 29
34485 145
34486 68
34487 165
34488 104
34489 150
34490 45
34491 71
34492 75
34493 70
34494 268
34495 83
34496 149
34497 113
34498 153
34499 166
34500 64
34501 127
34502 148
34503 106
34504 120
34505 119
34506 107
34507 110
34508 64
34509 97
34510 129
34511 83
34512 59
34513 76
34514 103
34515 181
34516 158
34517 123
34518 53
34519 159
34520 50
34521 82
34522 110
34523 72
34524 176
34525 243
34526 75
34527 86
34528 131
34529 110
34530 135
34531 54
34532 52
34533 108
34534 82
34535 126
34536 130
34537 66
34538 65
34539 4
34540 47
34541 34
34542 58
34543 159
34544 145
34545 145
34546 232
34547 150
34548 69
34549 98
34550 169
34551 86
34552 118
34553 62
34554 -30
34555 252
34556 48
34557 84
34558 68
34559 86
34560 268
34561 172
34562 137
34563 54
34564 121
34565 220
34566 114
34567 122
34568 30
34569 160
34570 122
34571 94
34572 64
34573 111
34574 128
34575 91
34576 109
34577 197
34578 156
34579 155
34580 140
34581 74
34582 112
34583 109
34584 54
34585 177
34586 127
34587 221
34588 99
34589 101
34590 147
34591 165
34592 151
34593 75
34594 55
34595 162
34596 89
34597 185
34598 146
34599 111
34600 81
34601 42
34602 107
34603 62
34604 97
34605 67
34606 138
34607 97
34608 65
34609 144
34610 33
34611 102
34612 111
34613 51
34614 78
34615 394
34616 155
34617 164
34618 127
34619 126
34620 219
34621 99
34622 127
34623 122
34624 87
34625 268
34626 94
34627 -20
34628 118
34629 132
34630 64
34631 15
34632 93
34633 155
34634 -12
34635 69
34636 64
34637 118
34638 33
34639 118
34640 141
34641 114
34642 178
34643 81
34644 93
34645 32
34646 140
34647 253
34648 97
34649 239
34650 135
34651 118
34652 128
34653 211
34654 132
34655 13
34656 145
34657 202
34658 200
34659 97
34660 156
34661 149
34662 52
34663 122
34664 94
34665 71
34666 127
34667 178
34668 82
34669 132
34670 187
34671 98
34672 69
34673 143
34674 188
34675 68
34676 126
34677 186
34678 122
34679 80
34680 136
34681 143
34682 88
34683 210
34684 55
34685 117
34686 127
34687 123
34688 151
34689 113
34690 95
34691 94
34692 40
34693 106
34694 113
34695 91
34696 98
34697 86
34698 87
34699 108
34700 122
34701 143
34702 114
34703 211
34704 125
34705 133
34706 43
34707 135
34708 185
34709 69
34710 99
34711 86
34712 143
34713 77
34714 87
34715 132
34716 72
34717 104
34718 141
34719 195
34720 136
34721 121
34722 67
34723 253
34724 101
34725 159
34726 152
34727 148
34728 115
34729 98
34730 158
34731 107
34732 206
34733 140
34734 97
34735 107
34736 118
34737 81
34738 163
34739 163
34740 92
34741 108
34742 112
34743 66
34744 91
34745 119
34746 112
34747 157
34748 90
34749 122
34750 50
34751 36
34752 101
34753 86
34754 91
34755 57
34756 216
34757 75
34758 73
34759 170
34760 123
34761 153
34762 131
34763 149
34764 108
34765 73
34766 254
34767 191
34768 179
34769 107
34770 123
34771 66
34772 127
34773 112
34774 81
34775 116
34776 131
34777 183
34778 139
34779 167
34780 105
34781 283
34782 118
34783 126
34784 89
34785 56
34786 102
34787 71
34788 124
34789 160
34790 79
34791 133
34792 34
34793 131
34794 205
34795 103
34796 246
34797 116
34798 112
34799 359
34800 143
34801 57
34802 132
34803 233
34804 102
34805 40
34806 115
34807 114
34808 84
34809 48
34810 102
34811 181
34812 67
34813 74
34814 155
34815 84
34816 93
34817 83
34818 54
34819 245
34820 61
34821 136
34822 222
34823 109
34824 115
34825 175
34826 152
34827 65
34828 152
34829 149
34830 98
34831 95
34832 112
34833 138
34834 42
34835 60
34836 54
34837 94
34838 178
34839 153
34840 99
34841 138
34842 125
34843 83
34844 141
34845 74
34846 241
34847 49
34848 89
34849 146
34850 175
34851 96
34852 179
34853 133
34854 64
34855 29
34856 11
34857 171
34858 18
34859 65
34860 132
34861 107
34862 77
34863 127
34864 84
34865 95
34866 137
34867 87
34868 125
34869 82
34870 114
34871 45
34872 25
34873 39
34874 238
34875 103
34876 61
34877 152
34878 55
34879 135
34880 38
34881 132
34882 54
34883 102
34884 120
34885 114
34886 172
34887 145
34888 53
34889 50
34890 35
34891 77
34892 117
34893 104
34894 76
34895 222
34896 120
34897 127
34898 143
34899 180
34900 175
34901 112
34902 126
34903 69
34904 124
34905 165
34906 88
34907 151
34908 108
34909 21
34910 96
34911 99
34912 116
34913 110
34914 159
34915 135
34916 82
34917 230
34918 161
34919 152
34920 138
34921 131
34922 101
34923 98
34924 62
34925 119
34926 130
34927 101
34928 239
34929 73
34930 150
34931 114
34932 61
34933 115
34934 89
34935 118
34936 37
34937 121
34938 178
34939 71
34940 145
34941 100
34942 -7
34943 252
34944 197
34945 93
34946 61
34947 119
34948 109
34949 215
34950 143
34951 161
34952 138
34953 196
34954 40
34955 113
34956 82
34957 104
34958 128
34959 165
34960 30
34961 118
34962 267
34963 105
34964 200
34965 118
34966 121
34967 132
34968 209
34969 174
34970 238
34971 174
34972 200
34973 225
34974 149
34975 163
34976 77
34977 111
34978 148
34979 109
34980 124
34981 108
34982 63
34983 89
34984 123
34985 123
34986 156
34987 68
34988 77
34989 109
34990 148
34991 141
34992 122
34993 99
34994 74
34995 118
34996 225
34997 381
34998 345
34999 47
35000 211
35001 101
35002 110
35003 162
35004 118
35005 100
35006 122
35007 134
35008 58
35009 94
35010 98
35011 148
35012 164
35013 102
35014 105
35015 124
35016 92
35017 206
35018 142
35019 57
35020 163
35021 173
35022 98
35023 104
35024 109
35025 109
35026 174
35027 77
35028 66
35029 125
35030 42
35031 91
35032 151
35033 68
35034 119
35035 134
35036 121
35037 115
35038 101
35039 53
35040 87
35041 99
35042 46
35043 113
35044 61
35045 178
35046 172
35047 44
35048 139
35049 100
35050 205
35051 107
35052 68
35053 158
35054 68
35055 132
35056 124
35057 103
35058 119
35059 120
35060 154
35061 66
35062 114
35063 89
35064 158
35065 56
35066 156
35067 308
35068 119
35069 130
35070 119
35071 60
35072 69
35073 87
35074 179
35075 153
35076 128
35077 72
35078 232
35079 63
35080 127
35081 102
35082 102
35083 196
35084 110
35085 50
35086 150
35087 136
35088 38
35089 99
35090 110
35091 97
35092 135
35093 138
35094 157
35095 41
35096 121
35097 80
35098 112
35099 183
35100 20
35101 10
35102 70
35103 88
35104 156
35105 139
35106 56
35107 285
35108 150
35109 88
35110 138
35111 67
35112 132
35113 115
35114 66
35115 120
35116 65
35117 114
35118 70
35119 89
35120 118
35121 148
35122 113
35123 67
35124 59
35125 54
35126 40
35127 156
35128 166
35129 99
35130 217
35131 81
35132 88
35133 102
35134 46
35135 278
35136 202
35137 247
35138 57
35139 148
35140 151
35141 200
35142 56
35143 3
35144 177
35145 143
35146 36
35147 133
35148 115
35149 49
35150 49
35151 109
35152 172
35153 84
35154 115
35155 140
35156 167
35157 104
35158 112
35159 244
35160 91
35161 174
35162 166
35163 117
35164 139
35165 157
35166 135
35167 150
35168 94
35169 237
35170 205
35171 94
35172 181
35173 156
35174 43
35175 112
35176 58
35177 85
35178 79
35179 77
35180 72
35181 84
35182 118
35183 125
35184 216
35185 48
35186 100
35187 46
35188 95
35189 77
35190 151
35191 130
35192 130
35193 144
35194 143
35195 101
35196 76
35197 164
35198 164
35199 115
35200 51
35201 193
35202 112
35203 34
35204 90
35205 65
35206 117
35207 88
35208 133
35209 139
35210 150
35211 207
35212 1
35213 139
35214 143
35215 75
35216 126
35217 106
35218 137
35219 97
35220 99
35221 53
35222 179
35223 88
35224 80
35225 34
35226 72
35227 199
35228 134
35229 53
35230 64
35231 147
35232 93
35233 201
35234 125
35235 70
35236 24
35237 40
35238 119
35239 166
35240 90
35241 108
35242 73
35243 121
35244 139
35245 5
35246 123
35247 168
35248 40
35249 83
35250 146
35251 81
35252 73
35253 62
35254 138
35255 120
35256 105
35257 121
35258 64
35259 50
35260 127
35261 128
35262 121
35263 91
35264 88
35265 94
35266 69
35267 88
35268 85
35269 81
35270 167
35271 80
35272 121
35273 101
35274 56
35275 123
35276 141
35277 128
35278 73
35279 163
35280 240
35281 69
35282 90
35283 349
35284 112
35285 61
35286 110
35287 102
35288 58
35289 105
35290 142
35291 47
35292 97
35293 132
35294 97
35295 205
35296 227
35297 154
35298 47
35299 107
35300 114
35301 120
35302 133
35303 79
35304 75
35305 79
35306 134
35307 102
35308 49
35309 166
35310 65
35311 128
35312 117
35313 160
35314 100
35315 112
35316 83
35317 130
35318 93
35319 99
35320 162
35321 69
35322 86
35323 44
35324 67
35325 236
35326 105
35327 92
35328 58
35329 302
35330 134
35331 109
35332 123
35333 79
35334 85
35335 112
35336 61
35337 59
35338 183
35339 164
35340 29
35341 68
35342 154
35343 71
35344 93
35345 35
35346 107
35347 173
35348 92
35349 55
35350 183
35351 130
35352 107
35353 60
35354 296
35355 127
35356 80
35357 96
35358 193
35359 96
35360 255
35361 74
35362 114
35363 92
35364 150
35365 136
35366 109
35367 118
35368 195
35369 110
35370 160
35371 69
35372 151
35373 50
35374 73
35375 77
35376 43
35377 49
35378 28
35379 207
35380 106
35381 114
35382 127
35383 157
35384 137
35385 136
35386 45
35387 102
35388 172
35389 57
35390 167
35391 159
35392 146
35393 91
35394 151
35395 143
35396 50
35397 149
35398 106
35399 60
35400 165
35401 69
35402 72
35403 132
35404 96
35405 87
35406 42
35407 116
35408 176
35409 99
35410 93
35411 63
35412 142
35413 218
35414 130
35415 204
35416 121
35417 48
35418 82
35419 193
35420 66
35421 44
35422 142
35423 160
35424 105
35425 104
35426 164
35427 57
35428 88
35429 114
35430 123
35431 105
35432 112
35433 163
35434 126
35435 128
35436 164
35437 41
35438 54
35439 140
35440 128
35441 130
35442 36
35443 112
35444 90
35445 70
35446 184
35447 131
35448 165
35449 157
35450 61
35451 109
35452 188
35453 37
35454 79
35455 39
35456 169
35457 110
35458 101
35459 54
35460 55
35461 81
35462 103
35463 94
35464 294
35465 129
35466 44
35467 90
35468 62
35469 113
35470 34
35471 72
35472 68
35473 90
35474 116
35475 142
35476 65
35477 73
35478 70
35479 88
35480 20
35481 78
35482 239
35483 98
35484 51
35485 12
35486 49
35487 43
35488 77
35489 98
35490 89
35491 102
35492 74
35493 29
35494 179
35495 71
35496 146
35497 141
35498 57
35499 108
35500 125
35501 95
35502 86
35503 69
35504 115
35505 40
35506 70
35507 51
35508 145
35509 125
35510 76
35511 95
35512 129
35513 76
35514 126
35515 116
35516 83
35517 170
35518 47
35519 19
35520 121
35521 170
35522 5
35523 70
35524 108
35525 93
35526 132
35527 57
35528 127
35529 84
35530 55
35531 117
35532 92
35533 136
35534 183
35535 30
35536 67
35537 98
35538 62
35539 71
35540 100
35541 67
35542 123
35543 85
35544 118
35545 108
35546 118
35547 78
35548 93
35549 111
35550 118
35551 32
35552 36
35553 51
35554 69
35555 82
35556 83
35557 138
35558 59
35559 97
35560 96
35561 86
35562 83
35563 107
35564 113
35565 67
35566 126
35567 11
35568 70
35569 46
35570 100
35571 107
35572 149
35573 123
35574 144
35575 144
35576 99
35577 99
35578 75
35579 75
35580 212
35581 99
35582 139
35583 125
35584 117
35585 104
35586 55
35587 89
35588 170
35589 123
35590 98
35591 366
35592 79
35593 25
35594 42
35595 159
35596 104
35597 102
35598 99
35599 144
35600 198
35601 134
35602 81
35603 133
35604 202
35605 40
35606 140
35607 44
35608 100
35609 90
35610 116
35611 65
35612 102
35613 132
35614 55
35615 74
35616 176
35617 80
35618 86
35619 101
35620 95
35621 125
35622 149
35623 134
35624 136
35625 104
35626 141
35627 89
35628 67
35629 137
35630 46
35631 121
35632 164
35633 100
35634 52
35635 118
35636 140
35637 69
35638 122
35639 65
35640 115
35641 123
35642 155
35643 38
35644 113
35645 89
35646 103
35647 59
35648 129
35649 61
35650 175
35651 175
35652 119
35653 253
35654 146
35655 64
35656 43
35657 73
35658 73
35659 134
35660 42
35661 105
35662 219
35663 171
35664 120
35665 135
35666 117
35667 110
35668 158
35669 11
35670 103
35671 69
35672 78
35673 167
35674 112
35675 177
35676 83
35677 149
35678 108
35679 97
35680 157
35681 28
35682 135
35683 84
35684 215
35685 90
35686 69
35687 125
35688 141
35689 121
35690 87
35691 326
35692 85
35693 164
35694 53
35695 102
35696 119
35697 132
35698 120
35699 71
35700 71
35701 116
35702 110
35703 69
35704 124
35705 75
35706 150
35707 106
35708 90
35709 187
35710 157
35711 258
35712 140
35713 108
35714 46
35715 37
35716 79
35717 271
35718 126
35719 90
35720 129
35721 127
35722 99
35723 181
35724 124
35725 185
35726 96
35727 113
35728 136
35729 86
35730 76
35731 40
35732 128
35733 153
35734 131
35735 196
35736 116
35737 87
35738 245
35739 122
35740 119
35741 125
35742 157
35743 174
35744 64
35745 130
35746 84
35747 132
35748 55
35749 54
35750 48
35751 92
35752 134
35753 37
35754 -7
35755 82
35756 163
35757 183
35758 96
35759 114
35760 105
35761 119
35762 129
35763 85
35764 161
35765 119
35766 131
35767 166
35768 127
35769 79
35770 55
35771 72
35772 95
35773 133
35774 95
35775 97
35776 108
35777 78
35778 107
35779 69
35780 156
35781 56
35782 42
35783 153
35784 143
35785 91
35786 144
35787 196
35788 196
35789 148
35790 107
35791 128
35792 129
35793 41
35794 78
35795 148
35796 131
35797 118
35798 300
35799 124
35800 232
35801 69
35802 88
35803 145
35804 83
35805 86
35806 111
35807 52
35808 145
35809 113
35810 148
35811 174
35812 124
35813 119
35814 77
35815 119
35816 98
35817 71
35818 41
35819 157
35820 170
35821 111
35822 113
35823 263
35824 158
35825 125
35826 139
35827 72
35828 73
35829 84
35830 144
35831 84
35832 145
35833 82
35834 73
35835 303
35836 149
35837 101
35838 78
35839 105
35840 66
35841 86
35842 98
35843 116
35844 21
35845 130
35846 103
35847 132
35848 116
35849 63
35850 133
35851 61
35852 153
35853 93
35854 78
35855 77
35856 111
35857 130
35858 173
35859 105
35860 74
35861 117
35862 36
35863 18
35864 50
35865 126
35866 18
35867 194
35868 68
35869 100
35870 62
35871 131
35872 35
35873 56
35874 60
35875 184
35876 50
35877 178
35878 50
35879 197
35880 63
35881 182
35882 145
35883 115
35884 154
35885 191
35886 80
35887 157
35888 160
35889 155
35890 150
35891 97
35892 176
35893 103
35894 103
35895 38
35896 140
35897 32
35898 249
35899 38
35900 131
35901 63
35902 30
35903 2
35904 72
35905 193
35906 84
35907 129
35908 7
35909 163
35910 110
35911 276
35912 139
35913 149
35914 156
35915 110
35916 103
35917 37
35918 140
35919 102
35920 110
35921 169
35922 228
35923 106
35924 56
35925 95
35926 111
35927 84
35928 118
35929 184
35930 128
35931 29
35932 143
35933 40
35934 128
35935 140
35936 61
35937 125
35938 164
35939 85
35940 128
35941 77
35942 213
35943 59
35944 222
35945 35
35946 103
35947 11
35948 170
35949 58
35950 82
35951 120
35952 73
35953 133
35954 113
35955 279
35956 84
35957 40
35958 99
35959 94
35960 71
35961 209
35962 187
35963 115
35964 314
35965 64
35966 214
35967 58
35968 84
35969 112
35970 25
35971 63
35972 49
35973 116
35974 100
35975 78
35976 191
35977 10
35978 133
35979 125
35980 122
35981 147
35982 81
35983 143
35984 151
35985 43
35986 132
35987 93
35988 147
35989 117
35990 98
35991 229
35992 161
35993 140
35994 126
35995 94
35996 124
35997 84
35998 202
35999 112
36000 105
36001 89
36002 136
36003 115
36004 52
36005 228
36006 70
36007 143
36008 91
36009 45
36010 87
36011 143
36012 131
36013 172
36014 81
36015 87
36016 65
36017 84
36018 345
36019 106
36020 83
36021 75
36022 36
36023 150
36024 97
36025 154
36026 71
36027 128
36028 65
36029 30
36030 145
36031 114
36032 81
36033 134
36034 113
36035 211
36036 146
36037 123
36038 57
36039 72
36040 104
36041 123
36042 68
36043 96
36044 116
36045 111
36046 83
36047 89
36048 92
36049 162
36050 92
36051 77
36052 58
36053 100
36054 183
36055 54
36056 74
36057 219
36058 87
36059 181
36060 191
36061 45
36062 61
36063 63
36064 108
36065 65
36066 70
36067 234
36068 127
36069 21
36070 144
36071 100
36072 117
36073 94
36074 141
36075 103
36076 131
36077 106
36078 169
36079 112
36080 58
36081 106
36082 78
36083 166
36084 87
36085 197
36086 399
36087 127
36088 131
36089 165
36090 127
36091 104
36092 84
36093 52
36094 62
36095 62
36096 99
36097 87
36098 58
36099 -7
36100 173
36101 69
36102 91
36103 28
36104 108
36105 56
36106 228
36107 98
36108 132
36109 138
36110 122
36111 149
36112 73
36113 69
36114 122
36115 98
36116 76
36117 90
36118 133
36119 118
36120 97
36121 73
36122 75
36123 256
36124 59
36125 113
36126 84
36127 95
36128 57
36129 107
36130 72
36131 254
36132 67
36133 157
36134 205
36135 161
36136 280
36137 153
36138 170
36139 164
36140 109
36141 63
36142 84
36143 120
36144 159
36145 151
36146 64
36147 82
36148 114
36149 218
36150 100
36151 143
36152 73
36153 146
36154 103
36155 105
36156 80
36157 181
36158 81
36159 56
36160 75
36161 104
36162 134
36163 77
36164 46
36165 124
36166 111
36167 136
36168 57
36169 116
36170 136
36171 57
36172 98
36173 97
36174 48
36175 121
36176 98
36177 28
36178 92
36179 135
36180 77
36181 22
36182 61
36183 99
36184 61
36185 93
36186 81
36187 141
36188 113
36189 47
36190 161
36191 110
36192 104
36193 54
36194 80
36195 36
36196 125
36197 117
36198 58
36199 77
36200 130
36201 51
36202 97
36203 100
36204 58
36205 56
36206 55
36207 106
36208 35
36209 94
36210 45
36211 135
36212 134
36213 63
36214 100
36215 120
36216 54
36217 48
36218 99
36219 93
36220 101
36221 57
36222 118
36223 99
36224 109
36225 44
36226 131
36227 93
36228 146
36229 259
36230 106
36231 89
36232 152
36233 142
36234 101
36235 94
36236 17
36237 94
36238 217
36239 94
36240 162
36241 155
36242 97
36243 103
36244 93
36245 98
36246 144
36247 113
36248 62
36249 94
36250 121
36251 246
36252 141
36253 171
36254 120
36255 210
36256 89
36257 166
36258 131
36259 46
36260 111
36261 99
36262 106
36263 77
36264 147
36265 162
36266 106
36267 44
36268 177
36269 11
36270 50
36271 84
36272 111
36273 122
36274 148
36275 115
36276 71
36277 105
36278 193
36279 116
36280 108
36281 128
36282 86
36283 111
36284 79
36285 61
36286 49
36287 65
36288 131
36289 202
36290 87
36291 92
36292 75
36293 120
36294 157
36295 190
36296 74
36297 47
36298 117
36299 116
36300 102
36301 57
36302 172
36303 131
36304 149
36305 117
36306 25
36307 74
36308 84
36309 208
36310 34
36311 85
36312 60
36313 37
36314 119
36315 98
36316 68
36317 90
36318 34
36319 62
36320 141
36321 125
36322 200
36323 101
36324 -2
36325 143
36326 33
36327 126
36328 75
36329 55
36330 85
36331 143
36332 56
36333 156
36334 74
36335 91
36336 119
36337 142
36338 165
36339 173
36340 1
36341 36
36342 93
36343 86
36344 41
36345 122
36346 106
36347 106
36348 173
36349 133
36350 65
36351 102
36352 125
36353 94
36354 152
36355 162
36356 83
36357 105
36358 94
36359 108
36360 100
36361 163
36362 64
36363 160
36364 61
36365 151
36366 121
36367 139
36368 175
36369 106
36370 103
36371 120
36372 40
36373 54
36374 156
36375 116
36376 234
36377 78
36378 121
36379 83
36380 28
36381 84
36382 89
36383 183
36384 139
36385 119
36386 98
36387 64
36388 95
36389 92
36390 119
36391 77
36392 27
36393 94
36394 115
36395 78
36396 187
36397 247
36398 86
36399 45
36400 115
36401 68
36402 141
36403 156
36404 166
36405 50
36406 80
36407 62
36408 154
36409 128
36410 91
36411 83
36412 83
36413 70
36414 137
36415 165
36416 93
36417 102
36418 159
36419 68
36420 105
36421 63
36422 111
36423 117
36424 126
36425 87
36426 30
36427 146
36428 52
36429 96
36430 112
36431 105
36432 98
36433 75
36434 157
36435 99
36436 115
36437 162
36438 43
36439 117
36440 149
36441 64
36442 92
36443 119
36444 205
36445 177
36446 86
36447 113
36448 149
36449 104
36450 45
36451 92
36452 92
36453 39
36454 39
36455 117
36456 163
36457 97
36458 72
36459 116
36460 197
36461 159
36462 48
36463 -1
36464 139
36465 133
36466 154
36467 110
36468 42
36469 131
36470 203
36471 183
36472 184
36473 216
36474 100
36475 164
36476 60
36477 57
36478 31
36479 151
36480 97
36481 45
36482 49
36483 179
36484 158
36485 68
36486 75
36487 120
36488 92
36489 28
36490 91
36491 102
36492 32
36493 231
36494 54
36495 150
36496 123
36497 89
36498 47
36499 88
36500 71
36501 93
36502 100
36503 88
36504 67
36505 9
36506 123
36507 72
36508 121
36509 111
36510 193
36511 57
36512 119
36513 113
36514 100
36515 98
36516 88
36517 167
36518 101
36519 90
36520 51
36521 80
36522 47
36523 142
36524 24
36525 105
36526 124
36527 73
36528 123
36529 130
36530 11
36531 133
36532 152
36533 54
36534 110
36535 72
36536 82
36537 101
36538 129
36539 110
36540 319
36541 53
36542 128
36543 69
36544 104
36545 151
36546 153
36547 129
36548 121
36549 98
36550 37
36551 -7
36552 119
36553 109
36554 66
36555 109
36556 108
36557 57
36558 53
36559 128
36560 85
36561 98
36562 112
36563 116
36564 107
36565 188
36566 133
36567 110
36568 76
36569 59
36570 95
36571 89
36572 84
36573 119
36574 118
36575 95
36576 183
36577 94
36578 152
36579 43
36580 77
36581 103
36582 69
36583 110
36584 100
36585 105
36586 77
36587 66
36588 68
36589 106
36590 234
36591 59
36592 158
36593 89
36594 76
36595 57
36596 219
36597 131
36598 171
36599 187
36600 72
36601 36
36602 90
36603 43
36604 100
36605 77
36606 98
36607 44
36608 166
36609 155
36610 152
36611 103
36612 167
36613 150
36614 109
36615 118
36616 180
36617 140
36618 154
36619 83
36620 103
36621 176
36622 102
36623 136
36624 64
36625 79
36626 156
36627 161
36628 56
36629 168
36630 83
36631 174
36632 140
36633 60
36634 121
36635 -10
36636 29
36637 130
36638 40
36639 113
36640 78
36641 89
36642 131
36643 53
36644 56
36645 161
36646 31
36647 94
36648 83
36649 74
36650 68
36651 153
36652 109
36653 68
36654 133
36655 144
36656 80
36657 144
36658 139
36659 43
36660 77
36661 62
36662 33
36663 237
36664 84
36665 78
36666 133
36667 13
36668 180
36669 66
36670 161
36671 145
36672 137
36673 92
36674 113
36675 107
36676 73
36677 101
36678 102
36679 109
36680 128
36681 284
36682 93
36683 49
36684 73
36685 30
36686 136
36687 218
36688 101
36689 67
36690 136
36691 173
36692 131
36693 50
36694 104
36695 153
36696 181
36697 37
36698 210
36699 96
36700 129
36701 116
36702 73
36703 135
36704 149
36705 162
36706 80
36707 64
36708 94
36709 72
36710 70
36711 121
36712 64
36713 234
36714 135
36715 84
36716 98
36717 77
36718 39
36719 26
36720 148
36721 97
36722 143
36723 80
36724 77
36725 67
36726 126
36727 81
36728 103
36729 114
36730 66
36731 159
36732 186
36733 22
36734 99
36735 97
36736 97
36737 137
36738 92
36739 81
36740 34
36741 77
36742 48
36743 100
36744 181
36745 223
36746 110
36747 95
36748 107
36749 147
36750 75
36751 154
36752 76
36753 105
36754 162
36755 187
36756 43
36757 134
36758 107
36759 257
36760 115
36761 142
36762 123
36763 170
36764 44
36765 76
36766 122
36767 61
36768 131
36769 99
36770 55
36771 95
36772 144
36773 144
36774 8
36775 76
36776 144
36777 115
36778 84
36779 113
36780 133
36781 46
36782 134
36783 158
36784 69
36785 113
36786 65
36787 143
36788 81
36789 62
36790 88
36791 101
36792 205
36793 39
36794 108
36795 158
36796 112
36797 69
36798 52
36799 63
36800 130
36801 120
36802 80
36803 58
36804 153
36805 149
36806 75
36807 82
36808 149
36809 133
36810 98
36811 88
36812 133
36813 168
36814 104
36815 72
36816 108
36817 76
36818 84
36819 124
36820 133
36821 120
36822 116
36823 75
36824 58
36825 38
36826 63
36827 134
36828 168
36829 361
36830 105
36831 87
36832 69
36833 237
36834 57
36835 99
36836 55
36837 73
36838 106
36839 200
36840 130
36841 119
36842 81
36843 107
36844 153
36845 46
36846 86
36847 129
36848 111
36849 77
36850 59
36851 200
36852 99
36853 120
36854 81
36855 119
36856 49
36857 174
36858 41
36859 88
36860 1
36861 113
36862 79
36863 73
36864 28
36865 133
36866 76
36867 135
36868 116
36869 72
36870 81
36871 78
36872 66
36873 61
36874 91
36875 90
36876 139
36877 102
36878 198
36879 130
36880 166
36881 171
36882 138
36883 133
36884 65
36885 72
36886 73
36887 269
36888 50
36889 119
36890 136
36891 89
36892 63
36893 143
36894 66
36895 134
36896 156
36897 104
36898 53
36899 80
36900 92
36901 96
36902 139
36903 54
36904 100
36905 166
36906 97
36907 135
36908 36
36909 107
36910 144
36911 31
36912 178
36913 79
36914 94
36915 128
36916 90
36917 138
36918 113
36919 62
36920 60
36921 190
36922 127
36923 91
36924 83
36925 123
36926 70
36927 107
36928 58
36929 96
36930 46
36931 86
36932 148
36933 88
36934 79
36935 62
36936 106
36937 98
36938 124
36939 179
36940 84
36941 105
36942 265
36943 180
36944 110
36945 168
36946 78
36947 129
36948 98
36949 108
36950 216
36951 45
36952 213
36953 80
36954 143
36955 55
36956 127
36957 122
36958 203
36959 110
36960 35
36961 151
36962 94
36963 89
36964 77
36965 110
36966 108
36967 161
36968 98
36969 189
36970 38
36971 108
36972 133
36973 155
36974 207
36975 23
36976 92
36977 121
36978 69
36979 129
36980 145
36981 118
36982 99
36983 140
36984 124
36985 62
36986 56
36987 84
36988 140
36989 88
36990 87
36991 95
36992 50
36993 77
36994 119
36995 65
36996 45
36997 136
36998 54
36999 124
37000 27
37001 90
37002 70
37003 118
37004 146
37005 159
37006 94
37007 87
37008 131
37009 91
37010 88
37011 88
37012 137
37013 43
37014 196
37015 169
37016 55
37017 175
37018 159
37019 166
37020 96
37021 164
37022 126
37023 37
37024 138
37025 140
37026 121
37027 92
37028 106
37029 102
37030 159
37031 83
37032 26
37033 178
37034 166
37035 -4
37036 103
37037 107
37038 128
37039 119
37040 88
37041 89
37042 93
37043 121
37044 137
37045 171
37046 102
37047 99
37048 112
37049 186
37050 141
37051 48
37052 96
37053 88
37054 53
37055 91
37056 173
37057 45
37058 106
37059 164
37060 143
37061 138
37062 73
37063 150
37064 60
37065 28
37066 182
37067 136
37068 117
37069 43
37070 145
37071 95
37072 136
37073 40
37074 111
37075 145
37076 165
37077 78
37078 88
37079 72
37080 91
37081 85
37082 83
37083 57
37084 167
37085 74
37086 152
37087 189
37088 135
37089 143
37090 70
37091 127
37092 93
37093 135
37094 171
37095 98
37096 199
37097 73
37098 113
37099 119
37100 137
37101 117
37102 35
37103 70
37104 127
37105 85
37106 26
37107 62
37108 156
37109 118
37110 125
37111 133
37112 247
37113 78
37114 63
37115 116
37116 149
37117 149
37118 107
37119 94
37120 314
37121 108
37122 153
37123 193
37124 109
37125 102
37126 94
37127 22
37128 131
37129 116
37130 127
37131 91
37132 68
37133 98
37134 115
37135 100
37136 126
37137 103
37138 96
37139 213
37140 129
37141 101
37142 131
37143 49
37144 44
37145 308
37146 68
37147 102
37148 187
37149 165
37150 75
37151 90
37152 159
37153 221
37154 78
37155 108
37156 136
37157 87
37158 3
37159 117
37160 69
37161 78
37162 134
37163 76
37164 98
37165 68
37166 117
37167 115
37168 59
37169 90
37170 93
37171 72
37172 64
37173 155
37174 186
37175 91
37176 124
37177 98
37178 87
37179 69
37180 130
37181 92
37182 65
37183 126
37184 117
37185 146
37186 168
37187 100
37188 50
37189 136
37190 128
37191 88
37192 144
37193 32
37194 130
37195 167
37196 179
37197 141
37198 171
37199 118
37200 16
37201 88
37202 38
37203 43
37204 129
37205 103
37206 16
37207 144
37208 204
37209 58
37210 76
37211 138
37212 39
37213 67
37214 53
37215 110
37216 79
37217 -5
37218 22
37219 69
37220 95
37221 183
37222 108
37223 64
37224 89
37225 135
37226 86
37227 113
37228 93
37229 156
37230 120
37231 116
37232 74
37233 88
37234 188
37235 52
37236 150
37237 83
37238 44
37239 157
37240 85
37241 76
37242 75
37243 39
37244 133
37245 94
37246 103
37247 106
37248 62
37249 78
37250 103
37251 68
37252 128
37253 129
37254 148
37255 104
37256 112
37257 20
37258 140
37259 123
37260 136
37261 55
37262 81
37263 31
37264 137
37265 102
37266 112
37267 293
37268 118
37269 141
37270 80
37271 221
37272 120
37273 80
37274 230
37275 43
37276 81
37277 82
37278 130
37279 71
37280 135
37281 73
37282 85
37283 105
37284 14
37285 66
37286 32
37287 143
37288 87
37289 128
37290 63
37291 87
37292 183
37293 93
37294 86
37295 73
37296 88
37297 99
37298 130
37299 184
37300 136
37301 110
37302 68
37303 134
37304 64
37305 119
37306 199
37307 36
37308 180
37309 80
37310 86
37311 147
37312 163
37313 78
37314 139
37315 73
37316 168
37317 85
37318 89
37319 59
37320 121
37321 112
37322 116
37323 61
37324 3
37325 50
37326 215
37327 168
37328 128
37329 125
37330 94
37331 81
37332 31
37333 132
37334 92
37335 62
37336 107
37337 97
37338 195
37339 91
37340 123
37341 102
37342 184
37343 125
37344 104
37345 64
37346 142
37347 163
37348 88
37349 181
37350 97
37351 169
37352 118
37353 100
37354 115
37355 168
37356 105
37357 16
37358 203
37359 66
37360 34
37361 56
37362 89
37363 99
37364 127
37365 92
37366 95
37367 107
37368 87
37369 133
37370 53
37371 31
37372 94
37373 75
37374 99
37375 73
37376 51
37377 62
37378 8
37379 31
37380 198
37381 81
37382 118
37383 137
37384 51
37385 58
37386 70
37387 88
37388 91
37389 91
37390 107
37391 117
37392 86
37393 66
37394 -30
37395 66
37396 101
37397 81
37398 67
37399 51
37400 84
37401 124
37402 92
37403 133
37404 85
37405 100
37406 90
37407 36
37408 97
37409 92
37410 105
37411 213
37412 33
37413 67
37414 87
37415 103
37416 115
37417 101
37418 107
37419 114
37420 74
37421 88
37422 82
37423 160
37424 115
37425 98
37426 91
37427 41
37428 144
37429 97
37430 19
37431 84
37432 89
37433 52
37434 243
37435 114
37436 61
37437 105
37438 16
37439 194
37440 119
37441 43
37442 20
37443 188
37444 81
37445 154
37446 160
37447 153
37448 90
37449 117
37450 69
37451 -2
37452 180
37453 72
37454 128
37455 56
37456 29
37457 34
37458 117
37459 196
37460 155
37461 100
37462 130
37463 189
37464 68
37465 108
37466 86
37467 56
37468 122
37469 69
37470 150
37471 160
37472 34
37473 86
37474 89
37475 192
37476 125
37477 95
37478 32
37479 99
37480 217
37481 136
37482 92
37483 75
37484 28
37485 110
37486 106
37487 118
37488 93
37489 106
37490 146
37491 203
37492 106
37493 94
37494 140
37495 146
37496 101
37497 109
37498 141
37499 132
37500 73
37501 141
37502 97
37503 114
37504 71
37505 50
37506 133
37507 92
37508 266
37509 57
37510 91
37511 100
37512 63
37513 36
37514 61
37515 45
37516 105
37517 159
37518 80
37519 70
37520 105
37521 186
37522 192
37523 99
37524 101
37525 108
37526 1
37527 135
37528 78
37529 138
37530 114
37531 94
37532 20
37533 111
37534 188
37535 110
37536 144
37537 165
37538 126
37539 85
37540 85
37541 170
37542 96
37543 93
37544 132
37545 85
37546 129
37547 71
37548 116
37549 89
37550 112
37551 82
37552 63
37553 218
37554 79
37555 53
37556 84
37557 79
37558 111
37559 89
37560 33
37561 19
37562 168
37563 125
37564 88
37565 71
37566 150
37567 127
37568 92
37569 113
37570 147
37571 129
37572 158
37573 61
37574 125
37575 91
37576 24
37577 63
37578 96
37579 68
37580 107
37581 139
37582 203
37583 42
37584 71
37585 112
37586 155
37587 113
37588 291
37589 136
37590 89
37591 66
37592 92
37593 158
37594 124
37595 95
37596 187
37597 37
37598 98
37599 80
37600 142
37601 133
37602 47
37603 82
37604 96
37605 143
37606 90
37607 117
37608 103
37609 81
37610 112
37611 76
37612 72
37613 41
37614 299
37615 77
37616 77
37617 258
37618 162
37619 136
37620 76
37621 95
37622 134
37623 102
37624 97
37625 179
37626 260
37627 91
37628 107
37629 23
37630 156
37631 99
37632 58
37633 65
37634 27
37635 101
37636 108
37637 125
37638 38
37639 81
37640 147
37641 86
37642 132
37643 25
37644 128
37645 240
37646 99
37647 132
37648 97
37649 66
37650 9
37651 56
37652 126
37653 124
37654 119
37655 61
37656 82
37657 185
37658 59
37659 68
37660 36
37661 70
37662 95
37663 79
37664 140
37665 54
37666 53
37667 110
37668 138
37669 133
37670 50
37671 121
37672 91
37673 45
37674 107
37675 85
37676 67
37677 149
37678 35
37679 107
37680 158
37681 139
37682 26
37683 82
37684 197
37685 190
37686 123
37687 33
37688 91
37689 121
37690 124
37691 205
37692 77
37693 185
37694 55
37695 66
37696 385
37697 78
37698 98
37699 88
37700 43
37701 119
37702 71
37703 167
37704 81
37705 125
37706 122
37707 100
37708 73
37709 124
37710 355
37711 114
37712 17
37713 81
37714 101
37715 116
37716 170
37717 102
37718 50
37719 163
37720 87
37721 182
37722 122
37723 142
37724 47
37725 190
37726 80
37727 41
37728 81
37729 111
37730 42
37731 60
37732 59
37733 65
37734 97
37735 116
37736 153
37737 69
37738 246
37739 42
37740 29
37741 39
37742 125
37743 170
37744 137
37745 103
37746 78
37747 141
37748 104
37749 165
37750 86
37751 75
37752 135
37753 125
37754 167
37755 23
37756 172
37757 54
37758 95
37759 83
37760 84
37761 116
37762 190
37763 97
37764 194
37765 150
37766 95
37767 105
37768 97
37769 62
37770 16
37771 28
37772 111
37773 144
37774 104
37775 98
37776 160
37777 112
37778 73
37779 67
37780 95
37781 156
37782 80
37783 116
37784 76
37785 90
37786 61
37787 131
37788 106
37789 147
37790 167
37791 172
37792 118
37793 172
37794 86
37795 88
37796 88
37797 163
37798 115
37799 61
37800 59
37801 107
37802 104
37803 53
37804 128
37805 74
37806 195
37807 32
37808 149
37809 84
37810 128
37811 53
37812 233
37813 86
37814 152
37815 93
37816 186
37817 59
37818 110
37819 96
37820 126
37821 117
37822 162
37823 134
37824 117
37825 94
37826 108
37827 114
37828 41
37829 122
37830 126
37831 116
37832 119
37833 132
37834 86
37835 63
37836 51
37837 70
37838 90
37839 110
37840 100
37841 42
37842 82
37843 182
37844 74
37845 113
37846 135
37847 131
37848 61
37849 113
37850 148
37851 119
37852 106
37853 134
37854 116
37855 151
37856 43
37857 138
37858 69
37859 89
37860 103
37861 91
37862 321
37863 82
37864 120
37865 120
37866 138
37867 88
37868 100
37869 69
37870 69
37871 97
37872 132
37873 20
37874 35
37875 -9
37876 95
37877 54
37878 92
37879 121
37880 162
37881 41
37882 107
37883 93
37884 371
37885 119
37886 63
37887 69
37888 116
37889 223
37890 77
37891 107
37892 227
37893 56
37894 162
37895 150
37896 88
37897 154
37898 92
37899 122
37900 52
37901 95
37902 99
37903 92
37904 84
37905 169
37906 156
37907 141
37908 98
37909 105
37910 121
37911 86
37912 59
37913 70
37914 66
37915 68
37916 109
37917 106
37918 119
37919 161
37920 166
37921 152
37922 70
37923 65
37924 137
37925 73
37926 132
37927 76
37928 169
37929 147
37930 67
37931 93
37932 59
37933 65
37934 53
37935 176
37936 169
37937 104
37938 162
37939 73
37940 18
37941 87
37942 108
37943 68
37944 142
37945 87
37946 73
37947 115
37948 126
37949 87
37950 157
37951 128
37952 198
37953 51
37954 103
37955 81
37956 182
37957 59
37958 73
37959 179
37960 103
37961 105
37962 192
37963 111
37964 87
37965 107
37966 115
37967 64
37968 20
37969 121
37970 100
37971 119
37972 80
37973 87
37974 12
37975 124
37976 158
37977 166
37978 80
37979 78
37980 172
37981 132
37982 88
37983 221
37984 91
37985 52
37986 107
37987 117
37988 116
37989 69
37990 196
37991 164
37992 105
37993 46
37994 65
37995 99
37996 100
37997 155
37998 107
37999 101
38000 167
38001 92
38002 91
38003 89
38004 128
38005 146
38006 77
38007 93
38008 98
38009 103
38010 205
38011 105
38012 176
38013 73
38014 78
38015 10
38016 98
38017 130
38018 105
38019 85
38020 80
38021 134
38022 95
38023 50
38024 56
38025 204
38026 31
38027 60
38028 54
38029 74
38030 139
38031 56
38032 162
38033 91
38034 56
38035 57
38036 125
38037 82
38038 71
38039 58
38040 107
38041 205
38042 79
38043 69
38044 103
38045 28
38046 88
38047 236
38048 50
38049 77
38050 125
38051 181
38052 353
38053 95
38054 76
38055 78
38056 104
38057 196
38058 121
38059 46
38060 99
38061 118
38062 268
38063 45
38064 118
38065 36
38066 96
38067 75
38068 88
38069 99
38070 47
38071 136
38072 91
38073 108
38074 101
38075 99
38076 131
38077 87
38078 72
38079 136
38080 96
38081 49
38082 133
38083 69
38084 145
38085 180
38086 73
38087 174
38088 124
38089 49
38090 89
38091 104
38092 65
38093 105
38094 144
38095 43
38096 112
38097 87
38098 161
38099 105
38100 158
38101 72
38102 142
38103 156
38104 48
38105 116
38106 115
38107 122
38108 65
38109 92
38110 54
38111 55
38112 84
38113 47
38114 100
38115 92
38116 91
38117 85
38118 141
38119 100
38120 67
38121 74
38122 80
38123 93
38124 258
38125 158
38126 162
38127 64
38128 174
38129 79
38130 90
38131 81
38132 54
38133 109
38134 158
38135 69
38136 121
38137 79
38138 137
38139 80
38140 96
38141 93
38142 105
38143 79
38144 147
38145 41
38146 141
38147 68
38148 128
38149 86
38150 119
38151 97
38152 240
38153 52
38154 94
38155 124
38156 178
38157 142
38158 62
38159 59
38160 55
38161 76
38162 73
38163 118
38164 66
38165 163
38166 81
38167 143
38168 75
38169 105
38170 123
38171 68
38172 58
38173 105
38174 130
38175 89
38176 130
38177 134
38178 17
38179 97
38180 110
38181 138
38182 38
38183 134
38184 150
38185 60
38186 21
38187 155
38188 41
38189 127
38190 65
38191 193
38192 110
38193 138
38194 118
38195 64
38196 76
38197 87
38198 127
38199 108
38200 82
38201 60
38202 146
38203 136
38204 62
38205 150
38206 133
38207 122
38208 68
38209 103
38210 48
38211 105
38212 145
38213 57
38214 54
38215 115
38216 115
38217 59
38218 15
38219 154
38220 172
38221 77
38222 107
38223 57
38224 39
38225 111
38226 62
38227 55
38228 68
38229 101
38230 128
38231 199
38232 143
38233 62
38234 128
38235 65
38236 119
38237 84
38238 36
38239 83
38240 89
38241 93
38242 106
38243 171
38244 95
38245 94
38246 42
38247 73
38248 123
38249 49
38250 110
38251 83
38252 67
38253 67
38254 127
38255 89
38256 84
38257 81
38258 98
38259 195
38260 150
38261 92
38262 83
38263 40
38264 64
38265 39
38266 108
38267 100
38268 132
38269 105
38270 87
38271 186
38272 76
38273 91
38274 75
38275 183
38276 16
38277 102
38278 42
38279 103
38280 120
38281 139
38282 84
38283 56
38284 106
38285 60
38286 164
38287 115
38288 160
38289 91
38290 78
38291 35
38292 -27
38293 72
38294 112
38295 133
38296 78
38297 73
38298 32
38299 100
38300 86
38301 7
38302 70
38303 111
38304 51
38305 56
38306 92
38307 54
38308 93
38309 96
38310 117
38311 161
38312 64
38313 81
38314 104
38315 75
38316 170
38317 76
38318 143
38319 84
38320 135
38321 84
38322 112
38323 59
38324 196
38325 84
38326 90
38327 123
38328 265
38329 126
38330 50
38331 173
38332 109
38333 95
38334 94
38335 126
38336 91
38337 229
38338 55
38339 82
38340 139
38341 180
38342 60
38343 45
38344 95
38345 81
38346 37
38347 44
38348 108
38349 108
38350 19
38351 89
38352 114
38353 93
38354 67
38355 103
38356 160
38357 140
38358 55
38359 73
38360 128
38361 71
38362 167
38363 91
38364 197
38365 82
38366 72
38367 50
38368 101
38369 91
38370 233
38371 111
38372 20
38373 78
38374 70
38375 85
38376 53
38377 159
38378 80
38379 95
38380 204
38381 55
38382 67
38383 168
38384 126
38385 58
38386 82
38387 87
38388 -7
38389 100
38390 36
38391 109
38392 91
38393 76
38394 178
38395 109
38396 74
38397 88
38398 105
38399 72
38400 90
38401 102
38402 55
38403 125
38404 54
38405 111
38406 124
38407 61
38408 155
38409 76
38410 111
38411 93
38412 157
38413 61
38414 115
38415 52
38416 80
38417 121
38418 73
38419 182
38420 108
38421 53
38422 100
38423 86
38424 85
38425 97
38426 226
38427 112
38428 123
38429 77
38430 119
38431 143
38432 115
38433 127
38434 45
38435 82
38436 102
38437 109
38438 75
38439 80
38440 83
38441 117
38442 137
38443 129
38444 54
38445 58
38446 136
38447 -11
38448 57
38449 43
38450 122
38451 108
38452 83
38453 86
38454 89
38455 123
38456 184
38457 131
38458 80
38459 72
38460 135
38461 23
38462 141
38463 199
38464 63
38465 114
38466 121
38467 92
38468 64
38469 285
38470 219
38471 119
38472 115
38473 205
38474 111
38475 100
38476 139
38477 116
38478 146
38479 114
38480 108
38481 129
38482 69
38483 58
38484 122
38485 61
38486 125
38487 84
38488 124
38489 70
38490 109
38491 102
38492 70
38493 180
38494 161
38495 93
38496 133
38497 88
38498 124
38499 135
38500 56
38501 47
38502 94
38503 68
38504 59
38505 92
38506 276
38507 209
38508 80
38509 190
38510 -22
38511 99
38512 145
38513 118
38514 108
38515 146
38516 88
38517 49
38518 60
38519 107
38520 87
38521 88
38522 83
38523 144
38524 163
38525 64
38526 151
38527 146
38528 157
38529 98
38530 77
38531 102
38532 88
38533 99
38534 70
38535 64
38536 57
38537 72
38538 97
38539 91
38540 121
38541 111
38542 88
38543 71
38544 139
38545 70
38546 199
38547 114
38548 61
38549 50
38550 79
38551 66
38552 127
38553 80
38554 94
38555 34
38556 55
38557 36
38558 84
38559 88
38560 5
38561 73
38562 92
38563 53
38564 16
38565 37
38566 96
38567 45
38568 100
38569 70
38570 114
38571 130
38572 69
38573 131
38574 27
38575 43
38576 112
38577 129
38578 102
38579 97
38580 112
38581 166
38582 143
38583 101
38584 114
38585 153
38586 177
38587 123
38588 97
38589 125
38590 94
38591 55
38592 100
38593 83
38594 133
38595 84
38596 77
38597 105
38598 134
38599 111
38600 89
38601 135
38602 117
38603 68
38604 113
38605 122
38606 127
38607 133
38608 41
38609 73
38610 55
38611 87
38612 132
38613 241
38614 102
38615 29
38616 62
38617 71
38618 99
38619 136
38620 115
38621 104
38622 104
38623 112
38624 31
38625 58
38626 104
38627 70
38628 40
38629 94
38630 31
38631 41
38632 51
38633 37
38634 117
38635 104
38636 107
38637 60
38638 198
38639 108
38640 96
38641 62
38642 5
38643 89
38644 140
38645 18
38646 107
38647 89
38648 121
38649 21
38650 74
38651 152
38652 415
38653 108
38654 190
38655 67
38656 124
38657 136
38658 92
38659 97
38660 145
38661 91
38662 142
38663 92
38664 101
38665 43
38666 103
38667 76
38668 153
38669 140
38670 70
38671 116
38672 29
38673 107
38674 71
38675 106
38676 99
38677 138
38678 73
38679 83
38680 95
38681 91
38682 125
38683 60
38684 72
38685 82
38686 73
38687 82
38688 104
38689 52
38690 144
38691 100
38692 41
38693 115
38694 56
38695 84
38696 145
38697 81
38698 152
38699 163
38700 210
38701 193
38702 73
38703 165
38704 233
38705 46
38706 135
38707 99
38708 17
38709 84
38710 82
38711 74
38712 117
38713 94
38714 85
38715 94
38716 67
38717 99
38718 24
38719 105
38720 47
38721 189
38722 84
38723 100
38724 237
38725 54
38726 123
38727 115
38728 55
38729 200
38730 43
38731 113
38732 94
38733 29
38734 129
38735 100
38736 108
38737 96
38738 105
38739 84
38740 88
38741 165
38742 81
38743 65
38744 41
38745 99
38746 183
38747 79
38748 197
38749 80
38750 71
38751 71
38752 94
38753 124
38754 61
38755 151
38756 58
38757 77
38758 51
38759 178
38760 29
38761 120
38762 70
38763 68
38764 82
38765 48
38766 142
38767 77
38768 61
38769 40
38770 50
38771 93
38772 64
38773 74
38774 109
38775 130
38776 99
38777 81
38778 80
38779 147
38780 132
38781 110
38782 85
38783 80
38784 162
38785 111
38786 109
38787 107
38788 122
38789 77
38790 164
38791 111
38792 82
38793 59
38794 182
38795 14
38796 113
38797 151
38798 85
38799 77
38800 86
38801 76
38802 122
38803 202
38804 72
38805 67
38806 111
38807 123
38808 48
38809 116
38810 107
38811 41
38812 111
38813 66
38814 123
38815 40
38816 69
38817 52
38818 131
38819 102
38820 59
38821 96
38822 74
38823 91
38824 132
38825 182
38826 90
38827 124
38828 112
38829 160
38830 96
38831 124
38832 190
38833 76
38834 133
38835 66
38836 104
38837 83
38838 53
38839 18
38840 71
38841 95
38842 86
38843 204
38844 74
38845 76
38846 143
38847 95
38848 45
38849 49
38850 125
38851 138
38852 88
38853 86
38854 3
38855 160
38856 98
38857 96
38858 101
38859 76
38860 53
38861 71
38862 67
38863 112
38864 111
38865 63
38866 48
38867 122
38868 75
38869 65
38870 27
38871 39
38872 67
38873 98
38874 53
38875 111
38876 138
38877 72
38878 109
38879 108
38880 109
38881 105
38882 121
38883 152
38884 84
38885 122
38886 105
38887 79
38888 56
38889 107
38890 100
38891 128
38892 58
38893 77
38894 196
38895 93
38896 68
38897 107
38898 103
38899 98
38900 120
38901 79
38902 141
38903 125
38904 91
38905 124
38906 32
38907 216
38908 137
38909 47
38910 60
38911 34
38912 35
38913 155
38914 45
38915 119
38916 75
38917 81
38918 46
38919 109
38920 80
38921 35
38922 125
38923 44
38924 86
38925 147
38926 56
38927 118
38928 38
38929 100
38930 101
38931 44
38932 175
38933 173
38934 120
38935 136
38936 185
38937 79
38938 53
38939 118
38940 84
38941 97
38942 56
38943 82
38944 20
38945 107
38946 79
38947 137
38948 108
38949 110
38950 118
38951 63
38952 112
38953 132
38954 44
38955 116
38956 50
38957 95
38958 92
38959 137
38960 182
38961 162
38962 94
38963 164
38964 113
38965 74
38966 159
38967 81
38968 85
38969 60
38970 36
38971 89
38972 62
38973 106
38974 99
38975 90
38976 84
38977 93
38978 63
38979 62
38980 67
38981 44
38982 45
38983 108
38984 121
38985 79
38986 155
38987 118
38988 18
38989 79
38990 61
38991 111
38992 108
38993 23
38994 64
38995 159
38996 95
38997 45
38998 76
38999 119
39000 75
39001 71
39002 53
39003 133
39004 144
39005 126
39006 99
39007 69
39008 44
39009 138
39010 119
39011 103
39012 39
39013 83
39014 104
39015 79
39016 133
39017 116
39018 94
39019 98
39020 127
39021 106
39022 81
39023 112
39024 151
39025 107
39026 68
39027 165
39028 31
39029 42
39030 46
39031 154
39032 142
39033 66
39034 104
39035 86
39036 147
39037 126
39038 18
39039 100
39040 90
39041 39
39042 91
39043 97
39044 191
39045 122
39046 170
39047 105
39048 83
39049 106
39050 19
39051 122
39052 111
39053 121
39054 125
39055 148
39056 98
39057 58
39058 26
39059 129
39060 149
39061 64
39062 28
39063 55
39064 99
39065 167
39066 100
39067 30
39068 20
39069 95
39070 51
39071 50
39072 115
39073 91
39074 79
39075 112
39076 80
39077 137
39078 101
39079 26
39080 87
39081 65
39082 294
39083 113
39084 104
39085 64
39086 124
39087 189
39088 85
39089 61
39090 96
39091 63
39092 89
39093 206
39094 61
39095 105
39096 153
39097 103
39098 126
39099 58
39100 112
39101 118
39102 78
39103 43
39104 136
39105 68
39106 113
39107 53
39108 35
39109 177
39110 20
39111 188
39112 44
39113 137
39114 203
39115 160
39116 138
39117 143
39118 138
39119 114
39120 78
39121 184
39122 114
39123 47
39124 107
39125 115
39126 246
39127 60
39128 138
39129 139
39130 83
39131 84
39132 127
39133 61
39134 53
39135 105
39136 37
39137 49
39138 185
39139 26
39140 99
39141 107
39142 70
39143 65
39144 84
39145 95
39146 96
39147 130
39148 157
39149 92
39150 104
39151 96
39152 80
39153 196
39154 130
39155 97
39156 69
39157 128
39158 65
39159 36
39160 109
39161 70
39162 60
39163 65
39164 107
39165 97
39166 68
39167 29
39168 119
39169 86
39170 109
39171 70
39172 123
39173 69
39174 44
39175 128
39176 71
39177 109
39178 90
39179 133
39180 141
39181 220
39182 99
39183 104
39184 100
39185 81
39186 129
39187 97
39188 96
39189 120
39190 67
39191 133
39192 133
39193 77
39194 71
39195 132
39196 41
39197 79
39198 74
39199 163
39200 55
39201 144
39202 81
39203 100
39204 109
39205 67
39206 120
39207 105
39208 105
39209 132
39210 87
39211 41
39212 129
39213 92
39214 72
39215 58
39216 122
39217 -2
39218 94
39219 137
39220 211
39221 145
39222 91
39223 89
39224 55
39225 80
39226 95
39227 146
39228 68
39229 170
39230 80
39231 87
39232 82
39233 58
39234 73
39235 114
39236 222
39237 79
39238 15
39239 90
39240 -14
39241 71
39242 112
39243 40
39244 75
39245 127
39246 113
39247 54
39248 218
39249 123
39250 130
39251 88
39252 138
39253 67
39254 72
39255 149
39256 63
39257 143
39258 83
39259 162
39260 102
39261 139
39262 269
39263 101
39264 55
39265 62
39266 100
39267 55
39268 83
39269 77
39270 80
39271 139
39272 98
39273 121
39274 116
39275 78
39276 144
39277 23
39278 85
39279 155
39280 73
39281 67
39282 89
39283 247
39284 148
39285 157
39286 105
39287 35
39288 139
39289 145
39290 64
39291 82
39292 113
39293 177
39294 39
39295 179
39296 82
39297 123
39298 77
39299 90
39300 85
39301 96
39302 178
39303 129
39304 74
39305 82
39306 161
39307 73
39308 183
39309 82
39310 123
39311 80
39312 91
39313 132
39314 48
39315 217
39316 91
39317 113
39318 20
39319 229
39320 166
39321 79
39322 140
39323 74
39324 73
39325 61
39326 58
39327 78
39328 78
39329 90
39330 154
39331 57
39332 95
39333 111
39334 78
39335 127
39336 71
39337 66
39338 67
39339 48
39340 66
39341 155
39342 103
39343 79
39344 79
39345 86
39346 82
39347 76
39348 193
39349 108
39350 134
39351 76
39352 65
39353 119
39354 110
39355 102
39356 233
39357 72
39358 132
39359 133
39360 151
39361 160
39362 99
39363 87
39364 53
39365 66
39366 139
39367 30
39368 98
39369 72
39370 100
39371 73
39372 153
39373 89
39374 169
39375 198
39376 104
39377 61
39378 132
39379 59
39380 61
39381 161
39382 185
39383 110
39384 49
39385 71
39386 81
39387 59
39388 100
39389 74
39390 33
39391 141
39392 84
39393 146
39394 160
39395 91
39396 51
39397 96
39398 113
39399 94
39400 38
39401 41
39402 68
39403 102
39404 109
39405 85
39406 91
39407 114
39408 9
39409 103
39410 91
39411 174
39412 63
39413 87
39414 78
39415 102
39416 133
39417 178
39418 92
39419 90
39420 73
39421 48
39422 107
39423 94
39424 65
39425 98
39426 78
39427 87
39428 103
39429 76
39430 48
39431 12
39432 35
39433 82
39434 172
39435 46
39436 178
39437 73
39438 179
39439 70
39440 97
39441 61
39442 84
39443 74
39444 88
39445 64
39446 113
39447 115
39448 92
39449 135
39450 100
39451 14
39452 169
39453 193
39454 146
39455 117
39456 87
39457 138
39458 111
39459 57
39460 94
39461 91
39462 132
39463 114
39464 182
39465 135
39466 82
39467 68
39468 72
39469 195
39470 121
39471 82
39472 81
39473 96
39474 132
39475 64
39476 64
39477 95
39478 69
39479 37
39480 90
39481 112
39482 101
39483 177
39484 114
39485 79
39486 91
39487 102
39488 91
39489 85
39490 178
39491 119
39492 61
39493 54
39494 179
39495 122
39496 100
39497 89
39498 112
39499 151
39500 117
39501 83
39502 102
39503 69
39504 71
39505 60
39506 98
39507 131
39508 117
39509 118
39510 110
39511 201
39512 76
39513 105
39514 111
39515 128
39516 46
39517 92
39518 154
39519 65
39520 107
39521 103
39522 99
39523 73
39524 66
39525 96
39526 151
39527 72
39528 108
39529 77
39530 123
39531 139
39532 39
39533 36
39534 115
39535 147
39536 105
39537 112
39538 77
39539 48
39540 21
39541 78
39542 81
39543 182
39544 89
39545 131
39546 100
39547 96
39548 70
39549 213
39550 38
39551 111
39552 118
39553 86
39554 152
39555 113
39556 63
39557 83
39558 55
39559 151
39560 128
39561 139
39562 9
39563 104
39564 73
39565 107
39566 86
39567 81
39568 88
39569 59
39570 129
39571 66
39572 55
39573 76
39574 115
39575 134
39576 83
39577 103
39578 38
39579 57
39580 50
39581 72
39582 97
39583 135
39584 100
39585 80
39586 -12
39587 47
39588 141
39589 112
39590 166
39591 120
39592 79
39593 94
39594 90
39595 79
39596 40
39597 109
39598 89
39599 144
39600 170
39601 76
39602 96
39603 134
39604 101
39605 79
39606 39
39607 80
39608 133
39609 0
39610 54
39611 69
39612 176
39613 213
39614 66
39615 131
39616 175
39617 116
39618 102
39619 124
39620 37
39621 50
39622 37
39623 63
39624 104
39625 37
39626 88
39627 57
39628 107
39629 51
39630 13
39631 96
39632 126
39633 109
39634 111
39635 61
39636 150
39637 39
39638 61
39639 57
39640 147
39641 135
39642 99
39643 120
39644 195
39645 121
39646 79
39647 125
39648 124
39649 132
39650 230
39651 130
39652 58
39653 130
39654 143
39655 97
39656 99
39657 109
39658 102
39659 102
39660 71
39661 91
39662 83
39663 122
39664 4
39665 43
39666 94
39667 65
39668 141
39669 143
39670 57
39671 14
39672 97
39673 81
39674 -10
39675 99
39676 17
39677 45
39678 93
39679 37
39680 108
39681 34
39682 54
39683 84
39684 110
39685 33
39686 124
39687 34
39688 101
39689 107
39690 92
39691 52
39692 90
39693 102
39694 90
39695 145
39696 84
39697 308
39698 95
39699 172
39700 108
39701 127
39702 78
39703 54
39704 71
39705 152
39706 101
39707 136
39708 29
39709 63
39710 135
39711 50
39712 213
39713 74
39714 133
39715 59
39716 123
39717 51
39718 58
39719 80
39720 29
39721 61
39722 38
39723 28
39724 117
39725 108
39726 115
39727 81
39728 151
39729 43
39730 87
39731 122
39732 101
39733 131
39734 104
39735 113
39736 -12
39737 95
39738 139
39739 49
39740 66
39741 112
39742 150
39743 78
39744 101
39745 70
39746 103
39747 95
39748 91
39749 27
39750 86
39751 45
39752 73
39753 132
39754 86
39755 121
39756 46
39757 76
39758 153
39759 50
39760 117
39761 65
39762 19
39763 115
39764 204
39765 64
39766 74
39767 61
39768 70
39769 72
39770 42
39771 75
39772 100
39773 141
39774 47
39775 53
39776 92
39777 30
39778 122
39779 109
39780 149
39781 58
39782 265
39783 134
39784 75
39785 47
39786 69
39787 48
39788 64
39789 105
39790 70
39791 87
39792 45
39793 101
39794 125
39795 98
39796 127
39797 48
39798 83
39799 44
39800 97
39801 71
39802 102
39803 64
39804 134
39805 65
39806 117
39807 123
39808 50
39809 66
39810 98
39811 191
39812 143
39813 166
39814 142
39815 152
39816 107
39817 129
39818 103
39819 126
39820 79
39821 52
39822 84
39823 126
39824 153
39825 25
39826 78
39827 61
39828 48
39829 82
39830 59
39831 124
39832 144
39833 90
39834 15
39835 136
39836 104
39837 102
39838 68
39839 162
39840 157
39841 62
39842 75
39843 68
39844 146
39845 97
39846 56
39847 106
39848 59
39849 43
39850 17
39851 159
39852 42
39853 86
39854 124
39855 85
39856 64
39857 126
39858 130
39859 101
39860 83
39861 84
39862 131
39863 67
39864 76
39865 85
39866 41
39867 137
39868 36
39869 86
39870 137
39871 106
39872 138
39873 133
39874 135
39875 44
39876 230
39877 52
39878 97
39879 47
39880 58
39881 138
39882 116
39883 173
39884 173
39885 87
39886 102
39887 23
39888 128
39889 90
39890 120
39891 42
39892 73
39893 133
39894 47
39895 34
39896 79
39897 249
39898 90
39899 131
39900 125
39901 223
39902 85
39903 -5
39904 47
39905 132
39906 130
39907 116
39908 73
39909 129
39910 102
39911 63
39912 112
39913 150
39914 70
39915 93
39916 119
39917 112
39918 121
39919 85
39920 101
39921 57
39922 117
39923 64
39924 76
39925 38
39926 51
39927 139
39928 45
39929 93
39930 82
39931 191
39932 76
39933 184
39934 123
39935 125
39936 83
39937 67
39938 102
39939 45
39940 78
39941 48
39942 124
39943 93
39944 109
39945 79
39946 135
39947 105
39948 112
39949 64
39950 128
39951 72
39952 93
39953 128
39954 99
39955 121
39956 76
39957 32
39958 83
39959 68
39960 47
39961 110
39962 69
39963 80
39964 134
39965 56
39966 45
39967 51
39968 80
39969 87
39970 138
39971 53
39972 91
39973 63
39974 74
39975 107
39976 97
39977 121
39978 60
39979 69
39980 18
39981 108
39982 155
39983 119
39984 80
39985 138
39986 263
39987 125
39988 148
39989 87
39990 95
39991 103
39992 106
39993 104
39994 94
39995 77
39996 160
39997 98
39998 159
39999 42
40000 33
40001 220
40002 110
40003 124
40004 102
40005 278
40006 74
40007 63
40008 120
40009 80
40010 50
40011 7
40012 78
40013 78
40014 84
40015 117
40016 68
40017 62
40018 62
40019 66
40020 122
40021 65
40022 40
40023 57
40024 101
40025 140
40026 50
40027 92
40028 76
40029 70
40030 65
40031 98
40032 102
40033 113
40034 61
40035 38
40036 54
40037 59
40038 173
40039 97
40040 71
40041 54
40042 45
40043 129
40044 167
40045 96
40046 30
40047 89
40048 79
40049 79
40050 56
40051 126
40052 117
40053 144
40054 31
40055 126
40056 41
40057 93
40058 156
40059 104
40060 104
40061 75
40062 171
40063 70
40064 65
40065 105
40066 233
40067 143
40068 110
40069 77
40070 117
40071 138
40072 146
40073 75
40074 140
40075 146
40076 156
40077 73
40078 127
40079 100
40080 175
40081 110
40082 120
40083 52
40084 92
40085 117
40086 73
40087 112
40088 133
40089 100
40090 194
40091 72
40092 45
40093 144
40094 107
40095 161
40096 145
40097 72
40098 158
40099 89
40100 158
40101 67
40102 16
40103 115
40104 236
40105 62
40106 30
40107 243
40108 80
40109 78
40110 117
40111 163
40112 121
40113 128
40114 122
40115 108
40116 73
40117 54
40118 92
40119 71
40120 95
40121 72
40122 137
40123 68
40124 76
40125 82
40126 75
40127 89
40128 98
40129 111
40130 85
40131 12
40132 85
40133 62
40134 97
40135 55
40136 -7
40137 116
40138 127
40139 122
40140 95
40141 89
40142 62
40143 14
40144 66
40145 74
40146 45
40147 49
40148 87
40149 71
40150 63
40151 164
40152 142
40153 90
40154 99
40155 86
40156 120
40157 161
40158 20
40159 96
40160 134
40161 46
40162 64
40163 215
40164 113
40165 89
40166 34
40167 116
40168 119
40169 61
40170 102
40171 47
40172 110
40173 176
40174 59
40175 84
40176 59
40177 96
40178 115
40179 173
40180 39
40181 25
40182 146
40183 99
40184 38
40185 51
40186 73
40187 85
40188 49
40189 92
40190 11
40191 182
40192 115
40193 98
40194 67
40195 96
40196 68
40197 110
40198 62
40199 82
40200 98
40201 98
40202 153
40203 31
40204 178
40205 150
40206 102
40207 77
40208 68
40209 63
40210 47
40211 89
40212 132
40213 135
40214 99
40215 88
40216 72
40217 95
40218 77
40219 133
40220 29
40221 146
40222 16
40223 35
40224 42
40225 151
40226 60
40227 76
40228 76
40229 112
40230 87
40231 82
40232 54
40233 87
40234 16
40235 79
40236 145
40237 173
40238 18
40239 30
40240 104
40241 160
40242 165
40243 122
40244 99
40245 87
40246 110
40247 57
40248 93
40249 135
40250 67
40251 82
40252 195
40253 178
40254 75
40255 93
40256 149
40257 79
40258 211
40259 74
40260 68
40261 52
40262 108
40263 79
40264 103
40265 139
40266 90
40267 88
40268 74
40269 160
40270 119
40271 79
40272 106
40273 41
40274 88
40275 75
40276 51
40277 50
40278 98
40279 188
40280 81
40281 157
40282 91
40283 88
40284 98
40285 127
40286 81
40287 63
40288 94
40289 39
40290 172
40291 56
40292 84
40293 119
40294 78
40295 60
40296 94
40297 119
40298 69
40299 89
40300 88
40301 54
40302 75
40303 105
40304 280
40305 66
40306 75
40307 94
40308 92
40309 106
40310 87
40311 80
40312 189
40313 106
40314 143
40315 75
40316 114
40317 109
40318 123
40319 131
40320 162
40321 85
40322 113
40323 64
40324 47
40325 31
40326 -14
40327 91
40328 44
40329 130
40330 61
40331 37
40332 121
40333 92
40334 70
40335 62
40336 67
40337 103
40338 39
40339 121
40340 109
40341 167
40342 145
40343 128
40344 82
40345 90
40346 66
40347 144
40348 64
40349 92
40350 27
40351 42
40352 119
40353 100
40354 100
40355 111
40356 42
40357 44
40358 200
40359 101
40360 74
40361 54
40362 102
40363 153
40364 47
40365 58
40366 86
40367 102
40368 70
40369 84
40370 115
40371 63
40372 90
40373 91
40374 150
40375 91
40376 75
40377 82
40378 40
40379 171
40380 124
40381 102
40382 123
40383 134
40384 106
40385 116
40386 99
40387 65
40388 45
40389 138
40390 126
40391 65
40392 68
40393 34
40394 132
40395 24
40396 112
40397 212
40398 83
40399 112
40400 118
40401 38
40402 135
40403 98
40404 101
40405 93
40406 64
40407 66
40408 90
40409 93
40410 129
40411 142
40412 98
40413 124
40414 44
40415 64
40416 102
40417 98
40418 109
40419 98
40420 40
40421 121
40422 77
40423 109
40424 39
40425 126
40426 82
40427 57
40428 41
40429 133
40430 87
40431 113
40432 94
40433 124
40434 29
40435 99
40436 96
40437 96
40438 224
40439 60
40440 101
40441 111
40442 94
40443 95
40444 91
40445 92
40446 121
40447 86
40448 42
40449 99
40450 70
40451 83
40452 76
40453 91
40454 56
40455 141
40456 103
40457 83
40458 53
40459 148
40460 68
40461 69
40462 68
40463 82
40464 92
40465 102
40466 54
40467 86
40468 113
40469 105
40470 100
40471 92
40472 119
40473 124
40474 76
40475 93
40476 92
40477 21
40478 180
40479 103
40480 77
40481 89
40482 125
40483 48
40484 62
40485 146
40486 142
40487 96
40488 87
40489 185
40490 59
40491 132
40492 59
40493 87
40494 26
40495 59
40496 60
40497 68
40498 121
40499 106
40500 53
40501 66
40502 204
40503 88
40504 156
40505 135
40506 103
40507 158
40508 88
40509 120
40510 134
40511 21
40512 82
40513 12
40514 33
40515 155
40516 55
40517 114
40518 142
40519 81
40520 88
40521 35
40522 126
40523 74
40524 62
40525 223
40526 64
40527 84
40528 133
40529 64
40530 40
40531 62
40532 20
40533 36
40534 113
40535 77
40536 126
40537 93
40538 180
40539 91
40540 61
40541 72
40542 73
40543 38
40544 59
40545 74
40546 67
40547 111
40548 78
40549 122
40550 52
40551 82
40552 150
40553 97
40554 98
40555 102
40556 110
40557 61
40558 72
40559 98
40560 83
40561 90
40562 59
40563 201
40564 41
40565 67
40566 170
40567 89
40568 88
40569 136
40570 75
40571 90
40572 78
40573 261
40574 97
40575 79
40576 121
40577 33
40578 136
40579 106
40580 92
40581 129
40582 62
40583 104
40584 132
40585 26
40586 81
40587 147
40588 141
40589 133
40590 68
40591 96
40592 45
40593 109
40594 35
40595 125
40596 102
40597 67
40598 23
40599 78
40600 120
40601 86
40602 92
40603 67
40604 147
40605 79
40606 112
40607 51
40608 55
40609 89
40610 63
40611 101
40612 82
40613 128
40614 77
40615 40
40616 121
40617 100
40618 80
40619 47
40620 120
40621 113
40622 140
40623 71
40624 86
40625 -21
40626 94
40627 223
40628 113
40629 100
40630 83
40631 39
40632 60
40633 104
40634 59
40635 74
40636 130
40637 86
40638 114
40639 134
40640 20
40641 28
40642 71
40643 87
40644 69
40645 100
40646 73
40647 291
40648 138
40649 124
40650 110
40651 54
40652 156
40653 124
40654 80
40655 85
40656 120
40657 61
40658 102
40659 147
40660 88
40661 59
40662 147
40663 49
40664 110
40665 60
40666 108
40667 60
40668 87
40669 13
40670 119
40671 103
40672 109
40673 260
40674 45
40675 88
40676 179
40677 44
40678 103
40679 48
40680 85
40681 102
40682 104
40683 111
40684 115
40685 48
40686 136
40687 32
40688 92
40689 24
40690 103
40691 40
40692 206
40693 48
40694 85
40695 0
40696 69
40697 91
40698 73
40699 84
40700 81
40701 102
40702 102
40703 93
40704 141
40705 73
40706 104
40707 42
40708 48
40709 102
40710 162
40711 114
40712 132
40713 116
40714 36
40715 145
40716 61
40717 107
40718 46
40719 117
40720 176
40721 121
40722 163
40723 51
40724 215
40725 74
40726 57
40727 73
40728 8
40729 100
40730 188
40731 108
40732 76
40733 52
40734 97
40735 118
40736 35
40737 83
40738 139
40739 99
40740 60
40741 132
40742 109
40743 101
40744 140
40745 181
40746 222
40747 117
40748 119
40749 108
40750 49
40751 76
40752 110
40753 87
40754 85
40755 50
40756 85
40757 59
40758 138
40759 89
40760 140
40761 80
40762 80
40763 75
40764 102
40765 66
40766 53
40767 84
40768 43
40769 57
40770 85
40771 78
40772 35
40773 174
40774 52
40775 75
40776 28
40777 213
40778 101
40779 126
40780 72
40781 62
40782 112
40783 190
40784 74
40785 40
40786 79
40787 164
40788 86
40789 175
40790 -1
40791 30
40792 124
40793 97
40794 100
40795 146
40796 22
40797 55
40798 71
40799 113
40800 132
40801 93
40802 80
40803 179
40804 57
40805 135
40806 107
40807 114
40808 133
40809 138
40810 99
40811 87
40812 98
40813 45
40814 53
40815 38
40816 98
40817 60
40818 139
40819 68
40820 112
40821 -10
40822 81
40823 73
40824 68
40825 166
40826 47
40827 76
40828 138
40829 94
40830 113
40831 105
40832 84
40833 158
40834 70
40835 151
40836 84
40837 111
40838 91
40839 79
40840 98
40841 105
40842 42
40843 45
40844 58
40845 246
40846 212
40847 323
40848 70
40849 48
40850 122
40851 88
40852 49
40853 117
40854 73
40855 -1
40856 59
40857 57
40858 63
40859 79
40860 101
40861 75
40862 106
40863 92
40864 37
40865 73
40866 131
40867 145
40868 162
40869 75
40870 120
40871 67
40872 87
40873 50
40874 151
40875 60
40876 -6
40877 76
40878 96
40879 146
40880 126
40881 41
40882 149
40883 80
40884 56
40885 97
40886 67
40887 96
40888 41
40889 52
40890 44
40891 95
40892 47
40893 107
40894 163
40895 104
40896 118
40897 132
40898 134
40899 23
40900 74
40901 109
40902 51
40903 43
40904 33
40905 50
40906 49
40907 3
40908 77
40909 98
40910 69
40911 118
40912 70
40913 41
40914 76
40915 25
40916 144
40917 56
40918 58
40919 145
40920 143
40921 53
40922 139
40923 57
40924 80
40925 69
40926 156
40927 100
40928 133
40929 177
40930 154
40931 36
40932 140
40933 64
40934 94
40935 125
40936 96
40937 101
40938 65
40939 145
40940 78
40941 38
40942 107
40943 100
40944 38
40945 56
40946 139
40947 112
40948 65
40949 103
40950 79
40951 124
40952 89
40953 98
40954 70
40955 173
40956 90
40957 82
40958 85
40959 47
40960 48
40961 120
40962 61
40963 81
40964 91
40965 86
40966 37
40967 23
40968 75
40969 95
40970 117
40971 88
40972 50
40973 109
40974 87
40975 110
40976 76
40977 32
40978 59
40979 52
40980 86
40981 81
40982 89
40983 44
40984 145
40985 125
40986 124
40987 13
40988 84
40989 73
40990 83
40991 82
40992 58
40993 151
40994 138
40995 33
40996 54
40997 112
40998 98
40999 162
41000 52
41001 100
41002 61
41003 94
41004 81
41005 83
41006 93
41007 93
41008 73
41009 51
41010 78
41011 42
41012 86
41013 61
41014 96
41015 59
41016 120
41017 49
41018 141
41019 57
41020 83
41021 118
41022 156
41023 131
41024 120
41025 94
41026 5
41027 111
41028 75
41029 90
41030 174
41031 33
41032 97
41033 123
41034 75
41035 59
41036 153
41037 78
41038 140
41039 78
41040 61
41041 41
41042 69
41043 62
41044 120
41045 81
41046 126
41047 82
41048 107
41049 202
41050 38
41051 29
41052 87
41053 13
41054 93
41055 99
41056 80
41057 109
41058 121
41059 54
41060 92
41061 112
41062 64
41063 105
41064 144
41065 60
41066 101
41067 122
41068 159
41069 108
41070 178
41071 124
41072 97
41073 99
41074 19
41075 80
41076 18
41077 106
41078 82
41079 88
41080 57
41081 102
41082 56
41083 56
41084 122
41085 74
41086 47
41087 99
41088 48
41089 72
41090 80
41091 75
41092 92
41093 114
41094 40
41095 104
41096 104
41097 87
41098 91
41099 114
41100 79
41101 67
41102 91
41103 85
41104 121
41105 3
41106 121
41107 59
41108 120
41109 66
41110 110
41111 149
41112 187
41113 71
41114 108
41115 124
41116 70
41117 32
41118 52
41119 115
41120 57
41121 88
41122 100
41123 94
41124 29
41125 67
41126 108
41127 100
41128 125
41129 93
41130 51
41131 46
41132 79
41133 65
41134 150
41135 106
41136 118
41137 78
41138 101
41139 79
41140 138
41141 20
41142 97
41143 42
41144 61
41145 76
41146 162
41147 80
41148 50
41149 77
41150 85
41151 59
41152 91
41153 17
41154 240
41155 55
41156 72
41157 48
41158 93
41159 149
41160 63
41161 80
41162 119
41163 27
41164 70
41165 43
41166 46
41167 71
41168 89
41169 62
41170 114
41171 93
41172 105
41173 110
41174 138
41175 94
41176 63
41177 164
41178 86
41179 18
41180 110
41181 87
41182 42
41183 57
41184 77
41185 115
41186 36
41187 78
41188 63
41189 111
41190 59
41191 77
41192 85
41193 45
41194 74
41195 78
41196 110
41197 87
41198 77
41199 144
41200 74
41201 146
41202 72
41203 107
41204 46
41205 95
41206 67
41207 97
41208 88
41209 56
41210 48
41211 150
41212 119
41213 59
41214 63
41215 59
41216 74
41217 40
41218 42
41219 88
41220 107
41221 82
41222 214
41223 28
41224 84
41225 53
41226 120
41227 92
41228 49
41229 136
41230 150
41231 87
41232 105
41233 145
41234 93
41235 86
41236 73
41237 36
41238 56
41239 122
41240 162
41241 136
41242 33
41243 77
41244 111
41245 29
41246 57
41247 85
41248 79
41249 122
41250 106
41251 53
41252 69
41253 193
41254 98
41255 112
41256 92
41257 132
41258 31
41259 12
41260 69
41261 170
41262 20
41263 56
41264 132
41265 105
41266 151
41267 37
41268 39
41269 144
41270 40
41271 95
41272 166
41273 49
41274 46
41275 62
41276 118
41277 126
41278 92
41279 100
41280 66
41281 104
41282 97
41283 59
41284 113
41285 118
41286 66
41287 71
41288 103
41289 79
41290 183
41291 95
41292 20
41293 134
41294 110
41295 60
41296 102
41297 84
41298 140
41299 149
41300 91
41301 47
41302 59
41303 95
41304 58
41305 134
41306 43
41307 71
41308 168
41309 97
41310 62
41311 59
41312 88
41313 56
41314 11
41315 30
41316 155
41317 123
41318 45
41319 87
41320 84
41321 78
41322 68
41323 96
41324 34
41325 25
41326 121
41327 117
41328 97
41329 204
41330 98
41331 112
41332 96
41333 74
41334 27
41335 40
41336 36
41337 73
41338 82
41339 105
41340 29
41341 170
41342 29
41343 82
41344 130
41345 92
41346 101
41347 76
41348 102
41349 86
41350 113
41351 85
41352 143
41353 117
41354 94
41355 111
41356 63
41357 27
41358 134
41359 -12
41360 101
41361 12
41362 59
41363 100
41364 32
41365 86
41366 109
41367 135
41368 104
41369 77
41370 90
41371 100
41372 68
41373 50
41374 73
41375 113
41376 70
41377 88
41378 49
41379 59
41380 77
41381 89
41382 127
41383 58
41384 106
41385 94
41386 106
41387 147
41388 113
41389 102
41390 83
41391 105
41392 112
41393 77
41394 118
41395 81
41396 57
41397 87
41398 -15
41399 105
41400 59
41401 116
41402 45
41403 71
41404 2
41405 89
41406 115
41407 62
41408 108
41409 4
41410 129
41411 38
41412 60
41413 63
41414 42
41415 73
41416 35
41417 111
41418 62
41419 69
41420 81
41421 88
41422 128
41423 101
41424 71
41425 133
41426 97
41427 117
41428 12
41429 48
41430 47
41431 114
41432 1
41433 20
41434 135
41435 32
41436 111
41437 96
41438 101
41439 37
41440 22
41441 91
41442 113
41443 109
41444 101
41445 65
41446 76
41447 86
41448 92
41449 100
41450 101
41451 174
41452 106
41453 53
41454 35
41455 15
41456 81
41457 142
41458 36
41459 79
41460 33
41461 0
41462 64
41463 40
41464 54
41465 160
41466 131
41467 96
41468 160
41469 89
41470 32
41471 50
41472 54
41473 94
41474 87
41475 62
41476 51
41477 84
41478 99
41479 122
41480 97
41481 113
41482 55
41483 126
41484 74
41485 96
41486 30
41487 73
41488 178
41489 146
41490 98
41491 71
41492 175
41493 62
41494 94
41495 50
41496 87
41497 62
41498 109
41499 49
41500 32
41501 95
41502 98
41503 72
41504 119
41505 32
41506 46
41507 100
41508 90
41509 57
41510 112
41511 82
41512 34
41513 41
41514 33
41515 72
41516 113
41517 80
41518 94
41519 77
41520 81
41521 87
41522 38
41523 11
41524 87
41525 45
41526 193
41527 31
41528 132
41529 81
41530 132
41531 79
41532 72
41533 103
41534 179
41535 99
41536 32
41537 154
41538 152
41539 10
41540 104
41541 125
41542 103
41543 88
41544 101
41545 69
41546 73
41547 52
41548 74
41549 212
41550 119
41551 85
41552 94
41553 131
41554 120
41555 195
41556 91
41557 22
41558 87
41559 70
41560 54
41561 45
41562 22
41563 115
41564 14
41565 152
41566 100
41567 118
41568 84
41569 98
41570 6
41571 131
41572 43
41573 56
41574 68
41575 157
41576 30
41577 83
41578 25
41579 123
41580 103
41581 38
41582 71
41583 123
41584 143
41585 94
41586 23
41587 87
41588 111
41589 139
41590 82
41591 40
41592 94
41593 92
41594 72
41595 66
41596 74
41597 38
41598 69
41599 65
41600 122
41601 54
41602 54
41603 73
41604 60
41605 67
41606 55
41607 49
41608 58
41609 94
41610 112
41611 79
41612 106
41613 124
41614 60
41615 69
41616 158
41617 83
41618 132
41619 55
41620 153
41621 46
41622 25
41623 114
41624 112
41625 66
41626 140
41627 30
41628 106
41629 89
41630 39
41631 92
41632 80
41633 78
41634 143
41635 165
41636 64
41637 78
41638 52
41639 94
41640 36
41641 87
41642 63
41643 141
41644 129
41645 37
41646 83
41647 100
41648 106
41649 132
41650 99
41651 146
41652 61
41653 89
41654 190
41655 77
41656 72
41657 63
41658 71
41659 98
41660 67
41661 82
41662 25
41663 49
41664 84
41665 52
41666 113
41667 45
41668 101
41669 67
41670 45
41671 55
41672 146
41673 91
41674 139
41675 122
41676 98
41677 80
41678 73
41679 101
41680 67
41681 124
41682 126
41683 45
41684 79
41685 151
41686 78
41687 70
41688 148
41689 75
41690 107
41691 87
41692 24
41693 177
41694 254
41695 144
41696 52
41697 107
41698 123
41699 23
41700 37
41701 91
41702 73
41703 80
41704 66
41705 104
41706 79
41707 141
41708 79
41709 87
41710 68
41711 105
41712 56
41713 52
41714 108
41715 93
41716 136
41717 132
41718 102
41719 107
41720 24
41721 93
41722 109
41723 53
41724 103
41725 113
41726 70
41727 74
41728 55
41729 131
41730 85
41731 106
41732 88
41733 98
41734 73
41735 83
41736 81
41737 268
41738 198
41739 115
41740 115
41741 127
41742 69
41743 129
41744 82
41745 79
41746 71
41747 20
41748 135
41749 132
41750 189
41751 35
41752 123
41753 60
41754 119
41755 100
41756 89
41757 163
41758 136
41759 88
41760 90
41761 218
41762 94
41763 96
41764 48
41765 89
41766 95
41767 85
41768 28
41769 132
41770 61
41771 216
41772 79
41773 75
41774 89
41775 65
41776 103
41777 99
41778 84
41779 101
41780 54
41781 94
41782 91
41783 88
41784 91
41785 34
41786 151
41787 29
41788 105
41789 82
41790 133
41791 80
41792 126
41793 104
41794 41
41795 75
41796 66
41797 98
41798 81
41799 125
41800 59
41801 97
41802 72
41803 118
41804 59
41805 115
41806 41
41807 115
41808 85
41809 65
41810 84
41811 -9
41812 20
41813 81
41814 31
41815 92
41816 46
41817 33
41818 72
41819 79
41820 46
41821 96
41822 59
41823 63
41824 19
41825 32
41826 64
41827 143
41828 71
41829 123
41830 103
41831 133
41832 91
41833 112
41834 76
41835 47
41836 64
41837 15
41838 61
41839 58
41840 45
41841 70
41842 79
41843 112
41844 28
41845 55
41846 65
41847 16
41848 69
41849 83
41850 74
41851 180
41852 76
41853 92
41854 113
41855 96
41856 98
41857 52
41858 141
41859 106
41860 90
41861 136
41862 154
41863 102
41864 20
41865 162
41866 79
41867 54
41868 112
41869 222
41870 47
41871 91
41872 113
41873 76
41874 77
41875 115
41876 106
41877 101
41878 132
41879 70
41880 101
41881 32
41882 46
41883 116
41884 80
41885 52
41886 114
41887 79
41888 134
41889 131
41890 151
41891 156
41892 97
41893 132
41894 146
41895 118
41896 124
41897 82
41898 150
41899 76
41900 55
41901 89
41902 89
41903 148
41904 116
41905 102
41906 59
41907 80
41908 112
41909 94
41910 120
41911 97
41912 53
41913 100
41914 112
41915 120
41916 91
41917 116
41918 56
41919 80
41920 166
41921 107
41922 89
41923 166
41924 73
41925 109
41926 252
41927 126
41928 65
41929 85
41930 184
41931 84
41932 79
41933 190
41934 85
41935 54
41936 87
41937 79
41938 115
41939 139
41940 21
41941 67
41942 30
41943 75
41944 68
41945 45
41946 88
41947 154
41948 123
41949 134
41950 87
41951 108
41952 132
41953 71
41954 134
41955 90
41956 66
41957 61
41958 30
41959 74
41960 78
41961 62
41962 97
41963 181
41964 194
41965 156
41966 59
41967 104
41968 72
41969 46
41970 67
41971 99
41972 119
41973 49
41974 88
41975 69
41976 28
41977 147
41978 103
41979 -20
41980 102
41981 52
41982 72
41983 65
41984 63
41985 62
41986 93
41987 106
41988 120
41989 30
41990 69
41991 107
41992 121
41993 117
41994 165
41995 30
41996 82
41997 57
41998 139
41999 120
42000 92
42001 75
42002 53
42003 59
42004 130
42005 75
42006 69
42007 99
42008 32
42009 103
42010 55
42011 92
42012 43
42013 -23
42014 73
42015 35
42016 88
42017 182
42018 30
42019 78
42020 125
42021 89
42022 97
42023 117
42024 48
42025 131
42026 83
42027 31
42028 64
42029 52
42030 24
42031 52
42032 33
42033 93
42034 49
42035 81
42036 72
42037 47
42038 76
42039 73
42040 57
42041 148
42042 93
42043 31
42044 46
42045 161
42046 234
42047 48
42048 103
42049 57
42050 61
42051 107
42052 75
42053 83
42054 48
42055 80
42056 169
42057 68
42058 98
42059 96
42060 60
42061 46
42062 84
42063 46
42064 95
42065 35
42066 101
42067 124
42068 114
42069 134
42070 128
42071 94
42072 176
42073 112
42074 74
42075 40
42076 88
42077 99
42078 218
42079 94
42080 55
42081 135
42082 58
42083 123
42084 71
42085 108
42086 63
42087 60
42088 90
42089 102
42090 42
42091 72
42092 151
42093 67
42094 120
42095 81
42096 73
42097 106
42098 40
42099 134
42100 123
42101 83
42102 113
42103 69
42104 54
42105 124
42106 94
42107 55
42108 118
42109 130
42110 50
42111 136
42112 58
42113 117
42114 49
42115 35
42116 72
42117 85
42118 104
42119 39
42120 122
42121 23
42122 52
42123 55
42124 100
42125 99
42126 102
42127 73
42128 65
42129 81
42130 69
42131 131
42132 60
42133 91
42134 44
42135 44
42136 153
42137 161
42138 120
42139 45
42140 66
42141 42
42142 35
42143 79
42144 161
42145 76
42146 115
42147 50
42148 58
42149 100
42150 82
42151 136
42152 132
42153 121
42154 92
42155 32
42156 77
42157 53
42158 76
42159 115
42160 286
42161 68
42162 56
42163 109
42164 104
42165 60
42166 78
42167 30
42168 79
42169 119
42170 105
42171 99
42172 43
42173 14
42174 150
42175 91
42176 75
42177 39
42178 65
42179 55
42180 61
42181 81
42182 166
42183 62
42184 127
42185 109
42186 146
42187 76
42188 179
42189 125
42190 -1
42191 61
42192 56
42193 25
42194 141
42195 62
42196 63
42197 94
42198 85
42199 85
42200 115
42201 88
42202 69
42203 42
42204 95
42205 52
42206 61
42207 176
42208 103
42209 74
42210 134
42211 61
42212 44
42213 54
42214 33
42215 130
42216 132
42217 62
42218 49
42219 157
42220 102
42221 76
42222 111
42223 43
42224 91
42225 112
42226 9
42227 142
42228 82
42229 100
42230 122
42231 101
42232 86
42233 76
42234 72
42235 58
42236 50
42237 65
42238 92
42239 155
42240 99
42241 25
42242 45
42243 22
42244 68
42245 148
42246 134
42247 55
42248 77
42249 104
42250 142
42251 53
42252 107
42253 76
42254 147
42255 153
42256 113
42257 128
42258 133
42259 45
42260 57
42261 33
42262 132
42263 89
42264 116
42265 66
42266 92
42267 113
42268 157
42269 47
42270 126
42271 92
42272 91
42273 146
42274 78
42275 110
42276 71
42277 10
42278 117
42279 96
42280 8
42281 63
42282 37
42283 42
42284 87
42285 63
42286 74
42287 49
42288 129
42289 127
42290 89
42291 71
42292 45
42293 162
42294 72
42295 78
42296 68
42297 49
42298 9
42299 80
42300 95
42301 66
42302 103
42303 124
42304 47
42305 103
42306 172
42307 63
42308 95
42309 53
42310 64
42311 61
42312 36
42313 98
42314 95
42315 102
42316 93
42317 143
42318 75
42319 133
42320 26
42321 103
42322 78
42323 69
42324 114
42325 73
42326 80
42327 129
42328 137
42329 27
42330 80
42331 30
42332 99
42333 98
42334 139
42335 51
42336 20
42337 60
42338 27
42339 49
42340 59
42341 73
42342 102
42343 70
42344 38
42345 78
42346 88
42347 36
42348 112
42349 64
42350 66
42351 78
42352 64
42353 74
42354 71
42355 117
42356 102
42357 57
42358 81
42359 91
42360 161
42361 64
42362 115
42363 51
42364 48
42365 97
42366 77
42367 63
42368 71
42369 10
42370 150
42371 117
42372 88
42373 155
42374 22
42375 78
42376 79
42377 59
42378 85
42379 178
42380 109
42381 37
42382 94
42383 135
42384 1
42385 126
42386 94
42387 106
42388 132
42389 154
42390 82
42391 110
42392 107
42393 66
42394 89
42395 68
42396 71
42397 96
42398 104
42399 7
42400 43
42401 91
42402 110
42403 116
42404 99
42405 101
42406 48
42407 85
42408 65
42409 96
42410 90
42411 -7
42412 79
42413 73
42414 104
42415 96
42416 116
42417 52
42418 70
42419 48
42420 47
42421 54
42422 84
42423 45
42424 119
42425 132
42426 54
42427 82
42428 15
42429 84
42430 73
42431 45
42432 12
42433 54
42434 70
42435 30
42436 141
42437 63
42438 160
42439 96
42440 66
42441 100
42442 94
42443 41
42444 43
42445 40
42446 117
42447 62
42448 73
42449 130
42450 43
42451 -6
42452 52
42453 62
42454 107
42455 70
42456 59
42457 23
42458 90
42459 79
42460 49
42461 116
42462 117
42463 92
42464 39
42465 98
42466 83
42467 38
42468 146
42469 52
42470 103
42471 98
42472 72
42473 112
42474 42
42475 109
42476 84
42477 134
42478 72
42479 47
42480 95
42481 107
42482 128
42483 87
42484 67
42485 48
42486 102
42487 109
42488 51
42489 85
42490 122
42491 14
42492 89
42493 57
42494 71
42495 65
42496 101
42497 146
42498 131
42499 117
42500 33
42501 18
42502 50
42503 125
42504 78
42505 73
42506 118
42507 98
42508 37
42509 93
42510 134
42511 118
42512 92
42513 129
42514 68
42515 48
42516 82
42517 55
42518 97
42519 79
42520 134
42521 67
42522 48
42523 39
42524 152
42525 79
42526 208
42527 81
42528 104
42529 76
42530 70
42531 152
42532 147
42533 80
42534 42
42535 65
42536 102
42537 74
42538 113
42539 61
42540 58
42541 108
42542 60
42543 38
42544 74
42545 108
42546 78
42547 121
42548 76
42549 93
42550 4
42551 123
42552 77
42553 19
42554 67
42555 66
42556 94
42557 92
42558 135
42559 87
42560 63
42561 138
42562 78
42563 115
42564 112
42565 183
42566 32
42567 79
42568 84
42569 50
42570 96
42571 89
42572 38
42573 98
42574 89
42575 90
42576 47
42577 104
42578 48
42579 96
42580 79
42581 171
42582 86
42583 191
42584 99
42585 25
42586 84
42587 58
42588 91
42589 29
42590 64
42591 131
42592 135
42593 92
42594 32
42595 101
42596 42
42597 94
42598 64
42599 52
42600 79
42601 105
42602 97
42603 73
42604 19
42605 57
42606 69
42607 107
42608 83
42609 133
42610 104
42611 77
42612 101
42613 195
42614 37
42615 83
42616 86
42617 162
42618 87
42619 86
42620 97
42621 168
42622 61
42623 90
42624 44
42625 109
42626 85
42627 39
42628 98
42629 45
42630 67
42631 71
42632 83
42633 68
42634 69
42635 95
42636 73
42637 169
42638 60
42639 139
42640 130
42641 62
42642 165
42643 25
42644 73
42645 129
42646 110
42647 142
42648 71
42649 118
42650 54
42651 58
42652 110
42653 121
42654 41
42655 89
42656 79
42657 76
42658 60
42659 105
42660 80
42661 115
42662 116
42663 138
42664 133
42665 37
42666 100
42667 95
42668 22
42669 95
42670 115
42671 78
42672 56
42673 62
42674 86
42675 111
42676 41
42677 63
42678 25
42679 110
42680 75
42681 101
42682 98
42683 51
42684 70
42685 58
42686 63
42687 75
42688 108
42689 83
42690 164
42691 75
42692 60
42693 54
42694 90
42695 74
42696 92
42697 56
42698 5
42699 135
42700 115
42701 66
42702 42
42703 57
42704 75
42705 68
42706 115
42707 105
42708 82
42709 47
42710 87
42711 47
42712 111
42713 73
42714 148
42715 66
42716 50
42717 140
42718 61
42719 64
42720 71
42721 53
42722 120
42723 32
42724 9
42725 106
42726 33
42727 0
42728 168
42729 158
42730 70
42731 50
42732 48
42733 126
42734 63
42735 78
42736 67
42737 68
42738 70
42739 95
42740 87
42741 73
42742 85
42743 54
42744 137
42745 136
42746 90
42747 51
42748 73
42749 151
42750 76
42751 109
42752 62
42753 132
42754 151
42755 60
42756 96
42757 108
42758 60
42759 112
42760 116
42761 119
42762 141
42763 64
42764 64
42765 22
42766 75
42767 103
42768 38
42769 66
42770 97
42771 73
42772 45
42773 89
42774 98
42775 55
42776 106
42777 116
42778 103
42779 65
42780 75
42781 51
42782 72
42783 115
42784 98
42785 51
42786 114
42787 19
42788 94
42789 93
42790 104
42791 91
42792 88
42793 58
42794 42
42795 120
42796 67
42797 67
42798 116
42799 75
42800 121
42801 64
42802 94
42803 33
42804 131
42805 61
42806 96
42807 45
42808 122
42809 94
42810 144
42811 77
42812 78
42813 146
42814 27
42815 146
42816 110
42817 90
42818 96
42819 61
42820 82
42821 73
42822 123
42823 65
42824 58
42825 48
42826 113
42827 100
42828 61
42829 87
42830 128
42831 64
42832 54
42833 126
42834 105
42835 111
42836 93
42837 71
42838 79
42839 61
42840 61
42841 189
42842 166
42843 73
42844 42
42845 101
42846 32
42847 190
42848 58
42849 79
42850 89
42851 117
42852 122
42853 101
42854 93
42855 108
42856 79
42857 83
42858 17
42859 16
42860 82
42861 73
42862 73
42863 83
42864 70
42865 70
42866 99
42867 202
42868 56
42869 119
42870 128
42871 44
42872 62
42873 104
42874 29
42875 94
42876 108
42877 88
42878 115
42879 37
42880 9
42881 72
42882 86
42883 68
42884 65
42885 9
42886 53
42887 43
42888 38
42889 135
42890 57
42891 120
42892 71
42893 61
42894 108
42895 48
42896 23
42897 72
42898 150
42899 62
42900 60
42901 54
42902 84
42903 105
42904 149
42905 132
42906 69
42907 47
42908 106
42909 110
42910 76
42911 106
42912 78
42913 66
42914 62
42915 27
42916 68
42917 107
42918 63
42919 115
42920 42
42921 105
42922 53
42923 56
42924 107
42925 56
42926 48
42927 59
42928 21
42929 51
42930 127
42931 113
42932 69
42933 88
42934 52
42935 -21
42936 54
42937 86
42938 61
42939 44
42940 56
42941 48
42942 96
42943 59
42944 77
42945 99
42946 51
42947 88
42948 64
42949 126
42950 74
42951 75
42952 84
42953 69
42954 30
42955 134
42956 89
42957 110
42958 49
42959 102
42960 54
42961 49
42962 64
42963 131
42964 98
42965 50
42966 22
42967 74
42968 51
42969 75
42970 132
42971 135
42972 108
42973 132
42974 83
42975 60
42976 63
42977 78
42978 23
42979 79
42980 51
42981 91
42982 47
42983 44
42984 113
42985 175
42986 81
42987 87
42988 43
42989 84
42990 107
42991 44
42992 97
42993 60
42994 99
42995 49
42996 93
42997 19
42998 110
42999 62
43000 66
43001 66
43002 125
43003 30
43004 39
43005 42
43006 75
43007 114
43008 128
43009 79
43010 79
43011 72
43012 85
43013 75
43014 65
43015 73
43016 166
43017 121
43018 73
43019 73
43020 75
43021 99
43022 96
43023 94
43024 92
43025 63
43026 100
43027 92
43028 83
43029 112
43030 100
43031 93
43032 91
43033 44
43034 194
43035 82
43036 97
43037 68
43038 75
43039 48
43040 13
43041 138
43042 87
43043 21
43044 72
43045 52
43046 70
43047 87
43048 78
43049 79
43050 168
43051 79
43052 110
43053 58
43054 144
43055 33
43056 100
43057 99
43058 98
43059 75
43060 60
43061 31
43062 113
43063 11
43064 105
43065 19
43066 114
43067 4
43068 104
43069 54
43070 115
43071 23
43072 46
43073 36
43074 82
43075 44
43076 186
43077 95
43078 94
43079 105
43080 62
43081 104
43082 72
43083 59
43084 84
43085 62
43086 67
43087 119
43088 67
43089 197
43090 138
43091 18
43092 3
43093 45
43094 107
43095 79
43096 51
43097 124
43098 100
43099 35
43100 37
43101 1
43102 101
43103 101
43104 54
43105 113
43106 68
43107 20
43108 136
43109 101
43110 73
43111 83
43112 16
43113 113
43114 51
43115 77
43116 153
43117 110
43118 98
43119 84
43120 85
43121 83
43122 17
43123 230
43124 82
43125 136
43126 79
43127 74
43128 53
43129 68
43130 152
43131 40
43132 94
43133 34
43134 86
43135 79
43136 52
43137 19
43138 40
43139 81
43140 -6
43141 118
43142 176
43143 56
43144 67
43145 35
43146 52
43147 91
43148 86
43149 62
43150 91
43151 80
43152 141
43153 132
43154 65
43155 55
43156 120
43157 33
43158 43
43159 47
43160 56
43161 75
43162 69
43163 71
43164 67
43165 20
43166 88
43167 35
43168 55
43169 59
43170 115
43171 95
43172 23
43173 109
43174 111
43175 152
43176 66
43177 129
43178 91
43179 38
43180 54
43181 91
43182 41
43183 34
43184 28
43185 93
43186 76
43187 104
43188 103
43189 96
43190 109
43191 52
43192 39
43193 130
43194 38
43195 95
43196 188
43197 40
43198 27
43199 84
43200 84
43201 109
43202 66
43203 92
43204 44
43205 77
43206 73
43207 75
43208 82
43209 118
43210 71
43211 41
43212 96
43213 29
43214 16
43215 108
43216 58
43217 77
43218 131
43219 92
43220 93
43221 52
43222 29
43223 91
43224 43
43225 158
43226 41
43227 119
43228 32
43229 81
43230 29
43231 88
43232 106
43233 70
43234 2
43235 86
43236 29
43237 127
43238 119
43239 54
43240 161
43241 55
43242 62
43243 53
43244 57
43245 58
43246 23
43247 106
43248 94
43249 98
43250 105
43251 103
43252 9
43253 32
43254 79
43255 75
43256 86
43257 65
43258 81
43259 42
43260 29
43261 40
43262 45
43263 98
43264 78
43265 68
43266 100
43267 92
43268 98
43269 118
43270 96
43271 108
43272 73
43273 67
43274 95
43275 16
43276 82
43277 45
43278 93
43279 82
43280 36
43281 103
43282 131
43283 55
43284 119
43285 120
43286 103
43287 67
43288 139
43289 90
43290 72
43291 129
43292 87
43293 73
43294 116
43295 58
43296 57
43297 51
43298 44
43299 131
43300 61
43301 100
43302 24
43303 89
43304 130
43305 212
43306 92
43307 74
43308 44
43309 105
43310 55
43311 72
43312 115
43313 59
43314 55
43315 78
43316 137
43317 64
43318 158
43319 25
43320 28
43321 105
43322 68
43323 89
43324 86
43325 100
43326 84
43327 50
43328 55
43329 61
43330 22
43331 87
43332 54
43333 78
43334 109
43335 86
43336 15
43337 57
43338 49
43339 64
43340 147
43341 110
43342 80
43343 99
43344 178
43345 81
43346 78
43347 79
43348 65
43349 120
43350 64
43351 47
43352 108
43353 205
43354 77
43355 154
43356 85
43357 126
43358 86
43359 80
43360 64
43361 58
43362 59
43363 124
43364 54
43365 76
43366 99
43367 78
43368 42
43369 48
43370 62
43371 105
43372 108
43373 140
43374 38
43375 38
43376 99
43377 18
43378 45
43379 112
43380 58
43381 85
43382 78
43383 59
43384 70
43385 90
43386 99
43387 19
43388 129
43389 14
43390 80
43391 91
43392 92
43393 116
43394 70
43395 54
43396 81
43397 77
43398 30
43399 93
43400 46
43401 86
43402 135
43403 83
43404 114
43405 140
43406 94
43407 95
43408 108
43409 100
43410 121
43411 94
43412 117
43413 59
43414 58
43415 104
43416 72
43417 114
43418 120
43419 106
43420 85
43421 27
43422 55
43423 38
43424 31
43425 94
43426 60
43427 50
43428 27
43429 74
43430 75
43431 101
43432 107
43433 96
43434 41
43435 60
43436 68
43437 72
43438 90
43439 88
43440 76
43441 24
43442 4
43443 7
43444 49
43445 113
43446 89
43447 102
43448 80
43449 34
43450 249
43451 81
43452 86
43453 101
43454 137
43455 71
43456 17
43457 44
43458 83
43459 88
43460 53
43461 148
43462 106
43463 98
43464 13
43465 102
43466 76
43467 30
43468 74
43469 61
43470 118
43471 55
43472 38
43473 65
43474 12
43475 38
43476 95
43477 75
43478 46
43479 173
43480 106
43481 90
43482 93
43483 101
43484 102
43485 110
43486 101
43487 63
43488 142
43489 96
43490 193
43491 139
43492 157
43493 84
43494 84
43495 64
43496 45
43497 91
43498 133
43499 54
43500 51
43501 79
43502 80
43503 118
43504 118
43505 88
43506 64
43507 91
43508 84
43509 73
43510 100
43511 20
43512 107
43513 80
43514 62
43515 101
43516 14
43517 82
43518 94
43519 64
43520 152
43521 129
43522 64
43523 57
43524 54
43525 96
43526 43
43527 134
43528 138
43529 135
43530 15
43531 23
43532 160
43533 110
43534 69
43535 115
43536 19
43537 54
43538 30
43539 160
43540 -1
43541 83
43542 73
43543 60
43544 44
43545 73
43546 116
43547 34
43548 70
43549 77
43550 119
43551 126
43552 79
43553 56
43554 161
43555 62
43556 52
43557 28
43558 126
43559 85
43560 91
43561 40
43562 -7
43563 117
43564 46
43565 30
43566 63
43567 33
43568 -8
43569 92
43570 61
43571 65
43572 121
43573 56
43574 81
43575 80
43576 87
43577 130
43578 67
43579 104
43580 57
43581 16
43582 80
43583 42
43584 66
43585 130
43586 111
43587 87
43588 51
43589 96
43590 105
43591 47
43592 5
43593 29
43594 103
43595 88
43596 100
43597 60
43598 62
43599 94
43600 124
43601 25
43602 56
43603 102
43604 75
43605 199
43606 69
43607 62
43608 51
43609 93
43610 118
43611 53
43612 102
43613 104
43614 73
43615 133
43616 82
43617 59
43618 23
43619 49
43620 70
43621 78
43622 73
43623 146
43624 58
43625 125
43626 54
43627 69
43628 39
43629 39
43630 66
43631 109
43632 77
43633 48
43634 67
43635 -3
43636 92
43637 78
43638 62
43639 154
43640 60
43641 52
43642 110
43643 65
43644 59
43645 53
43646 115
43647 86
43648 53
43649 122
43650 32
43651 121
43652 25
43653 115
43654 207
43655 74
43656 68
43657 99
43658 114
43659 72
43660 85
43661 103
43662 109
43663 77
43664 103
43665 92
43666 49
43667 39
43668 94
43669 49
43670 88
43671 93
43672 80
43673 126
43674 109
43675 83
43676 106
43677 47
43678 47
43679 107
43680 75
43681 62
43682 89
43683 96
43684 71
43685 90
43686 25
43687 53
43688 71
43689 81
43690 52
43691 65
43692 77
43693 148
43694 43
43695 111
43696 76
43697 74
43698 98
43699 117
43700 42
43701 76
43702 85
43703 95
43704 35
43705 53
43706 79
43707 96
43708 53
43709 61
43710 39
43711 101
43712 108
43713 109
43714 87
43715 92
43716 66
43717 119
43718 109
43719 49
43720 153
43721 76
43722 64
43723 84
43724 232
43725 122
43726 91
43727 72
43728 99
43729 31
43730 89
43731 91
43732 8
43733 88
43734 48
43735 92
43736 37
43737 49
43738 106
43739 114
43740 85
43741 78
43742 43
43743 62
43744 56
43745 83
43746 144
43747 36
43748 77
43749 84
43750 74
43751 144
43752 45
43753 90
43754 62
43755 96
43756 45
43757 90
43758 100
43759 72
43760 36
43761 30
43762 76
43763 137
43764 68
43765 125
43766 90
43767 83
43768 48
43769 93
43770 123
43771 132
43772 63
43773 146
43774 129
43775 34
43776 87
43777 83
43778 29
43779 64
43780 66
43781 18
43782 103
43783 72
43784 76
43785 69
43786 92
43787 95
43788 85
43789 76
43790 26
43791 97
43792 79
43793 135
43794 45
43795 66
43796 92
43797 77
43798 128
43799 65
43800 55
43801 105
43802 117
43803 89
43804 118
43805 64
43806 93
43807 66
43808 86
43809 152
43810 23
43811 82
43812 73
43813 112
43814 57
43815 113
43816 77
43817 63
43818 132
43819 65
43820 82
43821 68
43822 49
43823 93
43824 129
43825 29
43826 53
43827 91
43828 37
43829 95
43830 79
43831 347
43832 60
43833 81
43834 90
43835 28
43836 91
43837 72
43838 125
43839 46
43840 131
43841 106
43842 74
43843 24
43844 81
43845 89
43846 37
43847 130
43848 84
43849 83
43850 96
43851 74
43852 63
43853 106
43854 95
43855 62
43856 105
43857 24
43858 90
43859 62
43860 69
43861 198
43862 81
43863 103
43864 67
43865 107
43866 66
43867 120
43868 100
43869 117
43870 103
43871 76
43872 115
43873 99
43874 27
43875 35
43876 73
43877 91
43878 10
43879 136
43880 105
43881 89
43882 108
43883 49
43884 41
43885 72
43886 91
43887 127
43888 6
43889 84
43890 24
43891 52
43892 86
43893 71
43894 51
43895 105
43896 37
43897 134
43898 41
43899 87
43900 65
43901 89
43902 96
43903 115
43904 67
43905 108
43906 133
43907 124
43908 129
43909 87
43910 103
43911 84
43912 110
43913 64
43914 71
43915 115
43916 37
43917 19
43918 43
43919 46
43920 92
43921 22
43922 70
43923 102
43924 119
43925 80
43926 50
43927 53
43928 65
43929 147
43930 17
43931 129
43932 49
43933 68
43934 38
43935 72
43936 54
43937 29
43938 57
43939 146
43940 47
43941 137
43942 83
43943 163
43944 92
43945 189
43946 44
43947 89
43948 37
43949 62
43950 38
43951 103
43952 64
43953 88
43954 68
43955 68
43956 5
43957 30
43958 106
43959 21
43960 46
43961 83
43962 134
43963 120
43964 97
43965 43
43966 17
43967 136
43968 60
43969 40
43970 65
43971 88
43972 76
43973 77
43974 96
43975 55
43976 119
43977 175
43978 49
43979 178
43980 48
43981 72
43982 91
43983 94
43984 119
43985 128
43986 80
43987 68
43988 34
43989 71
43990 148
43991 83
43992 38
43993 53
43994 81
43995 131
43996 108
43997 126
43998 133
43999 106
44000 55
44001 72
44002 62
44003 36
44004 113
44005 66
44006 87
44007 124
44008 92
44009 203
44010 101
44011 59
44012 87
44013 110
44014 55
44015 71
44016 84
44017 57
44018 88
44019 65
44020 62
44021 129
44022 87
44023 68
44024 116
44025 46
44026 17
44027 78
44028 129
44029 88
44030 69
44031 71
44032 62
44033 101
44034 61
44035 168
44036 97
44037 130
44038 66
44039 50
44040 22
44041 101
44042 81
44043 67
44044 103
44045 68
44046 113
44047 90
44048 78
44049 34
44050 66
44051 79
44052 99
44053 101
44054 137
44055 7
44056 66
44057 91
44058 109
44059 94
44060 101
44061 71
44062 23
44063 83
44064 81
44065 53
44066 97
44067 31
44068 90
44069 110
44070 15
44071 127
44072 96
44073 79
44074 77
44075 46
44076 86
44077 99
44078 100
44079 85
44080 54
44081 135
44082 40
44083 97
44084 83
44085 53
44086 115
44087 65
44088 22
44089 106
44090 47
44091 32
44092 212
44093 117
44094 121
44095 75
44096 68
44097 84
44098 53
44099 68
44100 68
44101 58
44102 104
44103 92
44104 41
44105 138
44106 80
44107 106
44108 166
44109 51
44110 57
44111 59
44112 48
44113 72
44114 69
44115 59
44116 164
44117 123
44118 82
44119 106
44120 52
44121 60
44122 46
44123 90
44124 72
44125 14
44126 41
44127 172
44128 80
44129 52
44130 86
44131 125
44132 173
44133 63
44134 48
44135 111
44136 70
44137 103
44138 89
44139 122
44140 87
44141 71
44142 73
44143 83
44144 106
44145 19
44146 114
44147 110
44148 46
44149 56
44150 25
44151 73
44152 116
44153 79
44154 75
44155 183
44156 86
44157 96
44158 45
44159 95
44160 105
44161 54
44162 74
44163 88
44164 67
44165 75
44166 75
44167 63
44168 137
44169 189
44170 83
44171 29
44172 50
44173 42
44174 43
44175 83
44176 100
44177 84
44178 51
44179 81
44180 83
44181 153
44182 145
44183 109
44184 77
44185 95
44186 49
44187 177
44188 82
44189 51
44190 142
44191 134
44192 76
44193 62
44194 141
44195 54
44196 61
44197 124
44198 48
44199 77
44200 97
44201 150
44202 53
44203 38
44204 29
44205 35
44206 127
44207 79
44208 77
44209 86
44210 92
44211 63
44212 36
44213 113
44214 145
44215 80
44216 68
44217 82
44218 157
44219 14
44220 45
44221 40
44222 55
44223 102
44224 53
44225 103
44226 178
44227 93
44228 60
44229 64
44230 8
44231 88
44232 45
44233 69
44234 81
44235 90
44236 168
44237 115
44238 79
44239 104
44240 54
44241 77
44242 73
44243 62
44244 60
44245 103
44246 95
44247 72
44248 94
44249 5
44250 117
44251 82
44252 42
44253 112
44254 107
44255 101
44256 70
44257 58
44258 104
44259 93
44260 56
44261 96
44262 79
44263 189
44264 145
44265 128
44266 102
44267 90
44268 32
44269 -9
44270 58
44271 106
44272 83
44273 42
44274 59
44275 60
44276 182
44277 64
44278 54
44279 37
44280 122
44281 98
44282 91
44283 86
44284 66
44285 58
44286 45
44287 13
44288 122
44289 106
44290 66
44291 47
44292 45
44293 81
44294 0
44295 132
44296 43
44297 166
44298 114
44299 81
44300 69
44301 73
44302 100
44303 44
44304 69
44305 77
44306 93
44307 112
44308 54
44309 79
44310 60
44311 77
44312 47
44313 18
44314 72
44315 62
44316 87
44317 32
44318 26
44319 168
44320 40
44321 84
44322 81
44323 94
44324 18
44325 96
44326 72
44327 62
44328 68
44329 42
44330 70
44331 121
44332 123
44333 60
44334 100
44335 109
44336 64
44337 109
44338 64
44339 24
44340 50
44341 85
44342 87
44343 109
44344 86
44345 99
44346 69
44347 81
44348 28
44349 83
44350 91
44351 72
44352 76
44353 86
44354 51
44355 97
44356 77
44357 54
44358 54
44359 76
44360 72
44361 53
44362 60
44363 106
44364 104
44365 51
44366 12
44367 96
44368 21
44369 116
44370 37
44371 88
44372 204
44373 8
44374 8
44375 85
44376 125
44377 153
44378 50
44379 34
44380 77
44381 68
44382 97
44383 96
44384 64
44385 96
44386 61
44387 99
44388 78
44389 63
44390 47
44391 62
44392 96
44393 60
44394 140
44395 32
44396 145
44397 105
44398 131
44399 139
44400 46
44401 60
44402 90
44403 73
44404 -4
44405 89
44406 6
44407 107
44408 81
44409 45
44410 57
44411 153
44412 62
44413 64
44414 93
44415 57
44416 61
44417 63
44418 74
44419 104
44420 78
44421 89
44422 63
44423 92
44424 99
44425 48
44426 111
44427 134
44428 247
44429 189
44430 77
44431 73
44432 109
44433 43
44434 59
44435 121
44436 86
44437 108
44438 77
44439 83
44440 199
44441 68
44442 44
44443 51
44444 188
44445 104
44446 85
44447 70
44448 81
44449 73
44450 57
44451 82
44452 105
44453 53
44454 54
44455 63
44456 93
44457 109
44458 70
44459 103
44460 192
44461 89
44462 75
44463 94
44464 78
44465 155
44466 74
44467 81
44468 116
44469 24
44470 63
44471 45
44472 64
44473 58
44474 61
44475 124
44476 105
44477 67
44478 67
44479 38
44480 70
44481 154
44482 102
44483 91
44484 67
44485 38
44486 121
44487 49
44488 56
44489 95
44490 92
44491 1
44492 135
44493 84
44494 17
44495 80
44496 68
44497 133
44498 64
44499 48
44500 10
44501 51
44502 94
44503 71
44504 63
44505 52
44506 98
44507 74
44508 28
44509 100
44510 52
44511 61
44512 102
44513 127
44514 56
44515 63
44516 106
44517 81
44518 106
44519 54
44520 130
44521 82
44522 103
44523 75
44524 58
44525 97
44526 79
44527 113
44528 149
44529 88
44530 92
44531 74
44532 47
44533 112
44534 37
44535 90
44536 59
44537 98
44538 53
44539 70
44540 111
44541 53
44542 3
44543 18
44544 67
44545 104
44546 65
44547 61
44548 53
44549 97
44550 66
44551 57
44552 32
44553 14
44554 141
44555 104
44556 76
44557 75
44558 123
44559 54
44560 62
44561 111
44562 84
44563 72
44564 132
44565 40
44566 154
44567 103
44568 108
44569 25
44570 24
44571 124
44572 32
44573 90
44574 69
44575 46
44576 102
44577 118
44578 38
44579 18
44580 67
44581 100
44582 60
44583 95
44584 65
44585 126
44586 73
44587 84
44588 106
44589 77
44590 76
44591 60
44592 124
44593 73
44594 68
44595 46
44596 73
44597 94
44598 41
44599 129
44600 104
44601 64
44602 44
44603 75
44604 57
44605 50
44606 59
44607 72
44608 99
44609 58
44610 72
44611 54
44612 104
44613 118
44614 60
44615 110
44616 90
44617 112
44618 57
44619 99
44620 81
44621 106
44622 132
44623 94
44624 142
44625 73
44626 3
44627 69
44628 90
44629 24
44630 25
44631 80
44632 159
44633 115
44634 109
44635 47
44636 98
44637 53
44638 95
44639 95
44640 101
44641 68
44642 77
44643 69
44644 20
44645 37
44646 138
44647 94
44648 40
44649 74
44650 101
44651 84
44652 9
44653 91
44654 66
44655 21
44656 83
44657 89
44658 47
44659 143
44660 32
44661 102
44662 85
44663 68
44664 138
44665 96
44666 98
44667 16
44668 104
44669 108
44670 78
44671 20
44672 51
44673 69
44674 111
44675 84
44676 67
44677 127
44678 17
44679 87
44680 106
44681 87
44682 35
44683 63
44684 195
44685 60
44686 70
44687 106
44688 33
44689 61
44690 157
44691 119
44692 53
44693 42
44694 27
44695 -5
44696 85
44697 130
44698 134
44699 52
44700 19
44701 119
44702 60
44703 94
44704 31
44705 30
44706 103
44707 100
44708 92
44709 85
44710 66
44711 107
44712 91
44713 66
44714 15
44715 40
44716 111
44717 421
44718 106
44719 39
44720 134
44721 53
44722 22
44723 69
44724 128
44725 39
44726 44
44727 72
44728 47
44729 93
44730 74
44731 16
44732 115
44733 86
44734 76
44735 104
44736 74
44737 64
44738 64
44739 81
44740 73
44741 36
44742 55
44743 42
44744 108
44745 69
44746 183
44747 130
44748 60
44749 92
44750 103
44751 50
44752 34
44753 70
44754 78
44755 60
44756 51
44757 73
44758 64
44759 78
44760 48
44761 64
44762 177
44763 86
44764 70
44765 99
44766 97
44767 94
44768 142
44769 77
44770 90
44771 76
44772 102
44773 96
44774 24
44775 63
44776 88
44777 54
44778 121
44779 3
44780 78
44781 107
44782 51
44783 41
44784 56
44785 80
44786 57
44787 96
44788 101
44789 73
44790 60
44791 38
44792 108
44793 19
44794 53
44795 103
44796 79
44797 69
44798 76
44799 76
44800 32
44801 51
44802 77
44803 55
44804 66
44805 134
44806 82
44807 77
44808 56
44809 87
44810 93
44811 24
44812 118
44813 48
44814 73
44815 66
44816 56
44817 79
44818 61
44819 55
44820 61
44821 106
44822 55
44823 86
44824 65
44825 117
44826 127
44827 50
44828 47
44829 75
44830 91
44831 40
44832 76
44833 85
44834 39
44835 55
44836 60
44837 56
44838 98
44839 86
44840 66
44841 85
44842 96
44843 114
44844 74
44845 -1
44846 87
44847 105
44848 68
44849 57
44850 60
44851 70
44852 10
44853 43
44854 39
44855 41
44856 111
44857 120
44858 140
44859 74
44860 84
44861 66
44862 87
44863 6
44864 66
44865 71
44866 53
44867 67
44868 68
44869 33
44870 134
44871 92
44872 50
44873 104
44874 137
44875 10
44876 83
44877 77
44878 73
44879 118
44880 44
44881 75
44882 84
44883 40
44884 51
44885 117
44886 54
44887 103
44888 95
44889 71
44890 78
44891 166
44892 66
44893 31
44894 70
44895 77
44896 112
44897 34
44898 84
44899 93
44900 39
44901 72
44902 44
44903 97
44904 125
44905 128
44906 100
44907 108
44908 104
44909 114
44910 29
44911 109
44912 108
44913 92
44914 60
44915 59
44916 40
44917 52
44918 32
44919 32
44920 87
44921 83
44922 105
44923 -2
44924 107
44925 79
44926 98
44927 51
44928 63
44929 81
44930 20
44931 45
44932 79
44933 132
44934 53
44935 117
44936 75
44937 84
44938 85
44939 69
44940 34
44941 56
44942 9
44943 81
44944 60
44945 17
44946 22
44947 68
44948 59
44949 75
44950 150
44951 51
44952 64
44953 82
44954 89
44955 56
44956 147
44957 62
44958 39
44959 45
44960 30
44961 77
44962 94
44963 60
44964 110
44965 78
44966 62
44967 59
44968 105
44969 76
44970 27
44971 47
44972 68
44973 57
44974 38
44975 84
44976 38
44977 119
44978 64
44979 79
44980 16
44981 105
44982 183
44983 76
44984 94
44985 84
44986 100
44987 -7
44988 42
44989 29
44990 59
44991 81
44992 45
44993 50
44994 28
44995 21
44996 98
44997 68
44998 93
44999 108
45000 121
45001 127
45002 40
45003 103
45004 29
45005 160
45006 72
45007 62
45008 113
45009 1
45010 61
45011 21
45012 162
45013 68
45014 66
45015 150
45016 34
45017 47
45018 58
45019 46
45020 97
45021 1
45022 120
45023 141
45024 109
45025 47
45026 75
45027 75
45028 77
45029 139
45030 70
45031 29
45032 15
45033 91
45034 55
45035 110
45036 7
45037 88
45038 51
45039 26
45040 51
45041 85
45042 47
45043 120
45044 86
45045 93
45046 -4
45047 83
45048 55
45049 91
45050 82
45051 70
45052 63
45053 75
45054 64
45055 121
45056 40
45057 17
45058 36
45059 91
45060 96
45061 44
45062 40
45063 57
45064 19
45065 63
45066 56
45067 104
45068 40
45069 84
45070 51
45071 35
45072 52
45073 45
45074 118
45075 96
45076 95
45077 97
45078 86
45079 77
45080 69
45081 108
45082 65
45083 117
45084 39
45085 91
45086 73
45087 162
45088 67
45089 103
45090 60
45091 75
45092 84
45093 59
45094 53
45095 42
45096 47
45097 60
45098 71
45099 68
45100 62
45101 57
45102 131
45103 82
45104 53
45105 80
45106 95
45107 35
45108 1
45109 85
45110 103
45111 101
45112 61
45113 101
45114 79
45115 87
45116 165
45117 45
45118 83
45119 84
45120 110
45121 106
45122 67
45123 41
45124 76
45125 64
45126 85
45127 88
45128 54
45129 91
45130 43
45131 150
45132 61
45133 87
45134 71
45135 70
45136 96
45137 90
45138 114
45139 -7
45140 102
45141 66
45142 56
45143 37
45144 118
45145 42
45146 48
45147 54
45148 91
45149 78
45150 39
45151 75
45152 93
45153 45
45154 58
45155 40
45156 68
45157 17
45158 68
45159 94
45160 10
45161 65
45162 61
45163 65
45164 46
45165 105
45166 122
45167 153
45168 25
45169 97
45170 123
45171 58
45172 98
45173 137
45174 77
45175 60
45176 79
45177 132
45178 43
45179 78
45180 44
45181 54
45182 85
45183 6
45184 66
45185 84
45186 12
45187 29
45188 105
45189 105
45190 56
45191 70
45192 53
45193 57
45194 102
45195 21
45196 64
45197 108
45198 99
45199 100
45200 102
45201 86
45202 99
45203 17
45204 109
45205 103
45206 41
45207 18
45208 35
45209 72
45210 60
45211 59
45212 51
45213 49
45214 97
45215 60
45216 91
45217 55
45218 108
45219 62
45220 70
45221 114
45222 96
45223 67
45224 65
45225 51
45226 67
45227 81
45228 60
45229 17
45230 104
45231 104
45232 65
45233 107
45234 55
45235 64
45236 63
45237 40
45238 103
45239 69
45240 10
45241 77
45242 31
45243 63
45244 98
45245 61
45246 90
45247 81
45248 87
45249 6
45250 29
45251 19
45252 65
45253 25
45254 117
45255 110
45256 80
45257 89
45258 89
45259 87
45260 39
45261 106
45262 50
45263 76
45264 55
45265 85
45266 81
45267 103
45268 29
45269 106
45270 81
45271 82
45272 56
45273 55
45274 82
45275 51
45276 40
45277 34
45278 83
45279 74
45280 88
45281 111
45282 60
45283 60
45284 96
45285 215
45286 106
45287 70
45288 182
45289 106
45290 90
45291 63
45292 91
45293 22
45294 35
45295 77
45296 71
45297 52
45298 133
45299 61
45300 88
45301 91
45302 56
45303 25
45304 6
45305 67
45306 17
45307 89
45308 99
45309 150
45310 115
45311 85
45312 52
45313 55
45314 82
45315 30
45316 124
45317 105
45318 62
45319 93
45320 132
45321 82
45322 62
45323 67
45324 94
45325 79
45326 90
45327 134
45328 55
45329 58
45330 110
45331 70
45332 52
45333 13
45334 54
45335 72
45336 128
45337 67
45338 87
45339 40
45340 83
45341 57
45342 66
45343 46
45344 92
45345 69
45346 68
45347 110
45348 59
45349 83
45350 16
45351 67
45352 68
45353 53
45354 24
45355 67
45356 110
45357 95
45358 86
45359 93
45360 42
45361 33
45362 117
45363 21
45364 50
45365 106
45366 117
45367 81
45368 106
45369 44
45370 86
45371 80
45372 87
45373 66
45374 63
45375 89
45376 46
45377 35
45378 79
45379 90
45380 113
45381 99
45382 38
45383 113
45384 8
45385 40
45386 43
45387 44
45388 66
45389 92
45390 48
45391 88
45392 49
45393 11
45394 116
45395 37
45396 42
45397 90
45398 79
45399 75
45400 132
45401 66
45402 78
45403 82
45404 73
45405 27
45406 68
45407 101
45408 55
45409 110
45410 86
45411 73
45412 61
45413 80
45414 37
45415 93
45416 91
45417 49
45418 137
45419 95
45420 86
45421 29
45422 125
45423 13
45424 54
45425 69
45426 103
45427 81
45428 96
45429 36
45430 12
45431 47
45432 37
45433 60
45434 65
45435 132
45436 97
45437 81
45438 97
45439 56
45440 70
45441 42
45442 85
45443 70
45444 96
45445 98
45446 72
45447 60
45448 66
45449 58
45450 80
45451 46
45452 98
45453 45
45454 104
45455 104
45456 23
45457 62
45458 66
45459 124
45460 38
45461 65
45462 59
45463 101
45464 61
45465 77
45466 99
45467 131
45468 59
45469 96
45470 63
45471 88
45472 28
45473 120
45474 97
45475 48
45476 107
45477 18
45478 -7
45479 68
45480 38
45481 143
45482 64
45483 78
45484 71
45485 57
45486 50
45487 120
45488 96
45489 74
45490 120
45491 8
45492 40
45493 86
45494 96
45495 70
45496 126
45497 144
45498 66
45499 60
45500 90
45501 53
45502 57
45503 29
45504 114
45505 73
45506 36
45507 47
45508 86
45509 59
45510 116
45511 39
45512 -4
45513 20
45514 118
45515 89
45516 55
45517 85
45518 57
45519 14
45520 84
45521 77
45522 29
45523 44
45524 129
45525 48
45526 65
45527 85
45528 12
45529 63
45530 105
45531 33
45532 49
45533 58
45534 74
45535 103
45536 41
45537 48
45538 73
45539 153
45540 115
45541 75
45542 59
45543 79
45544 92
45545 94
45546 49
45547 62
45548 41
45549 88
45550 93
45551 60
45552 61
45553 117
45554 92
45555 41
45556 103
45557 56
45558 108
45559 75
45560 81
45561 50
45562 88
45563 73
45564 83
45565 34
45566 57
45567 128
45568 79
45569 111
45570 102
45571 60
45572 84
45573 64
45574 80
45575 121
45576 91
45577 58
45578 132
45579 95
45580 32
45581 130
45582 97
45583 41
45584 133
45585 49
45586 55
45587 111
45588 50
45589 60
45590 74
45591 16
45592 157
45593 97
45594 80
45595 66
45596 15
45597 23
45598 86
45599 32
45600 53
45601 106
45602 20
45603 44
45604 92
45605 33
45606 71
45607 43
45608 119
45609 109
45610 99
45611 63
45612 85
45613 45
45614 43
45615 19
45616 88
45617 104
45618 84
45619 31
45620 99
45621 76
45622 82
45623 73
45624 32
45625 46
45626 94
45627 105
45628 44
45629 58
45630 84
45631 83
45632 78
45633 89
45634 61
45635 41
45636 107
45637 71
45638 71
45639 109
45640 20
45641 56
45642 77
45643 96
45644 125
45645 38
45646 43
45647 145
45648 137
45649 -8
45650 57
45651 169
45652 59
45653 78
45654 97
45655 25
45656 55
45657 78
45658 59
45659 89
45660 123
45661 84
45662 40
45663 66
45664 88
45665 87
45666 51
45667 67
45668 126
45669 89
45670 64
45671 51
45672 13
45673 19
45674 34
45675 58
45676 75
45677 100
45678 47
45679 15
45680 52
45681 70
45682 47
45683 46
45684 58
45685 58
45686 62
45687 28
45688 59
45689 92
45690 31
45691 50
45692 51
45693 198
45694 77
45695 58
45696 17
45697 52
45698 43
45699 75
45700 17
45701 2
45702 27
45703 58
45704 44
45705 59
45706 65
45707 134
45708 33
45709 24
45710 56
45711 59
45712 110
45713 43
45714 79
45715 42
45716 45
45717 131
45718 48
45719 80
45720 55
45721 172
45722 26
45723 85
45724 96
45725 77
45726 173
45727 135
45728 91
45729 88
45730 61
45731 69
45732 96
45733 77
45734 78
45735 28
45736 59
45737 77
45738 87
45739 76
45740 12
45741 58
45742 43
45743 72
45744 36
45745 76
45746 66
45747 45
45748 75
45749 22
45750 99
45751 36
45752 128
45753 32
45754 56
45755 64
45756 72
45757 -11
45758 107
45759 121
45760 92
45761 118
45762 62
45763 103
45764 122
45765 43
45766 71
45767 95
45768 61
45769 115
45770 40
45771 122
45772 58
45773 67
45774 35
45775 32
45776 67
45777 108
45778 38
45779 56
45780 189
45781 90
45782 86
45783 101
45784 26
45785 117
45786 139
45787 79
45788 81
45789 64
45790 63
45791 38
45792 73
45793 51
45794 29
45795 78
45796 63
45797 63
45798 83
45799 41
45800 39
45801 73
45802 83
45803 95
45804 73
45805 95
45806 76
45807 128
45808 25
45809 50
45810 75
45811 60
45812 185
45813 106
45814 57
45815 69
45816 88
45817 55
45818 81
45819 16
45820 72
45821 93
45822 57
45823 70
45824 51
45825 114
45826 70
45827 70
45828 68
45829 72
45830 56
45831 33
45832 140
45833 76
45834 74
45835 103
45836 109
45837 75
45838 92
45839 68
45840 68
45841 74
45842 52
45843 42
45844 60
45845 115
45846 85
45847 40
45848 45
45849 68
45850 100
45851 35
45852 80
45853 61
45854 77
45855 39
45856 45
45857 83
45858 34
45859 19
45860 55
45861 122
45862 102
45863 61
45864 34
45865 65
45866 44
45867 85
45868 171
45869 54
45870 52
45871 58
45872 59
45873 117
45874 56
45875 73
45876 35
45877 30
45878 39
45879 70
45880 45
45881 6
45882 36
45883 88
45884 80
45885 68
45886 67
45887 65
45888 58
45889 34
45890 106
45891 34
45892 162
45893 59
45894 54
45895 67
45896 72
45897 123
45898 50
45899 65
45900 65
45901 17
45902 48
45903 30
45904 48
45905 65
45906 101
45907 67
45908 10
45909 90
45910 24
45911 125
45912 65
45913 61
45914 109
45915 47
45916 22
45917 77
45918 86
45919 64
45920 55
45921 42
45922 107
45923 67
45924 14
45925 42
45926 76
45927 107
45928 181
45929 14
45930 63
45931 46
45932 76
45933 74
45934 125
45935 86
45936 58
45937 35
45938 69
45939 81
45940 46
45941 77
45942 49
45943 85
45944 43
45945 70
45946 63
45947 47
45948 65
45949 37
45950 38
45951 75
45952 92
45953 80
45954 63
45955 60
45956 50
45957 79
45958 52
45959 49
45960 61
45961 47
45962 133
45963 33
45964 38
45965 52
45966 59
45967 32
45968 88
45969 40
45970 63
45971 85
45972 85
45973 14
45974 92
45975 76
45976 71
45977 75
45978 84
45979 61
45980 91
45981 58
45982 42
45983 61
45984 112
45985 70
45986 170
45987 57
45988 74
45989 56
45990 83
45991 145
45992 71
45993 91
45994 58
45995 40
45996 56
45997 79
45998 84
45999 100
46000 94
46001 58
46002 65
46003 6
46004 115
46005 106
46006 59
46007 97
46008 44
46009 37
46010 45
46011 71
46012 56
46013 62
46014 126
46015 95
46016 65
46017 94
46018 58
46019 48
46020 92
46021 48
46022 86
46023 140
46024 66
46025 46
46026 87
46027 61
46028 81
46029 60
46030 77
46031 61
46032 48
46033 85
46034 68
46035 88
46036 120
46037 62
46038 61
46039 71
46040 159
46041 65
46042 87
46043 83
46044 91
46045 62
46046 62
46047 148
46048 178
46049 64
46050 22
46051 71
46052 128
46053 50
46054 90
46055 66
46056 61
46057 94
46058 81
46059 65
46060 145
46061 82
46062 91
46063 110
46064 19
46065 111
46066 37
46067 42
46068 108
46069 28
46070 55
46071 79
46072 52
46073 55
46074 76
46075 98
46076 109
46077 81
46078 60
46079 51
46080 3
46081 82
46082 102
46083 66
46084 77
46085 60
46086 71
46087 79
46088 46
46089 0
46090 70
46091 63
46092 108
46093 36
46094 29
46095 77
46096 16
46097 54
46098 85
46099 52
46100 47
46101 83
46102 74
46103 82
46104 25
46105 64
46106 157
46107 72
46108 64
46109 85
46110 120
46111 81
46112 106
46113 21
46114 75
46115 4
46116 33
46117 96
46118 101
46119 61
46120 54
46121 61
46122 71
46123 56
46124 48
46125 49
46126 -12
46127 38
46128 46
46129 57
46130 49
46131 80
46132 64
46133 62
46134 72
46135 107
46136 33
46137 66
46138 113
46139 172
46140 49
46141 81
46142 21
46143 71
46144 103
46145 88
46146 60
46147 129
46148 65
46149 61
46150 73
46151 23
46152 145
46153 58
46154 57
46155 97
46156 40
46157 60
46158 101
46159 107
46160 64
46161 38
46162 58
46163 80
46164 2
46165 55
46166 2
46167 61
46168 194
46169 114
46170 103
46171 141
46172 51
46173 48
46174 59
46175 47
46176 63
46177 43
46178 68
46179 30
46180 77
46181 80
46182 47
46183 96
46184 66
46185 91
46186 58
46187 76
46188 55
46189 110
46190 16
46191 31
46192 17
46193 50
46194 72
46195 105
46196 54
46197 54
46198 70
46199 60
46200 49
46201 123
46202 95
46203 78
46204 55
46205 63
46206 99
46207 85
46208 64
46209 67
46210 64
46211 17
46212 42
46213 77
46214 83
46215 86
46216 84
46217 201
46218 23
46219 79
46220 19
46221 84
46222 109
46223 66
46224 27
46225 56
46226 42
46227 19
46228 88
46229 59
46230 88
46231 49
46232 41
46233 55
46234 73
46235 59
46236 30
46237 60
46238 56
46239 5
46240 77
46241 62
46242 24
46243 82
46244 39
46245 62
46246 48
46247 64
46248 48
46249 72
46250 37
46251 30
46252 61
46253 48
46254 65
46255 99
46256 37
46257 32
46258 135
46259 79
46260 97
46261 42
46262 132
46263 92
46264 64
46265 70
46266 93
46267 52
46268 55
46269 96
46270 159
46271 95
46272 74
46273 26
46274 39
46275 57
46276 81
46277 93
46278 68
46279 57
46280 57
46281 116
46282 76
46283 0
46284 53
46285 88
46286 79
46287 56
46288 78
46289 33
46290 95
46291 95
46292 42
46293 46
46294 29
46295 36
46296 91
46297 84
46298 34
46299 13
46300 42
46301 -5
46302 96
46303 69
46304 100
46305 70
46306 9
46307 31
46308 50
46309 88
46310 72
46311 89
46312 77
46313 57
46314 73
46315 71
46316 56
46317 14
46318 99
46319 48
46320 101
46321 74
46322 9
46323 44
46324 72
46325 90
46326 110
46327 53
46328 55
46329 54
46330 77
46331 57
46332 104
46333 86
46334 40
46335 81
46336 86
46337 76
46338 33
46339 96
46340 66
46341 50
46342 80
46343 64
46344 47
46345 65
46346 111
46347 124
46348 73
46349 29
46350 49
46351 117
46352 21
46353 108
46354 92
46355 52
46356 66
46357 51
46358 73
46359 45
46360 52
46361 102
46362 86
46363 60
46364 100
46365 33
46366 50
46367 28
46368 67
46369 88
46370 72
46371 83
46372 52
46373 31
46374 23
46375 80
46376 66
46377 68
46378 41
46379 30
46380 25
46381 51
46382 54
46383 59
46384 36
46385 56
46386 100
46387 41
46388 50
46389 92
46390 115
46391 79
46392 51
46393 13
46394 68
46395 22
46396 72
46397 45
46398 63
46399 41
46400 37
46401 27
46402 37
46403 29
46404 86
46405 66
46406 93
46407 111
46408 8
46409 77
46410 14
46411 69
46412 47
46413 76
46414 81
46415 6
46416 81
46417 63
46418 65
46419 100
46420 91
46421 80
46422 80
46423 37
46424 72
46425 55
46426 94
46427 65
46428 103
46429 80
46430 54
46431 -20
46432 80
46433 54
46434 55
46435 57
46436 53
46437 69
46438 59
46439 47
46440 40
46441 44
46442 14
46443 97
46444 83
46445 22
46446 87
46447 46
46448 23
46449 91
46450 18
46451 43
46452 109
46453 105
46454 53
46455 46
46456 19
46457 74
46458 81
46459 -10
46460 11
46461 48
46462 83
46463 76
46464 86
46465 60
46466 63
46467 100
46468 62
46469 28
46470 131
46471 93
46472 54
46473 51
46474 56
46475 119
46476 29
46477 51
46478 133
46479 62
46480 101
46481 88
46482 66
46483 36
46484 1
46485 45
46486 63
46487 183
46488 72
46489 109
46490 88
46491 93
46492 80
46493 44
46494 62
46495 110
46496 87
46497 108
46498 20
46499 81
46500 227
46501 47
46502 50
46503 44
46504 69
46505 32
46506 74
46507 53
46508 79
46509 88
46510 77
46511 102
46512 48
46513 9
46514 71
46515 12
46516 81
46517 41
46518 124
46519 30
46520 40
46521 60
46522 79
46523 19
46524 60
46525 55
46526 36
46527 84
46528 41
46529 85
46530 56
46531 67
46532 59
46533 122
46534 77
46535 43
46536 74
46537 52
46538 68
46539 54
46540 86
46541 25
46542 88
46543 -8
46544 56
46545 82
46546 56
46547 73
46548 13
46549 67
46550 44
46551 70
46552 56
46553 70
46554 84
46555 79
46556 59
46557 28
46558 67
46559 98
46560 78
46561 32
46562 43
46563 16
46564 46
46565 62
46566 72
46567 41
46568 80
46569 24
46570 53
46571 76
46572 102
46573 41
46574 51
46575 58
46576 120
46577 58
46578 65
46579 34
46580 89
46581 42
46582 104
46583 66
46584 21
46585 120
46586 26
46587 82
46588 49
46589 29
46590 54
46591 46
46592 26
46593 61
46594 114
46595 89
46596 20
46597 51
46598 44
46599 51
46600 28
46601 108
46602 42
46603 4
46604 58
46605 55
46606 51
46607 50
46608 138
46609 36
46610 40
46611 48
46612 103
46613 37
46614 96
46615 77
46616 22
46617 52
46618 108
46619 53
46620 67
46621 72
46622 65
46623 99
46624 103
46625 57
46626 79
46627 62
46628 78
46629 58
46630 44
46631 114
46632 25
46633 15
46634 77
46635 110
46636 52
46637 75
46638 118
46639 63
46640 85
46641 105
46642 37
46643 68
46644 69
46645 84
46646 85
46647 57
46648 80
46649 76
46650 69
46651 44
46652 100
46653 49
46654 43
46655 45
46656 100
46657 104
46658 104
46659 -17
46660 55
46661 111
46662 59
46663 61
46664 42
46665 60
46666 70
46667 73
46668 106
46669 83
46670 78
46671 43
46672 79
46673 29
46674 72
46675 68
46676 105
46677 84
46678 24
46679 43
46680 48
46681 58
46682 37
46683 109
46684 54
46685 79
46686 86
46687 60
46688 84
46689 100
46690 94
46691 118
46692 66
46693 48
46694 63
46695 65
46696 123
46697 107
46698 60
46699 45
46700 46
46701 77
46702 57
46703 105
46704 101
46705 109
46706 122
46707 27
46708 48
46709 75
46710 39
46711 57
46712 84
46713 19
46714 83
46715 57
46716 187
46717 73
46718 61
46719 44
46720 89
46721 111
46722 55
46723 97
46724 116
46725 40
46726 61
46727 27
46728 111
46729 119
46730 36
46731 136
46732 -13
46733 69
46734 112
46735 88
46736 78
46737 40
46738 69
46739 58
46740 69
46741 28
46742 66
46743 86
46744 63
46745 51
46746 63
46747 74
46748 62
46749 70
46750 22
46751 49
46752 86
46753 62
46754 114
46755 82
46756 52
46757 99
46758 37
46759 108
46760 43
46761 66
46762 49
46763 54
46764 121
46765 54
46766 110
46767 6
46768 78
46769 -22
46770 27
46771 20
46772 94
46773 69
46774 82
46775 49
46776 49
46777 86
46778 106
46779 81
46780 48
46781 64
46782 58
46783 90
46784 11
46785 65
46786 46
46787 82
46788 50
46789 72
46790 90
46791 78
46792 93
46793 83
46794 55
46795 101
46796 91
46797 76
46798 56
46799 90
46800 74
46801 101
46802 71
46803 83
46804 51
46805 46
46806 86
46807 94
46808 25
46809 15
46810 60
46811 99
46812 63
46813 48
46814 69
46815 -18
46816 58
46817 35
46818 41
46819 36
46820 49
46821 90
46822 50
46823 103
46824 59
46825 70
46826 109
46827 61
46828 119
46829 -3
46830 57
46831 65
46832 56
46833 38
46834 101
46835 105
46836 66
46837 71
46838 35
46839 37
46840 66
46841 37
46842 64
46843 48
46844 70
46845 63
46846 75
46847 76
46848 138
46849 90
46850 51
46851 71
46852 42
46853 88
46854 10
46855 140
46856 78
46857 26
46858 18
46859 40
46860 68
46861 41
46862 109
46863 93
46864 92
46865 13
46866 51
46867 77
46868 39
46869 100
46870 79
46871 38
46872 132
46873 63
46874 45
46875 64
46876 62
46877 32
46878 42
46879 17
46880 82
46881 32
46882 42
46883 63
46884 63
46885 29
46886 77
46887 87
46888 51
46889 53
46890 58
46891 45
46892 66
46893 58
46894 75
46895 71
46896 72
46897 31
46898 81
46899 117
46900 107
46901 45
46902 124
46903 7
46904 104
46905 87
46906 73
46907 43
46908 58
46909 39
46910 79
46911 44
46912 65
46913 56
46914 101
46915 82
46916 77
46917 11
46918 37
46919 5
46920 31
46921 25
46922 89
46923 49
46924 70
46925 159
46926 67
46927 73
46928 68
46929 63
46930 85
46931 98
46932 103
46933 54
46934 51
46935 25
46936 100
46937 89
46938 72
46939 105
46940 22
46941 78
46942 46
46943 115
46944 32
46945 14
46946 27
46947 51
46948 48
46949 72
46950 83
46951 71
46952 74
46953 71
46954 110
46955 77
46956 42
46957 50
46958 89
46959 61
46960 76
46961 72
46962 73
46963 77
46964 43
46965 58
46966 122
46967 35
46968 94
46969 31
46970 86
46971 52
46972 61
46973 45
46974 43
46975 104
46976 104
46977 73
46978 25
46979 65
46980 66
46981 37
46982 64
46983 34
46984 96
46985 52
46986 47
46987 51
46988 100
46989 82
46990 74
46991 67
46992 81
46993 110
46994 86
46995 30
46996 38
46997 55
46998 53
46999 62
47000 45
47001 41
47002 8
47003 72
47004 69
47005 65
47006 73
47007 68
47008 76
47009 43
47010 22
47011 87
47012 69
47013 90
47014 46
47015 33
47016 72
47017 115
47018 8
47019 68
47020 62
47021 55
47022 26
47023 30
47024 33
47025 65
47026 21
47027 100
47028 55
47029 32
47030 31
47031 58
47032 96
47033 66
47034 64
47035 65
47036 -19
47037 104
47038 100
47039 49
47040 20
47041 54
47042 74
47043 79
47044 77
47045 40
47046 77
47047 40
47048 144
47049 82
47050 21
47051 92
47052 50
47053 52
47054 45
47055 36
47056 50
47057 36
47058 45
47059 43
47060 97
47061 64
47062 45
47063 44
47064 38
47065 12
47066 47
47067 77
47068 36
47069 92
47070 53
47071 58
47072 49
47073 50
47074 52
47075 64
47076 61
47077 56
47078 15
47079 20
47080 28
47081 107
47082 9
47083 14
47084 25
47085 43
47086 93
47087 28
47088 69
47089 33
47090 60
47091 20
47092 116
47093 75
47094 67
47095 50
47096 54
47097 117
47098 48
47099 58
47100 74
47101 79
47102 47
47103 99
47104 78
47105 56
47106 41
47107 58
47108 46
47109 44
47110 199
47111 43
47112 20
47113 43
47114 101
47115 37
47116 78
47117 60
47118 91
47119 60
47120 48
47121 61
47122 61
47123 36
47124 112
47125 72
47126 85
47127 54
47128 47
47129 108
47130 150
47131 6
47132 49
47133 72
47134 29
47135 39
47136 84
47137 47
47138 59
47139 90
47140 69
47141 96
47142 45
47143 39
47144 45
47145 68
47146 162
47147 61
47148 53
47149 54
47150 52
47151 92
47152 25
47153 82
47154 65
47155 122
47156 24
47157 64
47158 60
47159 0
47160 39
47161 57
47162 116
47163 128
47164 70
47165 94
47166 84
47167 73
47168 82
47169 20
47170 82
47171 126
47172 53
47173 99
47174 78
47175 12
47176 88
47177 72
47178 66
47179 49
47180 39
47181 29
47182 26
47183 53
47184 51
47185 57
47186 79
47187 67
47188 108
47189 63
47190 91
47191 63
47192 62
47193 93
47194 112
47195 80
47196 80
47197 31
47198 103
47199 80
47200 71
47201 33
47202 43
47203 -7
47204 54
47205 39
47206 55
47207 68
47208 16
47209 62
47210 58
47211 100
47212 56
47213 63
47214 38
47215 63
47216 27
47217 63
47218 81
47219 51
47220 75
47221 23
47222 46
47223 80
47224 68
47225 63
47226 81
47227 78
47228 51
47229 79
47230 65
47231 31
47232 84
47233 115
47234 48
47235 70
47236 95
47237 69
47238 33
47239 121
47240 48
47241 101
47242 72
47243 57
47244 108
47245 31
47246 95
47247 86
47248 101
47249 81
47250 69
47251 38
47252 74
47253 71
47254 65
47255 43
47256 43
47257 57
47258 46
47259 101
47260 26
47261 56
47262 88
47263 44
47264 49
47265 82
47266 92
47267 -1
47268 284
47269 142
47270 97
47271 86
47272 33
47273 98
47274 38
47275 63
47276 52
47277 14
47278 66
47279 91
47280 32
47281 47
47282 97
47283 68
47284 138
47285 68
47286 55
47287 63
47288 45
47289 78
47290 57
47291 92
47292 51
47293 -21
47294 22
47295 112
47296 31
47297 9
47298 61
47299 82
47300 95
47301 92
47302 111
47303 51
47304 66
47305 -14
47306 59
47307 69
47308 22
47309 47
47310 67
47311 93
47312 40
47313 47
47314 87
47315 94
47316 24
47317 80
47318 4
47319 34
47320 54
47321 50
47322 58
47323 -22
47324 63
47325 65
47326 100
47327 54
47328 83
47329 41
47330 61
47331 66
47332 104
47333 38
47334 94
47335 53
47336 33
47337 14
47338 80
47339 69
47340 47
47341 59
47342 65
47343 38
47344 69
47345 40
47346 65
47347 86
47348 44
47349 37
47350 88
47351 31
47352 30
47353 18
47354 77
47355 42
47356 64
47357 45
47358 49
47359 60
47360 39
47361 62
47362 0
47363 70
47364 81
47365 46
47366 69
47367 67
47368 41
47369 62
47370 34
47371 49
47372 48
47373 64
47374 33
47375 40
47376 72
47377 85
47378 89
47379 47
47380 10
47381 47
47382 105
47383 74
47384 27
47385 54
47386 75
47387 84
47388 51
47389 31
47390 32
47391 84
47392 13
47393 57
47394 43
47395 125
47396 48
47397 93
47398 70
47399 16
47400 37
47401 30
47402 24
47403 55
47404 66
47405 104
47406 61
47407 23
47408 53
47409 86
47410 58
47411 3
47412 15
47413 81
47414 84
47415 44
47416 33
47417 85
47418 41
47419 29
47420 51
47421 89
47422 31
47423 26
47424 89
47425 64
47426 38
47427 86
47428 94
47429 1
47430 26
47431 45
47432 74
47433 58
47434 88
47435 66
47436 28
47437 71
47438 51
47439 72
47440 71
47441 86
47442 95
47443 56
47444 66
47445 11
47446 105
47447 109
47448 45
47449 79
47450 12
47451 61
47452 76
47453 40
47454 106
47455 65
47456 70
47457 35
47458 44
47459 80
47460 36
47461 95
47462 63
47463 0
47464 33
47465 114
47466 186
47467 132
47468 82
47469 29
47470 68
47471 57
47472 70
47473 79
47474 45
47475 75
47476 43
47477 53
47478 71
47479 84
47480 82
47481 57
47482 95
47483 81
47484 56
47485 110
47486 51
47487 43
47488 58
47489 99
47490 65
47491 79
47492 82
47493 40
47494 118
47495 77
47496 87
47497 23
47498 60
47499 29
47500 85
47501 37
47502 32
47503 64
47504 1
47505 8
47506 77
47507 42
47508 53
47509 43
47510 22
47511 42
47512 62
47513 19
47514 27
47515 30
47516 88
47517 50
47518 35
47519 65
47520 -20
47521 46
47522 48
47523 59
47524 52
47525 77
47526 96
47527 37
47528 63
47529 71
47530 93
47531 73
47532 51
47533 73
47534 48
47535 84
47536 58
47537 45
47538 26
47539 45
47540 67
47541 31
47542 58
47543 42
47544 20
47545 54
47546 66
47547 60
47548 24
47549 41
47550 35
47551 98
47552 60
47553 35
47554 70
47555 49
47556 70
47557 65
47558 44
47559 78
47560 59
47561 -14
47562 102
47563 40
47564 40
47565 60
47566 50
47567 46
47568 63
47569 17
47570 35
47571 11
47572 83
47573 40
47574 58
47575 34
47576 53
47577 82
47578 234
47579 32
47580 51
47581 28
47582 77
47583 55
47584 46
47585 25
47586 53
47587 27
47588 71
47589 38
47590 129
47591 47
47592 76
47593 51
47594 53
47595 71
47596 75
47597 81
47598 72
47599 34
47600 69
47601 23
47602 38
47603 99
47604 50
47605 116
47606 -3
47607 36
47608 117
47609 35
47610 88
47611 67
47612 96
47613 104
47614 80
47615 31
47616 16
47617 80
47618 41
47619 42
47620 52
47621 81
47622 122
47623 74
47624 18
47625 73
47626 29
47627 28
47628 74
47629 125
47630 74
47631 66
47632 31
47633 96
47634 26
47635 53
47636 47
47637 39
47638 79
47639 48
47640 62
47641 42
47642 81
47643 54
47644 23
47645 29
47646 111
47647 77
47648 42
47649 67
47650 42
47651 89
47652 123
47653 21
47654 74
47655 39
47656 73
47657 9
47658 77
47659 76
47660 48
47661 122
47662 51
47663 37
47664 80
47665 113
47666 43
47667 72
47668 66
47669 14
47670 54
47671 28
47672 98
47673 34
47674 6
47675 60
47676 42
47677 73
47678 16
47679 37
47680 76
47681 58
47682 54
47683 68
47684 54
47685 35
47686 59
47687 48
47688 63
47689 109
47690 79
47691 68
47692 96
47693 28
47694 145
47695 80
47696 42
47697 45
47698 63
47699 137
47700 91
47701 29
47702 74
47703 68
47704 60
47705 8
47706 30
47707 74
47708 37
47709 12
47710 65
47711 24
47712 74
47713 55
47714 60
47715 26
47716 24
47717 57
47718 67
47719 53
47720 72
47721 60
47722 46
47723 60
47724 21
47725 24
47726 65
47727 83
47728 100
47729 54
47730 135
47731 52
47732 50
47733 65
47734 24
47735 73
47736 70
47737 95
47738 51
47739 90
47740 22
47741 40
47742 47
47743 67
47744 51
47745 74
47746 24
47747 51
47748 41
47749 59
47750 28
47751 45
47752 66
47753 40
47754 32
47755 51
47756 56
47757 65
47758 76
47759 56
47760 38
47761 37
47762 52
47763 -4
47764 62
47765 24
47766 98
47767 103
47768 65
47769 102
47770 84
47771 18
47772 55
47773 57
47774 44
47775 39
47776 21
47777 126
47778 64
47779 55
47780 48
47781 16
47782 24
47783 77
47784 81
47785 60
47786 56
47787 61
47788 53
47789 60
47790 54
47791 16
47792 38
47793 67
47794 31
47795 41
47796 67
47797 109
47798 31
47799 60
47800 67
47801 93
47802 67
47803 29
47804 41
47805 57
47806 59
47807 18
47808 38
47809 5
47810 47
47811 54
47812 87
47813 106
47814 48
47815 45
47816 91
47817 41
47818 61
47819 61
47820 15
47821 59
47822 50
47823 82
47824 92
47825 24
47826 86
47827 85
47828 103
47829 44
47830 66
47831 21
47832 21
47833 38
47834 73
47835 28
47836 125
47837 50
47838 66
47839 101
47840 54
47841 33
47842 29
47843 60
47844 33
47845 67
47846 44
47847 73
47848 49
47849 41
47850 16
47851 21
47852 91
47853 83
47854 75
47855 107
47856 -6
47857 7
47858 47
47859 36
47860 69
47861 56
47862 60
47863 37
47864 39
47865 47
47866 46
47867 35
47868 75
47869 72
47870 74
47871 88
47872 36
47873 59
47874 58
47875 50
47876 44
47877 47
47878 62
47879 18
47880 53
47881 30
47882 45
47883 28
47884 90
47885 54
47886 76
47887 23
47888 28
47889 32
47890 38
47891 47
47892 50
47893 5
47894 50
47895 55
47896 40
47897 43
47898 33
47899 32
47900 8
47901 37
47902 46
47903 82
47904 93
47905 18
47906 83
47907 69
47908 51
47909 109
47910 67
47911 83
47912 54
47913 32
47914 61
47915 68
47916 21
47917 67
47918 67
47919 64
47920 46
47921 58
47922 61
47923 32
47924 85
47925 26
47926 14
47927 83
47928 22
47929 -4
47930 35
47931 68
47932 68
47933 84
47934 31
47935 80
47936 41
47937 64
47938 51
47939 63
47940 50
47941 23
47942 89
47943 59
47944 57
47945 10
47946 37
47947 64
47948 20
47949 70
47950 70
47951 46
47952 57
47953 38
47954 38
47955 48
47956 87
47957 48
47958 26
47959 66
47960 76
47961 19
47962 6
47963 107
47964 93
47965 82
47966 47
47967 14
47968 -10
47969 59
47970 81
47971 16
47972 76
47973 33
47974 42
47975 23
47976 63
47977 44
47978 84
47979 41
47980 70
47981 29
47982 33
47983 75
47984 76
47985 109
47986 51
47987 76
47988 36
47989 86
47990 26
47991 57
47992 39
47993 38
47994 41
47995 61
47996 127
47997 34
47998 41
47999 47
48000 54
48001 18
48002 28
48003 81
48004 71
48005 11
48006 87
48007 58
48008 175
48009 26
48010 68
48011 31
48012 21
48013 66
48014 25
48015 34
48016 29
48017 72
48018 58
48019 30
48020 51
48021 82
48022 34
48023 11
48024 50
48025 -15
48026 66
48027 40
48028 36
48029 60
48030 66
48031 48
48032 67
48033 29
48034 109
48035 18
48036 36
48037 86
48038 42
48039 87
48040 64
48041 50
48042 67
48043 79
48044 49
48045 79
48046 34
48047 50
48048 48
48049 20
48050 38
48051 39
48052 49
48053 64
48054 65
48055 50
48056 68
48057 69
48058 54
48059 -17
48060 121
48061 75
48062 52
48063 91
48064 -8
48065 71
48066 36
48067 57
48068 70
48069 101
48070 46
48071 83
48072 51
48073 73
48074 19
48075 58
48076 94
48077 32
48078 51
48079 17
48080 78
48081 121
48082 27
48083 11
48084 42
48085 81
48086 34
48087 55
48088 85
48089 60
48090 67
48091 32
48092 44
48093 22
48094 64
48095 90
48096 79
48097 63
48098 46
48099 75
48100 38
48101 41
48102 46
48103 49
48104 48
48105 85
48106 10
48107 40
48108 114
48109 52
48110 77
48111 79
48112 11
48113 66
48114 66
48115 83
48116 34
48117 49
48118 91
48119 43
48120 4
48121 68
48122 80
48123 144
48124 98
48125 33
48126 14
48127 33
48128 78
48129 45
48130 53
48131 90
48132 37
48133 53
48134 88
48135 45
48136 21
48137 27
48138 55
48139 61
48140 48
48141 31
48142 101
48143 51
48144 88
48145 44
48146 75
48147 70
48148 50
48149 68
48150 61
48151 60
48152 72
48153 55
48154 34
48155 122
48156 34
48157 26
48158 33
48159 50
48160 47
48161 84
48162 68
48163 33
48164 57
48165 47
48166 11
48167 48
48168 22
48169 124
48170 8
48171 54
48172 47
48173 30
48174 47
48175 19
48176 -27
48177 50
48178 63
48179 68
48180 62
48181 76
48182 25
48183 40
48184 76
48185 88
48186 50
48187 58
48188 46
48189 76
48190 59
48191 77
48192 75
48193 13
48194 35
48195 97
48196 -4
48197 46
48198 56
48199 52
48200 13
48201 161
48202 61
48203 24
48204 41
48205 82
48206 86
48207 9
48208 53
48209 47
48210 51
48211 39
48212 18
48213 88
48214 79
48215 56
48216 51
48217 34
48218 41
48219 93
48220 30
48221 17
48222 86
48223 71
48224 123
48225 38
48226 48
48227 58
48228 42
48229 51
48230 27
48231 85
48232 63
48233 65
48234 41
48235 53
48236 82
48237 33
48238 13
48239 5
48240 42
48241 56
48242 42
48243 77
48244 83
48245 80
48246 37
48247 66
48248 36
48249 94
48250 91
48251 78
48252 62
48253 39
48254 85
48255 45
48256 77
48257 70
48258 31
48259 74
48260 65
48261 84
48262 21
48263 39
48264 48
48265 71
48266 120
48267 55
48268 48
48269 55
48270 46
48271 22
48272 64
48273 65
48274 38
48275 37
48276 44
48277 0
48278 26
48279 64
48280 31
48281 92
48282 41
48283 66
48284 41
48285 71
48286 33
48287 30
48288 44
48289 49
48290 65
48291 35
48292 54
48293 11
48294 36
48295 62
48296 97
48297 71
48298 52
48299 67
48300 67
48301 41
48302 18
48303 32
48304 56
48305 72
48306 53
48307 46
48308 98
48309 72
48310 58
48311 67
48312 68
48313 35
48314 39
48315 37
48316 63
48317 36
48318 15
48319 35
48320 89
48321 91
48322 54
48323 54
48324 19
48325 71
48326 68
48327 31
48328 60
48329 43
48330 81
48331 75
48332 50
48333 53
48334 52
48335 48
48336 48
48337 54
48338 42
48339 45
48340 38
48341 38
48342 99
48343 7
48344 46
48345 66
48346 71
48347 91
48348 89
48349 77
48350 34
48351 144
48352 68
48353 64
48354 59
48355 76
48356 64
48357 47
48358 14
48359 61
48360 51
48361 71
48362 25
48363 70
48364 83
48365 57
48366 66
48367 21
48368 -22
48369 42
48370 24
48371 30
48372 11
48373 29
48374 22
48375 68
48376 44
48377 29
48378 64
48379 77
48380 87
48381 58
48382 -12
48383 49
48384 65
48385 47
48386 56
48387 24
48388 19
48389 85
48390 29
48391 52
48392 41
48393 8
48394 86
48395 58
48396 -18
48397 55
48398 5
48399 72
48400 91
48401 38
48402 58
48403 89
48404 63
48405 54
48406 35
48407 11
48408 27
48409 37
48410 63
48411 50
48412 56
48413 -14
48414 45
48415 60
48416 53
48417 63
48418 48
48419 58
48420 22
48421 64
48422 34
48423 76
48424 31
48425 40
48426 20
48427 49
48428 47
48429 61
48430 59
48431 50
48432 16
48433 73
48434 78
48435 3
48436 43
48437 44
48438 47
48439 54
48440 35
48441 50
48442 30
48443 39
48444 68
48445 39
48446 14
48447 44
48448 87
48449 68
48450 48
48451 34
48452 28
48453 51
48454 63
48455 49
48456 49
48457 21
48458 44
48459 18
48460 75
48461 19
48462 46
48463 21
48464 50
48465 68
48466 45
48467 38
48468 56
48469 17
48470 69
48471 67
48472 50
48473 50
48474 58
48475 67
48476 35
48477 4
48478 38
48479 86
48480 -5
48481 79
48482 38
48483 83
48484 65
48485 56
48486 139
48487 48
48488 94
48489 0
48490 89
48491 52
48492 51
48493 19
48494 59
48495 37
48496 22
48497 57
48498 56
48499 34
48500 58
48501 25
48502 92
48503 90
48504 77
48505 47
48506 63
48507 50
48508 55
48509 55
48510 91
48511 38
48512 -4
48513 29
48514 88
48515 21
48516 50
48517 51
48518 37
48519 49
48520 42
48521 29
48522 83
48523 71
48524 73
48525 60
48526 42
48527 47
48528 11
48529 73
48530 106
48531 71
48532 58
48533 68
48534 23
48535 76
48536 36
48537 27
48538 9
48539 39
48540 49
48541 73
48542 74
48543 27
48544 60
48545 39
48546 42
48547 95
48548 77
48549 41
48550 53
48551 20
48552 48
48553 27
48554 71
48555 64
48556 48
48557 56
48558 81
48559 20
48560 61
48561 52
48562 79
48563 48
48564 36
48565 42
48566 94
48567 32
48568 57
48569 45
48570 68
48571 29
48572 54
48573 33
48574 68
48575 65
48576 31
48577 51
48578 68
48579 53
48580 52
48581 47
48582 53
48583 64
48584 22
48585 74
48586 53
48587 56
48588 30
48589 65
48590 30
48591 80
48592 71
48593 88
48594 35
48595 70
48596 15
48597 -24
48598 30
48599 45
48600 22
48601 87
48602 92
48603 27
48604 68
48605 79
48606 76
48607 35
48608 25
48609 91
48610 79
48611 52
48612 61
48613 39
48614 34
48615 84
48616 20
48617 28
48618 18
48619 54
48620 35
48621 29
48622 17
48623 49
48624 24
48625 25
48626 32
48627 55
48628 16
48629 43
48630 63
48631 41
48632 27
48633 17
48634 57
48635 73
48636 72
48637 13
48638 56
48639 59
48640 37
48641 36
48642 61
48643 25
48644 38
48645 36
48646 36
48647 60
48648 46
48649 28
48650 9
48651 59
48652 71
48653 61
48654 51
48655 53
48656 46
48657 68
48658 59
48659 20
48660 28
48661 93
48662 65
48663 74
48664 6
48665 39
48666 60
48667 36
48668 -13
48669 15
48670 44
48671 44
48672 24
48673 67
48674 8
48675 85
48676 19
48677 56
48678 67
48679 43
48680 19
48681 61
48682 13
48683 31
48684 31
48685 11
48686 88
48687 42
48688 32
48689 23
48690 39
48691 63
48692 66
48693 46
48694 45
48695 51
48696 4
48697 41
48698 42
48699 67
48700 9
48701 47
48702 47
48703 61
48704 19
48705 78
48706 33
48707 11
48708 43
48709 79
48710 21
48711 56
48712 75
48713 111
48714 25
48715 42
48716 65
48717 37
48718 24
48719 20
48720 47
48721 70
48722 67
48723 25
48724 90
48725 60
48726 22
48727 52
48728 86
48729 91
48730 74
48731 99
48732 46
48733 63
48734 46
48735 90
48736 65
48737 105
48738 46
48739 28
48740 48
48741 40
48742 35
48743 54
48744 20
48745 29
48746 71
48747 68
48748 58
48749 64
48750 40
48751 41
48752 23
48753 92
48754 36
48755 65
48756 62
48757 16
48758 58
48759 53
48760 40
48761 51
48762 68
48763 39
48764 61
48765 47
48766 57
48767 14
48768 68
48769 53
48770 69
48771 50
48772 39
48773 -21
48774 57
48775 69
48776 14
48777 35
48778 35
48779 85
48780 73
48781 72
48782 60
48783 9
48784 61
48785 8
48786 27
48787 60
48788 58
48789 -7
48790 28
48791 82
48792 45
48793 25
48794 13
48795 83
48796 18
48797 61
48798 53
48799 48
48800 20
48801 73
48802 76
48803 5
48804 17
48805 49
48806 36
48807 13
48808 -3
48809 81
48810 69
48811 90
48812 80
48813 0
48814 79
48815 17
48816 20
48817 36
48818 32
48819 28
48820 65
48821 19
48822 32
48823 69
48824 65
48825 37
48826 15
48827 49
48828 43
48829 55
48830 72
48831 16
48832 41
48833 22
48834 32
48835 69
48836 49
48837 8
48838 8
48839 63
48840 90
48841 75
48842 54
48843 21
48844 35
48845 57
48846 31
48847 46
48848 39
48849 67
48850 106
48851 43
48852 37
48853 48
48854 29
48855 20
48856 20
48857 60
48858 32
48859 65
48860 66
48861 60
48862 66
48863 41
48864 57
48865 22
48866 45
48867 40
48868 49
48869 68
48870 87
48871 44
48872 42
48873 55
48874 60
48875 39
48876 62
48877 56
48878 56
48879 64
48880 32
48881 -3
48882 44
48883 41
48884 -2
48885 32
48886 46
48887 88
48888 14
48889 25
48890 27
48891 27
48892 94
48893 52
48894 -18
48895 47
48896 21
48897 63
48898 87
48899 44
48900 56
48901 90
48902 2
48903 56
48904 16
48905 45
48906 53
48907 47
48908 54
48909 -18
48910 18
48911 63
48912 78
48913 30
48914 53
48915 -4
48916 85
48917 79
48918 65
48919 37
48920 52
48921 -9
48922 25
48923 -8
48924 57
48925 54
48926 59
48927 53
48928 52
48929 15
48930 33
48931 34
48932 51
48933 56
48934 44
48935 89
48936 30
48937 60
48938 31
48939 72
48940 50
48941 36
48942 44
48943 63
48944 22
48945 43
48946 14
48947 34
48948 20
48949 59
48950 136
48951 35
48952 39
48953 48
48954 47
48955 48
48956 67
48957 39
48958 81
48959 30
48960 61
48961 -2
48962 37
48963 21
48964 48
48965 22
48966 32
48967 -27
48968 38
48969 49
48970 70
48971 68
48972 34
48973 50
48974 20
48975 56
48976 51
48977 40
48978 -14
48979 81
48980 63
48981 36
48982 26
48983 61
48984 64
48985 44
48986 39
48987 11
48988 22
48989 -6
48990 61
48991 57
48992 95
48993 60
48994 84
48995 33
48996 49
48997 54
48998 36
48999 51
49000 43
49001 6
49002 55
49003 48
49004 19
49005 6
49006 50
49007 49
49008 41
49009 49
49010 29
49011 28
49012 53
49013 52
49014 83
49015 42
49016 38
49017 70
49018 31
49019 61
49020 47
49021 27
49022 32
49023 23
49024 75
49025 42
49026 38
49027 92
49028 51
49029 0
49030 78
49031 30
49032 32
49033 31
49034 55
49035 18
49036 68
49037 143
49038 43
49039 19
49040 30
49041 67
49042 25
49043 37
49044 18
49045 9
49046 40
49047 24
49048 9
49049 42
49050 7
49051 51
49052 45
49053 22
49054 58
49055 35
49056 27
49057 71
49058 39
49059 53
49060 58
49061 50
49062 49
49063 69
49064 34
49065 77
49066 0
49067 25
49068 47
49069 7
49070 38
49071 66
49072 7
49073 42
49074 51
49075 31
49076 66
49077 60
49078 41
49079 83
49080 36
49081 28
49082 19
49083 54
49084 7
49085 13
49086 58
49087 51
49088 26
49089 14
49090 48
49091 26
49092 56
49093 35
49094 28
49095 80
49096 0
49097 11
49098 38
49099 25
49100 3
49101 36
49102 78
49103 35
49104 47
49105 64
49106 38
49107 44
49108 53
49109 10
49110 58
49111 69
49112 43
49113 50
49114 11
49115 48
49116 43
49117 68
49118 29
49119 41
49120 32
49121 35
49122 66
49123 26
49124 44
49125 -2
49126 48
49127 17
49128 17
49129 137
49130 29
49131 62
49132 63
49133 -10
49134 20
49135 65
49136 22
49137 27
49138 30
49139 38
49140 57
49141 35
49142 34
49143 49
49144 11
49145 64
49146 92
49147 33
49148 18
49149 31
49150 25
49151 49
49152 51
49153 -1
49154 43
49155 46
49156 9
49157 56
49158 75
49159 19
49160 37
49161 31
49162 34
49163 34
49164 33
49165 53
49166 18
49167 47
49168 38
49169 19
49170 62
49171 -4
49172 3
49173 -2
49174 69
49175 57
49176 25
49177 44
49178 8
49179 36
49180 84
49181 58
49182 46
49183 9
49184 70
49185 28
49186 16
49187 -3
49188 16
49189 21
49190 68
49191 20
49192 12
49193 37
49194 31
49195 38
49196 29
49197 84
49198 28
49199 28
49200 35
49201 48
49202 65
49203 27
49204 46
49205 33
49206 44
49207 71
49208 45
49209 21
49210 37
49211 71
49212 41
49213 32
49214 41
49215 66
49216 30
49217 20
49218 -21
49219 65
49220 45
49221 64
49222 64
49223 65
49224 44
49225 38
49226 31
49227 57
49228 55
49229 62
49230 40
49231 64
49232 27
49233 10
49234 40
49235 70
49236 49
49237 46
49238 40
49239 50
49240 101
49241 64
49242 47
49243 44
49244 27
49245 58
49246 15
49247 41
49248 16
49249 10
49250 7
49251 16
49252 64
49253 64
49254 5
49255 58
49256 26
49257 84
49258 -5
49259 49
49260 70
49261 18
49262 41
49263 48
49264 33
49265 34
49266 4
49267 31
49268 18
49269 26
49270 -4
49271 54
49272 59
49273 18
49274 48
49275 56
49276 -11
49277 63
49278 63
49279 20
49280 21
49281 10
49282 49
49283 4
49284 46
49285 79
49286 110
49287 49
49288 56
49289 34
49290 104
49291 58
49292 -15
49293 33
49294 51
49295 58
49296 36
49297 62
49298 28
49299 39
49300 67
49301 52
49302 44
49303 95
49304 14
49305 40
49306 31
49307 -5
49308 44
49309 51
49310 66
49311 65
49312 30
49313 31
49314 28
49315 35
49316 6
49317 79
49318 63
49319 48
49320 47
49321 18
49322 26
49323 40
49324 68
49325 54
49326 52
49327 66
49328 22
49329 59
49330 34
49331 -1
49332 34
49333 19
49334 34
49335 63
49336 39
49337 27
49338 29
49339 43
49340 58
49341 52
49342 -5
49343 42
49344 64
49345 54
49346 9
49347 33
49348 44
49349 61
49350 34
49351 58
49352 49
49353 37
49354 -4
49355 30
49356 68
49357 21
49358 52
49359 5
49360 15
49361 18
49362 104
49363 39
49364 19
49365 20
49366 34
49367 68
49368 32
49369 57
49370 58
49371 87
49372 25
49373 49
49374 -19
49375 25
49376 62
49377 46
49378 61
49379 47
49380 46
49381 60
49382 21
49383 17
49384 21
49385 43
49386 23
49387 8
49388 48
49389 60
49390 48
49391 68
49392 69
49393 40
49394 18
49395 2
49396 31
49397 39
49398 18
49399 40
49400 32
49401 15
49402 28
49403 28
49404 58
49405 37
49406 37
49407 43
49408 42
49409 36
49410 38
49411 45
49412 54
49413 38
49414 30
49415 32
49416 25
49417 66
49418 17
49419 52
49420 57
49421 52
49422 61
49423 43
49424 43
49425 74
49426 62
49427 59
49428 30
49429 29
49430 43
49431 15
49432 18
49433 -10
49434 33
49435 49
49436 23
49437 47
49438 45
49439 71
49440 19
49441 -4
49442 22
49443 74
49444 34
49445 50
49446 44
49447 48
49448 32
49449 29
49450 55
49451 9
49452 29
49453 28
49454 40
49455 96
49456 44
49457 22
49458 3
49459 5
49460 14
49461 47
49462 35
49463 47
49464 16
49465 10
49466 11
49467 53
49468 40
49469 67
49470 60
49471 -12
49472 33
49473 35
49474 47
49475 59
49476 40
49477 55
49478 17
49479 44
49480 45
49481 28
49482 83
49483 10
49484 73
49485 26
49486 29
49487 43
49488 35
49489 49
49490 33
49491 56
49492 43
49493 32
49494 -5
49495 18
49496 60
49497 36
49498 -2
49499 94
49500 62
49501 57
49502 47
49503 31
49504 28
49505 18
49506 50
49507 62
49508 46
49509 59
49510 30
49511 45
49512 14
49513 45
49514 11
49515 24
49516 16
49517 28
49518 10
49519 30
49520 13
49521 60
49522 23
49523 48
49524 54
49525 15
49526 35
49527 43
49528 52
49529 -6
49530 24
49531 25
49532 64
49533 64
49534 31
49535 75
49536 5
49537 18
49538 34
49539 8
49540 54
49541 13
49542 20
49543 17
49544 44
49545 46
49546 43
49547 87
49548 28
49549 66
49550 35
49551 36
49552 41
49553 28
49554 -5
49555 10
49556 28
49557 5
49558 37
49559 80
49560 -11
49561 62
49562 36
49563 57
49564 5
49565 15
49566 25
49567 25
49568 10
49569 39
49570 -24
49571 28
49572 41
49573 26
49574 45
49575 -5
49576 19
49577 70
49578 19
49579 13
49580 55
49581 44
49582 -14
49583 11
49584 29
49585 21
49586 52
49587 47
49588 41
49589 12
49590 9
49591 28
49592 39
49593 41
49594 180
49595 12
49596 18
49597 43
49598 21
49599 33
49600 50
49601 25
49602 43
49603 54
49604 23
49605 13
49606 55
49607 63
49608 16
49609 9
49610 49
49611 17
49612 13
49613 26
49614 8
49615 29
49616 72
49617 66
49618 32
49619 41
49620 10
49621 30
49622 32
49623 4
49624 47
49625 -4
49626 31
49627 40
49628 36
49629 20
49630 38
49631 45
49632 28
49633 41
49634 37
49635 34
49636 4
49637 34
49638 23
49639 57
49640 19
49641 62
49642 84
49643 30
49644 54
49645 35
49646 38
49647 13
49648 31
49649 15
49650 24
49651 25
49652 40
49653 22
49654 50
49655 57
49656 53
49657 -10
49658 23
49659 21
49660 37
49661 3
49662 48
49663 -1
49664 15
49665 30
49666 69
49667 14
49668 20
49669 33
49670 12
49671 1
49672 -8
49673 25
49674 11
49675 7
49676 62
49677 29
49678 -5
49679 7
49680 -7
49681 51
49682 67
49683 42
49684 62
49685 30
49686 20
49687 25
49688 27
49689 35
49690 38
49691 32
49692 65
49693 23
49694 51
49695 52
49696 56
49697 46
49698 41
49699 49
49700 14
49701 41
49702 33
49703 2
49704 53
49705 22
49706 32
49707 -7
49708 6
49709 -8
49710 37
49711 25
49712 44
49713 8
49714 25
49715 6
49716 -12
49717 5
49718 25
49719 44
49720 6
49721 12
49722 37
49723 28
49724 47
49725 17
49726 12
49727 -10
49728 1
49729 18
49730 2
49731 13
49732 17
49733 22
49734 8
49735 53
49736 13
49737 15
49738 -2
49739 20
49740 27
49741 34
49742 -8
49743 36
49744 65
49745 17
49746 40
49747 27
49748 15
49749 20
49750 28
49751 24
49752 45
49753 6
49754 -2
49755 29
49756 29
49757 6
49758 9
49759 4
49760 33
49761 15
49762 32
49763 29
49764 28
49765 25
49766 34
49767 20
49768 32
49769 21
49770 11
49771 32
49772 8
49773 36
49774 1
49775 1
49776 7
49777 42
49778 48
49779 6
49780 11
49781 4
49782 33
49783 25
49784 42
49785 -8
49786 19
49787 4
49788 -5
49789 16
49790 19
49791 17
49792 22
49793 12
49794 45
49795 38
49796 -15
49797 14
49798 11
49799 38
49800 22
49801 16
49802 39
49803 11
49804 46
49805 33
49806 -10
49807 17
49808 42
49809 -24
49810 -1
49811 33
49812 13
49813 15
49814 -15
49815 18
49816 20
49817 49
49818 24
49819 32
49820 36
49821 16
49822 -5
49823 5
49824 52
49825 54
49826 18
49827 3
49828 9
49829 28
49830 7
49831 -10
49832 31
49833 19
49834 18
49835 -15
49836 70
49837 16
49838 5
49839 13
49840 -2
49841 1
49842 8
49843 46
49844 42
49845 39
49846 19
49847 45
49848 53
49849 25
49850 35
49851 -20
49852 15
49853 16
49854 45
49855 51
49856 21
49857 7
49858 20
49859 34
49860 26
49861 5
49862 14
49863 15
49864 40
49865 17
49866 -10
49867 11
49868 32
49869 11
49870 17
49871 36
49872 36
49873 31
49874 -5
49875 20
49876 20
49877 20
49878 -10
49879 9
49880 -1
49881 39
49882 25
49883 14
49884 -11
49885 13
49886 16
49887 -13
49888 12
49889 -5
49890 16
49891 36
49892 34
49893 12
49894 27
49895 -14
49896 36
49897 17
49898 -3
49899 1
49900 -4
49901 1
49902 3
49903 26
49904 20
49905 29
49906 23
49907 -32
49908 5
49909 20
49910 27
49911 21
49912 35
49913 41
49914 14
49915 35
49916 35
49917 14
49918 26
49919 -21
49920 -2
49921 -7
49922 3
49923 25
49924 10
49925 29
49926 20
49927 12
49928 -3
49929 -6
49930 25
49931 2
49932 5
49933 5
49934 17
49935 9
49936 8
49937 4
49938 15
49939 38
49940 13
49941 -16
49942 9
49943 -2
49944 5
49945 2
49946 -5
49947 12
49948 -13
49949 0
49950 38
49951 49
49952 19
49953 21
49954 11
49955 6
49956 14
49957 7
49958 15
49959 7
49960 2
49961 -3
49962 -14
49963 9
49964 19
49965 24
49966 -16
49967 36
49968 -19
49969 14
49970 9
49971 -15
49972 12
49973 -9
49974 24
49975 -20
49976 -5
49977 37
49978 -24
49979 15
49980 0
49981 20
49982 7
49983 -13
49984 5
49985 -3
49986 1
49987 -12
49988 7
49989 3
49990 0
49991 18
49992 -9
49993 -12
49994 8
49995 -8
49996 -6
49997 -13
49998 -1
49999 -15
Exec time 3.5034ms 
