Algorithm Flloyd Warshall : 
Distance matrix : 
0 17 10 37 53 41 58 -1 26 19 50 -3 35 10 76 -10 5 39 -8 45 73 56 69 -18 36 61 44 99 60 97 11 3 83 0 97 76 51 147 37 10 24 -15 5 23 36 38 49 25 28 59 50 -2 43 8 14 19 12 44 74 7 29 -5 48 80 45 70 29 80 9 39 24 51 25 60 -11 -8 28 29 30 10 48 -9 27 0 22 2 29 -14 36 44 25 5 -1 5 1 -3 0 0 3 -5 
4000000000000000000 0 4000000000000000000 4000000000000000000 4000000000000000000 24 41 4000000000000000000 4000000000000000000 4000000000000000000 4000000000000000000 4000000000000000000 4000000000000000000 4000000000000000000 4000000000000000000 4000000000000000000 4000000000000000000 4000000000000000000 4000000000000000000 52 4000000000000000000 4000000000000000000 4000000000000000000 4000000000000000000 4000000000000000000 44 4000000000000000000 4000000000000000000 67 104 4000000000000000000 4000000000000000000 66 65 4000000000000000000 4000000000000000000 82 4000000000000000000 102 46 60 4000000000000000000 88 106 87 4000000000000000000 4000000000000000000 90 4000000000000000000 42 4000000000000000000 77 50 4000000000000000000 93 98 4000000000000000000 4000000000000000000 4000000000000000000 4000000000000000000 4000000000000000000 152 104 4000000000000000000 4000000000000000000 77 4000000000000000000 94 32 39 105 51 55 111 65 60 92 89 53 68 80 56 52 36 102 55 137 51 36 85 82 28 96 78 24 41 60 25 34 36 
4000000000000000000 4000000000000000000 0 27 43 4000000000000000000 4000000000000000000 4000000000000000000 16 4000000000000000000 40 4000000000000000000 25 4000000000000000000 66 4000000000000000000 4000000000000000000 69 29 47 63 4000000000000000000 59 4000000000000000000 67 4000000000000000000 74 89 62 99 1 86 4000000000000000000 60 4000000000000000000 66 65 4000000000000000000 97 0 14 4000000000000000000 59 77 94 4000000000000000000 39 85 59 78 133 6 45 45 47 27 4000000000000000000 41 64 44 19 65 56 70 56 72 60 70 67 93 34 64 15 83 67 70 78 19 49 28 75 51 37 -10 97 20 19 30 46 61 58 31 36 48 26 43 22 23 32 -10 
4000000000000000000 4000000000000000000 4000000000000000000 0 4000000000000000000 4000000000000000000 4000000000000000000 4000000000000000000 4000000000000000000 4000000000000000000 4000000000000000000 4000000000000000000 4000000000000000000 4000000000000000000 4000000000000000000 4000000000000000000 4000000000000000000 4000000000000000000 4000000000000000000 4000000000000000000 4000000000000000000 4000000000000000000 4000000000000000000 4000000000000000000 4000000000000000000 4000000000000000000 4000000000000000000 4000000000000000000 4000000000000000000 4000000000000000000 4000000000000000000 4000000000000000000 4000000000000000000 4000000000000000000 4000000000000000000 4000000000000000000 38 4000000000000000000 4000000000000000000 4000000000000000000 4000000000000000000 4000000000000000000 4000000000000000000 4000000000000000000 4000000000000000000 4000000000000000000 12 4000000000000000000 4000000000000000000 4000000000000000000 4000000000000000000 4000000000000000000 4000000000000000000 4000000000000000000 4000000000000000000 4000000000000000000 4000000000000000000 4000000000000000000 37 4000000000000000000 4000000000000000000 38 4000000000000000000 43 4000000000000000000 4000000000000000000 4000000000000000000 4000000000000000000 89 4000000000000000000 4000000000000000000 4000000000000000000 24 56 40 43 4000000000000000000 45 75 37 4000000000000000000 4000000000000000000 66 48 4000000000000000000 29 4000000000000000000 44 55 99 55 40 105 117 36 53 38 54 63 33 
4000000000000000000 4000000000000000000 4000000000000000000 4000000000000000000 0 4000000000000000000 4000000000000000000 4000000000000000000 4000000000000000000 4000000000000000000 -3 4000000000000000000 4000000000000000000 4000000000000000000 4000000000000000000 4000000000000000000 4000000000000000000 4000000000000000000 4000000000000000000 4 4000000000000000000 4000000000000000000 4000000000000000000 4000000000000000000 24 4000000000000000000 4000000000000000000 46 19 56 4000000000000000000 43 4000000000000000000 17 4000000000000000000 4000000000000000000 4000000000000000000 4000000000000000000 54 4000000000000000000 12 4000000000000000000 40 58 53 4000000000000000000 41 42 16 4000000000000000000 90 43 2 4000000000000000000 49 64 4000000000000000000 -2 66 4000000000000000000 4000000000000000000 35 70 72 4000000000000000000 29 17 4000000000000000000 24 50 71 62 53 77 57 60 44 109 45 66 32 8 30 77 54 40 17 28 52 63 60 20 39 51 16 14 46 17 26 41 
4000000000000000000 4000000000000000000 4000000000000000000 4000000000000000000 4000000000000000000 0 17 4000000000000000000 4000000000000000000 4000000000000000000 4000000000000000000 4000000000000000000 4000000000000000000 4000000000000000000 4000000000000000000 4000000000000000000 4000000000000000000 4000000000000000000 4000000000000000000 28 4000000000000000000 4000000000000000000 4000000000000000000 4000000000000000000 4000000000000000000 20 4000000000000000000 4000000000000000000 43 80 4000000000000000000 4000000000000000000 42 41 4000000000000000000 4000000000000000000 58 4000000000000000000 78 22 36 4000000000000000000 64 82 63 4000000000000000000 4000000000000000000 66 4000000000000000000 4000000000000000000 4000000000000000000 53 26 4000000000000000000 69 74 4000000000000000000 4000000000000000000 4000000000000000000 4000000000000000000 4000000000000000000 128 80 4000000000000000000 4000000000000000000 53 4000000000000000000 70 8 15 81 27 31 87 41 36 68 65 29 44 56 32 28 12 78 31 113 27 12 61 58 4 72 54 0 17 36 1 10 12 
4000000000000000000 4000000000000000000 4000000000000000000 4000000000000000000 4000000000000000000 4000000000000000000 0 4000000000000000000 4000000000000000000 4000000000000000000 4000000000000000000 4000000000000000000 4000000000000000000 4000000000000000000 4000000000000000000 4000000000000000000 4000000000000000000 4000000000000000000 4000000000000000000 11 4000000000000000000 4000000000000000000 4000000000000000000 4000000000000000000 4000000000000000000 4000000000000000000 4000000000000000000 4000000000000000000 26 63 4000000000000000000 4000000000000000000 25 24 4000000000000000000 4000000000000000000 41 4000000000000000000 61 5 19 4000000000000000000 47 65 46 4000000000000000000 4000000000000000000 49 4000000000000000000 4000000000000000000 4000000000000000000 36 9 4000000000000000000 52 57 4000000000000000000 4000000000000000000 4000000000000000000 4000000000000000000 4000000000000000000 111 63 4000000000000000000 4000000000000000000 36 4000000000000000000 53 -9 57 64 69 69 70 24 27 51 48 12 45 39 15 11 -5 61 37 96 35 59 44 41 -13 55 37 -17 0 32 -16 -7 -5 
4000000000000000000 4000000000000000000 4000000000000000000 4000000000000000000 4000000000000000000 4000000000000000000 4000000000000000000 0 4000000000000000000 4000000000000000000 4000000000000000000 -2 4000000000000000000 11 4000000000000000000 -9 4000000000000000000 40 -7 46 4000000000000000000 4000000000000000000 4000000000000000000 -17 55 4000000000000000000 45 4000000000000000000 61 98 51 74 4000000000000000000 1 4000000000000000000 4000000000000000000 4000000000000000000 4000000000000000000 38 50 54 -14 6 24 37 4000000000000000000 69 26 47 4000000000000000000 121 -1 44 9 15 20 13 45 94 8 4000000000000000000 66 49 100 46 71 48 4000000000000000000 10 40 25 52 55 61 -10 -7 29 93 31 11 74 -8 28 16 23 3 48 -13 37 54 26 6 0 6 2 -2 1 1 10 -4 
4000000000000000000 4000000000000000000 4000000000000000000 4000000000000000000 4000000000000000000 4000000000000000000 4000000000000000000 4000000000000000000 0 4000000000000000000 4000000000000000000 4000000000000000000 4000000000000000000 4000000000000000000 50 4000000000000000000 4000000000000000000 53 4000000000000000000 4000000000000000000 47 4000000000000000000 43 4000000000000000000 68 4000000000000000000 4000000000000000000 4000000000000000000 4000000000000000000 4000000000000000000 64 87 4000000000000000000 4000000000000000000 4000000000000000000 50 66 4000000000000000000 4000000000000000000 58 77 4000000000000000000 116 134 78 4000000000000000000 85 4000000000000000000 50 62 134 69 96 56 105 90 4000000000000000000 4000000000000000000 110 55 3 79 95 71 93 84 61 54 117 4000000000000000000 97 48 -1 102 113 57 89 10 40 12 67 58 41 23 89 4 61 40 30 74 69 15 73 80 11 28 13 29 38 8 
4000000000000000000 4000000000000000000 4000000000000000000 4000000000000000000 4000000000000000000 4000000000000000000 4000000000000000000 4000000000000000000 4000000000000000000 0 4000000000000000000 4000000000000000000 4000000000000000000 4000000000000000000 4000000000000000000 4000000000000000000 4000000000000000000 4000000000000000000 4000000000000000000 4000000000000000000 4000000000000000000 37 4000000000000000000 4000000000000000000 4000000000000000000 4000000000000000000 4000000000000000000 4000000000000000000 4000000000000000000 4000000000000000000 4000000000000000000 4000000000000000000 4000000000000000000 4000000000000000000 78 4000000000000000000 4000000000000000000 128 4000000000000000000 169 4000000000000000000 4000000000000000000 4000000000000000000 4000000000000000000 73 19 4000000000000000000 55 4000000000000000000 4000000000000000000 4000000000000000000 200 4000000000000000000 4000000000000000000 216 221 4000000000000000000 4000000000000000000 4000000000000000000 4000000000000000000 101 4000000000000000000 90 4000000000000000000 4000000000000000000 4000000000000000000 47 4000000000000000000 4000000000000000000 4000000000000000000 118 99 96 97 144 86 4000000000000000000 108 138 104 4000000000000000000 4000000000000000000 60 13 4000000000000000000 53 47 119 92 54 96 64 101 68 60 54 54 50 59 13 
4000000000000000000 4000000000000000000 4000000000000000000 4000000000000000000 4000000000000000000 4000000000000000000 4000000000000000000 4000000000000000000 4000000000000000000 4000000000000000000 0 4000000000000000000 4000000000000000000 4000000000000000000 4000000000000000000 4000000000000000000 4000000000000000000 4000000000000000000 4000000000000000000 4000000000000000000 4000000000000000000 4000000000000000000 4000000000000000000 4000000000000000000 27 4000000000000000000 4000000000000000000 49 4000000000000000000 4000000000000000000 4000000000000000000 46 4000000000000000000 4000000000000000000 4000000000000000000 4000000000000000000 4000000000000000000 4000000000000000000 4000000000000000000 4000000000000000000 4000000000000000000 4000000000000000000 75 93 4000000000000000000 4000000000000000000 44 4000000000000000000 19 4000000000000000000 93 4000000000000000000 4000000000000000000 4000000000000000000 84 4000000000000000000 4000000000000000000 1 69 4000000000000000000 4000000000000000000 38 4000000000000000000 75 4000000000000000000 4000000000000000000 20 4000000000000000000 121 4000000000000000000 90 4000000000000000000 56 88 72 75 4000000000000000000 120 48 69 91 62 33 80 113 61 20 76 87 66 77 70 42 54 66 66 49 23 32 44 
4000000000000000000 4000000000000000000 4000000000000000000 4000000000000000000 4000000000000000000 4000000000000000000 4000000000000000000 4000000000000000000 4000000000000000000 4000000000000000000 4000000000000000000 0 4000000000000000000 13 4000000000000000000 4000000000000000000 4000000000000000000 4000000000000000000 -5 4000000000000000000 4000000000000000000 4000000000000000000 4000000000000000000 4000000000000000000 4000000000000000000 4000000000000000000 47 4000000000000000000 4000000000000000000 4000000000000000000 4000000000000000000 4000000000000000000 4000000000000000000 4000000000000000000 4000000000000000000 4000000000000000000 4000000000000000000 4000000000000000000 4000000000000000000 4000000000000000000 4000000000000000000 4000000000000000000 4000000000000000000 4000000000000000000 4000000000000000000 4000000000000000000 71 4000000000000000000 72 4000000000000000000 4000000000000000000 4000000000000000000 4000000000000000000 11 4000000000000000000 4000000000000000000 4000000000000000000 4000000000000000000 96 10 4000000000000000000 97 4000000000000000000 102 48 4000000000000000000 4000000000000000000 4000000000000000000 15 4000000000000000000 27 4000000000000000000 83 115 48 51 44 147 36 13 4000000000000000000 89 30 18 4000000000000000000 5 4000000000000000000 41 44 63 65 11 2 14 7 24 9 3 12 4 
4000000000000000000 4000000000000000000 4000000000000000000 4000000000000000000 4000000000000000000 4000000000000000000 4000000000000000000 4000000000000000000 4000000000000000000 4000000000000000000 4000000000000000000 4000000000000000000 0 4000000000000000000 4000000000000000000 4000000000000000000 4000000000000000000 4000000000000000000 4000000000000000000 4000000000000000000 4000000000000000000 4000000000000000000 4000000000000000000 4000000000000000000 4000000000000000000 4000000000000000000 49 4000000000000000000 4000000000000000000 4000000000000000000 4000000000000000000 4000000000000000000 4000000000000000000 4000000000000000000 4000000000000000000 4000000000000000000 4000000000000000000 4000000000000000000 4000000000000000000 4000000000000000000 4000000000000000000 4000000000000000000 4000000000000000000 4000000000000000000 4000000000000000000 4000000000000000000 73 4000000000000000000 74 4000000000000000000 4000000000000000000 4000000000000000000 4000000000000000000 4000000000000000000 4000000000000000000 4000000000000000000 4000000000000000000 4000000000000000000 98 4000000000000000000 4000000000000000000 99 4000000000000000000 104 31 4000000000000000000 4000000000000000000 4000000000000000000 150 4000000000000000000 4000000000000000000 4000000000000000000 85 117 101 104 4000000000000000000 -6 24 98 4000000000000000000 91 127 109 4000000000000000000 90 4000000000000000000 105 116 160 53 46 97 109 42 59 99 60 69 88 
4000000000000000000 4000000000000000000 4000000000000000000 4000000000000000000 4000000000000000000 4000000000000000000 4000000000000000000 4000000000000000000 4000000000000000000 4000000000000000000 4000000000000000000 4000000000000000000 4000000000000000000 0 4000000000000000000 4000000000000000000 4000000000000000000 4000000000000000000 4000000000000000000 4000000000000000000 4000000000000000000 4000000000000000000 4000000000000000000 4000000000000000000 4000000000000000000 4000000000000000000 34 4000000000000000000 4000000000000000000 4000000000000000000 4000000000000000000 4000000000000000000 4000000000000000000 4000000000000000000 4000000000000000000 4000000000000000000 4000000000000000000 4000000000000000000 4000000000000000000 4000000000000000000 4000000000000000000 4000000000000000000 4000000000000000000 4000000000000000000 4000000000000000000 4000000000000000000 58 4000000000000000000 59 4000000000000000000 4000000000000000000 4000000000000000000 4000000000000000000 4000000000000000000 4000000000000000000 4000000000000000000 4000000000000000000 4000000000000000000 83 4000000000000000000 4000000000000000000 84 4000000000000000000 89 4000000000000000000 4000000000000000000 4000000000000000000 4000000000000000000 135 4000000000000000000 14 4000000000000000000 70 102 86 89 4000000000000000000 134 88 83 4000000000000000000 76 17 94 4000000000000000000 75 4000000000000000000 90 101 50 101 86 61 73 82 50 68 7 16 35 
4000000000000000000 4000000000000000000 4000000000000000000 4000000000000000000 4000000000000000000 4000000000000000000 4000000000000000000 4000000000000000000 4000000000000000000 4000000000000000000 4000000000000000000 4000000000000000000 4000000000000000000 4000000000000000000 0 4000000000000000000 4000000000000000000 3 4000000000000000000 4000000000000000000 -3 4000000000000000000 20 4000000000000000000 18 4000000000000000000 4000000000000000000 4000000000000000000 4000000000000000000 4000000000000000000 14 37 4000000000000000000 4000000000000000000 4000000000000000000 27 16 4000000000000000000 4000000000000000000 13 27 4000000000000000000 66 84 44 4000000000000000000 35 4000000000000000000 10 39 84 19 73 6 60 40 4000000000000000000 4000000000000000000 60 5 4000000000000000000 29 61 48 43 34 11 31 94 4000000000000000000 47 25 47 68 63 34 39 23 39 8 44 35 24 3 66 0 11 36 39 57 67 -7 33 45 -11 6 9 -2 7 3 
4000000000000000000 4000000000000000000 4000000000000000000 4000000000000000000 4000000000000000000 4000000000000000000 4000000000000000000 4000000000000000000 4000000000000000000 4000000000000000000 4000000000000000000 4000000000000000000 4000000000000000000 4000000000000000000 4000000000000000000 0 4000000000000000000 4000000000000000000 4000000000000000000 4000000000000000000 4000000000000000000 4000000000000000000 4000000000000000000 -8 4000000000000000000 4000000000000000000 4000000000000000000 4000000000000000000 4000000000000000000 4000000000000000000 4000000000000000000 4000000000000000000 4000000000000000000 4000000000000000000 4000000000000000000 4000000000000000000 4000000000000000000 4000000000000000000 4000000000000000000 4000000000000000000 4000000000000000000 -5 15 33 4000000000000000000 4000000000000000000 4000000000000000000 4000000000000000000 4000000000000000000 4000000000000000000 4000000000000000000 8 4000000000000000000 4000000000000000000 24 29 22 4000000000000000000 4000000000000000000 4000000000000000000 4000000000000000000 79 58 4000000000000000000 4000000000000000000 4000000000000000000 4000000000000000000 4000000000000000000 19 4000000000000000000 36 67 64 4000000000000000000 -1 2 38 4000000000000000000 40 20 4000000000000000000 54 39 31 32 12 68 -4 46 63 35 15 69 15 11 16 10 12 21 5 
4000000000000000000 4000000000000000000 4000000000000000000 4000000000000000000 4000000000000000000 4000000000000000000 4000000000000000000 4000000000000000000 4000000000000000000 4000000000000000000 4000000000000000000 4000000000000000000 4000000000000000000 4000000000000000000 4000000000000000000 4000000000000000000 0 4000000000000000000 4000000000000000000 4000000000000000000 4000000000000000000 4000000000000000000 4000000000000000000 4000000000000000000 31 4000000000000000000 4000000000000000000 4000000000000000000 4000000000000000000 4000000000000000000 4000000000000000000 -2 4000000000000000000 4000000000000000000 4000000000000000000 4000000000000000000 46 4000000000000000000 4000000000000000000 4000000000000000000 4000000000000000000 4000000000000000000 79 97 4000000000000000000 4000000000000000000 48 4000000000000000000 23 4000000000000000000 45 4000000000000000000 4000000000000000000 4000000000000000000 88 4000000000000000000 4000000000000000000 4000000000000000000 73 4000000000000000000 4000000000000000000 -10 4000000000000000000 79 4000000000000000000 4000000000000000000 24 4000000000000000000 125 4000000000000000000 4000000000000000000 4000000000000000000 60 92 76 79 4000000000000000000 53 52 73 43 14 25 84 65 65 24 64 66 39 81 74 46 58 70 20 9 15 -2 4 
4000000000000000000 4000000000000000000 4000000000000000000 4000000000000000000 4000000000000000000 4000000000000000000 4000000000000000000 4000000000000000000 4000000000000000000 4000000000000000000 4000000000000000000 4000000000000000000 4000000000000000000 4000000000000000000 4000000000000000000 4000000000000000000 4000000000000000000 0 4000000000000000000 4000000000000000000 4000000000000000000 4000000000000000000 4000000000000000000 4000000000000000000 15 4000000000000000000 4000000000000000000 4000000000000000000 4000000000000000000 4000000000000000000 11 34 4000000000000000000 4000000000000000000 4000000000000000000 4000000000000000000 4000000000000000000 4000000000000000000 4000000000000000000 10 24 4000000000000000000 63 81 4000000000000000000 4000000000000000000 32 4000000000000000000 7 4000000000000000000 81 16 4000000000000000000 4000000000000000000 57 37 4000000000000000000 4000000000000000000 57 4000000000000000000 4000000000000000000 26 66 63 4000000000000000000 4000000000000000000 8 4000000000000000000 109 4000000000000000000 44 75 44 76 60 63 4000000000000000000 108 36 57 79 50 21 0 101 49 8 40 75 54 65 -10 30 42 -14 3 32 4 13 0 
4000000000000000000 4000000000000000000 4000000000000000000 4000000000000000000 4000000000000000000 4000000000000000000 4000000000000000000 4000000000000000000 4000000000000000000 4000000000000000000 4000000000000000000 4000000000000000000 4000000000000000000 4000000000000000000 4000000000000000000 4000000000000000000 4000000000000000000 4000000000000000000 0 4000000000000000000 4000000000000000000 4000000000000000000 4000000000000000000 4000000000000000000 4000000000000000000 4000000000000000000 4000000000000000000 4000000000000000000 4000000000000000000 4000000000000000000 4000000000000000000 4000000000000000000 4000000000000000000 4000000000000000000 4000000000000000000 4000000000000000000 4000000000000000000 4000000000000000000 4000000000000000000 4000000000000000000 4000000000000000000 4000000000000000000 4000000000000000000 4000000000000000000 4000000000000000000 4000000000000000000 4000000000000000000 4000000000000000000 4000000000000000000 4000000000000000000 4000000000000000000 4000000000000000000 4000000000000000000 16 4000000000000000000 4000000000000000000 4000000000000000000 4000000000000000000 4000000000000000000 15 4000000000000000000 4000000000000000000 4000000000000000000 4000000000000000000 53 4000000000000000000 4000000000000000000 4000000000000000000 4000000000000000000 4000000000000000000 4000000000000000000 4000000000000000000 4000000000000000000 4000000000000000000 4000000000000000000 4000000000000000000 49 4000000000000000000 4000000000000000000 18 4000000000000000000 4000000000000000000 52 23 4000000000000000000 10 4000000000000000000 46 49 85 4000000000000000000 21 7 19 17 34 14 8 17 9 
4000000000000000000 4000000000000000000 4000000000000000000 4000000000000000000 4000000000000000000 4000000000000000000 4000000000000000000 4000000000000000000 4000000000000000000 4000000000000000000 4000000000000000000 4000000000000000000 4000000000000000000 4000000000000000000 4000000000000000000 4000000000000000000 4000000000000000000 4000000000000000000 4000000000000000000 0 4000000000000000000 4000000000000000000 4000000000000000000 4000000000000000000 4000000000000000000 4000000000000000000 4000000000000000000 4000000000000000000 15 52 4000000000000000000 4000000000000000000 4000000000000000000 13 4000000000000000000 4000000000000000000 4000000000000000000 4000000000000000000 50 4000000000000000000 8 4000000000000000000 36 54 49 4000000000000000000 4000000000000000000 38 4000000000000000000 4000000000000000000 4000000000000000000 39 -2 4000000000000000000 45 60 4000000000000000000 4000000000000000000 4000000000000000000 4000000000000000000 4000000000000000000 100 66 4000000000000000000 4000000000000000000 25 4000000000000000000 4000000000000000000 20 46 67 58 62 73 53 56 40 105 41 74 28 4 40 85 50 36 89 24 48 73 56 16 77 51 12 10 45 13 22 39 
4000000000000000000 4000000000000000000 4000000000000000000 4000000000000000000 4000000000000000000 4000000000000000000 4000000000000000000 4000000000000000000 4000000000000000000 4000000000000000000 4000000000000000000 4000000000000000000 4000000000000000000 4000000000000000000 4000000000000000000 4000000000000000000 4000000000000000000 4000000000000000000 4000000000000000000 4000000000000000000 0 4000000000000000000 4000000000000000000 4000000000000000000 4000000000000000000 4000000000000000000 4000000000000000000 4000000000000000000 4000000000000000000 4000000000000000000 4000000000000000000 4000000000000000000 4000000000000000000 4000000000000000000 4000000000000000000 4000000000000000000 19 4000000000000000000 4000000000000000000 4000000000000000000 4000000000000000000 4000000000000000000 4000000000000000000 4000000000000000000 47 4000000000000000000 4000000000000000000 4000000000000000000 4000000000000000000 4000000000000000000 4000000000000000000 4000000000000000000 4000000000000000000 9 4000000000000000000 4000000000000000000 4000000000000000000 4000000000000000000 4000000000000000000 8 4000000000000000000 4000000000000000000 64 4000000000000000000 46 4000000000000000000 4000000000000000000 4000000000000000000 4000000000000000000 4000000000000000000 92 73 70 71 118 82 42 26 56 11 4000000000000000000 4000000000000000000 45 16 4000000000000000000 3 4000000000000000000 39 42 78 70 14 75 51 10 27 12 1 10 7 
4000000000000000000 4000000000000000000 4000000000000000000 4000000000000000000 4000000000000000000 4000000000000000000 4000000000000000000 4000000000000000000 4000000000000000000 4000000000000000000 4000000000000000000 4000000000000000000 4000000000000000000 4000000000000000000 4000000000000000000 4000000000000000000 4000000000000000000 4000000000000000000 4000000000000000000 4000000000000000000 4000000000000000000 0 4000000000000000000 4000000000000000000 4000000000000000000 4000000000000000000 4000000000000000000 4000000000000000000 4000000000000000000 4000000000000000000 4000000000000000000 4000000000000000000 4000000000000000000 4000000000000000000 41 4000000000000000000 4000000000000000000 91 4000000000000000000 132 4000000000000000000 4000000000000000000 4000000000000000000 4000000000000000000 36 4000000000000000000 4000000000000000000 18 4000000000000000000 4000000000000000000 4000000000000000000 163 4000000000000000000 4000000000000000000 179 184 4000000000000000000 4000000000000000000 4000000000000000000 4000000000000000000 64 4000000000000000000 53 4000000000000000000 4000000000000000000 4000000000000000000 4000000000000000000 4000000000000000000 4000000000000000000 4000000000000000000 81 62 59 60 107 49 4000000000000000000 71 101 67 4000000000000000000 4000000000000000000 84 78 4000000000000000000 16 223 82 55 117 59 27 64 31 23 40 26 16 25 21 
4000000000000000000 4000000000000000000 4000000000000000000 4000000000000000000 4000000000000000000 4000000000000000000 4000000000000000000 4000000000000000000 4000000000000000000 4000000000000000000 4000000000000000000 4000000000000000000 4000000000000000000 4000000000000000000 4000000000000000000 4000000000000000000 4000000000000000000 4000000000000000000 4000000000000000000 4000000000000000000 4000000000000000000 4000000000000000000 0 4000000000000000000 4000000000000000000 4000000000000000000 4000000000000000000 4000000000000000000 4000000000000000000 4000000000000000000 4000000000000000000 4000000000000000000 4000000000000000000 4000000000000000000 4000000000000000000 7 4000000000000000000 4000000000000000000 4000000000000000000 15 4000000000000000000 4000000000000000000 4000000000000000000 4000000000000000000 35 4000000000000000000 4000000000000000000 4000000000000000000 7 19 4000000000000000000 46 53 4000000000000000000 62 67 4000000000000000000 4000000000000000000 4000000000000000000 4000000000000000000 4000000000000000000 4000000000000000000 52 28 4000000000000000000 80 4000000000000000000 11 74 4000000000000000000 74 5 58 59 106 14 4000000000000000000 91 36 32 24 15 51 5 46 24 106 25 47 84 58 35 30 37 31 21 32 -2 7 5 
4000000000000000000 4000000000000000000 4000000000000000000 4000000000000000000 4000000000000000000 4000000000000000000 4000000000000000000 4000000000000000000 4000000000000000000 4000000000000000000 4000000000000000000 4000000000000000000 4000000000000000000 4000000000000000000 4000000000000000000 4000000000000000000 4000000000000000000 4000000000000000000 4000000000000000000 4000000000000000000 4000000000000000000 4000000000000000000 4000000000000000000 0 4000000000000000000 4000000000000000000 4000000000000000000 4000000000000000000 4000000000000000000 4000000000000000000 4000000000000000000 4000000000000000000 4000000000000000000 4000000000000000000 4000000000000000000 4000000000000000000 4000000000000000000 4000000000000000000 4000000000000000000 4000000000000000000 4000000000000000000 3 23 41 4000000000000000000 4000000000000000000 4000000000000000000 4000000000000000000 4000000000000000000 4000000000000000000 4000000000000000000 4000000000000000000 4000000000000000000 4000000000000000000 32 4000000000000000000 30 4000000000000000000 4000000000000000000 4000000000000000000 4000000000000000000 87 4000000000000000000 4000000000000000000 4000000000000000000 4000000000000000000 4000000000000000000 4000000000000000000 27 4000000000000000000 4000000000000000000 4000000000000000000 4000000000000000000 4000000000000000000 7 10 46 4000000000000000000 48 28 4000000000000000000 62 47 39 4000000000000000000 20 76 4 54 80 43 23 91 23 19 24 18 20 29 13 
4000000000000000000 4000000000000000000 4000000000000000000 4000000000000000000 4000000000000000000 4000000000000000000 4000000000000000000 4000000000000000000 4000000000000000000 4000000000000000000 4000000000000000000 4000000000000000000 4000000000000000000 4000000000000000000 4000000000000000000 4000000000000000000 4000000000000000000 4000000000000000000 4000000000000000000 4000000000000000000 4000000000000000000 4000000000000000000 4000000000000000000 4000000000000000000 0 4000000000000000000 4000000000000000000 4000000000000000000 4000000000000000000 4000000000000000000 4000000000000000000 19 4000000000000000000 4000000000000000000 4000000000000000000 4000000000000000000 4000000000000000000 4000000000000000000 4000000000000000000 4000000000000000000 4000000000000000000 4000000000000000000 48 66 4000000000000000000 4000000000000000000 17 4000000000000000000 -8 4000000000000000000 66 4000000000000000000 4000000000000000000 4000000000000000000 57 4000000000000000000 4000000000000000000 4000000000000000000 42 4000000000000000000 4000000000000000000 11 4000000000000000000 48 4000000000000000000 4000000000000000000 -7 4000000000000000000 94 4000000000000000000 4000000000000000000 4000000000000000000 29 61 45 48 4000000000000000000 93 21 42 64 35 6 53 86 34 -7 49 60 39 50 43 15 27 39 39 22 -4 5 17 
4000000000000000000 4000000000000000000 4000000000000000000 4000000000000000000 4000000000000000000 4000000000000000000 4000000000000000000 4000000000000000000 4000000000000000000 4000000000000000000 4000000000000000000 4000000000000000000 4000000000000000000 4000000000000000000 4000000000000000000 4000000000000000000 4000000000000000000 4000000000000000000 4000000000000000000 4000000000000000000 4000000000000000000 4000000000000000000 4000000000000000000 4000000000000000000 4000000000000000000 0 4000000000000000000 4000000000000000000 4000000000000000000 4000000000000000000 4000000000000000000 4000000000000000000 4000000000000000000 4000000000000000000 4000000000000000000 4000000000000000000 4000000000000000000 4000000000000000000 4000000000000000000 4000000000000000000 4000000000000000000 4000000000000000000 4000000000000000000 4000000000000000000 4000000000000000000 4000000000000000000 4000000000000000000 4000000000000000000 4000000000000000000 4000000000000000000 4000000000000000000 4000000000000000000 4000000000000000000 4000000000000000000 4000000000000000000 4000000000000000000 4000000000000000000 4000000000000000000 4000000000000000000 4000000000000000000 4000000000000000000 4000000000000000000 4000000000000000000 4000000000000000000 4000000000000000000 4000000000000000000 4000000000000000000 4000000000000000000 4000000000000000000 -5 4000000000000000000 7 11 4000000000000000000 4000000000000000000 16 4000000000000000000 4000000000000000000 4000000000000000000 24 4000000000000000000 4000000000000000000 53 35 4000000000000000000 16 4000000000000000000 7 42 86 4000000000000000000 27 97 109 23 27 25 41 50 20 
4000000000000000000 4000000000000000000 4000000000000000000 4000000000000000000 4000000000000000000 4000000000000000000 4000000000000000000 4000000000000000000 4000000000000000000 4000000000000000000 4000000000000000000 4000000000000000000 4000000000000000000 4000000000000000000 4000000000000000000 4000000000000000000 4000000000000000000 4000000000000000000 4000000000000000000 4000000000000000000 4000000000000000000 4000000000000000000 4000000000000000000 4000000000000000000 4000000000000000000 4000000000000000000 0 4000000000000000000 4000000000000000000 4000000000000000000 4000000000000000000 4000000000000000000 4000000000000000000 4000000000000000000 4000000000000000000 4000000000000000000 4000000000000000000 4000000000000000000 4000000000000000000 4000000000000000000 4000000000000000000 4000000000000000000 4000000000000000000 4000000000000000000 4000000000000000000 4000000000000000000 24 4000000000000000000 25 4000000000000000000 4000000000000000000 4000000000000000000 4000000000000000000 4000000000000000000 4000000000000000000 4000000000000000000 4000000000000000000 4000000000000000000 49 4000000000000000000 4000000000000000000 50 4000000000000000000 55 4000000000000000000 4000000000000000000 4000000000000000000 4000000000000000000 101 4000000000000000000 4000000000000000000 4000000000000000000 36 68 52 55 4000000000000000000 100 54 49 4000000000000000000 42 78 60 4000000000000000000 41 4000000000000000000 56 67 111 67 52 48 60 48 48 50 66 75 45 
4000000000000000000 4000000000000000000 4000000000000000000 4000000000000000000 4000000000000000000 4000000000000000000 4000000000000000000 4000000000000000000 4000000000000000000 4000000000000000000 4000000000000000000 4000000000000000000 4000000000000000000 4000000000000000000 4000000000000000000 4000000000000000000 4000000000000000000 4000000000000000000 4000000000000000000 4000000000000000000 4000000000000000000 4000000000000000000 4000000000000000000 4000000000000000000 4000000000000000000 4000000000000000000 4000000000000000000 0 4000000000000000000 4000000000000000000 4000000000000000000 4000000000000000000 4000000000000000000 4000000000000000000 4000000000000000000 4000000000000000000 4000000000000000000 4000000000000000000 4000000000000000000 4000000000000000000 4000000000000000000 4000000000000000000 4000000000000000000 4000000000000000000 4000000000000000000 4000000000000000000 4000000000000000000 4000000000000000000 4000000000000000000 4000000000000000000 4000000000000000000 4000000000000000000 4000000000000000000 4000000000000000000 4000000000000000000 4000000000000000000 4000000000000000000 4000000000000000000 4000000000000000000 4000000000000000000 4000000000000000000 4000000000000000000 4000000000000000000 4000000000000000000 4000000000000000000 4000000000000000000 4000000000000000000 4000000000000000000 4000000000000000000 4000000000000000000 41 4000000000000000000 4000000000000000000 4000000000000000000 36 39 4000000000000000000 4000000000000000000 4000000000000000000 57 4000000000000000000 4000000000000000000 44 68 4000000000000000000 49 4000000000000000000 85 88 77 4000000000000000000 60 88 100 56 73 58 34 43 53 
4000000000000000000 4000000000000000000 4000000000000000000 4000000000000000000 4000000000000000000 4000000000000000000 4000000000000000000 4000000000000000000 4000000000000000000 4000000000000000000 4000000000000000000 4000000000000000000 4000000000000000000 4000000000000000000 4000000000000000000 4000000000000000000 4000000000000000000 4000000000000000000 4000000000000000000 4000000000000000000 4000000000000000000 4000000000000000000 4000000000000000000 4000000000000000000 4000000000000000000 4000000000000000000 4000000000000000000 4000000000000000000 0 37 4000000000000000000 4000000000000000000 4000000000000000000 4000000000000000000 4000000000000000000 4000000000000000000 4000000000000000000 4000000000000000000 77 4000000000000000000 4000000000000000000 4000000000000000000 4000000000000000000 4000000000000000000 4000000000000000000 4000000000000000000 4000000000000000000 82 4000000000000000000 4000000000000000000 4000000000000000000 4000000000000000000 4000000000000000000 4000000000000000000 4000000000000000000 4000000000000000000 4000000000000000000 4000000000000000000 4000000000000000000 4000000000000000000 4000000000000000000 4000000000000000000 4000000000000000000 4000000000000000000 4000000000000000000 4000000000000000000 4000000000000000000 4000000000000000000 4000000000000000000 31 4000000000000000000 43 47 4000000000000000000 4000000000000000000 49 4000000000000000000 4000000000000000000 4000000000000000000 60 4000000000000000000 4000000000000000000 89 71 4000000000000000000 52 4000000000000000000 43 74 122 4000000000000000000 63 133 95 59 63 32 77 86 27 
4000000000000000000 4000000000000000000 4000000000000000000 4000000000000000000 4000000000000000000 4000000000000000000 4000000000000000000 4000000000000000000 4000000000000000000 4000000000000000000 4000000000000000000 4000000000000000000 4000000000000000000 4000000000000000000 4000000000000000000 4000000000000000000 4000000000000000000 4000000000000000000 4000000000000000000 4000000000000000000 4000000000000000000 4000000000000000000 4000000000000000000 4000000000000000000 4000000000000000000 4000000000000000000 4000000000000000000 4000000000000000000 4000000000000000000 0 4000000000000000000 4000000000000000000 4000000000000000000 4000000000000000000 4000000000000000000 4000000000000000000 4000000000000000000 4000000000000000000 40 4000000000000000000 4000000000000000000 4000000000000000000 4000000000000000000 4000000000000000000 4000000000000000000 4000000000000000000 4000000000000000000 45 4000000000000000000 4000000000000000000 4000000000000000000 4000000000000000000 4000000000000000000 4000000000000000000 4000000000000000000 4000000000000000000 4000000000000000000 4000000000000000000 4000000000000000000 4000000000000000000 4000000000000000000 4000000000000000000 4000000000000000000 4000000000000000000 4000000000000000000 4000000000000000000 4000000000000000000 4000000000000000000 4000000000000000000 -6 4000000000000000000 6 10 4000000000000000000 4000000000000000000 12 4000000000000000000 4000000000000000000 4000000000000000000 23 4000000000000000000 4000000000000000000 52 34 4000000000000000000 15 4000000000000000000 6 37 85 4000000000000000000 26 96 58 22 26 24 40 49 19 
4000000000000000000 4000000000000000000 4000000000000000000 4000000000000000000 4000000000000000000 4000000000000000000 4000000000000000000 4000000000000000000 4000000000000000000 4000000000000000000 4000000000000000000 4000000000000000000 4000000000000000000 4000000000000000000 4000000000000000000 4000000000000000000 4000000000000000000 4000000000000000000 4000000000000000000 4000000000000000000 4000000000000000000 4000000000000000000 4000000000000000000 4000000000000000000 4000000000000000000 4000000000000000000 4000000000000000000 4000000000000000000 4000000000000000000 4000000000000000000 0 4000000000000000000 4000000000000000000 4000000000000000000 4000000000000000000 4000000000000000000 4000000000000000000 4000000000000000000 4000000000000000000 -1 13 4000000000000000000 58 76 4000000000000000000 4000000000000000000 4000000000000000000 4000000000000000000 4000000000000000000 4000000000000000000 4000000000000000000 5 4000000000000000000 4000000000000000000 46 26 4000000000000000000 4000000000000000000 4000000000000000000 4000000000000000000 4000000000000000000 122 55 4000000000000000000 4000000000000000000 4000000000000000000 4000000000000000000 4000000000000000000 4000000000000000000 4000000000000000000 33 64 61 4000000000000000000 4000000000000000000 73 4000000000000000000 4000000000000000000 4000000000000000000 74 4000000000000000000 97 36 -11 4000000000000000000 66 18 29 92 60 57 77 66 78 25 42 21 22 31 -11 
4000000000000000000 4000000000000000000 4000000000000000000 4000000000000000000 4000000000000000000 4000000000000000000 4000000000000000000 4000000000000000000 4000000000000000000 4000000000000000000 4000000000000000000 4000000000000000000 4000000000000000000 4000000000000000000 4000000000000000000 4000000000000000000 4000000000000000000 4000000000000000000 4000000000000000000 4000000000000000000 4000000000000000000 4000000000000000000 4000000000000000000 4000000000000000000 4000000000000000000 4000000000000000000 4000000000000000000 4000000000000000000 4000000000000000000 4000000000000000000 4000000000000000000 0 4000000000000000000 4000000000000000000 4000000000000000000 4000000000000000000 4000000000000000000 4000000000000000000 4000000000000000000 4000000000000000000 4000000000000000000 4000000000000000000 4000000000000000000 4000000000000000000 4000000000000000000 4000000000000000000 4000000000000000000 4000000000000000000 4000000000000000000 4000000000000000000 47 4000000000000000000 4000000000000000000 4000000000000000000 4000000000000000000 4000000000000000000 4000000000000000000 4000000000000000000 4000000000000000000 4000000000000000000 4000000000000000000 -8 4000000000000000000 4000000000000000000 4000000000000000000 4000000000000000000 4000000000000000000 4000000000000000000 4000000000000000000 4000000000000000000 4000000000000000000 4000000000000000000 4000000000000000000 4000000000000000000 4000000000000000000 4000000000000000000 4000000000000000000 4000000000000000000 4000000000000000000 4000000000000000000 45 16 27 4000000000000000000 67 4000000000000000000 4000000000000000000 66 68 60 4000000000000000000 4000000000000000000 71 83 116 22 11 17 0 6 
4000000000000000000 4000000000000000000 4000000000000000000 4000000000000000000 4000000000000000000 4000000000000000000 4000000000000000000 4000000000000000000 4000000000000000000 4000000000000000000 4000000000000000000 4000000000000000000 4000000000000000000 4000000000000000000 4000000000000000000 4000000000000000000 4000000000000000000 4000000000000000000 4000000000000000000 4000000000000000000 4000000000000000000 4000000000000000000 4000000000000000000 4000000000000000000 4000000000000000000 4000000000000000000 4000000000000000000 4000000000000000000 4000000000000000000 4000000000000000000 4000000000000000000 4000000000000000000 0 4000000000000000000 4000000000000000000 4000000000000000000 4000000000000000000 4000000000000000000 4000000000000000000 4000000000000000000 4000000000000000000 4000000000000000000 4000000000000000000 4000000000000000000 4000000000000000000 4000000000000000000 4000000000000000000 4000000000000000000 4000000000000000000 4000000000000000000 4000000000000000000 4000000000000000000 4000000000000000000 4000000000000000000 4000000000000000000 4000000000000000000 4000000000000000000 4000000000000000000 4000000000000000000 4000000000000000000 4000000000000000000 4000000000000000000 4000000000000000000 4000000000000000000 4000000000000000000 4000000000000000000 4000000000000000000 28 4000000000000000000 4000000000000000000 4000000000000000000 4000000000000000000 4000000000000000000 4000000000000000000 4000000000000000000 4000000000000000000 4000000000000000000 4000000000000000000 4000000000000000000 4000000000000000000 4000000000000000000 4000000000000000000 68 66 4000000000000000000 41 4000000000000000000 66 80 101 4000000000000000000 52 112 12 45 24 7 58 67 2 
4000000000000000000 4000000000000000000 4000000000000000000 4000000000000000000 4000000000000000000 4000000000000000000 4000000000000000000 4000000000000000000 4000000000000000000 4000000000000000000 4000000000000000000 4000000000000000000 4000000000000000000 4000000000000000000 4000000000000000000 4000000000000000000 4000000000000000000 4000000000000000000 4000000000000000000 4000000000000000000 4000000000000000000 4000000000000000000 4000000000000000000 4000000000000000000 4000000000000000000 4000000000000000000 4000000000000000000 4000000000000000000 4000000000000000000 4000000000000000000 4000000000000000000 4000000000000000000 4000000000000000000 0 4000000000000000000 4000000000000000000 4000000000000000000 4000000000000000000 37 4000000000000000000 4000000000000000000 4000000000000000000 4000000000000000000 4000000000000000000 36 4000000000000000000 4000000000000000000 25 4000000000000000000 4000000000000000000 4000000000000000000 26 4000000000000000000 4000000000000000000 4000000000000000000 47 4000000000000000000 4000000000000000000 4000000000000000000 4000000000000000000 4000000000000000000 4000000000000000000 53 4000000000000000000 4000000000000000000 4000000000000000000 4000000000000000000 4000000000000000000 4000000000000000000 39 54 51 55 60 107 60 4000000000000000000 92 122 68 4000000000000000000 -9 57 79 4000000000000000000 23 4000000000000000000 41 62 81 59 34 64 38 30 -3 33 23 32 28 
4000000000000000000 4000000000000000000 4000000000000000000 4000000000000000000 4000000000000000000 4000000000000000000 4000000000000000000 4000000000000000000 4000000000000000000 4000000000000000000 4000000000000000000 4000000000000000000 4000000000000000000 4000000000000000000 4000000000000000000 4000000000000000000 4000000000000000000 4000000000000000000 4000000000000000000 4000000000000000000 4000000000000000000 4000000000000000000 4000000000000000000 4000000000000000000 4000000000000000000 4000000000000000000 4000000000000000000 4000000000000000000 4000000000000000000 4000000000000000000 4000000000000000000 4000000000000000000 4000000000000000000 4000000000000000000 0 4000000000000000000 4000000000000000000 50 4000000000000000000 91 4000000000000000000 4000000000000000000 4000000000000000000 4000000000000000000 -5 4000000000000000000 4000000000000000000 4000000000000000000 4000000000000000000 4000000000000000000 4000000000000000000 122 4000000000000000000 4000000000000000000 138 143 4000000000000000000 4000000000000000000 4000000000000000000 4000000000000000000 23 4000000000000000000 12 4000000000000000000 4000000000000000000 4000000000000000000 4000000000000000000 4000000000000000000 4000000000000000000 4000000000000000000 40 21 18 19 66 30 4000000000000000000 30 60 31 4000000000000000000 4000000000000000000 43 42 4000000000000000000 23 182 41 49 76 18 34 23 23 30 30 18 33 42 13 
4000000000000000000 4000000000000000000 4000000000000000000 4000000000000000000 4000000000000000000 4000000000000000000 4000000000000000000 4000000000000000000 4000000000000000000 4000000000000000000 4000000000000000000 4000000000000000000 4000000000000000000 4000000000000000000 4000000000000000000 4000000000000000000 4000000000000000000 4000000000000000000 4000000000000000000 4000000000000000000 4000000000000000000 4000000000000000000 4000000000000000000 4000000000000000000 4000000000000000000 4000000000000000000 4000000000000000000 4000000000000000000 4000000000000000000 4000000000000000000 4000000000000000000 4000000000000000000 4000000000000000000 4000000000000000000 4000000000000000000 0 4000000000000000000 4000000000000000000 4000000000000000000 4000000000000000000 4000000000000000000 4000000000000000000 4000000000000000000 4000000000000000000 28 4000000000000000000 4000000000000000000 4000000000000000000 4000000000000000000 12 4000000000000000000 4000000000000000000 46 4000000000000000000 4000000000000000000 4000000000000000000 4000000000000000000 4000000000000000000 4000000000000000000 4000000000000000000 4000000000000000000 4000000000000000000 45 4000000000000000000 4000000000000000000 73 4000000000000000000 4 4000000000000000000 4000000000000000000 73 -2 51 52 99 7 4000000000000000000 84 45 25 17 8 44 36 39 17 4000000000000000000 18 40 77 51 28 56 30 24 14 25 -9 0 19 
4000000000000000000 4000000000000000000 4000000000000000000 4000000000000000000 4000000000000000000 4000000000000000000 4000000000000000000 4000000000000000000 4000000000000000000 4000000000000000000 4000000000000000000 4000000000000000000 4000000000000000000 4000000000000000000 4000000000000000000 4000000000000000000 4000000000000000000 4000000000000000000 4000000000000000000 4000000000000000000 4000000000000000000 4000000000000000000 4000000000000000000 4000000000000000000 4000000000000000000 4000000000000000000 4000000000000000000 4000000000000000000 4000000000000000000 4000000000000000000 4000000000000000000 4000000000000000000 4000000000000000000 4000000000000000000 4000000000000000000 4000000000000000000 0 4000000000000000000 4000000000000000000 4000000000000000000 4000000000000000000 4000000000000000000 4000000000000000000 4000000000000000000 4000000000000000000 4000000000000000000 4000000000000000000 4000000000000000000 4000000000000000000 4000000000000000000 4000000000000000000 4000000000000000000 4000000000000000000 4000000000000000000 4000000000000000000 4000000000000000000 4000000000000000000 4000000000000000000 4000000000000000000 4000000000000000000 4000000000000000000 4000000000000000000 4000000000000000000 4000000000000000000 4000000000000000000 4000000000000000000 4000000000000000000 4000000000000000000 4000000000000000000 4000000000000000000 4000000000000000000 4000000000000000000 4000000000000000000 4000000000000000000 4000000000000000000 4000000000000000000 4000000000000000000 7 37 4000000000000000000 4000000000000000000 4000000000000000000 4000000000000000000 4000000000000000000 4000000000000000000 4000000000000000000 4000000000000000000 4000000000000000000 4000000000000000000 4000000000000000000 66 59 116 128 55 72 123 73 82 101 
4000000000000000000 4000000000000000000 4000000000000000000 4000000000000000000 4000000000000000000 4000000000000000000 4000000000000000000 4000000000000000000 4000000000000000000 4000000000000000000 4000000000000000000 4000000000000000000 4000000000000000000 4000000000000000000 4000000000000000000 4000000000000000000 4000000000000000000 4000000000000000000 4000000000000000000 4000000000000000000 4000000000000000000 4000000000000000000 4000000000000000000 4000000000000000000 4000000000000000000 4000000000000000000 4000000000000000000 4000000000000000000 4000000000000000000 4000000000000000000 4000000000000000000 4000000000000000000 4000000000000000000 4000000000000000000 4000000000000000000 4000000000000000000 4000000000000000000 0 4000000000000000000 41 4000000000000000000 4000000000000000000 4000000000000000000 4000000000000000000 4000000000000000000 4000000000000000000 4000000000000000000 4000000000000000000 4000000000000000000 4000000000000000000 4000000000000000000 72 4000000000000000000 4000000000000000000 88 93 4000000000000000000 4000000000000000000 4000000000000000000 4000000000000000000 4000000000000000000 4000000000000000000 122 4000000000000000000 4000000000000000000 4000000000000000000 4000000000000000000 4000000000000000000 4000000000000000000 4000000000000000000 100 131 128 29 76 79 4000000000000000000 61 91 97 4000000000000000000 4000000000000000000 103 31 4000000000000000000 89 132 125 128 127 28 100 78 90 61 40 85 67 76 31 
4000000000000000000 4000000000000000000 4000000000000000000 4000000000000000000 4000000000000000000 4000000000000000000 4000000000000000000 4000000000000000000 4000000000000000000 4000000000000000000 4000000000000000000 4000000000000000000 4000000000000000000 4000000000000000000 4000000000000000000 4000000000000000000 4000000000000000000 4000000000000000000 4000000000000000000 4000000000000000000 4000000000000000000 4000000000000000000 4000000000000000000 4000000000000000000 4000000000000000000 4000000000000000000 4000000000000000000 4000000000000000000 4000000000000000000 4000000000000000000 4000000000000000000 4000000000000000000 4000000000000000000 4000000000000000000 4000000000000000000 4000000000000000000 4000000000000000000 4000000000000000000 0 4000000000000000000 4000000000000000000 4000000000000000000 4000000000000000000 4000000000000000000 4000000000000000000 4000000000000000000 4000000000000000000 5 4000000000000000000 4000000000000000000 4000000000000000000 4000000000000000000 4000000000000000000 4000000000000000000 4000000000000000000 4000000000000000000 4000000000000000000 4000000000000000000 4000000000000000000 4000000000000000000 4000000000000000000 4000000000000000000 4000000000000000000 4000000000000000000 4000000000000000000 4000000000000000000 4000000000000000000 4000000000000000000 4000000000000000000 2 4000000000000000000 14 18 4000000000000000000 4000000000000000000 23 4000000000000000000 4000000000000000000 4000000000000000000 31 4000000000000000000 4000000000000000000 60 42 4000000000000000000 3 4000000000000000000 14 31 93 4000000000000000000 14 104 18 10 27 13 3 12 8 
4000000000000000000 4000000000000000000 4000000000000000000 4000000000000000000 4000000000000000000 4000000000000000000 4000000000000000000 4000000000000000000 4000000000000000000 4000000000000000000 4000000000000000000 4000000000000000000 4000000000000000000 4000000000000000000 4000000000000000000 4000000000000000000 4000000000000000000 4000000000000000000 4000000000000000000 4000000000000000000 4000000000000000000 4000000000000000000 4000000000000000000 4000000000000000000 4000000000000000000 4000000000000000000 4000000000000000000 4000000000000000000 4000000000000000000 4000000000000000000 4000000000000000000 4000000000000000000 4000000000000000000 4000000000000000000 4000000000000000000 4000000000000000000 4000000000000000000 4000000000000000000 4000000000000000000 0 4000000000000000000 4000000000000000000 4000000000000000000 4000000000000000000 4000000000000000000 4000000000000000000 4000000000000000000 4000000000000000000 4000000000000000000 4000000000000000000 4000000000000000000 31 4000000000000000000 4000000000000000000 47 52 4000000000000000000 4000000000000000000 4000000000000000000 4000000000000000000 4000000000000000000 4000000000000000000 81 4000000000000000000 4000000000000000000 4000000000000000000 4000000000000000000 4000000000000000000 4000000000000000000 4000000000000000000 59 90 87 4000000000000000000 4000000000000000000 99 4000000000000000000 4000000000000000000 4000000000000000000 100 4000000000000000000 4000000000000000000 62 -10 4000000000000000000 92 91 110 118 86 58 103 92 104 42 59 99 52 61 -10 
4000000000000000000 4000000000000000000 4000000000000000000 4000000000000000000 4000000000000000000 4000000000000000000 4000000000000000000 4000000000000000000 4000000000000000000 4000000000000000000 4000000000000000000 4000000000000000000 4000000000000000000 4000000000000000000 4000000000000000000 4000000000000000000 4000000000000000000 4000000000000000000 4000000000000000000 4000000000000000000 4000000000000000000 4000000000000000000 4000000000000000000 4000000000000000000 4000000000000000000 4000000000000000000 4000000000000000000 4000000000000000000 4000000000000000000 4000000000000000000 4000000000000000000 4000000000000000000 4000000000000000000 4000000000000000000 4000000000000000000 4000000000000000000 4000000000000000000 4000000000000000000 4000000000000000000 4000000000000000000 0 4000000000000000000 45 63 4000000000000000000 4000000000000000000 4000000000000000000 4000000000000000000 4000000000000000000 4000000000000000000 4000000000000000000 4000000000000000000 4000000000000000000 4000000000000000000 54 4000000000000000000 4000000000000000000 4000000000000000000 4000000000000000000 4000000000000000000 4000000000000000000 109 4000000000000000000 4000000000000000000 4000000000000000000 4000000000000000000 4000000000000000000 4000000000000000000 4000000000000000000 4000000000000000000 4000000000000000000 4000000000000000000 4000000000000000000 4000000000000000000 4000000000000000000 4000000000000000000 4000000000000000000 4000000000000000000 4000000000000000000 4000000000000000000 4000000000000000000 84 4000000000000000000 4000000000000000000 4000000000000000000 4000000000000000000 98 16 4000000000000000000 4000000000000000000 65 4000000000000000000 115 127 49 36 54 9 18 37 
4000000000000000000 4000000000000000000 4000000000000000000 4000000000000000000 4000000000000000000 4000000000000000000 4000000000000000000 4000000000000000000 4000000000000000000 4000000000000000000 4000000000000000000 4000000000000000000 4000000000000000000 4000000000000000000 4000000000000000000 4000000000000000000 4000000000000000000 4000000000000000000 4000000000000000000 4000000000000000000 4000000000000000000 4000000000000000000 4000000000000000000 4000000000000000000 4000000000000000000 4000000000000000000 4000000000000000000 4000000000000000000 4000000000000000000 4000000000000000000 4000000000000000000 4000000000000000000 4000000000000000000 4000000000000000000 4000000000000000000 4000000000000000000 4000000000000000000 4000000000000000000 4000000000000000000 4000000000000000000 4000000000000000000 0 20 38 4000000000000000000 4000000000000000000 4000000000000000000 4000000000000000000 4000000000000000000 4000000000000000000 4000000000000000000 4000000000000000000 4000000000000000000 4000000000000000000 29 4000000000000000000 4000000000000000000 4000000000000000000 4000000000000000000 4000000000000000000 4000000000000000000 84 4000000000000000000 4000000000000000000 4000000000000000000 4000000000000000000 4000000000000000000 4000000000000000000 4000000000000000000 4000000000000000000 4000000000000000000 4000000000000000000 4000000000000000000 4000000000000000000 4 7 43 4000000000000000000 4000000000000000000 25 4000000000000000000 59 4000000000000000000 36 4000000000000000000 17 73 53 51 4000000000000000000 40 28 90 20 24 41 15 42 51 10 
4000000000000000000 4000000000000000000 4000000000000000000 4000000000000000000 4000000000000000000 4000000000000000000 4000000000000000000 4000000000000000000 4000000000000000000 4000000000000000000 4000000000000000000 4000000000000000000 4000000000000000000 4000000000000000000 4000000000000000000 4000000000000000000 4000000000000000000 4000000000000000000 4000000000000000000 4000000000000000000 4000000000000000000 4000000000000000000 4000000000000000000 4000000000000000000 4000000000000000000 4000000000000000000 4000000000000000000 4000000000000000000 4000000000000000000 4000000000000000000 4000000000000000000 4000000000000000000 4000000000000000000 4000000000000000000 4000000000000000000 4000000000000000000 4000000000000000000 4000000000000000000 4000000000000000000 4000000000000000000 4000000000000000000 4000000000000000000 0 18 4000000000000000000 4000000000000000000 4000000000000000000 4000000000000000000 4000000000000000000 4000000000000000000 4000000000000000000 4000000000000000000 4000000000000000000 4000000000000000000 9 4000000000000000000 4000000000000000000 4000000000000000000 4000000000000000000 4000000000000000000 4000000000000000000 64 4000000000000000000 4000000000000000000 4000000000000000000 4000000000000000000 4000000000000000000 4000000000000000000 4000000000000000000 4000000000000000000 4000000000000000000 4000000000000000000 4000000000000000000 4000000000000000000 4000000000000000000 4000000000000000000 4000000000000000000 4000000000000000000 4000000000000000000 4000000000000000000 4000000000000000000 39 4000000000000000000 4000000000000000000 4000000000000000000 4000000000000000000 53 89 4000000000000000000 4000000000000000000 20 4000000000000000000 70 82 4 21 9 59 68 4 
4000000000000000000 4000000000000000000 4000000000000000000 4000000000000000000 4000000000000000000 4000000000000000000 4000000000000000000 4000000000000000000 4000000000000000000 4000000000000000000 4000000000000000000 4000000000000000000 4000000000000000000 4000000000000000000 4000000000000000000 4000000000000000000 4000000000000000000 4000000000000000000 4000000000000000000 4000000000000000000 4000000000000000000 4000000000000000000 4000000000000000000 4000000000000000000 4000000000000000000 4000000000000000000 4000000000000000000 4000000000000000000 4000000000000000000 4000000000000000000 4000000000000000000 4000000000000000000 4000000000000000000 4000000000000000000 4000000000000000000 4000000000000000000 4000000000000000000 4000000000000000000 4000000000000000000 4000000000000000000 4000000000000000000 4000000000000000000 4000000000000000000 0 4000000000000000000 4000000000000000000 4000000000000000000 4000000000000000000 4000000000000000000 4000000000000000000 4000000000000000000 4000000000000000000 4000000000000000000 4000000000000000000 4000000000000000000 4000000000000000000 4000000000000000000 4000000000000000000 4000000000000000000 4000000000000000000 4000000000000000000 46 4000000000000000000 4000000000000000000 4000000000000000000 4000000000000000000 4000000000000000000 4000000000000000000 4000000000000000000 4000000000000000000 4000000000000000000 4000000000000000000 4000000000000000000 4000000000000000000 4000000000000000000 4000000000000000000 4000000000000000000 4000000000000000000 4000000000000000000 4000000000000000000 4000000000000000000 21 4000000000000000000 4000000000000000000 4000000000000000000 4000000000000000000 4000000000000000000 71 4000000000000000000 4000000000000000000 4000000000000000000 4000000000000000000 4000000000000000000 4000000000000000000 4000000000000000000 27 -9 4000000000000000000 4000000000000000000 -14 
4000000000000000000 4000000000000000000 4000000000000000000 4000000000000000000 4000000000000000000 4000000000000000000 4000000000000000000 4000000000000000000 4000000000000000000 4000000000000000000 4000000000000000000 4000000000000000000 4000000000000000000 4000000000000000000 4000000000000000000 4000000000000000000 4000000000000000000 4000000000000000000 4000000000000000000 4000000000000000000 4000000000000000000 4000000000000000000 4000000000000000000 4000000000000000000 4000000000000000000 4000000000000000000 4000000000000000000 4000000000000000000 4000000000000000000 4000000000000000000 4000000000000000000 4000000000000000000 4000000000000000000 4000000000000000000 4000000000000000000 4000000000000000000 4000000000000000000 4000000000000000000 4000000000000000000 4000000000000000000 4000000000000000000 4000000000000000000 4000000000000000000 4000000000000000000 0 4000000000000000000 4000000000000000000 4000000000000000000 4000000000000000000 4000000000000000000 4000000000000000000 4000000000000000000 4000000000000000000 4000000000000000000 4000000000000000000 4000000000000000000 4000000000000000000 4000000000000000000 4000000000000000000 4000000000000000000 4000000000000000000 4000000000000000000 17 4000000000000000000 4000000000000000000 4000000000000000000 4000000000000000000 4000000000000000000 4000000000000000000 4000000000000000000 45 26 23 24 71 35 4000000000000000000 56 86 36 4000000000000000000 4000000000000000000 48 47 4000000000000000000 28 4000000000000000000 46 54 81 23 39 28 40 35 35 35 38 47 30 
4000000000000000000 4000000000000000000 4000000000000000000 4000000000000000000 4000000000000000000 4000000000000000000 4000000000000000000 4000000000000000000 4000000000000000000 4000000000000000000 4000000000000000000 4000000000000000000 4000000000000000000 4000000000000000000 4000000000000000000 4000000000000000000 4000000000000000000 4000000000000000000 4000000000000000000 4000000000000000000 4000000000000000000 4000000000000000000 4000000000000000000 4000000000000000000 4000000000000000000 4000000000000000000 4000000000000000000 4000000000000000000 4000000000000000000 4000000000000000000 4000000000000000000 4000000000000000000 4000000000000000000 4000000000000000000 4000000000000000000 4000000000000000000 4000000000000000000 4000000000000000000 4000000000000000000 4000000000000000000 4000000000000000000 4000000000000000000 4000000000000000000 4000000000000000000 4000000000000000000 0 4000000000000000000 4000000000000000000 4000000000000000000 4000000000000000000 4000000000000000000 4000000000000000000 4000000000000000000 4000000000000000000 4000000000000000000 4000000000000000000 4000000000000000000 4000000000000000000 4000000000000000000 4000000000000000000 4000000000000000000 4000000000000000000 4000000000000000000 4000000000000000000 4000000000000000000 4000000000000000000 28 4000000000000000000 4000000000000000000 4000000000000000000 4000000000000000000 4000000000000000000 4000000000000000000 4000000000000000000 4000000000000000000 4000000000000000000 4000000000000000000 4000000000000000000 4000000000000000000 4000000000000000000 4000000000000000000 4000000000000000000 41 4000000000000000000 4000000000000000000 4000000000000000000 28 4000000000000000000 4000000000000000000 35 4000000000000000000 4000000000000000000 85 97 130 35 35 31 40 30 
4000000000000000000 4000000000000000000 4000000000000000000 4000000000000000000 4000000000000000000 4000000000000000000 4000000000000000000 4000000000000000000 4000000000000000000 4000000000000000000 4000000000000000000 4000000000000000000 4000000000000000000 4000000000000000000 4000000000000000000 4000000000000000000 4000000000000000000 4000000000000000000 4000000000000000000 4000000000000000000 4000000000000000000 4000000000000000000 4000000000000000000 4000000000000000000 4000000000000000000 4000000000000000000 4000000000000000000 4000000000000000000 4000000000000000000 4000000000000000000 4000000000000000000 4000000000000000000 4000000000000000000 4000000000000000000 4000000000000000000 4000000000000000000 4000000000000000000 4000000000000000000 4000000000000000000 4000000000000000000 4000000000000000000 4000000000000000000 4000000000000000000 4000000000000000000 4000000000000000000 4000000000000000000 0 4000000000000000000 4000000000000000000 4000000000000000000 4000000000000000000 4000000000000000000 4000000000000000000 4000000000000000000 4000000000000000000 4000000000000000000 4000000000000000000 4000000000000000000 25 4000000000000000000 4000000000000000000 26 4000000000000000000 31 4000000000000000000 4000000000000000000 4000000000000000000 4000000000000000000 77 4000000000000000000 4000000000000000000 4000000000000000000 12 44 28 31 4000000000000000000 76 98 25 4000000000000000000 4000000000000000000 54 36 4000000000000000000 17 4000000000000000000 32 43 87 43 28 93 105 24 41 26 42 51 21 
4000000000000000000 4000000000000000000 4000000000000000000 4000000000000000000 4000000000000000000 4000000000000000000 4000000000000000000 4000000000000000000 4000000000000000000 4000000000000000000 4000000000000000000 4000000000000000000 4000000000000000000 4000000000000000000 4000000000000000000 4000000000000000000 4000000000000000000 4000000000000000000 4000000000000000000 4000000000000000000 4000000000000000000 4000000000000000000 4000000000000000000 4000000000000000000 4000000000000000000 4000000000000000000 4000000000000000000 4000000000000000000 4000000000000000000 4000000000000000000 4000000000000000000 4000000000000000000 4000000000000000000 4000000000000000000 4000000000000000000 4000000000000000000 4000000000000000000 4000000000000000000 4000000000000000000 4000000000000000000 4000000000000000000 4000000000000000000 4000000000000000000 4000000000000000000 4000000000000000000 4000000000000000000 4000000000000000000 0 4000000000000000000 4000000000000000000 4000000000000000000 4000000000000000000 4000000000000000000 4000000000000000000 4000000000000000000 4000000000000000000 4000000000000000000 4000000000000000000 4000000000000000000 4000000000000000000 4000000000000000000 4000000000000000000 4000000000000000000 4000000000000000000 4000000000000000000 4000000000000000000 4000000000000000000 4000000000000000000 4000000000000000000 4000000000000000000 4000000000000000000 4000000000000000000 4000000000000000000 4000000000000000000 4000000000000000000 4000000000000000000 4000000000000000000 4000000000000000000 4000000000000000000 4000000000000000000 4000000000000000000 4000000000000000000 4000000000000000000 4000000000000000000 4000000000000000000 -2 4000000000000000000 4000000000000000000 37 4000000000000000000 4000000000000000000 9 4000000000000000000 13 5 22 8 -2 7 3 
4000000000000000000 4000000000000000000 4000000000000000000 4000000000000000000 4000000000000000000 4000000000000000000 4000000000000000000 4000000000000000000 4000000000000000000 4000000000000000000 4000000000000000000 4000000000000000000 4000000000000000000 4000000000000000000 4000000000000000000 4000000000000000000 4000000000000000000 4000000000000000000 4000000000000000000 4000000000000000000 4000000000000000000 4000000000000000000 4000000000000000000 4000000000000000000 4000000000000000000 4000000000000000000 4000000000000000000 4000000000000000000 4000000000000000000 4000000000000000000 4000000000000000000 4000000000000000000 4000000000000000000 4000000000000000000 4000000000000000000 4000000000000000000 4000000000000000000 4000000000000000000 4000000000000000000 4000000000000000000 4000000000000000000 4000000000000000000 4000000000000000000 4000000000000000000 4000000000000000000 4000000000000000000 4000000000000000000 4000000000000000000 0 4000000000000000000 4000000000000000000 4000000000000000000 4000000000000000000 4000000000000000000 4000000000000000000 4000000000000000000 4000000000000000000 4000000000000000000 4000000000000000000 4000000000000000000 4000000000000000000 4000000000000000000 4000000000000000000 4000000000000000000 4000000000000000000 4000000000000000000 4000000000000000000 4000000000000000000 4000000000000000000 4000000000000000000 4000000000000000000 4000000000000000000 4000000000000000000 4000000000000000000 4000000000000000000 4000000000000000000 4000000000000000000 4000000000000000000 29 4000000000000000000 4000000000000000000 4000000000000000000 4000000000000000000 4000000000000000000 4000000000000000000 4000000000000000000 4000000000000000000 4000000000000000000 4000000000000000000 4000000000000000000 58 51 23 35 47 64 30 65 74 25 
4000000000000000000 4000000000000000000 4000000000000000000 4000000000000000000 4000000000000000000 4000000000000000000 4000000000000000000 4000000000000000000 4000000000000000000 4000000000000000000 4000000000000000000 4000000000000000000 4000000000000000000 4000000000000000000 4000000000000000000 4000000000000000000 4000000000000000000 4000000000000000000 4000000000000000000 4000000000000000000 4000000000000000000 4000000000000000000 4000000000000000000 4000000000000000000 4000000000000000000 4000000000000000000 4000000000000000000 4000000000000000000 4000000000000000000 4000000000000000000 4000000000000000000 4000000000000000000 4000000000000000000 4000000000000000000 4000000000000000000 4000000000000000000 4000000000000000000 4000000000000000000 4000000000000000000 4000000000000000000 4000000000000000000 4000000000000000000 4000000000000000000 4000000000000000000 4000000000000000000 4000000000000000000 4000000000000000000 4000000000000000000 4000000000000000000 0 4000000000000000000 4000000000000000000 34 4000000000000000000 4000000000000000000 4000000000000000000 4000000000000000000 4000000000000000000 4000000000000000000 4000000000000000000 4000000000000000000 4000000000000000000 4000000000000000000 4000000000000000000 4000000000000000000 61 4000000000000000000 4000000000000000000 4000000000000000000 4000000000000000000 4000000000000000000 4000000000000000000 4000000000000000000 4000000000000000000 4000000000000000000 4000000000000000000 4000000000000000000 4000000000000000000 4000000000000000000 4000000000000000000 4000000000000000000 4000000000000000000 4000000000000000000 4000000000000000000 4000000000000000000 4000000000000000000 4000000000000000000 4000000000000000000 4000000000000000000 4000000000000000000 4000000000000000000 72 4000000000000000000 4000000000000000000 68 85 4000000000000000000 86 95 114 
4000000000000000000 4000000000000000000 4000000000000000000 4000000000000000000 4000000000000000000 4000000000000000000 4000000000000000000 4000000000000000000 4000000000000000000 4000000000000000000 4000000000000000000 4000000000000000000 4000000000000000000 4000000000000000000 4000000000000000000 4000000000000000000 4000000000000000000 4000000000000000000 4000000000000000000 4000000000000000000 4000000000000000000 4000000000000000000 4000000000000000000 4000000000000000000 4000000000000000000 4000000000000000000 4000000000000000000 4000000000000000000 4000000000000000000 4000000000000000000 4000000000000000000 4000000000000000000 4000000000000000000 4000000000000000000 4000000000000000000 4000000000000000000 4000000000000000000 4000000000000000000 4000000000000000000 4000000000000000000 4000000000000000000 4000000000000000000 4000000000000000000 4000000000000000000 4000000000000000000 4000000000000000000 4000000000000000000 4000000000000000000 4000000000000000000 4000000000000000000 0 4000000000000000000 4000000000000000000 4000000000000000000 4000000000000000000 4000000000000000000 4000000000000000000 4000000000000000000 4000000000000000000 4000000000000000000 4000000000000000000 4000000000000000000 4000000000000000000 4000000000000000000 4000000000000000000 4000000000000000000 4000000000000000000 4000000000000000000 4000000000000000000 4000000000000000000 4000000000000000000 4000000000000000000 4000000000000000000 4000000000000000000 4000000000000000000 4000000000000000000 4000000000000000000 4000000000000000000 4000000000000000000 4000000000000000000 -2 4000000000000000000 41 4000000000000000000 20 4000000000000000000 4000000000000000000 4000000000000000000 21 74 4000000000000000000 4000000000000000000 85 97 130 74 45 31 40 40 
4000000000000000000 4000000000000000000 4000000000000000000 4000000000000000000 4000000000000000000 4000000000000000000 4000000000000000000 4000000000000000000 4000000000000000000 4000000000000000000 4000000000000000000 4000000000000000000 4000000000000000000 4000000000000000000 4000000000000000000 4000000000000000000 4000000000000000000 4000000000000000000 4000000000000000000 4000000000000000000 4000000000000000000 4000000000000000000 4000000000000000000 4000000000000000000 4000000000000000000 4000000000000000000 4000000000000000000 4000000000000000000 4000000000000000000 4000000000000000000 4000000000000000000 4000000000000000000 4000000000000000000 4000000000000000000 4000000000000000000 4000000000000000000 4000000000000000000 4000000000000000000 4000000000000000000 4000000000000000000 4000000000000000000 4000000000000000000 4000000000000000000 4000000000000000000 4000000000000000000 4000000000000000000 4000000000000000000 4000000000000000000 4000000000000000000 4000000000000000000 4000000000000000000 0 4000000000000000000 4000000000000000000 4000000000000000000 21 4000000000000000000 4000000000000000000 4000000000000000000 4000000000000000000 4000000000000000000 4000000000000000000 50 4000000000000000000 4000000000000000000 4000000000000000000 4000000000000000000 4000000000000000000 4000000000000000000 4000000000000000000 28 59 56 4000000000000000000 4000000000000000000 68 4000000000000000000 4000000000000000000 4000000000000000000 69 4000000000000000000 4000000000000000000 31 80 4000000000000000000 61 4000000000000000000 79 87 55 83 72 61 73 20 37 68 21 30 49 
4000000000000000000 4000000000000000000 4000000000000000000 4000000000000000000 4000000000000000000 4000000000000000000 4000000000000000000 4000000000000000000 4000000000000000000 4000000000000000000 4000000000000000000 4000000000000000000 4000000000000000000 4000000000000000000 4000000000000000000 4000000000000000000 4000000000000000000 4000000000000000000 4000000000000000000 4000000000000000000 4000000000000000000 4000000000000000000 4000000000000000000 4000000000000000000 4000000000000000000 4000000000000000000 4000000000000000000 4000000000000000000 4000000000000000000 4000000000000000000 4000000000000000000 4000000000000000000 4000000000000000000 4000000000000000000 4000000000000000000 4000000000000000000 4000000000000000000 4000000000000000000 4000000000000000000 4000000000000000000 4000000000000000000 4000000000000000000 4000000000000000000 4000000000000000000 4000000000000000000 4000000000000000000 4000000000000000000 4000000000000000000 4000000000000000000 4000000000000000000 4000000000000000000 4000000000000000000 0 4000000000000000000 4000000000000000000 4000000000000000000 4000000000000000000 4000000000000000000 4000000000000000000 4000000000000000000 4000000000000000000 4000000000000000000 4000000000000000000 4000000000000000000 4000000000000000000 27 4000000000000000000 4000000000000000000 4000000000000000000 4000000000000000000 4000000000000000000 4000000000000000000 4000000000000000000 4000000000000000000 4000000000000000000 4000000000000000000 4000000000000000000 4000000000000000000 4000000000000000000 4000000000000000000 4000000000000000000 4000000000000000000 4000000000000000000 4000000000000000000 4000000000000000000 4000000000000000000 4000000000000000000 4000000000000000000 4000000000000000000 4000000000000000000 4000000000000000000 38 4000000000000000000 4000000000000000000 34 51 4000000000000000000 52 61 80 
4000000000000000000 4000000000000000000 4000000000000000000 4000000000000000000 4000000000000000000 4000000000000000000 4000000000000000000 4000000000000000000 4000000000000000000 4000000000000000000 4000000000000000000 4000000000000000000 4000000000000000000 4000000000000000000 4000000000000000000 4000000000000000000 4000000000000000000 4000000000000000000 4000000000000000000 4000000000000000000 4000000000000000000 4000000000000000000 4000000000000000000 4000000000000000000 4000000000000000000 4000000000000000000 4000000000000000000 4000000000000000000 4000000000000000000 4000000000000000000 4000000000000000000 4000000000000000000 4000000000000000000 4000000000000000000 4000000000000000000 4000000000000000000 4000000000000000000 4000000000000000000 4000000000000000000 4000000000000000000 4000000000000000000 4000000000000000000 4000000000000000000 4000000000000000000 4000000000000000000 4000000000000000000 4000000000000000000 4000000000000000000 4000000000000000000 4000000000000000000 4000000000000000000 4000000000000000000 4000000000000000000 0 4000000000000000000 4000000000000000000 4000000000000000000 4000000000000000000 4000000000000000000 -1 4000000000000000000 4000000000000000000 4000000000000000000 4000000000000000000 37 4000000000000000000 4000000000000000000 4000000000000000000 4000000000000000000 4000000000000000000 4000000000000000000 4000000000000000000 4000000000000000000 4000000000000000000 4000000000000000000 4000000000000000000 33 4000000000000000000 4000000000000000000 2 4000000000000000000 4000000000000000000 36 7 4000000000000000000 -6 4000000000000000000 30 33 69 4000000000000000000 5 80 42 1 18 3 -8 1 -2 
4000000000000000000 4000000000000000000 4000000000000000000 4000000000000000000 4000000000000000000 4000000000000000000 4000000000000000000 4000000000000000000 4000000000000000000 4000000000000000000 4000000000000000000 4000000000000000000 4000000000000000000 4000000000000000000 4000000000000000000 4000000000000000000 4000000000000000000 4000000000000000000 4000000000000000000 4000000000000000000 4000000000000000000 4000000000000000000 4000000000000000000 4000000000000000000 4000000000000000000 4000000000000000000 4000000000000000000 4000000000000000000 4000000000000000000 4000000000000000000 4000000000000000000 4000000000000000000 4000000000000000000 4000000000000000000 4000000000000000000 4000000000000000000 4000000000000000000 4000000000000000000 4000000000000000000 4000000000000000000 4000000000000000000 4000000000000000000 4000000000000000000 4000000000000000000 4000000000000000000 4000000000000000000 4000000000000000000 4000000000000000000 4000000000000000000 4000000000000000000 4000000000000000000 4000000000000000000 4000000000000000000 4000000000000000000 0 4000000000000000000 4000000000000000000 4000000000000000000 4000000000000000000 4000000000000000000 4000000000000000000 4000000000000000000 4000000000000000000 4000000000000000000 4000000000000000000 4000000000000000000 4000000000000000000 4000000000000000000 4000000000000000000 4000000000000000000 4000000000000000000 4000000000000000000 4000000000000000000 4000000000000000000 4000000000000000000 4000000000000000000 4000000000000000000 4000000000000000000 4000000000000000000 4000000000000000000 4000000000000000000 4000000000000000000 4000000000000000000 4000000000000000000 4000000000000000000 4000000000000000000 44 4000000000000000000 4000000000000000000 4000000000000000000 11 4000000000000000000 61 73 -5 12 68 50 59 63 
4000000000000000000 4000000000000000000 4000000000000000000 4000000000000000000 4000000000000000000 4000000000000000000 4000000000000000000 4000000000000000000 4000000000000000000 4000000000000000000 4000000000000000000 4000000000000000000 4000000000000000000 4000000000000000000 4000000000000000000 4000000000000000000 4000000000000000000 4000000000000000000 4000000000000000000 4000000000000000000 4000000000000000000 4000000000000000000 4000000000000000000 4000000000000000000 4000000000000000000 4000000000000000000 4000000000000000000 4000000000000000000 4000000000000000000 4000000000000000000 4000000000000000000 4000000000000000000 4000000000000000000 4000000000000000000 4000000000000000000 4000000000000000000 4000000000000000000 4000000000000000000 4000000000000000000 4000000000000000000 4000000000000000000 4000000000000000000 4000000000000000000 4000000000000000000 4000000000000000000 4000000000000000000 4000000000000000000 4000000000000000000 4000000000000000000 4000000000000000000 4000000000000000000 4000000000000000000 4000000000000000000 4000000000000000000 4000000000000000000 0 4000000000000000000 4000000000000000000 4000000000000000000 4000000000000000000 4000000000000000000 4000000000000000000 4000000000000000000 4000000000000000000 4000000000000000000 4000000000000000000 4000000000000000000 4000000000000000000 4000000000000000000 4000000000000000000 4000000000000000000 4000000000000000000 4000000000000000000 4000000000000000000 4000000000000000000 4000000000000000000 4000000000000000000 4000000000000000000 4000000000000000000 4000000000000000000 4000000000000000000 4000000000000000000 4000000000000000000 4000000000000000000 4000000000000000000 4000000000000000000 4000000000000000000 4000000000000000000 4000000000000000000 34 4000000000000000000 4000000000000000000 4000000000000000000 4000000000000000000 4000000000000000000 34 54 4000000000000000000 81 49 
4000000000000000000 4000000000000000000 4000000000000000000 4000000000000000000 4000000000000000000 4000000000000000000 4000000000000000000 4000000000000000000 4000000000000000000 4000000000000000000 4000000000000000000 4000000000000000000 4000000000000000000 4000000000000000000 4000000000000000000 4000000000000000000 4000000000000000000 4000000000000000000 4000000000000000000 4000000000000000000 4000000000000000000 4000000000000000000 4000000000000000000 4000000000000000000 4000000000000000000 4000000000000000000 4000000000000000000 4000000000000000000 4000000000000000000 4000000000000000000 4000000000000000000 4000000000000000000 4000000000000000000 4000000000000000000 4000000000000000000 4000000000000000000 4000000000000000000 4000000000000000000 4000000000000000000 4000000000000000000 4000000000000000000 4000000000000000000 4000000000000000000 4000000000000000000 4000000000000000000 4000000000000000000 4000000000000000000 4000000000000000000 4000000000000000000 4000000000000000000 4000000000000000000 4000000000000000000 4000000000000000000 4000000000000000000 4000000000000000000 4000000000000000000 0 4000000000000000000 4000000000000000000 4000000000000000000 4000000000000000000 4000000000000000000 4000000000000000000 4000000000000000000 4000000000000000000 4000000000000000000 4000000000000000000 4000000000000000000 4000000000000000000 4000000000000000000 4000000000000000000 4000000000000000000 4000000000000000000 4000000000000000000 4000000000000000000 4000000000000000000 4000000000000000000 4000000000000000000 4000000000000000000 4000000000000000000 4000000000000000000 4000000000000000000 4000000000000000000 4000000000000000000 4000000000000000000 4000000000000000000 4000000000000000000 4000000000000000000 41 4000000000000000000 4000000000000000000 4000000000000000000 4000000000000000000 4000000000000000000 4000000000000000000 4000000000000000000 65 4000000000000000000 4000000000000000000 11 
4000000000000000000 4000000000000000000 4000000000000000000 4000000000000000000 4000000000000000000 4000000000000000000 4000000000000000000 4000000000000000000 4000000000000000000 4000000000000000000 4000000000000000000 4000000000000000000 4000000000000000000 4000000000000000000 4000000000000000000 4000000000000000000 4000000000000000000 4000000000000000000 4000000000000000000 4000000000000000000 4000000000000000000 4000000000000000000 4000000000000000000 4000000000000000000 4000000000000000000 4000000000000000000 4000000000000000000 4000000000000000000 4000000000000000000 4000000000000000000 4000000000000000000 4000000000000000000 4000000000000000000 4000000000000000000 4000000000000000000 4000000000000000000 4000000000000000000 4000000000000000000 4000000000000000000 4000000000000000000 4000000000000000000 4000000000000000000 4000000000000000000 4000000000000000000 4000000000000000000 4000000000000000000 4000000000000000000 4000000000000000000 4000000000000000000 4000000000000000000 4000000000000000000 4000000000000000000 4000000000000000000 4000000000000000000 4000000000000000000 4000000000000000000 4000000000000000000 0 4000000000000000000 4000000000000000000 4000000000000000000 4000000000000000000 4000000000000000000 4000000000000000000 4000000000000000000 4000000000000000000 4000000000000000000 4000000000000000000 4000000000000000000 4000000000000000000 4000000000000000000 4000000000000000000 4000000000000000000 4000000000000000000 4000000000000000000 4000000000000000000 4000000000000000000 4000000000000000000 4000000000000000000 4000000000000000000 4000000000000000000 4000000000000000000 4000000000000000000 4000000000000000000 4000000000000000000 4000000000000000000 4000000000000000000 4000000000000000000 4000000000000000000 4000000000000000000 4000000000000000000 4000000000000000000 4000000000000000000 4000000000000000000 4000000000000000000 4000000000000000000 4000000000000000000 4000000000000000000 4000000000000000000 4000000000000000000 
4000000000000000000 4000000000000000000 4000000000000000000 4000000000000000000 4000000000000000000 4000000000000000000 4000000000000000000 4000000000000000000 4000000000000000000 4000000000000000000 4000000000000000000 4000000000000000000 4000000000000000000 4000000000000000000 4000000000000000000 4000000000000000000 4000000000000000000 4000000000000000000 4000000000000000000 4000000000000000000 4000000000000000000 4000000000000000000 4000000000000000000 4000000000000000000 4000000000000000000 4000000000000000000 4000000000000000000 4000000000000000000 4000000000000000000 4000000000000000000 4000000000000000000 4000000000000000000 4000000000000000000 4000000000000000000 4000000000000000000 4000000000000000000 4000000000000000000 4000000000000000000 4000000000000000000 4000000000000000000 4000000000000000000 4000000000000000000 4000000000000000000 4000000000000000000 4000000000000000000 4000000000000000000 4000000000000000000 4000000000000000000 4000000000000000000 4000000000000000000 4000000000000000000 4000000000000000000 4000000000000000000 4000000000000000000 4000000000000000000 4000000000000000000 4000000000000000000 4000000000000000000 0 4000000000000000000 4000000000000000000 4000000000000000000 4000000000000000000 4000000000000000000 4000000000000000000 4000000000000000000 4000000000000000000 4000000000000000000 4000000000000000000 4000000000000000000 4000000000000000000 4000000000000000000 4000000000000000000 4000000000000000000 4000000000000000000 4000000000000000000 4000000000000000000 4000000000000000000 4000000000000000000 4000000000000000000 4000000000000000000 4000000000000000000 4000000000000000000 4000000000000000000 4000000000000000000 4000000000000000000 4000000000000000000 4000000000000000000 4000000000000000000 4000000000000000000 4000000000000000000 4000000000000000000 4000000000000000000 4000000000000000000 4000000000000000000 4000000000000000000 4000000000000000000 4000000000000000000 49 68 
4000000000000000000 4000000000000000000 4000000000000000000 4000000000000000000 4000000000000000000 4000000000000000000 4000000000000000000 4000000000000000000 4000000000000000000 4000000000000000000 4000000000000000000 4000000000000000000 4000000000000000000 4000000000000000000 4000000000000000000 4000000000000000000 4000000000000000000 4000000000000000000 4000000000000000000 4000000000000000000 4000000000000000000 4000000000000000000 4000000000000000000 4000000000000000000 4000000000000000000 4000000000000000000 4000000000000000000 4000000000000000000 4000000000000000000 4000000000000000000 4000000000000000000 4000000000000000000 4000000000000000000 4000000000000000000 4000000000000000000 4000000000000000000 4000000000000000000 4000000000000000000 4000000000000000000 4000000000000000000 4000000000000000000 4000000000000000000 4000000000000000000 4000000000000000000 4000000000000000000 4000000000000000000 4000000000000000000 4000000000000000000 4000000000000000000 4000000000000000000 4000000000000000000 4000000000000000000 4000000000000000000 4000000000000000000 4000000000000000000 4000000000000000000 4000000000000000000 4000000000000000000 4000000000000000000 0 4000000000000000000 4000000000000000000 4000000000000000000 4000000000000000000 38 4000000000000000000 4000000000000000000 4000000000000000000 4000000000000000000 4000000000000000000 4000000000000000000 4000000000000000000 4000000000000000000 4000000000000000000 4000000000000000000 4000000000000000000 4000000000000000000 4000000000000000000 4000000000000000000 3 4000000000000000000 4000000000000000000 37 14 4000000000000000000 -5 4000000000000000000 31 34 70 4000000000000000000 6 81 93 2 19 4 20 29 -1 
4000000000000000000 4000000000000000000 4000000000000000000 4000000000000000000 4000000000000000000 4000000000000000000 4000000000000000000 4000000000000000000 4000000000000000000 4000000000000000000 4000000000000000000 4000000000000000000 4000000000000000000 4000000000000000000 4000000000000000000 4000000000000000000 4000000000000000000 4000000000000000000 4000000000000000000 4000000000000000000 4000000000000000000 4000000000000000000 4000000000000000000 4000000000000000000 4000000000000000000 4000000000000000000 4000000000000000000 4000000000000000000 4000000000000000000 4000000000000000000 4000000000000000000 4000000000000000000 4000000000000000000 4000000000000000000 4000000000000000000 4000000000000000000 4000000000000000000 4000000000000000000 4000000000000000000 4000000000000000000 4000000000000000000 4000000000000000000 4000000000000000000 4000000000000000000 4000000000000000000 4000000000000000000 4000000000000000000 4000000000000000000 4000000000000000000 4000000000000000000 4000000000000000000 4000000000000000000 4000000000000000000 4000000000000000000 4000000000000000000 4000000000000000000 4000000000000000000 4000000000000000000 4000000000000000000 4000000000000000000 0 4000000000000000000 4000000000000000000 4000000000000000000 4000000000000000000 4000000000000000000 4000000000000000000 4000000000000000000 4000000000000000000 4000000000000000000 4000000000000000000 4000000000000000000 -4 4000000000000000000 4000000000000000000 4000000000000000000 4000000000000000000 7 37 9 4000000000000000000 4000000000000000000 38 20 4000000000000000000 1 4000000000000000000 37 27 71 66 12 82 94 8 25 10 26 35 5 
4000000000000000000 4000000000000000000 4000000000000000000 4000000000000000000 4000000000000000000 4000000000000000000 4000000000000000000 4000000000000000000 4000000000000000000 4000000000000000000 4000000000000000000 4000000000000000000 4000000000000000000 4000000000000000000 4000000000000000000 4000000000000000000 4000000000000000000 4000000000000000000 4000000000000000000 4000000000000000000 4000000000000000000 4000000000000000000 4000000000000000000 4000000000000000000 4000000000000000000 4000000000000000000 4000000000000000000 4000000000000000000 4000000000000000000 4000000000000000000 4000000000000000000 4000000000000000000 4000000000000000000 4000000000000000000 4000000000000000000 4000000000000000000 4000000000000000000 4000000000000000000 4000000000000000000 4000000000000000000 4000000000000000000 4000000000000000000 4000000000000000000 4000000000000000000 4000000000000000000 4000000000000000000 4000000000000000000 4000000000000000000 4000000000000000000 4000000000000000000 4000000000000000000 4000000000000000000 4000000000000000000 4000000000000000000 4000000000000000000 4000000000000000000 4000000000000000000 4000000000000000000 4000000000000000000 4000000000000000000 4000000000000000000 0 4000000000000000000 4000000000000000000 4000000000000000000 4000000000000000000 4000000000000000000 4000000000000000000 4000000000000000000 4000000000000000000 4000000000000000000 4000000000000000000 4000000000000000000 4000000000000000000 4000000000000000000 4000000000000000000 4000000000000000000 4000000000000000000 4000000000000000000 4000000000000000000 4000000000000000000 4000000000000000000 4000000000000000000 4000000000000000000 4000000000000000000 4000000000000000000 4000000000000000000 4000000000000000000 4000000000000000000 4000000000000000000 4000000000000000000 4000000000000000000 4000000000000000000 4000000000000000000 4000000000000000000 4000000000000000000 19 4000000000000000000 4000000000000000000 14 
4000000000000000000 4000000000000000000 4000000000000000000 4000000000000000000 4000000000000000000 4000000000000000000 4000000000000000000 4000000000000000000 4000000000000000000 4000000000000000000 4000000000000000000 4000000000000000000 4000000000000000000 4000000000000000000 4000000000000000000 4000000000000000000 4000000000000000000 4000000000000000000 4000000000000000000 4000000000000000000 4000000000000000000 4000000000000000000 4000000000000000000 4000000000000000000 4000000000000000000 4000000000000000000 4000000000000000000 4000000000000000000 4000000000000000000 4000000000000000000 4000000000000000000 4000000000000000000 4000000000000000000 4000000000000000000 4000000000000000000 4000000000000000000 4000000000000000000 4000000000000000000 4000000000000000000 4000000000000000000 4000000000000000000 4000000000000000000 4000000000000000000 4000000000000000000 4000000000000000000 4000000000000000000 4000000000000000000 4000000000000000000 4000000000000000000 4000000000000000000 4000000000000000000 4000000000000000000 4000000000000000000 4000000000000000000 4000000000000000000 4000000000000000000 4000000000000000000 4000000000000000000 4000000000000000000 4000000000000000000 4000000000000000000 4000000000000000000 0 4000000000000000000 4000000000000000000 4000000000000000000 4000000000000000000 4000000000000000000 4000000000000000000 4000000000000000000 4000000000000000000 9 6 4000000000000000000 4000000000000000000 18 4000000000000000000 4000000000000000000 4000000000000000000 19 4000000000000000000 4000000000000000000 48 30 4000000000000000000 11 4000000000000000000 29 37 81 33 22 11 23 18 35 18 36 45 13 
4000000000000000000 4000000000000000000 4000000000000000000 4000000000000000000 4000000000000000000 4000000000000000000 4000000000000000000 4000000000000000000 4000000000000000000 4000000000000000000 4000000000000000000 4000000000000000000 4000000000000000000 4000000000000000000 4000000000000000000 4000000000000000000 4000000000000000000 4000000000000000000 4000000000000000000 4000000000000000000 4000000000000000000 4000000000000000000 4000000000000000000 4000000000000000000 4000000000000000000 4000000000000000000 4000000000000000000 4000000000000000000 4000000000000000000 4000000000000000000 4000000000000000000 4000000000000000000 4000000000000000000 4000000000000000000 4000000000000000000 4000000000000000000 4000000000000000000 4000000000000000000 4000000000000000000 4000000000000000000 4000000000000000000 4000000000000000000 4000000000000000000 4000000000000000000 4000000000000000000 4000000000000000000 4000000000000000000 4000000000000000000 4000000000000000000 4000000000000000000 4000000000000000000 4000000000000000000 4000000000000000000 4000000000000000000 4000000000000000000 4000000000000000000 4000000000000000000 4000000000000000000 4000000000000000000 4000000000000000000 4000000000000000000 4000000000000000000 4000000000000000000 0 4000000000000000000 4000000000000000000 4000000000000000000 4000000000000000000 46 4000000000000000000 4000000000000000000 4000000000000000000 4000000000000000000 4000000000000000000 79 82 4000000000000000000 4000000000000000000 67 100 4000000000000000000 4000000000000000000 66 111 4000000000000000000 92 4000000000000000000 1 131 99 96 42 110 122 38 21 101 39 48 65 
4000000000000000000 4000000000000000000 4000000000000000000 4000000000000000000 4000000000000000000 4000000000000000000 4000000000000000000 4000000000000000000 4000000000000000000 4000000000000000000 4000000000000000000 4000000000000000000 4000000000000000000 4000000000000000000 4000000000000000000 4000000000000000000 4000000000000000000 4000000000000000000 4000000000000000000 4000000000000000000 4000000000000000000 4000000000000000000 4000000000000000000 4000000000000000000 4000000000000000000 4000000000000000000 4000000000000000000 4000000000000000000 4000000000000000000 4000000000000000000 4000000000000000000 4000000000000000000 4000000000000000000 4000000000000000000 4000000000000000000 4000000000000000000 4000000000000000000 4000000000000000000 4000000000000000000 4000000000000000000 4000000000000000000 4000000000000000000 4000000000000000000 4000000000000000000 4000000000000000000 4000000000000000000 4000000000000000000 4000000000000000000 4000000000000000000 4000000000000000000 4000000000000000000 4000000000000000000 4000000000000000000 4000000000000000000 4000000000000000000 4000000000000000000 4000000000000000000 4000000000000000000 4000000000000000000 4000000000000000000 4000000000000000000 4000000000000000000 4000000000000000000 4000000000000000000 0 4000000000000000000 4000000000000000000 4000000000000000000 4000000000000000000 4000000000000000000 4000000000000000000 4000000000000000000 4000000000000000000 4000000000000000000 4000000000000000000 4000000000000000000 4000000000000000000 4000000000000000000 4000000000000000000 4000000000000000000 4000000000000000000 4000000000000000000 4000000000000000000 4000000000000000000 4000000000000000000 4000000000000000000 4000000000000000000 4000000000000000000 4000000000000000000 4000000000000000000 4000000000000000000 19 4000000000000000000 4000000000000000000 15 32 4000000000000000000 33 42 61 
4000000000000000000 4000000000000000000 4000000000000000000 4000000000000000000 4000000000000000000 4000000000000000000 4000000000000000000 4000000000000000000 4000000000000000000 4000000000000000000 4000000000000000000 4000000000000000000 4000000000000000000 4000000000000000000 4000000000000000000 4000000000000000000 4000000000000000000 4000000000000000000 4000000000000000000 4000000000000000000 4000000000000000000 4000000000000000000 4000000000000000000 4000000000000000000 4000000000000000000 4000000000000000000 4000000000000000000 4000000000000000000 4000000000000000000 4000000000000000000 4000000000000000000 4000000000000000000 4000000000000000000 4000000000000000000 4000000000000000000 4000000000000000000 4000000000000000000 4000000000000000000 4000000000000000000 4000000000000000000 4000000000000000000 4000000000000000000 4000000000000000000 4000000000000000000 4000000000000000000 4000000000000000000 4000000000000000000 4000000000000000000 4000000000000000000 4000000000000000000 4000000000000000000 4000000000000000000 4000000000000000000 4000000000000000000 4000000000000000000 4000000000000000000 4000000000000000000 4000000000000000000 4000000000000000000 4000000000000000000 4000000000000000000 4000000000000000000 4000000000000000000 4000000000000000000 4000000000000000000 0 4000000000000000000 4000000000000000000 4000000000000000000 4000000000000000000 4000000000000000000 4000000000000000000 4000000000000000000 4000000000000000000 4000000000000000000 4000000000000000000 4000000000000000000 4000000000000000000 4000000000000000000 4000000000000000000 4000000000000000000 4000000000000000000 4000000000000000000 4000000000000000000 4000000000000000000 4000000000000000000 4000000000000000000 4000000000000000000 4000000000000000000 4000000000000000000 4000000000000000000 4000000000000000000 4000000000000000000 4000000000000000000 4000000000000000000 4000000000000000000 4000000000000000000 4000000000000000000 4000000000000000000 4000000000000000000 
4000000000000000000 4000000000000000000 4000000000000000000 4000000000000000000 4000000000000000000 4000000000000000000 4000000000000000000 4000000000000000000 4000000000000000000 4000000000000000000 4000000000000000000 4000000000000000000 4000000000000000000 4000000000000000000 4000000000000000000 4000000000000000000 4000000000000000000 4000000000000000000 4000000000000000000 4000000000000000000 4000000000000000000 4000000000000000000 4000000000000000000 4000000000000000000 4000000000000000000 4000000000000000000 4000000000000000000 4000000000000000000 4000000000000000000 4000000000000000000 4000000000000000000 4000000000000000000 4000000000000000000 4000000000000000000 4000000000000000000 4000000000000000000 4000000000000000000 4000000000000000000 4000000000000000000 4000000000000000000 4000000000000000000 4000000000000000000 4000000000000000000 4000000000000000000 4000000000000000000 4000000000000000000 4000000000000000000 4000000000000000000 4000000000000000000 4000000000000000000 4000000000000000000 4000000000000000000 4000000000000000000 4000000000000000000 4000000000000000000 4000000000000000000 4000000000000000000 4000000000000000000 4000000000000000000 4000000000000000000 4000000000000000000 4000000000000000000 4000000000000000000 4000000000000000000 4000000000000000000 4000000000000000000 0 4000000000000000000 4000000000000000000 4000000000000000000 4000000000000000000 4000000000000000000 4000000000000000000 4000000000000000000 4000000000000000000 4000000000000000000 4000000000000000000 4000000000000000000 4000000000000000000 4000000000000000000 4000000000000000000 4000000000000000000 13 4000000000000000000 4000000000000000000 4000000000000000000 0 4000000000000000000 4000000000000000000 46 4000000000000000000 4000000000000000000 57 69 102 46 64 3 12 31 
4000000000000000000 4000000000000000000 4000000000000000000 4000000000000000000 4000000000000000000 4000000000000000000 4000000000000000000 4000000000000000000 4000000000000000000 4000000000000000000 4000000000000000000 4000000000000000000 4000000000000000000 4000000000000000000 4000000000000000000 4000000000000000000 4000000000000000000 4000000000000000000 4000000000000000000 4000000000000000000 4000000000000000000 4000000000000000000 4000000000000000000 4000000000000000000 4000000000000000000 4000000000000000000 4000000000000000000 4000000000000000000 4000000000000000000 4000000000000000000 4000000000000000000 4000000000000000000 4000000000000000000 4000000000000000000 4000000000000000000 4000000000000000000 4000000000000000000 4000000000000000000 4000000000000000000 4000000000000000000 4000000000000000000 4000000000000000000 4000000000000000000 4000000000000000000 4000000000000000000 4000000000000000000 4000000000000000000 4000000000000000000 4000000000000000000 4000000000000000000 4000000000000000000 4000000000000000000 4000000000000000000 4000000000000000000 4000000000000000000 4000000000000000000 4000000000000000000 4000000000000000000 4000000000000000000 4000000000000000000 4000000000000000000 4000000000000000000 4000000000000000000 4000000000000000000 4000000000000000000 4000000000000000000 4000000000000000000 0 4000000000000000000 4000000000000000000 4000000000000000000 4000000000000000000 4000000000000000000 4000000000000000000 4000000000000000000 4000000000000000000 4000000000000000000 4000000000000000000 4000000000000000000 4000000000000000000 4000000000000000000 4000000000000000000 40 38 4000000000000000000 13 4000000000000000000 38 52 73 4000000000000000000 24 84 26 20 37 21 30 39 16 
4000000000000000000 4000000000000000000 4000000000000000000 4000000000000000000 4000000000000000000 4000000000000000000 4000000000000000000 4000000000000000000 4000000000000000000 4000000000000000000 4000000000000000000 4000000000000000000 4000000000000000000 4000000000000000000 4000000000000000000 4000000000000000000 4000000000000000000 4000000000000000000 4000000000000000000 4000000000000000000 4000000000000000000 4000000000000000000 4000000000000000000 4000000000000000000 4000000000000000000 4000000000000000000 4000000000000000000 4000000000000000000 4000000000000000000 4000000000000000000 4000000000000000000 4000000000000000000 4000000000000000000 4000000000000000000 4000000000000000000 4000000000000000000 4000000000000000000 4000000000000000000 4000000000000000000 4000000000000000000 4000000000000000000 4000000000000000000 4000000000000000000 4000000000000000000 4000000000000000000 4000000000000000000 4000000000000000000 4000000000000000000 4000000000000000000 4000000000000000000 4000000000000000000 4000000000000000000 4000000000000000000 4000000000000000000 4000000000000000000 4000000000000000000 4000000000000000000 4000000000000000000 4000000000000000000 4000000000000000000 4000000000000000000 4000000000000000000 4000000000000000000 4000000000000000000 4000000000000000000 4000000000000000000 4000000000000000000 4000000000000000000 0 4000000000000000000 4000000000000000000 4000000000000000000 4000000000000000000 4000000000000000000 33 36 4000000000000000000 4000000000000000000 21 54 4000000000000000000 4000000000000000000 20 65 4000000000000000000 46 4000000000000000000 82 85 53 50 -4 64 76 -8 9 55 -7 2 19 
4000000000000000000 4000000000000000000 4000000000000000000 4000000000000000000 4000000000000000000 4000000000000000000 4000000000000000000 4000000000000000000 4000000000000000000 4000000000000000000 4000000000000000000 4000000000000000000 4000000000000000000 4000000000000000000 4000000000000000000 4000000000000000000 4000000000000000000 4000000000000000000 4000000000000000000 4000000000000000000 4000000000000000000 4000000000000000000 4000000000000000000 4000000000000000000 4000000000000000000 4000000000000000000 4000000000000000000 4000000000000000000 4000000000000000000 4000000000000000000 4000000000000000000 4000000000000000000 4000000000000000000 4000000000000000000 4000000000000000000 4000000000000000000 4000000000000000000 4000000000000000000 4000000000000000000 4000000000000000000 4000000000000000000 4000000000000000000 4000000000000000000 4000000000000000000 4000000000000000000 4000000000000000000 4000000000000000000 4000000000000000000 4000000000000000000 4000000000000000000 4000000000000000000 4000000000000000000 4000000000000000000 4000000000000000000 4000000000000000000 4000000000000000000 4000000000000000000 4000000000000000000 4000000000000000000 4000000000000000000 4000000000000000000 4000000000000000000 4000000000000000000 4000000000000000000 4000000000000000000 4000000000000000000 4000000000000000000 4000000000000000000 4000000000000000000 0 4000000000000000000 12 16 4000000000000000000 4000000000000000000 21 4000000000000000000 4000000000000000000 4000000000000000000 29 4000000000000000000 4000000000000000000 58 40 4000000000000000000 21 4000000000000000000 12 47 91 4000000000000000000 32 102 114 28 32 30 46 55 25 
4000000000000000000 4000000000000000000 4000000000000000000 4000000000000000000 4000000000000000000 4000000000000000000 4000000000000000000 4000000000000000000 4000000000000000000 4000000000000000000 4000000000000000000 4000000000000000000 4000000000000000000 4000000000000000000 4000000000000000000 4000000000000000000 4000000000000000000 4000000000000000000 4000000000000000000 4000000000000000000 4000000000000000000 4000000000000000000 4000000000000000000 4000000000000000000 4000000000000000000 4000000000000000000 4000000000000000000 4000000000000000000 4000000000000000000 4000000000000000000 4000000000000000000 4000000000000000000 4000000000000000000 4000000000000000000 4000000000000000000 4000000000000000000 4000000000000000000 4000000000000000000 4000000000000000000 4000000000000000000 4000000000000000000 4000000000000000000 4000000000000000000 4000000000000000000 4000000000000000000 4000000000000000000 4000000000000000000 4000000000000000000 4000000000000000000 4000000000000000000 4000000000000000000 4000000000000000000 4000000000000000000 4000000000000000000 4000000000000000000 4000000000000000000 4000000000000000000 4000000000000000000 4000000000000000000 4000000000000000000 4000000000000000000 4000000000000000000 4000000000000000000 4000000000000000000 4000000000000000000 4000000000000000000 4000000000000000000 4000000000000000000 4000000000000000000 4000000000000000000 0 4000000000000000000 4000000000000000000 4000000000000000000 4000000000000000000 4000000000000000000 4000000000000000000 4000000000000000000 4000000000000000000 4000000000000000000 4000000000000000000 4000000000000000000 3 4000000000000000000 4000000000000000000 4000000000000000000 4000000000000000000 4000000000000000000 4000000000000000000 36 4000000000000000000 4000000000000000000 47 59 92 36 54 -7 2 21 
4000000000000000000 4000000000000000000 4000000000000000000 4000000000000000000 4000000000000000000 4000000000000000000 4000000000000000000 4000000000000000000 4000000000000000000 4000000000000000000 4000000000000000000 4000000000000000000 4000000000000000000 4000000000000000000 4000000000000000000 4000000000000000000 4000000000000000000 4000000000000000000 4000000000000000000 4000000000000000000 4000000000000000000 4000000000000000000 4000000000000000000 4000000000000000000 4000000000000000000 4000000000000000000 4000000000000000000 4000000000000000000 4000000000000000000 4000000000000000000 4000000000000000000 4000000000000000000 4000000000000000000 4000000000000000000 4000000000000000000 4000000000000000000 4000000000000000000 4000000000000000000 4000000000000000000 4000000000000000000 4000000000000000000 4000000000000000000 4000000000000000000 4000000000000000000 4000000000000000000 4000000000000000000 4000000000000000000 4000000000000000000 4000000000000000000 4000000000000000000 4000000000000000000 4000000000000000000 4000000000000000000 4000000000000000000 4000000000000000000 4000000000000000000 4000000000000000000 4000000000000000000 4000000000000000000 4000000000000000000 4000000000000000000 4000000000000000000 4000000000000000000 4000000000000000000 4000000000000000000 4000000000000000000 4000000000000000000 4000000000000000000 4000000000000000000 4000000000000000000 4000000000000000000 0 4000000000000000000 4000000000000000000 4000000000000000000 9 4000000000000000000 4000000000000000000 4000000000000000000 27 4000000000000000000 4000000000000000000 4000000000000000000 38 4000000000000000000 19 4000000000000000000 20 58 4000000000000000000 4000000000000000000 30 4000000000000000000 4000000000000000000 26 40 28 44 53 23 
4000000000000000000 4000000000000000000 4000000000000000000 4000000000000000000 4000000000000000000 4000000000000000000 4000000000000000000 4000000000000000000 4000000000000000000 4000000000000000000 4000000000000000000 4000000000000000000 4000000000000000000 4000000000000000000 4000000000000000000 4000000000000000000 4000000000000000000 4000000000000000000 4000000000000000000 4000000000000000000 4000000000000000000 4000000000000000000 4000000000000000000 4000000000000000000 4000000000000000000 4000000000000000000 4000000000000000000 4000000000000000000 4000000000000000000 4000000000000000000 4000000000000000000 4000000000000000000 4000000000000000000 4000000000000000000 4000000000000000000 4000000000000000000 4000000000000000000 4000000000000000000 4000000000000000000 4000000000000000000 4000000000000000000 4000000000000000000 4000000000000000000 4000000000000000000 4000000000000000000 4000000000000000000 4000000000000000000 4000000000000000000 4000000000000000000 4000000000000000000 4000000000000000000 4000000000000000000 4000000000000000000 4000000000000000000 4000000000000000000 4000000000000000000 4000000000000000000 4000000000000000000 4000000000000000000 4000000000000000000 4000000000000000000 4000000000000000000 4000000000000000000 4000000000000000000 4000000000000000000 4000000000000000000 4000000000000000000 4000000000000000000 4000000000000000000 4000000000000000000 4000000000000000000 4000000000000000000 0 4000000000000000000 4000000000000000000 4000000000000000000 4000000000000000000 4000000000000000000 4000000000000000000 13 4000000000000000000 4000000000000000000 42 24 4000000000000000000 5 4000000000000000000 41 31 75 4000000000000000000 16 86 98 12 29 14 30 39 9 
4000000000000000000 4000000000000000000 4000000000000000000 4000000000000000000 4000000000000000000 4000000000000000000 4000000000000000000 4000000000000000000 4000000000000000000 4000000000000000000 4000000000000000000 4000000000000000000 4000000000000000000 4000000000000000000 4000000000000000000 4000000000000000000 4000000000000000000 4000000000000000000 4000000000000000000 4000000000000000000 4000000000000000000 4000000000000000000 4000000000000000000 4000000000000000000 4000000000000000000 4000000000000000000 4000000000000000000 4000000000000000000 4000000000000000000 4000000000000000000 4000000000000000000 4000000000000000000 4000000000000000000 4000000000000000000 4000000000000000000 4000000000000000000 4000000000000000000 4000000000000000000 4000000000000000000 4000000000000000000 4000000000000000000 4000000000000000000 4000000000000000000 4000000000000000000 4000000000000000000 4000000000000000000 4000000000000000000 4000000000000000000 4000000000000000000 4000000000000000000 4000000000000000000 4000000000000000000 4000000000000000000 4000000000000000000 4000000000000000000 4000000000000000000 4000000000000000000 4000000000000000000 4000000000000000000 4000000000000000000 4000000000000000000 4000000000000000000 4000000000000000000 4000000000000000000 4000000000000000000 4000000000000000000 4000000000000000000 4000000000000000000 4000000000000000000 4000000000000000000 4000000000000000000 4000000000000000000 4000000000000000000 0 47 50 4000000000000000000 32 62 68 4000000000000000000 4000000000000000000 4000000000000000000 79 4000000000000000000 60 4000000000000000000 96 99 4000000000000000000 -1 71 49 61 32 11 56 38 47 51 
4000000000000000000 4000000000000000000 4000000000000000000 4000000000000000000 4000000000000000000 4000000000000000000 4000000000000000000 4000000000000000000 4000000000000000000 4000000000000000000 4000000000000000000 4000000000000000000 4000000000000000000 4000000000000000000 4000000000000000000 4000000000000000000 4000000000000000000 4000000000000000000 4000000000000000000 4000000000000000000 4000000000000000000 4000000000000000000 4000000000000000000 4000000000000000000 4000000000000000000 4000000000000000000 4000000000000000000 4000000000000000000 4000000000000000000 4000000000000000000 4000000000000000000 4000000000000000000 4000000000000000000 4000000000000000000 4000000000000000000 4000000000000000000 4000000000000000000 4000000000000000000 4000000000000000000 4000000000000000000 4000000000000000000 4000000000000000000 4000000000000000000 4000000000000000000 4000000000000000000 4000000000000000000 4000000000000000000 4000000000000000000 4000000000000000000 4000000000000000000 4000000000000000000 4000000000000000000 4000000000000000000 4000000000000000000 4000000000000000000 4000000000000000000 4000000000000000000 4000000000000000000 4000000000000000000 4000000000000000000 4000000000000000000 4000000000000000000 4000000000000000000 4000000000000000000 4000000000000000000 4000000000000000000 4000000000000000000 4000000000000000000 4000000000000000000 4000000000000000000 4000000000000000000 4000000000000000000 4000000000000000000 4000000000000000000 0 3 4000000000000000000 4000000000000000000 4000000000000000000 21 4000000000000000000 4000000000000000000 4000000000000000000 32 4000000000000000000 13 4000000000000000000 49 52 4000000000000000000 4000000000000000000 24 4000000000000000000 4000000000000000000 20 37 22 38 47 17 
4000000000000000000 4000000000000000000 4000000000000000000 4000000000000000000 4000000000000000000 4000000000000000000 4000000000000000000 4000000000000000000 4000000000000000000 4000000000000000000 4000000000000000000 4000000000000000000 4000000000000000000 4000000000000000000 4000000000000000000 4000000000000000000 4000000000000000000 4000000000000000000 4000000000000000000 4000000000000000000 4000000000000000000 4000000000000000000 4000000000000000000 4000000000000000000 4000000000000000000 4000000000000000000 4000000000000000000 4000000000000000000 4000000000000000000 4000000000000000000 4000000000000000000 4000000000000000000 4000000000000000000 4000000000000000000 4000000000000000000 4000000000000000000 4000000000000000000 4000000000000000000 4000000000000000000 4000000000000000000 4000000000000000000 4000000000000000000 4000000000000000000 4000000000000000000 4000000000000000000 4000000000000000000 4000000000000000000 4000000000000000000 4000000000000000000 4000000000000000000 4000000000000000000 4000000000000000000 4000000000000000000 4000000000000000000 4000000000000000000 4000000000000000000 4000000000000000000 4000000000000000000 4000000000000000000 4000000000000000000 4000000000000000000 4000000000000000000 4000000000000000000 4000000000000000000 4000000000000000000 4000000000000000000 4000000000000000000 4000000000000000000 4000000000000000000 4000000000000000000 4000000000000000000 4000000000000000000 4000000000000000000 4000000000000000000 4000000000000000000 0 4000000000000000000 4000000000000000000 4000000000000000000 18 4000000000000000000 4000000000000000000 4000000000000000000 29 4000000000000000000 10 4000000000000000000 46 49 4000000000000000000 4000000000000000000 21 4000000000000000000 4000000000000000000 17 34 19 35 44 14 
4000000000000000000 4000000000000000000 4000000000000000000 4000000000000000000 4000000000000000000 4000000000000000000 4000000000000000000 4000000000000000000 4000000000000000000 4000000000000000000 4000000000000000000 4000000000000000000 4000000000000000000 4000000000000000000 4000000000000000000 4000000000000000000 4000000000000000000 4000000000000000000 4000000000000000000 4000000000000000000 4000000000000000000 4000000000000000000 4000000000000000000 4000000000000000000 4000000000000000000 4000000000000000000 4000000000000000000 4000000000000000000 4000000000000000000 4000000000000000000 4000000000000000000 4000000000000000000 4000000000000000000 4000000000000000000 4000000000000000000 4000000000000000000 4000000000000000000 4000000000000000000 4000000000000000000 4000000000000000000 4000000000000000000 4000000000000000000 4000000000000000000 4000000000000000000 4000000000000000000 4000000000000000000 4000000000000000000 4000000000000000000 4000000000000000000 4000000000000000000 4000000000000000000 4000000000000000000 4000000000000000000 4000000000000000000 4000000000000000000 4000000000000000000 4000000000000000000 4000000000000000000 4000000000000000000 4000000000000000000 4000000000000000000 4000000000000000000 4000000000000000000 4000000000000000000 4000000000000000000 4000000000000000000 4000000000000000000 4000000000000000000 4000000000000000000 4000000000000000000 4000000000000000000 4000000000000000000 4000000000000000000 4000000000000000000 4000000000000000000 4000000000000000000 0 4000000000000000000 4000000000000000000 4000000000000000000 4000000000000000000 4000000000000000000 4000000000000000000 4000000000000000000 4000000000000000000 4000000000000000000 4000000000000000000 4000000000000000000 8 4000000000000000000 4000000000000000000 4000000000000000000 4000000000000000000 4000000000000000000 4000000000000000000 4000000000000000000 32 4000000000000000000 4000000000000000000 27 
4000000000000000000 4000000000000000000 4000000000000000000 4000000000000000000 4000000000000000000 4000000000000000000 4000000000000000000 4000000000000000000 4000000000000000000 4000000000000000000 4000000000000000000 4000000000000000000 4000000000000000000 4000000000000000000 4000000000000000000 4000000000000000000 4000000000000000000 4000000000000000000 4000000000000000000 4000000000000000000 4000000000000000000 4000000000000000000 4000000000000000000 4000000000000000000 4000000000000000000 4000000000000000000 4000000000000000000 4000000000000000000 4000000000000000000 4000000000000000000 4000000000000000000 4000000000000000000 4000000000000000000 4000000000000000000 4000000000000000000 4000000000000000000 4000000000000000000 4000000000000000000 4000000000000000000 4000000000000000000 4000000000000000000 4000000000000000000 4000000000000000000 4000000000000000000 4000000000000000000 4000000000000000000 4000000000000000000 4000000000000000000 4000000000000000000 4000000000000000000 4000000000000000000 4000000000000000000 4000000000000000000 4000000000000000000 4000000000000000000 4000000000000000000 4000000000000000000 4000000000000000000 4000000000000000000 4000000000000000000 4000000000000000000 4000000000000000000 4000000000000000000 4000000000000000000 4000000000000000000 4000000000000000000 4000000000000000000 4000000000000000000 4000000000000000000 4000000000000000000 4000000000000000000 4000000000000000000 4000000000000000000 4000000000000000000 4000000000000000000 4000000000000000000 4000000000000000000 0 30 4000000000000000000 4000000000000000000 4000000000000000000 4000000000000000000 4000000000000000000 4000000000000000000 4000000000000000000 4000000000000000000 4000000000000000000 4000000000000000000 4000000000000000000 59 52 109 121 48 65 116 66 75 94 
4000000000000000000 4000000000000000000 4000000000000000000 4000000000000000000 4000000000000000000 4000000000000000000 4000000000000000000 4000000000000000000 4000000000000000000 4000000000000000000 4000000000000000000 4000000000000000000 4000000000000000000 4000000000000000000 4000000000000000000 4000000000000000000 4000000000000000000 4000000000000000000 4000000000000000000 4000000000000000000 4000000000000000000 4000000000000000000 4000000000000000000 4000000000000000000 4000000000000000000 4000000000000000000 4000000000000000000 4000000000000000000 4000000000000000000 4000000000000000000 4000000000000000000 4000000000000000000 4000000000000000000 4000000000000000000 4000000000000000000 4000000000000000000 4000000000000000000 4000000000000000000 4000000000000000000 4000000000000000000 4000000000000000000 4000000000000000000 4000000000000000000 4000000000000000000 4000000000000000000 4000000000000000000 4000000000000000000 4000000000000000000 4000000000000000000 4000000000000000000 4000000000000000000 4000000000000000000 4000000000000000000 4000000000000000000 4000000000000000000 4000000000000000000 4000000000000000000 4000000000000000000 4000000000000000000 4000000000000000000 4000000000000000000 4000000000000000000 4000000000000000000 4000000000000000000 4000000000000000000 4000000000000000000 4000000000000000000 4000000000000000000 4000000000000000000 4000000000000000000 4000000000000000000 4000000000000000000 4000000000000000000 4000000000000000000 4000000000000000000 4000000000000000000 4000000000000000000 4000000000000000000 0 4000000000000000000 4000000000000000000 4000000000000000000 4000000000000000000 4000000000000000000 4000000000000000000 4000000000000000000 4000000000000000000 4000000000000000000 4000000000000000000 4000000000000000000 29 22 79 91 18 35 86 36 45 64 
4000000000000000000 4000000000000000000 4000000000000000000 4000000000000000000 4000000000000000000 4000000000000000000 4000000000000000000 4000000000000000000 4000000000000000000 4000000000000000000 4000000000000000000 4000000000000000000 4000000000000000000 4000000000000000000 4000000000000000000 4000000000000000000 4000000000000000000 4000000000000000000 4000000000000000000 4000000000000000000 4000000000000000000 4000000000000000000 4000000000000000000 4000000000000000000 4000000000000000000 4000000000000000000 4000000000000000000 4000000000000000000 4000000000000000000 4000000000000000000 4000000000000000000 4000000000000000000 4000000000000000000 4000000000000000000 4000000000000000000 4000000000000000000 4000000000000000000 4000000000000000000 4000000000000000000 4000000000000000000 4000000000000000000 4000000000000000000 4000000000000000000 4000000000000000000 4000000000000000000 4000000000000000000 4000000000000000000 4000000000000000000 4000000000000000000 4000000000000000000 4000000000000000000 4000000000000000000 4000000000000000000 4000000000000000000 4000000000000000000 4000000000000000000 4000000000000000000 4000000000000000000 4000000000000000000 4000000000000000000 4000000000000000000 4000000000000000000 4000000000000000000 4000000000000000000 4000000000000000000 4000000000000000000 4000000000000000000 4000000000000000000 4000000000000000000 4000000000000000000 4000000000000000000 4000000000000000000 4000000000000000000 4000000000000000000 4000000000000000000 4000000000000000000 4000000000000000000 4000000000000000000 4000000000000000000 0 4000000000000000000 4000000000000000000 4000000000000000000 11 4000000000000000000 -8 4000000000000000000 28 31 4000000000000000000 4000000000000000000 3 4000000000000000000 4000000000000000000 -1 16 1 17 26 -4 
4000000000000000000 4000000000000000000 4000000000000000000 4000000000000000000 4000000000000000000 4000000000000000000 4000000000000000000 4000000000000000000 4000000000000000000 4000000000000000000 4000000000000000000 4000000000000000000 4000000000000000000 4000000000000000000 4000000000000000000 4000000000000000000 4000000000000000000 4000000000000000000 4000000000000000000 4000000000000000000 4000000000000000000 4000000000000000000 4000000000000000000 4000000000000000000 4000000000000000000 4000000000000000000 4000000000000000000 4000000000000000000 4000000000000000000 4000000000000000000 4000000000000000000 4000000000000000000 4000000000000000000 4000000000000000000 4000000000000000000 4000000000000000000 4000000000000000000 4000000000000000000 4000000000000000000 4000000000000000000 4000000000000000000 4000000000000000000 4000000000000000000 4000000000000000000 4000000000000000000 4000000000000000000 4000000000000000000 4000000000000000000 4000000000000000000 4000000000000000000 4000000000000000000 4000000000000000000 4000000000000000000 4000000000000000000 4000000000000000000 4000000000000000000 4000000000000000000 4000000000000000000 4000000000000000000 4000000000000000000 4000000000000000000 4000000000000000000 4000000000000000000 4000000000000000000 4000000000000000000 4000000000000000000 4000000000000000000 4000000000000000000 4000000000000000000 4000000000000000000 4000000000000000000 4000000000000000000 4000000000000000000 4000000000000000000 4000000000000000000 4000000000000000000 4000000000000000000 4000000000000000000 4000000000000000000 4000000000000000000 0 4000000000000000000 4000000000000000000 4000000000000000000 22 4000000000000000000 4000000000000000000 4000000000000000000 23 4000000000000000000 4000000000000000000 4000000000000000000 4000000000000000000 4000000000000000000 4000000000000000000 4000000000000000000 47 4000000000000000000 4000000000000000000 42 
4000000000000000000 4000000000000000000 4000000000000000000 4000000000000000000 4000000000000000000 4000000000000000000 4000000000000000000 4000000000000000000 4000000000000000000 4000000000000000000 4000000000000000000 4000000000000000000 4000000000000000000 4000000000000000000 4000000000000000000 4000000000000000000 4000000000000000000 4000000000000000000 4000000000000000000 4000000000000000000 4000000000000000000 4000000000000000000 4000000000000000000 4000000000000000000 4000000000000000000 4000000000000000000 4000000000000000000 4000000000000000000 4000000000000000000 4000000000000000000 4000000000000000000 4000000000000000000 4000000000000000000 4000000000000000000 4000000000000000000 4000000000000000000 4000000000000000000 4000000000000000000 4000000000000000000 4000000000000000000 4000000000000000000 4000000000000000000 4000000000000000000 4000000000000000000 4000000000000000000 4000000000000000000 4000000000000000000 4000000000000000000 4000000000000000000 4000000000000000000 4000000000000000000 4000000000000000000 4000000000000000000 4000000000000000000 4000000000000000000 4000000000000000000 4000000000000000000 4000000000000000000 4000000000000000000 4000000000000000000 4000000000000000000 4000000000000000000 4000000000000000000 4000000000000000000 4000000000000000000 4000000000000000000 4000000000000000000 4000000000000000000 4000000000000000000 4000000000000000000 4000000000000000000 4000000000000000000 4000000000000000000 4000000000000000000 4000000000000000000 4000000000000000000 4000000000000000000 4000000000000000000 4000000000000000000 4000000000000000000 4000000000000000000 0 4000000000000000000 4000000000000000000 4000000000000000000 4000000000000000000 4000000000000000000 50 4000000000000000000 4000000000000000000 4000000000000000000 4000000000000000000 4000000000000000000 4000000000000000000 4000000000000000000 6 4000000000000000000 4000000000000000000 4000000000000000000 4000000000000000000 
4000000000000000000 4000000000000000000 4000000000000000000 4000000000000000000 4000000000000000000 4000000000000000000 4000000000000000000 4000000000000000000 4000000000000000000 4000000000000000000 4000000000000000000 4000000000000000000 4000000000000000000 4000000000000000000 4000000000000000000 4000000000000000000 4000000000000000000 4000000000000000000 4000000000000000000 4000000000000000000 4000000000000000000 4000000000000000000 4000000000000000000 4000000000000000000 4000000000000000000 4000000000000000000 4000000000000000000 4000000000000000000 4000000000000000000 4000000000000000000 4000000000000000000 4000000000000000000 4000000000000000000 4000000000000000000 4000000000000000000 4000000000000000000 4000000000000000000 4000000000000000000 4000000000000000000 4000000000000000000 4000000000000000000 4000000000000000000 4000000000000000000 4000000000000000000 4000000000000000000 4000000000000000000 4000000000000000000 4000000000000000000 4000000000000000000 4000000000000000000 4000000000000000000 4000000000000000000 4000000000000000000 4000000000000000000 4000000000000000000 4000000000000000000 4000000000000000000 4000000000000000000 4000000000000000000 4000000000000000000 4000000000000000000 4000000000000000000 4000000000000000000 4000000000000000000 4000000000000000000 4000000000000000000 4000000000000000000 4000000000000000000 4000000000000000000 4000000000000000000 4000000000000000000 4000000000000000000 4000000000000000000 4000000000000000000 4000000000000000000 4000000000000000000 4000000000000000000 4000000000000000000 4000000000000000000 4000000000000000000 4000000000000000000 4000000000000000000 0 4000000000000000000 4000000000000000000 4000000000000000000 4000000000000000000 4000000000000000000 4000000000000000000 33 4000000000000000000 4000000000000000000 44 56 89 33 51 -10 -1 18 
4000000000000000000 4000000000000000000 4000000000000000000 4000000000000000000 4000000000000000000 4000000000000000000 4000000000000000000 4000000000000000000 4000000000000000000 4000000000000000000 4000000000000000000 4000000000000000000 4000000000000000000 4000000000000000000 4000000000000000000 4000000000000000000 4000000000000000000 4000000000000000000 4000000000000000000 4000000000000000000 4000000000000000000 4000000000000000000 4000000000000000000 4000000000000000000 4000000000000000000 4000000000000000000 4000000000000000000 4000000000000000000 4000000000000000000 4000000000000000000 4000000000000000000 4000000000000000000 4000000000000000000 4000000000000000000 4000000000000000000 4000000000000000000 4000000000000000000 4000000000000000000 4000000000000000000 4000000000000000000 4000000000000000000 4000000000000000000 4000000000000000000 4000000000000000000 4000000000000000000 4000000000000000000 4000000000000000000 4000000000000000000 4000000000000000000 4000000000000000000 4000000000000000000 4000000000000000000 4000000000000000000 4000000000000000000 4000000000000000000 4000000000000000000 4000000000000000000 4000000000000000000 4000000000000000000 4000000000000000000 4000000000000000000 4000000000000000000 4000000000000000000 4000000000000000000 4000000000000000000 4000000000000000000 4000000000000000000 4000000000000000000 4000000000000000000 4000000000000000000 4000000000000000000 4000000000000000000 4000000000000000000 4000000000000000000 4000000000000000000 4000000000000000000 4000000000000000000 4000000000000000000 4000000000000000000 4000000000000000000 4000000000000000000 4000000000000000000 4000000000000000000 0 4000000000000000000 4000000000000000000 4000000000000000000 4000000000000000000 4000000000000000000 4000000000000000000 4000000000000000000 4000000000000000000 4000000000000000000 4000000000000000000 4000000000000000000 4000000000000000000 4000000000000000000 4000000000000000000 4000000000000000000 0 
4000000000000000000 4000000000000000000 4000000000000000000 4000000000000000000 4000000000000000000 4000000000000000000 4000000000000000000 4000000000000000000 4000000000000000000 4000000000000000000 4000000000000000000 4000000000000000000 4000000000000000000 4000000000000000000 4000000000000000000 4000000000000000000 4000000000000000000 4000000000000000000 4000000000000000000 4000000000000000000 4000000000000000000 4000000000000000000 4000000000000000000 4000000000000000000 4000000000000000000 4000000000000000000 4000000000000000000 4000000000000000000 4000000000000000000 4000000000000000000 4000000000000000000 4000000000000000000 4000000000000000000 4000000000000000000 4000000000000000000 4000000000000000000 4000000000000000000 4000000000000000000 4000000000000000000 4000000000000000000 4000000000000000000 4000000000000000000 4000000000000000000 4000000000000000000 4000000000000000000 4000000000000000000 4000000000000000000 4000000000000000000 4000000000000000000 4000000000000000000 4000000000000000000 4000000000000000000 4000000000000000000 4000000000000000000 4000000000000000000 4000000000000000000 4000000000000000000 4000000000000000000 4000000000000000000 4000000000000000000 4000000000000000000 4000000000000000000 4000000000000000000 4000000000000000000 4000000000000000000 4000000000000000000 4000000000000000000 4000000000000000000 4000000000000000000 4000000000000000000 4000000000000000000 4000000000000000000 4000000000000000000 4000000000000000000 4000000000000000000 4000000000000000000 4000000000000000000 4000000000000000000 4000000000000000000 4000000000000000000 4000000000000000000 4000000000000000000 4000000000000000000 4000000000000000000 0 4000000000000000000 4000000000000000000 4000000000000000000 4000000000000000000 4000000000000000000 4000000000000000000 4000000000000000000 4000000000000000000 4000000000000000000 4000000000000000000 4000000000000000000 4000000000000000000 4000000000000000000 4000000000000000000 4000000000000000000 
4000000000000000000 4000000000000000000 4000000000000000000 4000000000000000000 4000000000000000000 4000000000000000000 4000000000000000000 4000000000000000000 4000000000000000000 4000000000000000000 4000000000000000000 4000000000000000000 4000000000000000000 4000000000000000000 4000000000000000000 4000000000000000000 4000000000000000000 4000000000000000000 4000000000000000000 4000000000000000000 4000000000000000000 4000000000000000000 4000000000000000000 4000000000000000000 4000000000000000000 4000000000000000000 4000000000000000000 4000000000000000000 4000000000000000000 4000000000000000000 4000000000000000000 4000000000000000000 4000000000000000000 4000000000000000000 4000000000000000000 4000000000000000000 4000000000000000000 4000000000000000000 4000000000000000000 4000000000000000000 4000000000000000000 4000000000000000000 4000000000000000000 4000000000000000000 4000000000000000000 4000000000000000000 4000000000000000000 4000000000000000000 4000000000000000000 4000000000000000000 4000000000000000000 4000000000000000000 4000000000000000000 4000000000000000000 4000000000000000000 4000000000000000000 4000000000000000000 4000000000000000000 4000000000000000000 4000000000000000000 4000000000000000000 4000000000000000000 4000000000000000000 4000000000000000000 4000000000000000000 4000000000000000000 4000000000000000000 4000000000000000000 4000000000000000000 4000000000000000000 4000000000000000000 4000000000000000000 4000000000000000000 4000000000000000000 4000000000000000000 4000000000000000000 4000000000000000000 4000000000000000000 4000000000000000000 4000000000000000000 4000000000000000000 4000000000000000000 4000000000000000000 4000000000000000000 4000000000000000000 0 4000000000000000000 4000000000000000000 39 4000000000000000000 4000000000000000000 11 4000000000000000000 4000000000000000000 7 24 63 25 34 53 
4000000000000000000 4000000000000000000 4000000000000000000 4000000000000000000 4000000000000000000 4000000000000000000 4000000000000000000 4000000000000000000 4000000000000000000 4000000000000000000 4000000000000000000 4000000000000000000 4000000000000000000 4000000000000000000 4000000000000000000 4000000000000000000 4000000000000000000 4000000000000000000 4000000000000000000 4000000000000000000 4000000000000000000 4000000000000000000 4000000000000000000 4000000000000000000 4000000000000000000 4000000000000000000 4000000000000000000 4000000000000000000 4000000000000000000 4000000000000000000 4000000000000000000 4000000000000000000 4000000000000000000 4000000000000000000 4000000000000000000 4000000000000000000 4000000000000000000 4000000000000000000 4000000000000000000 4000000000000000000 4000000000000000000 4000000000000000000 4000000000000000000 4000000000000000000 4000000000000000000 4000000000000000000 4000000000000000000 4000000000000000000 4000000000000000000 4000000000000000000 4000000000000000000 4000000000000000000 4000000000000000000 4000000000000000000 4000000000000000000 4000000000000000000 4000000000000000000 4000000000000000000 4000000000000000000 4000000000000000000 4000000000000000000 4000000000000000000 4000000000000000000 4000000000000000000 4000000000000000000 4000000000000000000 4000000000000000000 4000000000000000000 4000000000000000000 4000000000000000000 4000000000000000000 4000000000000000000 4000000000000000000 4000000000000000000 4000000000000000000 4000000000000000000 4000000000000000000 4000000000000000000 4000000000000000000 4000000000000000000 4000000000000000000 4000000000000000000 4000000000000000000 4000000000000000000 4000000000000000000 4000000000000000000 0 4000000000000000000 4000000000000000000 4000000000000000000 4000000000000000000 4000000000000000000 4000000000000000000 4000000000000000000 4000000000000000000 4000000000000000000 4000000000000000000 4000000000000000000 4000000000000000000 4000000000000000000 
4000000000000000000 4000000000000000000 4000000000000000000 4000000000000000000 4000000000000000000 4000000000000000000 4000000000000000000 4000000000000000000 4000000000000000000 4000000000000000000 4000000000000000000 4000000000000000000 4000000000000000000 4000000000000000000 4000000000000000000 4000000000000000000 4000000000000000000 4000000000000000000 4000000000000000000 4000000000000000000 4000000000000000000 4000000000000000000 4000000000000000000 4000000000000000000 4000000000000000000 4000000000000000000 4000000000000000000 4000000000000000000 4000000000000000000 4000000000000000000 4000000000000000000 4000000000000000000 4000000000000000000 4000000000000000000 4000000000000000000 4000000000000000000 4000000000000000000 4000000000000000000 4000000000000000000 4000000000000000000 4000000000000000000 4000000000000000000 4000000000000000000 4000000000000000000 4000000000000000000 4000000000000000000 4000000000000000000 4000000000000000000 4000000000000000000 4000000000000000000 4000000000000000000 4000000000000000000 4000000000000000000 4000000000000000000 4000000000000000000 4000000000000000000 4000000000000000000 4000000000000000000 4000000000000000000 4000000000000000000 4000000000000000000 4000000000000000000 4000000000000000000 4000000000000000000 4000000000000000000 4000000000000000000 4000000000000000000 4000000000000000000 4000000000000000000 4000000000000000000 4000000000000000000 4000000000000000000 4000000000000000000 4000000000000000000 4000000000000000000 4000000000000000000 4000000000000000000 4000000000000000000 4000000000000000000 4000000000000000000 4000000000000000000 4000000000000000000 4000000000000000000 4000000000000000000 4000000000000000000 4000000000000000000 4000000000000000000 0 4000000000000000000 4000000000000000000 4000000000000000000 4000000000000000000 4000000000000000000 4000000000000000000 4000000000000000000 20 4000000000000000000 4000000000000000000 4000000000000000000 4000000000000000000 
4000000000000000000 4000000000000000000 4000000000000000000 4000000000000000000 4000000000000000000 4000000000000000000 4000000000000000000 4000000000000000000 4000000000000000000 4000000000000000000 4000000000000000000 4000000000000000000 4000000000000000000 4000000000000000000 4000000000000000000 4000000000000000000 4000000000000000000 4000000000000000000 4000000000000000000 4000000000000000000 4000000000000000000 4000000000000000000 4000000000000000000 4000000000000000000 4000000000000000000 4000000000000000000 4000000000000000000 4000000000000000000 4000000000000000000 4000000000000000000 4000000000000000000 4000000000000000000 4000000000000000000 4000000000000000000 4000000000000000000 4000000000000000000 4000000000000000000 4000000000000000000 4000000000000000000 4000000000000000000 4000000000000000000 4000000000000000000 4000000000000000000 4000000000000000000 4000000000000000000 4000000000000000000 4000000000000000000 4000000000000000000 4000000000000000000 4000000000000000000 4000000000000000000 4000000000000000000 4000000000000000000 4000000000000000000 4000000000000000000 4000000000000000000 4000000000000000000 4000000000000000000 4000000000000000000 4000000000000000000 4000000000000000000 4000000000000000000 4000000000000000000 4000000000000000000 4000000000000000000 4000000000000000000 4000000000000000000 4000000000000000000 4000000000000000000 4000000000000000000 4000000000000000000 4000000000000000000 4000000000000000000 4000000000000000000 4000000000000000000 4000000000000000000 4000000000000000000 4000000000000000000 4000000000000000000 4000000000000000000 4000000000000000000 4000000000000000000 4000000000000000000 4000000000000000000 4000000000000000000 4000000000000000000 4000000000000000000 4000000000000000000 0 4000000000000000000 4000000000000000000 4000000000000000000 4000000000000000000 4000000000000000000 4000000000000000000 4000000000000000000 24 4000000000000000000 4000000000000000000 19 
4000000000000000000 4000000000000000000 4000000000000000000 4000000000000000000 4000000000000000000 4000000000000000000 4000000000000000000 4000000000000000000 4000000000000000000 4000000000000000000 4000000000000000000 4000000000000000000 4000000000000000000 4000000000000000000 4000000000000000000 4000000000000000000 4000000000000000000 4000000000000000000 4000000000000000000 4000000000000000000 4000000000000000000 4000000000000000000 4000000000000000000 4000000000000000000 4000000000000000000 4000000000000000000 4000000000000000000 4000000000000000000 4000000000000000000 4000000000000000000 4000000000000000000 4000000000000000000 4000000000000000000 4000000000000000000 4000000000000000000 4000000000000000000 4000000000000000000 4000000000000000000 4000000000000000000 4000000000000000000 4000000000000000000 4000000000000000000 4000000000000000000 4000000000000000000 4000000000000000000 4000000000000000000 4000000000000000000 4000000000000000000 4000000000000000000 4000000000000000000 4000000000000000000 4000000000000000000 4000000000000000000 4000000000000000000 4000000000000000000 4000000000000000000 4000000000000000000 4000000000000000000 4000000000000000000 4000000000000000000 4000000000000000000 4000000000000000000 4000000000000000000 4000000000000000000 4000000000000000000 4000000000000000000 4000000000000000000 4000000000000000000 4000000000000000000 4000000000000000000 4000000000000000000 4000000000000000000 4000000000000000000 4000000000000000000 4000000000000000000 4000000000000000000 4000000000000000000 4000000000000000000 4000000000000000000 4000000000000000000 4000000000000000000 4000000000000000000 4000000000000000000 4000000000000000000 4000000000000000000 4000000000000000000 4000000000000000000 4000000000000000000 4000000000000000000 0 4000000000000000000 4000000000000000000 4000000000000000000 4000000000000000000 4000000000000000000 0 20 4000000000000000000 47 15 
4000000000000000000 4000000000000000000 4000000000000000000 4000000000000000000 4000000000000000000 4000000000000000000 4000000000000000000 4000000000000000000 4000000000000000000 4000000000000000000 4000000000000000000 4000000000000000000 4000000000000000000 4000000000000000000 4000000000000000000 4000000000000000000 4000000000000000000 4000000000000000000 4000000000000000000 4000000000000000000 4000000000000000000 4000000000000000000 4000000000000000000 4000000000000000000 4000000000000000000 4000000000000000000 4000000000000000000 4000000000000000000 4000000000000000000 4000000000000000000 4000000000000000000 4000000000000000000 4000000000000000000 4000000000000000000 4000000000000000000 4000000000000000000 4000000000000000000 4000000000000000000 4000000000000000000 4000000000000000000 4000000000000000000 4000000000000000000 4000000000000000000 4000000000000000000 4000000000000000000 4000000000000000000 4000000000000000000 4000000000000000000 4000000000000000000 4000000000000000000 4000000000000000000 4000000000000000000 4000000000000000000 4000000000000000000 4000000000000000000 4000000000000000000 4000000000000000000 4000000000000000000 4000000000000000000 4000000000000000000 4000000000000000000 4000000000000000000 4000000000000000000 4000000000000000000 4000000000000000000 4000000000000000000 4000000000000000000 4000000000000000000 4000000000000000000 4000000000000000000 4000000000000000000 4000000000000000000 4000000000000000000 4000000000000000000 4000000000000000000 4000000000000000000 4000000000000000000 4000000000000000000 4000000000000000000 4000000000000000000 4000000000000000000 4000000000000000000 4000000000000000000 4000000000000000000 4000000000000000000 4000000000000000000 4000000000000000000 4000000000000000000 4000000000000000000 4000000000000000000 0 4000000000000000000 50 62 33 12 57 39 48 52 
4000000000000000000 4000000000000000000 4000000000000000000 4000000000000000000 4000000000000000000 4000000000000000000 4000000000000000000 4000000000000000000 4000000000000000000 4000000000000000000 4000000000000000000 4000000000000000000 4000000000000000000 4000000000000000000 4000000000000000000 4000000000000000000 4000000000000000000 4000000000000000000 4000000000000000000 4000000000000000000 4000000000000000000 4000000000000000000 4000000000000000000 4000000000000000000 4000000000000000000 4000000000000000000 4000000000000000000 4000000000000000000 4000000000000000000 4000000000000000000 4000000000000000000 4000000000000000000 4000000000000000000 4000000000000000000 4000000000000000000 4000000000000000000 4000000000000000000 4000000000000000000 4000000000000000000 4000000000000000000 4000000000000000000 4000000000000000000 4000000000000000000 4000000000000000000 4000000000000000000 4000000000000000000 4000000000000000000 4000000000000000000 4000000000000000000 4000000000000000000 4000000000000000000 4000000000000000000 4000000000000000000 4000000000000000000 4000000000000000000 4000000000000000000 4000000000000000000 4000000000000000000 4000000000000000000 4000000000000000000 4000000000000000000 4000000000000000000 4000000000000000000 4000000000000000000 4000000000000000000 4000000000000000000 4000000000000000000 4000000000000000000 4000000000000000000 4000000000000000000 4000000000000000000 4000000000000000000 4000000000000000000 4000000000000000000 4000000000000000000 4000000000000000000 4000000000000000000 4000000000000000000 4000000000000000000 4000000000000000000 4000000000000000000 4000000000000000000 4000000000000000000 4000000000000000000 4000000000000000000 4000000000000000000 4000000000000000000 4000000000000000000 4000000000000000000 4000000000000000000 4000000000000000000 0 4000000000000000000 4000000000000000000 -4 13 4000000000000000000 14 23 42 
4000000000000000000 4000000000000000000 4000000000000000000 4000000000000000000 4000000000000000000 4000000000000000000 4000000000000000000 4000000000000000000 4000000000000000000 4000000000000000000 4000000000000000000 4000000000000000000 4000000000000000000 4000000000000000000 4000000000000000000 4000000000000000000 4000000000000000000 4000000000000000000 4000000000000000000 4000000000000000000 4000000000000000000 4000000000000000000 4000000000000000000 4000000000000000000 4000000000000000000 4000000000000000000 4000000000000000000 4000000000000000000 4000000000000000000 4000000000000000000 4000000000000000000 4000000000000000000 4000000000000000000 4000000000000000000 4000000000000000000 4000000000000000000 4000000000000000000 4000000000000000000 4000000000000000000 4000000000000000000 4000000000000000000 4000000000000000000 4000000000000000000 4000000000000000000 4000000000000000000 4000000000000000000 4000000000000000000 4000000000000000000 4000000000000000000 4000000000000000000 4000000000000000000 4000000000000000000 4000000000000000000 4000000000000000000 4000000000000000000 4000000000000000000 4000000000000000000 4000000000000000000 4000000000000000000 4000000000000000000 4000000000000000000 4000000000000000000 4000000000000000000 4000000000000000000 4000000000000000000 4000000000000000000 4000000000000000000 4000000000000000000 4000000000000000000 4000000000000000000 4000000000000000000 4000000000000000000 4000000000000000000 4000000000000000000 4000000000000000000 4000000000000000000 4000000000000000000 4000000000000000000 4000000000000000000 4000000000000000000 4000000000000000000 4000000000000000000 4000000000000000000 4000000000000000000 4000000000000000000 4000000000000000000 4000000000000000000 4000000000000000000 4000000000000000000 4000000000000000000 4000000000000000000 4000000000000000000 0 12 45 62 7 4000000000000000000 4000000000000000000 2 
4000000000000000000 4000000000000000000 4000000000000000000 4000000000000000000 4000000000000000000 4000000000000000000 4000000000000000000 4000000000000000000 4000000000000000000 4000000000000000000 4000000000000000000 4000000000000000000 4000000000000000000 4000000000000000000 4000000000000000000 4000000000000000000 4000000000000000000 4000000000000000000 4000000000000000000 4000000000000000000 4000000000000000000 4000000000000000000 4000000000000000000 4000000000000000000 4000000000000000000 4000000000000000000 4000000000000000000 4000000000000000000 4000000000000000000 4000000000000000000 4000000000000000000 4000000000000000000 4000000000000000000 4000000000000000000 4000000000000000000 4000000000000000000 4000000000000000000 4000000000000000000 4000000000000000000 4000000000000000000 4000000000000000000 4000000000000000000 4000000000000000000 4000000000000000000 4000000000000000000 4000000000000000000 4000000000000000000 4000000000000000000 4000000000000000000 4000000000000000000 4000000000000000000 4000000000000000000 4000000000000000000 4000000000000000000 4000000000000000000 4000000000000000000 4000000000000000000 4000000000000000000 4000000000000000000 4000000000000000000 4000000000000000000 4000000000000000000 4000000000000000000 4000000000000000000 4000000000000000000 4000000000000000000 4000000000000000000 4000000000000000000 4000000000000000000 4000000000000000000 4000000000000000000 4000000000000000000 4000000000000000000 4000000000000000000 4000000000000000000 4000000000000000000 4000000000000000000 4000000000000000000 4000000000000000000 4000000000000000000 4000000000000000000 4000000000000000000 4000000000000000000 4000000000000000000 4000000000000000000 4000000000000000000 4000000000000000000 4000000000000000000 4000000000000000000 4000000000000000000 4000000000000000000 4000000000000000000 4000000000000000000 0 33 50 -5 4000000000000000000 4000000000000000000 -10 
4000000000000000000 4000000000000000000 4000000000000000000 4000000000000000000 4000000000000000000 4000000000000000000 4000000000000000000 4000000000000000000 4000000000000000000 4000000000000000000 4000000000000000000 4000000000000000000 4000000000000000000 4000000000000000000 4000000000000000000 4000000000000000000 4000000000000000000 4000000000000000000 4000000000000000000 4000000000000000000 4000000000000000000 4000000000000000000 4000000000000000000 4000000000000000000 4000000000000000000 4000000000000000000 4000000000000000000 4000000000000000000 4000000000000000000 4000000000000000000 4000000000000000000 4000000000000000000 4000000000000000000 4000000000000000000 4000000000000000000 4000000000000000000 4000000000000000000 4000000000000000000 4000000000000000000 4000000000000000000 4000000000000000000 4000000000000000000 4000000000000000000 4000000000000000000 4000000000000000000 4000000000000000000 4000000000000000000 4000000000000000000 4000000000000000000 4000000000000000000 4000000000000000000 4000000000000000000 4000000000000000000 4000000000000000000 4000000000000000000 4000000000000000000 4000000000000000000 4000000000000000000 4000000000000000000 4000000000000000000 4000000000000000000 4000000000000000000 4000000000000000000 4000000000000000000 4000000000000000000 4000000000000000000 4000000000000000000 4000000000000000000 4000000000000000000 4000000000000000000 4000000000000000000 4000000000000000000 4000000000000000000 4000000000000000000 4000000000000000000 4000000000000000000 4000000000000000000 4000000000000000000 4000000000000000000 4000000000000000000 4000000000000000000 4000000000000000000 4000000000000000000 4000000000000000000 4000000000000000000 4000000000000000000 4000000000000000000 4000000000000000000 4000000000000000000 4000000000000000000 4000000000000000000 4000000000000000000 4000000000000000000 4000000000000000000 0 17 4000000000000000000 4000000000000000000 4000000000000000000 4000000000000000000 
4000000000000000000 4000000000000000000 4000000000000000000 4000000000000000000 4000000000000000000 4000000000000000000 4000000000000000000 4000000000000000000 4000000000000000000 4000000000000000000 4000000000000000000 4000000000000000000 4000000000000000000 4000000000000000000 4000000000000000000 4000000000000000000 4000000000000000000 4000000000000000000 4000000000000000000 4000000000000000000 4000000000000000000 4000000000000000000 4000000000000000000 4000000000000000000 4000000000000000000 4000000000000000000 4000000000000000000 4000000000000000000 4000000000000000000 4000000000000000000 4000000000000000000 4000000000000000000 4000000000000000000 4000000000000000000 4000000000000000000 4000000000000000000 4000000000000000000 4000000000000000000 4000000000000000000 4000000000000000000 4000000000000000000 4000000000000000000 4000000000000000000 4000000000000000000 4000000000000000000 4000000000000000000 4000000000000000000 4000000000000000000 4000000000000000000 4000000000000000000 4000000000000000000 4000000000000000000 4000000000000000000 4000000000000000000 4000000000000000000 4000000000000000000 4000000000000000000 4000000000000000000 4000000000000000000 4000000000000000000 4000000000000000000 4000000000000000000 4000000000000000000 4000000000000000000 4000000000000000000 4000000000000000000 4000000000000000000 4000000000000000000 4000000000000000000 4000000000000000000 4000000000000000000 4000000000000000000 4000000000000000000 4000000000000000000 4000000000000000000 4000000000000000000 4000000000000000000 4000000000000000000 4000000000000000000 4000000000000000000 4000000000000000000 4000000000000000000 4000000000000000000 4000000000000000000 4000000000000000000 4000000000000000000 4000000000000000000 4000000000000000000 4000000000000000000 4000000000000000000 4000000000000000000 4000000000000000000 4000000000000000000 4000000000000000000 4000000000000000000 0 4000000000000000000 4000000000000000000 4000000000000000000 4000000000000000000 
4000000000000000000 4000000000000000000 4000000000000000000 4000000000000000000 4000000000000000000 4000000000000000000 4000000000000000000 4000000000000000000 4000000000000000000 4000000000000000000 4000000000000000000 4000000000000000000 4000000000000000000 4000000000000000000 4000000000000000000 4000000000000000000 4000000000000000000 4000000000000000000 4000000000000000000 4000000000000000000 4000000000000000000 4000000000000000000 4000000000000000000 4000000000000000000 4000000000000000000 4000000000000000000 4000000000000000000 4000000000000000000 4000000000000000000 4000000000000000000 4000000000000000000 4000000000000000000 4000000000000000000 4000000000000000000 4000000000000000000 4000000000000000000 4000000000000000000 4000000000000000000 4000000000000000000 4000000000000000000 4000000000000000000 4000000000000000000 4000000000000000000 4000000000000000000 4000000000000000000 4000000000000000000 4000000000000000000 4000000000000000000 4000000000000000000 4000000000000000000 4000000000000000000 4000000000000000000 4000000000000000000 4000000000000000000 4000000000000000000 4000000000000000000 4000000000000000000 4000000000000000000 4000000000000000000 4000000000000000000 4000000000000000000 4000000000000000000 4000000000000000000 4000000000000000000 4000000000000000000 4000000000000000000 4000000000000000000 4000000000000000000 4000000000000000000 4000000000000000000 4000000000000000000 4000000000000000000 4000000000000000000 4000000000000000000 4000000000000000000 4000000000000000000 4000000000000000000 4000000000000000000 4000000000000000000 4000000000000000000 4000000000000000000 4000000000000000000 4000000000000000000 4000000000000000000 4000000000000000000 4000000000000000000 4000000000000000000 4000000000000000000 4000000000000000000 4000000000000000000 4000000000000000000 4000000000000000000 4000000000000000000 4000000000000000000 4000000000000000000 4000000000000000000 0 4000000000000000000 4000000000000000000 -5 
4000000000000000000 4000000000000000000 4000000000000000000 4000000000000000000 4000000000000000000 4000000000000000000 4000000000000000000 4000000000000000000 4000000000000000000 4000000000000000000 4000000000000000000 4000000000000000000 4000000000000000000 4000000000000000000 4000000000000000000 4000000000000000000 4000000000000000000 4000000000000000000 4000000000000000000 4000000000000000000 4000000000000000000 4000000000000000000 4000000000000000000 4000000000000000000 4000000000000000000 4000000000000000000 4000000000000000000 4000000000000000000 4000000000000000000 4000000000000000000 4000000000000000000 4000000000000000000 4000000000000000000 4000000000000000000 4000000000000000000 4000000000000000000 4000000000000000000 4000000000000000000 4000000000000000000 4000000000000000000 4000000000000000000 4000000000000000000 4000000000000000000 4000000000000000000 4000000000000000000 4000000000000000000 4000000000000000000 4000000000000000000 4000000000000000000 4000000000000000000 4000000000000000000 4000000000000000000 4000000000000000000 4000000000000000000 4000000000000000000 4000000000000000000 4000000000000000000 4000000000000000000 4000000000000000000 4000000000000000000 4000000000000000000 4000000000000000000 4000000000000000000 4000000000000000000 4000000000000000000 4000000000000000000 4000000000000000000 4000000000000000000 4000000000000000000 4000000000000000000 4000000000000000000 4000000000000000000 4000000000000000000 4000000000000000000 4000000000000000000 4000000000000000000 4000000000000000000 4000000000000000000 4000000000000000000 4000000000000000000 4000000000000000000 4000000000000000000 4000000000000000000 4000000000000000000 4000000000000000000 4000000000000000000 4000000000000000000 4000000000000000000 4000000000000000000 4000000000000000000 4000000000000000000 4000000000000000000 4000000000000000000 4000000000000000000 4000000000000000000 4000000000000000000 4000000000000000000 0 9 28 
4000000000000000000 4000000000000000000 4000000000000000000 4000000000000000000 4000000000000000000 4000000000000000000 4000000000000000000 4000000000000000000 4000000000000000000 4000000000000000000 4000000000000000000 4000000000000000000 4000000000000000000 4000000000000000000 4000000000000000000 4000000000000000000 4000000000000000000 4000000000000000000 4000000000000000000 4000000000000000000 4000000000000000000 4000000000000000000 4000000000000000000 4000000000000000000 4000000000000000000 4000000000000000000 4000000000000000000 4000000000000000000 4000000000000000000 4000000000000000000 4000000000000000000 4000000000000000000 4000000000000000000 4000000000000000000 4000000000000000000 4000000000000000000 4000000000000000000 4000000000000000000 4000000000000000000 4000000000000000000 4000000000000000000 4000000000000000000 4000000000000000000 4000000000000000000 4000000000000000000 4000000000000000000 4000000000000000000 4000000000000000000 4000000000000000000 4000000000000000000 4000000000000000000 4000000000000000000 4000000000000000000 4000000000000000000 4000000000000000000 4000000000000000000 4000000000000000000 4000000000000000000 4000000000000000000 4000000000000000000 4000000000000000000 4000000000000000000 4000000000000000000 4000000000000000000 4000000000000000000 4000000000000000000 4000000000000000000 4000000000000000000 4000000000000000000 4000000000000000000 4000000000000000000 4000000000000000000 4000000000000000000 4000000000000000000 4000000000000000000 4000000000000000000 4000000000000000000 4000000000000000000 4000000000000000000 4000000000000000000 4000000000000000000 4000000000000000000 4000000000000000000 4000000000000000000 4000000000000000000 4000000000000000000 4000000000000000000 4000000000000000000 4000000000000000000 4000000000000000000 4000000000000000000 4000000000000000000 4000000000000000000 4000000000000000000 4000000000000000000 4000000000000000000 4000000000000000000 4000000000000000000 0 19 
4000000000000000000 4000000000000000000 4000000000000000000 4000000000000000000 4000000000000000000 4000000000000000000 4000000000000000000 4000000000000000000 4000000000000000000 4000000000000000000 4000000000000000000 4000000000000000000 4000000000000000000 4000000000000000000 4000000000000000000 4000000000000000000 4000000000000000000 4000000000000000000 4000000000000000000 4000000000000000000 4000000000000000000 4000000000000000000 4000000000000000000 4000000000000000000 4000000000000000000 4000000000000000000 4000000000000000000 4000000000000000000 4000000000000000000 4000000000000000000 4000000000000000000 4000000000000000000 4000000000000000000 4000000000000000000 4000000000000000000 4000000000000000000 4000000000000000000 4000000000000000000 4000000000000000000 4000000000000000000 4000000000000000000 4000000000000000000 4000000000000000000 4000000000000000000 4000000000000000000 4000000000000000000 4000000000000000000 4000000000000000000 4000000000000000000 4000000000000000000 4000000000000000000 4000000000000000000 4000000000000000000 4000000000000000000 4000000000000000000 4000000000000000000 4000000000000000000 4000000000000000000 4000000000000000000 4000000000000000000 4000000000000000000 4000000000000000000 4000000000000000000 4000000000000000000 4000000000000000000 4000000000000000000 4000000000000000000 4000000000000000000 4000000000000000000 4000000000000000000 4000000000000000000 4000000000000000000 4000000000000000000 4000000000000000000 4000000000000000000 4000000000000000000 4000000000000000000 4000000000000000000 4000000000000000000 4000000000000000000 4000000000000000000 4000000000000000000 4000000000000000000 4000000000000000000 4000000000000000000 4000000000000000000 4000000000000000000 4000000000000000000 4000000000000000000 4000000000000000000 4000000000000000000 4000000000000000000 4000000000000000000 4000000000000000000 4000000000000000000 4000000000000000000 4000000000000000000 4000000000000000000 4000000000000000000 0 
Negative cycle : NoneExecution time : 0.9037ms 
